12:15:35 **** Build of configuration Default for project TTCTest ****
make all 
 ----------------------------------------
  Checking CGT version...
 ----------------------------------------
TI ARM C/C++ Compiler                   v5.1.6
 ----------------------------------------
  Creating application...
 ----------------------------------------
Build target: HY-TTC 580, 2nd generation.
Compiling application files: src/VCU_SW.c
"src/VCU_SW.c", line 51: warning #551-D: variable "rtb_di_104_value" is used before its value is set
"src/VCU_SW.c", line 54: warning #551-D: variable "rtb_FunctionCaller13" is used before its value is set
"src/VCU_SW.c", line 43: warning #552-D: variable "rtb_error_tx_transmit_message_v" was set but never used
"src/VCU_SW.c", line 44: warning #552-D: variable "rtb_handler_err_419365114" was set but never used
Compiling application files: src/ert_main.c
"src/ert_main.c", line 166: warning #112-D: statement is unreachable
"src/ert_main.c", line 100: warning #179-D: variable "EEPROM_Sts" was declared but never referenced
Compiling application files: src/convDIOSttToEnum.c
Linking: build/app.out
<Linking>
 ----------------------------------------
  Creating .hex file with APDB...
 ----------------------------------------

Note: User-Application file _with_ APDB found.

Note: Calculating application-dependent APDB-fields (CRC, size).

Note: Finished successfully!
 ----------------------------------------
  Creating files for JTAG programming...
 ----------------------------------------
This is nowECC Version 2.22 

Mapping: F021-16MB 


ECC calculation from 0x000A0000 to 0x002FFFFF
*** Writing only ECC section to file -> ./build/app_jtag_ecc.hex 

No Errors

 ------
  Done
 ------
12:16:22 **** Incremental Build of configuration Default for project TTCTest ****
make all 
 ----------------------------------------
  Checking CGT version...
 ----------------------------------------
TI ARM C/C++ Compiler                   v5.1.6
 ----------------------------------------
  Creating application...
 ----------------------------------------
Build target: HY-TTC 580, 2nd generation.
 ----------------------------------------
  Creating .hex file with APDB...
 ----------------------------------------

Note: User-Application file _with_ APDB found.

Note: Calculating application-dependent APDB-fields (CRC, size).

Note: Finished successfully!
 ----------------------------------------
  Creating files for JTAG programming...
 ----------------------------------------
This is nowECC Version 2.22 

Mapping: F021-16MB 


ECC calculation from 0x000A0000 to 0x002FFFFF
*** Writing only ECC section to file -> ./build/app_jtag_ecc.hex 

No Errors

 ------
  Done
 ------
12:16:23 **** Incremental Build of configuration Default for project TTCTest ****
make all 
 ----------------------------------------
  Checking CGT version...
 ----------------------------------------
TI ARM C/C++ Compiler                   v5.1.6
 ----------------------------------------
  Creating application...
 ----------------------------------------
Build target: HY-TTC 580, 2nd generation.
 ----------------------------------------
  Creating .hex file with APDB...
 ----------------------------------------

Note: User-Application file _with_ APDB found.

Note: Calculating application-dependent APDB-fields (CRC, size).

Note: Finished successfully!
 ----------------------------------------
  Creating files for JTAG programming...
 ----------------------------------------
This is nowECC Version 2.22 

Mapping: F021-16MB 


ECC calculation from 0x000A0000 to 0x002FFFFF
*** Writing only ECC section to file -> ./build/app_jtag_ecc.hex 

No Errors

 ------
  Done
 ------
15:31:55 **** Build of configuration Default for project TTCTest ****
make all 
 ----------------------------------------
  Checking CGT version...
 ----------------------------------------
TI ARM C/C++ Compiler                   v5.1.6
 ----------------------------------------
  Creating application...
 ----------------------------------------
Build target: HY-TTC 580, 2nd generation.
Compiling application files: src/VCU_SW.c
"src/VCU_SW.c", line 51: error #137: struct "<unnamed>" has no field "di_104_error"
"src/VCU_SW.c", line 51: warning #551-D: variable "rtb_di_104_value" is used before its value is set
"src/VCU_SW.c", line 54: warning #551-D: variable "rtb_FunctionCaller13" is used before its value is set
"src/VCU_SW.c", line 86: error #137: struct "<unnamed>" has no field "di_104_error"

>> Compilation failure
"src/VCU_SW.c", line 43: warning #552-D: variable "rtb_error_tx_transmit_message_v" was set but never used
"src/VCU_SW.c", line 44: warning #552-D: variable "rtb_handler_err_419365114" was set but never used
2 errors detected in the compilation of "src/VCU_SW.c".
make: *** [build/VCU_SW.obj] Error 1
"make all" terminated with exit code 2. Build might be incomplete.
15:32:57 **** Incremental Build of configuration Default for project TTCTest ****
make all 
 ----------------------------------------
  Checking CGT version...
 ----------------------------------------
TI ARM C/C++ Compiler                   v5.1.6
 ----------------------------------------
  Creating application...
 ----------------------------------------
Build target: HY-TTC 580, 2nd generation.
Compiling application files: src/VCU_SW.c
"src/VCU_SW.c", line 51: warning #551-D: variable "rtb_di_104_value" is used before its value is set
"src/VCU_SW.c", line 54: warning #551-D: variable "rtb_FunctionCaller13" is used before its value is set
"src/VCU_SW.c", line 43: warning #552-D: variable "rtb_error_tx_transmit_message_v" was set but never used
"src/VCU_SW.c", line 44: warning #552-D: variable "rtb_handler_err_419365114" was set but never used
Linking: build/app.out
<Linking>
 ----------------------------------------
  Creating .hex file with APDB...
 ----------------------------------------

Note: User-Application file _with_ APDB found.

Note: Calculating application-dependent APDB-fields (CRC, size).

Note: Finished successfully!
 ----------------------------------------
  Creating files for JTAG programming...
 ----------------------------------------
This is nowECC Version 2.22 

Mapping: F021-16MB 


ECC calculation from 0x000A0000 to 0x002FFFFF
*** Writing only ECC section to file -> ./build/app_jtag_ecc.hex 

No Errors

 ------
  Done
 ------
15:42:57 **** Incremental Build of configuration Default for project TTCTest ****
make all 
 ----------------------------------------
  Checking CGT version...
 ----------------------------------------
TI ARM C/C++ Compiler                   v5.1.6
 ----------------------------------------
  Creating application...
 ----------------------------------------
Build target: HY-TTC 580, 2nd generation.
 ----------------------------------------
  Creating .hex file with APDB...
 ----------------------------------------

Note: User-Application file _with_ APDB found.

Note: Calculating application-dependent APDB-fields (CRC, size).

Note: Finished successfully!
 ----------------------------------------
  Creating files for JTAG programming...
 ----------------------------------------
This is nowECC Version 2.22 

Mapping: F021-16MB 


ECC calculation from 0x000A0000 to 0x002FFFFF
*** Writing only ECC section to file -> ./build/app_jtag_ecc.hex 

No Errors

 ------
  Done
 ------
15:43:01 **** Incremental Build of configuration Default for project TTCTest ****
make all 
 ----------------------------------------
  Checking CGT version...
 ----------------------------------------
TI ARM C/C++ Compiler                   v5.1.6
 ----------------------------------------
  Creating application...
 ----------------------------------------
Build target: HY-TTC 580, 2nd generation.
 ----------------------------------------
  Creating .hex file with APDB...
 ----------------------------------------

Note: User-Application file _with_ APDB found.

Note: Calculating application-dependent APDB-fields (CRC, size).

Note: Finished successfully!
 ----------------------------------------
  Creating files for JTAG programming...
 ----------------------------------------
This is nowECC Version 2.22 

Mapping: F021-16MB 


ECC calculation from 0x000A0000 to 0x002FFFFF
*** Writing only ECC section to file -> ./build/app_jtag_ecc.hex 

No Errors

 ------
  Done
 ------
09:48:35 **** Incremental Build of configuration Default for project TTCTest ****
make all 
 ----------------------------------------
  Checking CGT version...
 ----------------------------------------
TI ARM C/C++ Compiler                   v5.1.6
 ----------------------------------------
  Creating application...
 ----------------------------------------
Build target: HY-TTC 580, 2nd generation.
Compiling application files: src/ert_main.c
"src/ert_main.c", line 166: warning #112-D: statement is unreachable
"src/ert_main.c", line 100: warning #179-D: variable "EEPROM_Sts" was declared but never referenced
Compiling application files: src/convDIOSttToEnum.c
Linking: build/app.out
<Linking>
 ----------------------------------------
  Creating .hex file with APDB...
 ----------------------------------------

Note: User-Application file _with_ APDB found.

Note: Calculating application-dependent APDB-fields (CRC, size).

Note: Finished successfully!
 ----------------------------------------
  Creating files for JTAG programming...
 ----------------------------------------
This is nowECC Version 2.22 

Mapping: F021-16MB 


ECC calculation from 0x000A0000 to 0x002FFFFF
*** Writing only ECC section to file -> ./build/app_jtag_ecc.hex 

No Errors

 ------
  Done
 ------
09:55:04 **** Incremental Build of configuration Default for project TTCTest ****
make all 
 ----------------------------------------
  Checking CGT version...
 ----------------------------------------
TI ARM C/C++ Compiler                   v5.1.6
 ----------------------------------------
  Creating application...
 ----------------------------------------
Build target: HY-TTC 580, 2nd generation.
 ----------------------------------------
  Creating .hex file with APDB...
 ----------------------------------------

Note: User-Application file _with_ APDB found.

Note: Calculating application-dependent APDB-fields (CRC, size).

Note: Finished successfully!
 ----------------------------------------
  Creating files for JTAG programming...
 ----------------------------------------
This is nowECC Version 2.22 

Mapping: F021-16MB 


ECC calculation from 0x000A0000 to 0x002FFFFF
*** Writing only ECC section to file -> ./build/app_jtag_ecc.hex 

No Errors

 ------
  Done
 ------
11:00:54 **** Build of configuration Default for project ttcctest ****
make all 
 ----------------------------------------
  Checking CGT version...
 ----------------------------------------
TI ARM C/C++ Compiler                   v5.1.6
 ----------------------------------------
  Creating application...
 ----------------------------------------
Build target: HY-TTC 580, 2nd generation.
Compiling application files: src/VCU_SW.c
"src/VCU_SW.c", line 53: warning #551-D: variable "rtb_di_104_value" is used before its value is set
"src/VCU_SW.c", line 56: warning #551-D: variable "rtb_FunctionCaller13" is used before its value is set
"src/VCU_SW.c", line 45: warning #552-D: variable "rtb_error_tx_transmit_message_v" was set but never used
"src/VCU_SW.c", line 46: warning #552-D: variable "rtb_handler_err_419365114" was set but never used
Compiling application files: src/ert_main.c
"src/ert_main.c", line 166: warning #112-D: statement is unreachable
"src/ert_main.c", line 100: warning #179-D: variable "EEPROM_Sts" was declared but never referenced
Compiling application files: src/convDIOSttToEnum.c
Linking: build/app.out
<Linking>
 ----------------------------------------
  Creating .hex file with APDB...
 ----------------------------------------

Note: User-Application file _with_ APDB found.

Note: Calculating application-dependent APDB-fields (CRC, size).

Note: Finished successfully!
 ----------------------------------------
  Creating files for JTAG programming...
 ----------------------------------------
This is nowECC Version 2.22 

Mapping: F021-16MB 


ECC calculation from 0x000A0000 to 0x002FFFFF
*** Writing only ECC section to file -> ./build/app_jtag_ecc.hex 

No Errors

 ------
  Done
 ------
12:24:19 **** Build of configuration Default for project ttcsoft ****
make all 
 ----------------------------------------
  Checking CGT version...
 ----------------------------------------
TI ARM C/C++ Compiler                   v5.1.6
 ----------------------------------------
  Creating application...
 ----------------------------------------
Build target: HY-TTC 580, 2nd generation.
Compiling application files: src/VCU_SW.c
"src/VCU_SW.c", line 59: warning #551-D: variable "rtb_di_104_value" is used before its value is set
"src/VCU_SW.c", line 63: warning #551-D: variable "rtb_FunctionCaller13" is used before its value is set
"src/VCU_SW.c", line 50: warning #552-D: variable "rtb_error_tx_transmit_message_v" was set but never used
"src/VCU_SW.c", line 51: warning #552-D: variable "rtb_handler_err_419365114" was set but never used
"src/VCU_SW.c", line 52: warning #552-D: variable "rtb_error_tx_transmit_message_d" was set but never used
Compiling application files: src/ert_main.c
"src/ert_main.c", line 166: warning #112-D: statement is unreachable
"src/ert_main.c", line 100: warning #179-D: variable "EEPROM_Sts" was declared but never referenced
Compiling application files: src/convDIOSttToEnum.c
Linking: build/app.out
<Linking>
 ----------------------------------------
  Creating .hex file with APDB...
 ----------------------------------------

Note: User-Application file _with_ APDB found.

Note: Calculating application-dependent APDB-fields (CRC, size).

Note: Finished successfully!
 ----------------------------------------
  Creating files for JTAG programming...
 ----------------------------------------
This is nowECC Version 2.22 

Mapping: F021-16MB 


ECC calculation from 0x000A0000 to 0x002FFFFF
*** Writing only ECC section to file -> ./build/app_jtag_ecc.hex 

No Errors

 ------
  Done
 ------
12:32:54 **** Incremental Build of configuration Default for project ttcsoft ****
make all 
 ----------------------------------------
  Checking CGT version...
 ----------------------------------------
TI ARM C/C++ Compiler                   v5.1.6
 ----------------------------------------
  Creating application...
 ----------------------------------------
Build target: HY-TTC 580, 2nd generation.
 ----------------------------------------
  Creating .hex file with APDB...
 ----------------------------------------

Note: User-Application file _with_ APDB found.

Note: Calculating application-dependent APDB-fields (CRC, size).

Note: Finished successfully!
 ----------------------------------------
  Creating files for JTAG programming...
 ----------------------------------------
This is nowECC Version 2.22 

Mapping: F021-16MB 


ECC calculation from 0x000A0000 to 0x002FFFFF
*** Writing only ECC section to file -> ./build/app_jtag_ecc.hex 

No Errors

 ------
  Done
 ------
12:36:06 **** Incremental Build of configuration Default for project ttcsoft ****
make all 
 ----------------------------------------
  Checking CGT version...
 ----------------------------------------
TI ARM C/C++ Compiler                   v5.1.6
 ----------------------------------------
  Creating application...
 ----------------------------------------
Build target: HY-TTC 580, 2nd generation.
 ----------------------------------------
  Creating .hex file with APDB...
 ----------------------------------------

Note: User-Application file _with_ APDB found.

Note: Calculating application-dependent APDB-fields (CRC, size).

Note: Finished successfully!
 ----------------------------------------
  Creating files for JTAG programming...
 ----------------------------------------
This is nowECC Version 2.22 

Mapping: F021-16MB 


ECC calculation from 0x000A0000 to 0x002FFFFF
*** Writing only ECC section to file -> ./build/app_jtag_ecc.hex 

No Errors

 ------
  Done
 ------
12:39:43 **** Incremental Build of configuration Default for project ttcsoft ****
make all 
 ----------------------------------------
  Checking CGT version...
 ----------------------------------------
TI ARM C/C++ Compiler                   v5.1.6
 ----------------------------------------
  Creating application...
 ----------------------------------------
Build target: HY-TTC 580, 2nd generation.
Compiling application files: src/VCU_SW.c
"src/VCU_SW.c", line 65: warning #551-D: variable "rtb_di_104_value" is used before its value is set
"src/VCU_SW.c", line 69: warning #551-D: variable "rtb_FunctionCaller13" is used before its value is set
"src/VCU_SW.c", line 51: warning #552-D: variable "rtb_error_tx_transmit_message_v" was set but never used
"src/VCU_SW.c", line 52: warning #552-D: variable "rtb_handler_err_419365114" was set but never used
"src/VCU_SW.c", line 53: warning #552-D: variable "rtb_error_tx_transmit_message_d" was set but never used
"src/VCU_SW.c", line 54: warning #179-D: variable "rtb_di_104_error" was declared but never referenced
"src/VCU_SW.c", line 58: warning #179-D: variable "adc_value" was declared but never referenced
"src/VCU_SW.c", line 59: warning #179-D: variable "adc_fresh" was declared but never referenced
"src/VCU_SW.c", line 60: warning #179-D: variable "rc" was declared but never referenced
Linking: build/app.out
<Linking>
 ----------------------------------------
  Creating .hex file with APDB...
 ----------------------------------------

Note: User-Application file _with_ APDB found.

Note: Calculating application-dependent APDB-fields (CRC, size).

Note: Finished successfully!
 ----------------------------------------
  Creating files for JTAG programming...
 ----------------------------------------
This is nowECC Version 2.22 

Mapping: F021-16MB 


ECC calculation from 0x000A0000 to 0x002FFFFF
*** Writing only ECC section to file -> ./build/app_jtag_ecc.hex 

No Errors

 ------
  Done
 ------
12:39:51 **** Incremental Build of configuration Default for project ttcsoft ****
make all 
 ----------------------------------------
  Checking CGT version...
 ----------------------------------------
TI ARM C/C++ Compiler                   v5.1.6
 ----------------------------------------
  Creating application...
 ----------------------------------------
Build target: HY-TTC 580, 2nd generation.
 ----------------------------------------
  Creating .hex file with APDB...
 ----------------------------------------

Note: User-Application file _with_ APDB found.

Note: Calculating application-dependent APDB-fields (CRC, size).

Note: Finished successfully!
 ----------------------------------------
  Creating files for JTAG programming...
 ----------------------------------------
This is nowECC Version 2.22 

Mapping: F021-16MB 


ECC calculation from 0x000A0000 to 0x002FFFFF
*** Writing only ECC section to file -> ./build/app_jtag_ecc.hex 

No Errors

 ------
  Done
 ------
12:41:41 **** Incremental Build of configuration Default for project ttcsoft ****
make all 
 ----------------------------------------
  Checking CGT version...
 ----------------------------------------
TI ARM C/C++ Compiler                   v5.1.6
 ----------------------------------------
  Creating application...
 ----------------------------------------
Build target: HY-TTC 580, 2nd generation.
Compiling application files: src/VCU_SW.c
"src/VCU_SW.c", line 68: warning #551-D: variable "rtb_di_104_value" is used before its value is set
"src/VCU_SW.c", line 72: warning #551-D: variable "rtb_FunctionCaller13" is used before its value is set
"src/VCU_SW.c", line 51: warning #552-D: variable "rtb_error_tx_transmit_message_v" was set but never used
"src/VCU_SW.c", line 52: warning #552-D: variable "rtb_handler_err_419365114" was set but never used
"src/VCU_SW.c", line 53: warning #552-D: variable "rtb_error_tx_transmit_message_d" was set but never used
"src/VCU_SW.c", line 54: warning #179-D: variable "rtb_di_104_error" was declared but never referenced
"src/VCU_SW.c", line 58: warning #179-D: variable "adc_value" was declared but never referenced
"src/VCU_SW.c", line 59: warning #179-D: variable "adc_fresh" was declared but never referenced
"src/VCU_SW.c", line 60: warning #179-D: variable "rc" was declared but never referenced
"src/VCU_SW.c", line 62: warning #179-D: variable "old_CAN_config" was declared but never referenced
"src/VCU_SW.c", line 63: warning #179-D: variable "current_CAN_config" was declared but never referenced
"src/VCU_SW.c", line 424: error #78-D: this declaration has no storage class or type specifier
"src/VCU_SW.c", line 424: error #28: expression must have a constant value
"src/VCU_SW.c", line 426: error #171: expected a declaration
"src/VCU_SW.c", line 467: warning #12-D: parsing restarts here after previous syntax error
"src/VCU_SW.c", line 468: error #80: expected a type specifier
"src/VCU_SW.c", line 468: error #80: expected a type specifier
"src/VCU_SW.c", line 468: error #80: expected a type specifier
"src/VCU_SW.c", line 468: warning #78-D: this declaration has no storage class or type specifier
"src/VCU_SW.c", line 468: error #148: declaration is incompatible with "IO_ErrorType IO_DI_Init(ubyte1, ubyte1, const IO_DIO_LIMITS *const)" (declared at line 260 of ".\inc\IO_DIO.h")
"src/VCU_SW.c", line 469: error #78-D: this declaration has no storage class or type specifier
"src/VCU_SW.c", line 469: error #60: function call is not allowed in a constant expression
"src/VCU_SW.c", line 469: error #20: identifier "rtb_di_104_value" is undefined
"src/VCU_SW.c", line 470: error #171: expected a declaration
"src/VCU_SW.c", line 471: error #171: expected a declaration
"src/VCU_SW.c", line 473: error #80: expected a type specifier
"src/VCU_SW.c", line 473: error #80: expected a type specifier
"src/VCU_SW.c", line 474: error #80: expected a type specifier
"src/VCU_SW.c", line 475: error #80: expected a type specifier
"src/VCU_SW.c", line 476: error #80: expected a type specifier
"src/VCU_SW.c", line 477: error #80: expected a type specifier
"src/VCU_SW.c", line 473: warning #78-D: this declaration has no storage class or type specifier
"src/VCU_SW.c", line 473: error #148: declaration is incompatible with "IO_ErrorType IO_ADC_ChannelInit(ubyte1, ubyte1, ubyte1, ubyte1, ubyte1, const IO_ADC_SAFETY_CONF *const)" (declared at line 400 of ".\inc\IO_ADC.h")
"src/VCU_SW.c", line 478: error #78-D: this declaration has no storage class or type specifier
"src/VCU_SW.c", line 478: error #60: function call is not allowed in a constant expression
"src/VCU_SW.c", line 478: error #20: identifier "adc_value" is undefined
"src/VCU_SW.c", line 478: error #20: identifier "adc_fresh" is undefined
"src/VCU_SW.c", line 479: error #171: expected a declaration
"src/VCU_SW.c", line 480: error #171: expected a declaration
"src/VCU_SW.c", line 483: error #171: expected a declaration
"src/VCU_SW.c", line 515: warning #12-D: parsing restarts here after previous syntax error
"src/VCU_SW.c", line 520: error #80: expected a type specifier
"src/VCU_SW.c", line 521: error #80: expected a type specifier
"src/VCU_SW.c", line 522: error #80: expected a type specifier
"src/VCU_SW.c", line 523: error #80: expected a type specifier
"src/VCU_SW.c", line 524: error #80: expected a type specifier
"src/VCU_SW.c", line 525: error #80: expected a type specifier
"src/VCU_SW.c", line 520: warning #78-D: this declaration has no storage class or type specifier
"src/VCU_SW.c", line 520: error #148: declaration is incompatible with "IO_ErrorType IO_CAN_ConfigMsg(ubyte2 *const, ubyte1, ubyte1, ubyte1, ubyte4, ubyte4)" (declared at line 481 of ".\inc\IO_CAN.h")
"src/VCU_SW.c", line 534: error #80: expected a type specifier
"src/VCU_SW.c", line 535: error #80: expected a type specifier
"src/VCU_SW.c", line 536: error #80: expected a type specifier

"src/VCU_SW.c", line 537: error #80: expected a type specifier
>> Compilation failure
"src/VCU_SW.c", line 538: error #80: expected a type specifier
"src/VCU_SW.c", line 539: error #80: expected a type specifier
"src/VCU_SW.c", line 534: warning #78-D: this declaration has no storage class or type specifier
"src/VCU_SW.c", line 540: error #171: expected a declaration
At end of source: warning #12-D: parsing restarts here after previous syntax error
40 errors detected in the compilation of "src/VCU_SW.c".
make: *** [build/VCU_SW.obj] Error 1
"make all" terminated with exit code 2. Build might be incomplete.
12:54:16 **** Incremental Build of configuration Default for project ttcsoft ****
make all 
 ----------------------------------------
  Checking CGT version...
 ----------------------------------------
TI ARM C/C++ Compiler                   v5.1.6
 ----------------------------------------
  Creating application...
 ----------------------------------------
Build target: HY-TTC 580, 2nd generation.
Compiling application files: src/VCU_SW.c
"src/VCU_SW.c", line 68: warning #551-D: variable "rtb_di_104_value" is used before its value is set
"src/VCU_SW.c", line 72: warning #551-D: variable "rtb_FunctionCaller13" is used before its value is set
"src/VCU_SW.c", line 51: warning #552-D: variable "rtb_error_tx_transmit_message_v" was set but never used
"src/VCU_SW.c", line 52: warning #552-D: variable "rtb_handler_err_419365114" was set but never used
"src/VCU_SW.c", line 53: warning #552-D: variable "rtb_error_tx_transmit_message_d" was set but never used
"src/VCU_SW.c", line 54: warning #179-D: variable "rtb_di_104_error" was declared but never referenced
"src/VCU_SW.c", line 58: warning #179-D: variable "adc_value" was declared but never referenced
"src/VCU_SW.c", line 59: warning #179-D: variable "adc_fresh" was declared but never referenced
"src/VCU_SW.c", line 60: warning #179-D: variable "rc" was declared but never referenced
"src/VCU_SW.c", line 62: warning #179-D: variable "old_CAN_config" was declared but never referenced
"src/VCU_SW.c", line 63: warning #179-D: variable "current_CAN_config" was declared but never referenced
"src/VCU_SW.c", line 424: error #78-D: this declaration has no storage class or type specifier
"src/VCU_SW.c", line 424: error #28: expression must have a constant value
"src/VCU_SW.c", line 426: error #171: expected a declaration
"src/VCU_SW.c", line 484: warning #12-D: parsing restarts here after previous syntax error
"src/VCU_SW.c", line 485: error #171: expected a declaration
"src/VCU_SW.c", line 517: warning #12-D: parsing restarts here after previous syntax error
"src/VCU_SW.c", line 522: error #80: expected a type specifier
"src/VCU_SW.c", line 523: error #80: expected a type specifier
"src/VCU_SW.c", line 524: error #80: expected a type specifier
"src/VCU_SW.c", line 525: error #80: expected a type specifier
"src/VCU_SW.c", line 526: error #80: expected a type specifier
"src/VCU_SW.c", line 527: error #80: expected a type specifier
"src/VCU_SW.c", line 522: warning #78-D: this declaration has no storage class or type specifier
"src/VCU_SW.c", line 522: error #148: declaration is incompatible with "IO_ErrorType IO_CAN_ConfigMsg(ubyte2 *const, ubyte1, ubyte1, ubyte1, ubyte4, ubyte4)" (declared at line 481 of ".\inc\IO_CAN.h")
"src/VCU_SW.c", line 536: error #80: expected a type specifier
"src/VCU_SW.c", line 537: error #80: expected a type specifier
"src/VCU_SW.c", line 538: error #80: expected a type specifier

"src/VCU_SW.c", line 539: error #80: expected a type specifier
>> Compilation failure
"src/VCU_SW.c", line 540: error #80: expected a type specifier
"src/VCU_SW.c", line 541: error #80: expected a type specifier
"src/VCU_SW.c", line 536: warning #78-D: this declaration has no storage class or type specifier
"src/VCU_SW.c", line 542: error #171: expected a declaration
At end of source: warning #12-D: parsing restarts here after previous syntax error
18 errors detected in the compilation of "src/VCU_SW.c".
make: *** [build/VCU_SW.obj] Error 1
"make all" terminated with exit code 2. Build might be incomplete.
13:01:11 **** Incremental Build of configuration Default for project ttcsoft ****
make all 
 ----------------------------------------
  Checking CGT version...
 ----------------------------------------
TI ARM C/C++ Compiler                   v5.1.6
 ----------------------------------------
  Creating application...
 ----------------------------------------
Build target: HY-TTC 580, 2nd generation.
Compiling application files: src/VCU_SW.c
"src/VCU_SW.c", line 68: warning #551-D: variable "rtb_di_104_value" is used before its value is set
"src/VCU_SW.c", line 72: warning #551-D: variable "rtb_FunctionCaller13" is used before its value is set
"src/VCU_SW.c", line 51: warning #552-D: variable "rtb_error_tx_transmit_message_v" was set but never used
"src/VCU_SW.c", line 52: warning #552-D: variable "rtb_handler_err_419365114" was set but never used
"src/VCU_SW.c", line 53: warning #552-D: variable "rtb_error_tx_transmit_message_d" was set but never used
"src/VCU_SW.c", line 54: warning #179-D: variable "rtb_di_104_error" was declared but never referenced
"src/VCU_SW.c", line 58: warning #179-D: variable "adc_value" was declared but never referenced
"src/VCU_SW.c", line 59: warning #179-D: variable "adc_fresh" was declared but never referenced
"src/VCU_SW.c", line 60: warning #179-D: variable "rc" was declared but never referenced

"src/VCU_SW.c", line 62: warning #179-D: variable "old_CAN_config" was declared but never referenced
"src/VCU_SW.c", line 63: warning #179-D: variable "current_CAN_config" was declared but never referenced
>> Compilation failure
"src/VCU_SW.c", line 424: error #78-D: this declaration has no storage class or type specifier
"src/VCU_SW.c", line 424: error #28: expression must have a constant value
2 errors detected in the compilation of "src/VCU_SW.c".
make: *** [build/VCU_SW.obj] Error 1
"make all" terminated with exit code 2. Build might be incomplete.
14:01:11 **** Incremental Build of configuration Default for project ttcsoft ****
make all 
 ----------------------------------------
  Checking CGT version...
 ----------------------------------------
TI ARM C/C++ Compiler                   v5.1.6
 ----------------------------------------
  Creating application...
 ----------------------------------------
Build target: HY-TTC 580, 2nd generation.
Compiling application files: src/VCU_SW.c
"src/VCU_SW.c", line 68: warning #551-D: variable "rtb_di_104_value" is used before its value is set
"src/VCU_SW.c", line 72: warning #551-D: variable "rtb_FunctionCaller13" is used before its value is set
"src/VCU_SW.c", line 51: warning #552-D: variable "rtb_error_tx_transmit_message_v" was set but never used
"src/VCU_SW.c", line 52: warning #552-D: variable "rtb_handler_err_419365114" was set but never used
"src/VCU_SW.c", line 53: warning #552-D: variable "rtb_error_tx_transmit_message_d" was set but never used
"src/VCU_SW.c", line 54: warning #179-D: variable "rtb_di_104_error" was declared but never referenced
"src/VCU_SW.c", line 58: warning #179-D: variable "adc_value" was declared but never referenced
"src/VCU_SW.c", line 59: warning #179-D: variable "adc_fresh" was declared but never referenced

>> Compilation failure
"src/VCU_SW.c", line 60: warning #179-D: variable "rc" was declared but never referenced
"src/VCU_SW.c", line 62: warning #179-D: variable "old_CAN_config" was declared but never referenced
"src/VCU_SW.c", line 63: warning #179-D: variable "current_CAN_config" was declared but never referenced
"src/VCU_SW.c", line 424: error #78-D: this declaration has no storage class or type specifier
"src/VCU_SW.c", line 424: error #28: expression must have a constant value
2 errors detected in the compilation of "src/VCU_SW.c".
make: *** [build/VCU_SW.obj] Error 1
"make all" terminated with exit code 2. Build might be incomplete.
14:01:55 **** Incremental Build of configuration Default for project ttcsoft ****
make all 
 ----------------------------------------
  Checking CGT version...
 ----------------------------------------
TI ARM C/C++ Compiler                   v5.1.6
 ----------------------------------------
  Creating application...
 ----------------------------------------
Build target: HY-TTC 580, 2nd generation.
Compiling application files: src/VCU_SW.c
"src/VCU_SW.c", line 68: warning #551-D: variable "rtb_di_104_value" is used before its value is set
"src/VCU_SW.c", line 72: warning #551-D: variable "rtb_FunctionCaller13" is used before its value is set
"src/VCU_SW.c", line 51: warning #552-D: variable "rtb_error_tx_transmit_message_v" was set but never used
"src/VCU_SW.c", line 52: warning #552-D: variable "rtb_handler_err_419365114" was set but never used
"src/VCU_SW.c", line 53: warning #552-D: variable "rtb_error_tx_transmit_message_d" was set but never used
"src/VCU_SW.c", line 54: warning #179-D: variable "rtb_di_104_error" was declared but never referenced
"src/VCU_SW.c", line 58: warning #179-D: variable "adc_value" was declared but never referenced
"src/VCU_SW.c", line 59: warning #179-D: variable "adc_fresh" was declared but never referenced
"src/VCU_SW.c", line 60: warning #179-D: variable "rc" was declared but never referenced
"src/VCU_SW.c", line 62: warning #179-D: variable "old_CAN_config" was declared but never referenced

"src/VCU_SW.c", line 63: warning #179-D: variable "current_CAN_config" was declared but never referenced
>> Compilation failure
"src/VCU_SW.c", line 424: error #78-D: this declaration has no storage class or type specifier
"src/VCU_SW.c", line 424: error #28: expression must have a constant value
2 errors detected in the compilation of "src/VCU_SW.c".
make: *** [build/VCU_SW.obj] Error 1
"make all" terminated with exit code 2. Build might be incomplete.
14:10:05 **** Incremental Build of configuration Default for project ttcsoft ****
make all 
 ----------------------------------------
  Checking CGT version...
 ----------------------------------------
TI ARM C/C++ Compiler                   v5.1.6
 ----------------------------------------
  Creating application...
 ----------------------------------------
Build target: HY-TTC 580, 2nd generation.
Compiling application files: src/VCU_SW.c
"src/VCU_SW.c", line 69: warning #551-D: variable "rtb_di_104_value" is used before its value is set
"src/VCU_SW.c", line 73: warning #551-D: variable "rtb_FunctionCaller13" is used before its value is set
"src/VCU_SW.c", line 421: error #20: identifier "rtb_di_104_error" is undefined
"src/VCU_SW.c", line 427: warning #551-D: variable "adc_value" is used before its value is set
"src/VCU_SW.c", line 427: warning #551-D: variable "adc_fresh" is used before its value is set
"src/VCU_SW.c", line 440: error #20: identifier "rtb_di_104_error" is undefined
"src/VCU_SW.c", line 458: error #20: identifier "rtb_di_104_error" is undefined
"src/VCU_SW.c", line 53: warning #552-D: variable "rtb_error_tx_transmit_message_v" was set but never used
"src/VCU_SW.c", line 54: warning #552-D: variable "rtb_handler_err_419365114" was set but never used

"src/VCU_SW.c", line 55: warning #552-D: variable "rtb_error_tx_transmit_message_d" was set but never used
"src/VCU_SW.c", line 61: warning #552-D: variable "rc" was set but never used
>> Compilation failure
3 errors detected in the compilation of "src/VCU_SW.c".
make: *** [build/VCU_SW.obj] Error 1
"make all" terminated with exit code 2. Build might be incomplete.
14:12:21 **** Incremental Build of configuration Default for project ttcsoft ****
make all 
 ----------------------------------------
  Checking CGT version...
 ----------------------------------------
TI ARM C/C++ Compiler                   v5.1.6
 ----------------------------------------
  Creating application...
 ----------------------------------------
Build target: HY-TTC 580, 2nd generation.
Compiling application files: src/VCU_SW.c
"src/VCU_SW.c", line 70: warning #551-D: variable "rtb_di_104_value" is used before its value is set
"src/VCU_SW.c", line 74: warning #551-D: variable "rtb_FunctionCaller13" is used before its value is set
"src/VCU_SW.c", line 428: warning #551-D: variable "adc_value" is used before its value is set
"src/VCU_SW.c", line 428: warning #551-D: variable "adc_fresh" is used before its value is set
"src/VCU_SW.c", line 53: warning #552-D: variable "rtb_error_tx_transmit_message_v" was set but never used
"src/VCU_SW.c", line 54: warning #552-D: variable "rtb_handler_err_419365114" was set but never used
"src/VCU_SW.c", line 55: warning #552-D: variable "rtb_error_tx_transmit_message_d" was set but never used
"src/VCU_SW.c", line 56: warning #552-D: variable "rtb_di_104_error" was set but never used
"src/VCU_SW.c", line 62: warning #552-D: variable "rc" was set but never used
Linking: build/app.out
<Linking>
 ----------------------------------------
  Creating .hex file with APDB...
 ----------------------------------------

Note: User-Application file _with_ APDB found.

Note: Calculating application-dependent APDB-fields (CRC, size).

Note: Finished successfully!
 ----------------------------------------
  Creating files for JTAG programming...
 ----------------------------------------
This is nowECC Version 2.22 

Mapping: F021-16MB 


ECC calculation from 0x000A0000 to 0x002FFFFF
*** Writing only ECC section to file -> ./build/app_jtag_ecc.hex 

No Errors

 ------
  Done
 ------
14:35:04 **** Incremental Build of configuration Default for project ttcsoft ****
make all 
 ----------------------------------------
  Checking CGT version...
 ----------------------------------------
TI ARM C/C++ Compiler                   v5.1.6
 ----------------------------------------
  Creating application...
 ----------------------------------------
Build target: HY-TTC 580, 2nd generation.
Compiling application files: src/VCU_SW.c
"src/VCU_SW.c", line 70: warning #551-D: variable "rtb_di_104_value" is used before its value is set
"src/VCU_SW.c", line 74: warning #551-D: variable "rtb_FunctionCaller13" is used before its value is set
"src/VCU_SW.c", line 449: warning #551-D: variable "adc_value" is used before its value is set
"src/VCU_SW.c", line 449: warning #551-D: variable "adc_fresh" is used before its value is set
"src/VCU_SW.c", line 53: warning #552-D: variable "rtb_error_tx_transmit_message_v" was set but never used
"src/VCU_SW.c", line 54: warning #552-D: variable "rtb_handler_err_419365114" was set but never used
"src/VCU_SW.c", line 55: warning #552-D: variable "rtb_error_tx_transmit_message_d" was set but never used
"src/VCU_SW.c", line 56: warning #552-D: variable "rtb_di_104_error" was set but never used
"src/VCU_SW.c", line 62: warning #552-D: variable "rc" was set but never used
Linking: build/app.out
<Linking>
 ----------------------------------------
  Creating .hex file with APDB...
 ----------------------------------------

Note: User-Application file _with_ APDB found.

Note: Calculating application-dependent APDB-fields (CRC, size).

Note: Finished successfully!
 ----------------------------------------
  Creating files for JTAG programming...
 ----------------------------------------
This is nowECC Version 2.22 

Mapping: F021-16MB 


ECC calculation from 0x000A0000 to 0x002FFFFF
*** Writing only ECC section to file -> ./build/app_jtag_ecc.hex 

No Errors

 ------
  Done
 ------
15:38:53 **** Incremental Build of configuration Default for project ttcsoft ****
make all 
 ----------------------------------------
  Checking CGT version...
 ----------------------------------------
TI ARM C/C++ Compiler                   v5.1.6
 ----------------------------------------
  Creating application...
 ----------------------------------------
Build target: HY-TTC 580, 2nd generation.
 ----------------------------------------
  Creating .hex file with APDB...
 ----------------------------------------

Note: User-Application file _with_ APDB found.

Note: Calculating application-dependent APDB-fields (CRC, size).

Note: Finished successfully!
 ----------------------------------------
  Creating files for JTAG programming...
 ----------------------------------------
This is nowECC Version 2.22 

Mapping: F021-16MB 


ECC calculation from 0x000A0000 to 0x002FFFFF
*** Writing only ECC section to file -> ./build/app_jtag_ecc.hex 

No Errors

 ------
  Done
 ------
15:47:05 **** Incremental Build of configuration Default for project ttcsoft ****
make all 
 ----------------------------------------
  Checking CGT version...
 ----------------------------------------
TI ARM C/C++ Compiler                   v5.1.6
 ----------------------------------------
  Creating application...
 ----------------------------------------
Build target: HY-TTC 580, 2nd generation.
 ----------------------------------------
  Creating .hex file with APDB...
 ----------------------------------------

Note: User-Application file _with_ APDB found.

Note: Calculating application-dependent APDB-fields (CRC, size).

Note: Finished successfully!
 ----------------------------------------
  Creating files for JTAG programming...
 ----------------------------------------
This is nowECC Version 2.22 

Mapping: F021-16MB 


ECC calculation from 0x000A0000 to 0x002FFFFF
*** Writing only ECC section to file -> ./build/app_jtag_ecc.hex 

No Errors

 ------
  Done
 ------
16:01:57 **** Incremental Build of configuration Default for project ttcsoft ****
make all 
 ----------------------------------------
  Checking CGT version...
 ----------------------------------------
TI ARM C/C++ Compiler                   v5.1.6
 ----------------------------------------
  Creating application...
 ----------------------------------------
Build target: HY-TTC 580, 2nd generation.
Compiling application files: src/VCU_SW.c
"src/VCU_SW.c", line 70: warning #551-D: variable "rtb_di_104_value" is used before its value is set
"src/VCU_SW.c", line 74: warning #551-D: variable "rtb_FunctionCaller13" is used before its value is set
"src/VCU_SW.c", line 449: warning #551-D: variable "adc_value" is used before its value is set
"src/VCU_SW.c", line 449: warning #551-D: variable "adc_fresh" is used before its value is set
"src/VCU_SW.c", line 53: warning #552-D: variable "rtb_error_tx_transmit_message_v" was set but never used
"src/VCU_SW.c", line 54: warning #552-D: variable "rtb_handler_err_419365114" was set but never used
"src/VCU_SW.c", line 55: warning #552-D: variable "rtb_error_tx_transmit_message_d" was set but never used
"src/VCU_SW.c", line 56: warning #552-D: variable "rtb_di_104_error" was set but never used
"src/VCU_SW.c", line 62: warning #552-D: variable "rc" was set but never used
Linking: build/app.out
<Linking>
 ----------------------------------------
  Creating .hex file with APDB...
 ----------------------------------------

Note: User-Application file _with_ APDB found.

Note: Calculating application-dependent APDB-fields (CRC, size).

Note: Finished successfully!
 ----------------------------------------
  Creating files for JTAG programming...
 ----------------------------------------
This is nowECC Version 2.22 

Mapping: F021-16MB 


ECC calculation from 0x000A0000 to 0x002FFFFF
*** Writing only ECC section to file -> ./build/app_jtag_ecc.hex 

No Errors

 ------
  Done
 ------
09:42:05 **** Build of configuration Default for project ttcsoft ****
make all 
 ----------------------------------------
  Checking CGT version...
 ----------------------------------------
TI ARM C/C++ Compiler                   v5.1.6
 ----------------------------------------
  Creating application...
 ----------------------------------------
Build target: HY-TTC 580, 2nd generation.
 ----------------------------------------
  Creating .hex file with APDB...
 ----------------------------------------

Note: User-Application file _with_ APDB found.

Note: Calculating application-dependent APDB-fields (CRC, size).

Note: Finished successfully!
 ----------------------------------------
  Creating files for JTAG programming...
 ----------------------------------------
This is nowECC Version 2.22 

Mapping: F021-16MB 


ECC calculation from 0x000A0000 to 0x002FFFFF
*** Writing only ECC section to file -> ./build/app_jtag_ecc.hex 

No Errors

 ------
  Done
 ------
12:34:17 **** Incremental Build of configuration Default for project ttcsoft ****
make all 
 ----------------------------------------
  Checking CGT version...
 ----------------------------------------
TI ARM C/C++ Compiler                   v5.1.6
 ----------------------------------------
  Creating application...
 ----------------------------------------
Build target: HY-TTC 580, 2nd generation.
Compiling application files: src/VCU_SW.c
"src/VCU_SW.c", line 65: error #20: identifier "false" is undefined
"src/VCU_SW.c", line 76: error #20: identifier "true" is undefined
"src/VCU_SW.c", line 138: warning #551-D: variable "rtb_di_104_value" is used before its value is set
"src/VCU_SW.c", line 142: warning #551-D: variable "rtb_FunctionCaller13" is used before its value is set
"src/VCU_SW.c", line 517: warning #551-D: variable "adc_value" is used before its value is set
"src/VCU_SW.c", line 517: warning #551-D: variable "adc_fresh" is used before its value is set
"src/VCU_SW.c", line 121: warning #552-D: variable "rtb_error_tx_transmit_message_v" was set but never used
"src/VCU_SW.c", line 122: warning #552-D: variable "rtb_handler_err_419365114" was set but never used
"src/VCU_SW.c", line 123: warning #552-D: variable "rtb_error_tx_transmit_message_d" was set but never used
"src/VCU_SW.c", line 124: warning #552-D: variable "rtb_di_104_error" was set but never used
"src/VCU_SW.c", line 130: warning #552-D: variable "rc" was set but never used

>> Compilation failure
"src/VCU_SW.c", line 68: warning #179-D: function "UpdateADCInitStatus" was declared but never referenced
2 errors detected in the compilation of "src/VCU_SW.c".
make: *** [build/VCU_SW.obj] Error 1
"make all" terminated with exit code 2. Build might be incomplete.
12:35:32 **** Incremental Build of configuration Default for project ttcsoft ****
make all 
 ----------------------------------------
  Checking CGT version...
 ----------------------------------------
TI ARM C/C++ Compiler                   v5.1.6
 ----------------------------------------
  Creating application...
 ----------------------------------------
Build target: HY-TTC 580, 2nd generation.
Compiling application files: src/VCU_SW.c
"src/VCU_SW.c", line 138: warning #551-D: variable "rtb_di_104_value" is used before its value is set
"src/VCU_SW.c", line 142: warning #551-D: variable "rtb_FunctionCaller13" is used before its value is set
"src/VCU_SW.c", line 517: warning #551-D: variable "adc_value" is used before its value is set
"src/VCU_SW.c", line 517: warning #551-D: variable "adc_fresh" is used before its value is set
"src/VCU_SW.c", line 121: warning #552-D: variable "rtb_error_tx_transmit_message_v" was set but never used
"src/VCU_SW.c", line 122: warning #552-D: variable "rtb_handler_err_419365114" was set but never used
"src/VCU_SW.c", line 123: warning #552-D: variable "rtb_error_tx_transmit_message_d" was set but never used
"src/VCU_SW.c", line 124: warning #552-D: variable "rtb_di_104_error" was set but never used
"src/VCU_SW.c", line 130: warning #552-D: variable "rc" was set but never used
"src/VCU_SW.c", line 68: warning #179-D: function "UpdateADCInitStatus" was declared but never referenced
Linking: build/app.out
<Linking>
 ----------------------------------------
  Creating .hex file with APDB...
 ----------------------------------------

Note: User-Application file _with_ APDB found.

Note: Calculating application-dependent APDB-fields (CRC, size).

Note: Finished successfully!
 ----------------------------------------
  Creating files for JTAG programming...
 ----------------------------------------
This is nowECC Version 2.22 

Mapping: F021-16MB 


ECC calculation from 0x000A0000 to 0x002FFFFF
*** Writing only ECC section to file -> ./build/app_jtag_ecc.hex 

No Errors

 ------
  Done
 ------
12:38:04 **** Incremental Build of configuration Default for project ttcsoft ****
make all 
 ----------------------------------------
  Checking CGT version...
 ----------------------------------------
TI ARM C/C++ Compiler                   v5.1.6
 ----------------------------------------
  Creating application...
 ----------------------------------------
Build target: HY-TTC 580, 2nd generation.
Compiling application files: src/VCU_SW.c
"src/VCU_SW.c", line 138: warning #551-D: variable "rtb_di_104_value" is used before its value is set
"src/VCU_SW.c", line 142: warning #551-D: variable "rtb_FunctionCaller13" is used before its value is set
"src/VCU_SW.c", line 510: error #167: too few arguments in function call
"src/VCU_SW.c", line 510: remark #179-D: variable "driver_init_result" was declared but never referenced
"src/VCU_SW.c", line 550: error #20: identifier "false" is undefined
"src/VCU_SW.c", line 560: remark #270-D: declaration may not appear after executable statement in block
"src/VCU_SW.c", line 578: remark #1628-D: declaration hides variable "rc" (declared at line 130)
"src/VCU_SW.c", line 578: warning #551-D: variable "adc_value" is used before its value is set
"src/VCU_SW.c", line 578: warning #551-D: variable "adc_fresh" is used before its value is set
"src/VCU_SW.c", line 582: error #20: identifier "last_good_adc_value" is undefined
"src/VCU_SW.c", line 586: error #20: identifier "last_good_adc_value" is undefined
"src/VCU_SW.c", line 121: warning #552-D: variable "rtb_error_tx_transmit_message_v" was set but never used

"src/VCU_SW.c", line 122: warning #552-D: variable "rtb_handler_err_419365114" was set but never used
>> Compilation failure
"src/VCU_SW.c", line 123: warning #552-D: variable "rtb_error_tx_transmit_message_d" was set but never used
"src/VCU_SW.c", line 124: warning #179-D: variable "rtb_di_104_error" was declared but never referenced
"src/VCU_SW.c", line 130: warning #179-D: variable "rc" was declared but never referenced
4 errors detected in the compilation of "src/VCU_SW.c".
make: *** [build/VCU_SW.obj] Error 1
"make all" terminated with exit code 2. Build might be incomplete.
12:53:39 **** Incremental Build of configuration Default for project ttcsoft ****
make all 
 ----------------------------------------
  Checking CGT version...
 ----------------------------------------
TI ARM C/C++ Compiler                   v5.1.6
 ----------------------------------------
  Creating application...
 ----------------------------------------
Build target: HY-TTC 580, 2nd generation.
Compiling application files: src/VCU_SW.c
"src/VCU_SW.c", line 70: warning #551-D: variable "rtb_di_104_value" is used before its value is set
"src/VCU_SW.c", line 74: warning #551-D: variable "rtb_FunctionCaller13" is used before its value is set
"src/VCU_SW.c", line 449: warning #551-D: variable "adc_value" is used before its value is set
"src/VCU_SW.c", line 449: warning #551-D: variable "adc_fresh" is used before its value is set
"src/VCU_SW.c", line 53: warning #552-D: variable "rtb_error_tx_transmit_message_v" was set but never used
"src/VCU_SW.c", line 54: warning #552-D: variable "rtb_handler_err_419365114" was set but never used
"src/VCU_SW.c", line 55: warning #552-D: variable "rtb_error_tx_transmit_message_d" was set but never used
"src/VCU_SW.c", line 56: warning #552-D: variable "rtb_di_104_error" was set but never used
"src/VCU_SW.c", line 62: warning #552-D: variable "rc" was set but never used
Linking: build/app.out
<Linking>
 ----------------------------------------
  Creating .hex file with APDB...
 ----------------------------------------

Note: User-Application file _with_ APDB found.

Note: Calculating application-dependent APDB-fields (CRC, size).

Note: Finished successfully!
 ----------------------------------------
  Creating files for JTAG programming...
 ----------------------------------------
This is nowECC Version 2.22 

Mapping: F021-16MB 


ECC calculation from 0x000A0000 to 0x002FFFFF
*** Writing only ECC section to file -> ./build/app_jtag_ecc.hex 

No Errors

 ------
  Done
 ------
12:59:04 **** Incremental Build of configuration Default for project ttcsoft ****
make all 
 ----------------------------------------
  Checking CGT version...
 ----------------------------------------
TI ARM C/C++ Compiler                   v5.1.6
 ----------------------------------------
  Creating application...
 ----------------------------------------
Build target: HY-TTC 580, 2nd generation.
Compiling application files: src/VCU_SW.c
"src/VCU_SW.c", line 70: warning #551-D: variable "rtb_di_104_value" is used before its value is set
"src/VCU_SW.c", line 74: warning #551-D: variable "rtb_FunctionCaller13" is used before its value is set
"src/VCU_SW.c", line 451: warning #551-D: variable "adc_value" is used before its value is set
"src/VCU_SW.c", line 451: warning #551-D: variable "adc_fresh" is used before its value is set
"src/VCU_SW.c", line 53: warning #552-D: variable "rtb_error_tx_transmit_message_v" was set but never used
"src/VCU_SW.c", line 54: warning #552-D: variable "rtb_handler_err_419365114" was set but never used
"src/VCU_SW.c", line 55: warning #552-D: variable "rtb_error_tx_transmit_message_d" was set but never used
"src/VCU_SW.c", line 56: warning #552-D: variable "rtb_di_104_error" was set but never used
"src/VCU_SW.c", line 62: warning #552-D: variable "rc" was set but never used
Linking: build/app.out
<Linking>
 ----------------------------------------
  Creating .hex file with APDB...
 ----------------------------------------

Note: User-Application file _with_ APDB found.

Note: Calculating application-dependent APDB-fields (CRC, size).

Note: Finished successfully!
 ----------------------------------------
  Creating files for JTAG programming...
 ----------------------------------------
This is nowECC Version 2.22 

Mapping: F021-16MB 


ECC calculation from 0x000A0000 to 0x002FFFFF
*** Writing only ECC section to file -> ./build/app_jtag_ecc.hex 

No Errors

 ------
  Done
 ------
13:00:09 **** Incremental Build of configuration Default for project ttcsoft ****
make all 
 ----------------------------------------
  Checking CGT version...
 ----------------------------------------
TI ARM C/C++ Compiler                   v5.1.6
 ----------------------------------------
  Creating application...
 ----------------------------------------
Build target: HY-TTC 580, 2nd generation.
 ----------------------------------------
  Creating .hex file with APDB...
 ----------------------------------------

Note: User-Application file _with_ APDB found.

Note: Calculating application-dependent APDB-fields (CRC, size).

Note: Finished successfully!
 ----------------------------------------
  Creating files for JTAG programming...
 ----------------------------------------
This is nowECC Version 2.22 

Mapping: F021-16MB 


ECC calculation from 0x000A0000 to 0x002FFFFF
*** Writing only ECC section to file -> ./build/app_jtag_ecc.hex 

No Errors

 ------
  Done
 ------
13:58:55 **** Incremental Build of configuration Default for project ttcsoft ****
make all 
 ----------------------------------------
  Checking CGT version...
 ----------------------------------------
TI ARM C/C++ Compiler                   v5.1.6
 ----------------------------------------
  Creating application...
 ----------------------------------------
Build target: HY-TTC 580, 2nd generation.
Compiling application files: src/VCU_SW.c
"src/VCU_SW.c", line 70: warning #551-D: variable "rtb_di_104_value" is used before its value is set
"src/VCU_SW.c", line 74: warning #551-D: variable "rtb_FunctionCaller13" is used before its value is set
"src/VCU_SW.c", line 449: warning #551-D: variable "adc_value" is used before its value is set
"src/VCU_SW.c", line 449: warning #551-D: variable "adc_fresh" is used before its value is set
"src/VCU_SW.c", line 53: warning #552-D: variable "rtb_error_tx_transmit_message_v" was set but never used
"src/VCU_SW.c", line 54: warning #552-D: variable "rtb_handler_err_419365114" was set but never used
"src/VCU_SW.c", line 55: warning #552-D: variable "rtb_error_tx_transmit_message_d" was set but never used
"src/VCU_SW.c", line 56: warning #552-D: variable "rtb_di_104_error" was set but never used
"src/VCU_SW.c", line 62: warning #552-D: variable "rc" was set but never used
Linking: build/app.out
<Linking>
 ----------------------------------------
  Creating .hex file with APDB...
 ----------------------------------------

Note: User-Application file _with_ APDB found.

Note: Calculating application-dependent APDB-fields (CRC, size).

Note: Finished successfully!
 ----------------------------------------
  Creating files for JTAG programming...
 ----------------------------------------
This is nowECC Version 2.22 

Mapping: F021-16MB 


ECC calculation from 0x000A0000 to 0x002FFFFF
*** Writing only ECC section to file -> ./build/app_jtag_ecc.hex 

No Errors

 ------
  Done
 ------
14:14:32 **** Incremental Build of configuration Default for project ttcsoft ****
make all 
 ----------------------------------------
  Checking CGT version...
 ----------------------------------------
TI ARM C/C++ Compiler                   v5.1.6
 ----------------------------------------
  Creating application...
 ----------------------------------------
Build target: HY-TTC 580, 2nd generation.
Compiling application files: src/VCU_SW.c
"src/VCU_SW.c", line 70: warning #551-D: variable "rtb_di_104_value" is used before its value is set
"src/VCU_SW.c", line 74: warning #551-D: variable "rtb_FunctionCaller13" is used before its value is set
"src/VCU_SW.c", line 449: warning #551-D: variable "adc_value" is used before its value is set
"src/VCU_SW.c", line 449: warning #551-D: variable "adc_fresh" is used before its value is set
"src/VCU_SW.c", line 53: warning #552-D: variable "rtb_error_tx_transmit_message_v" was set but never used
"src/VCU_SW.c", line 54: warning #552-D: variable "rtb_handler_err_419365114" was set but never used
"src/VCU_SW.c", line 55: warning #552-D: variable "rtb_error_tx_transmit_message_d" was set but never used
"src/VCU_SW.c", line 56: warning #552-D: variable "rtb_di_104_error" was set but never used
"src/VCU_SW.c", line 62: warning #552-D: variable "rc" was set but never used
Linking: build/app.out
<Linking>
 ----------------------------------------
  Creating .hex file with APDB...
 ----------------------------------------

Note: User-Application file _with_ APDB found.

Note: Calculating application-dependent APDB-fields (CRC, size).

Note: Finished successfully!
 ----------------------------------------
  Creating files for JTAG programming...
 ----------------------------------------
This is nowECC Version 2.22 

Mapping: F021-16MB 


ECC calculation from 0x000A0000 to 0x002FFFFF
*** Writing only ECC section to file -> ./build/app_jtag_ecc.hex 

No Errors

 ------
  Done
 ------
14:14:54 **** Incremental Build of configuration Default for project ttcsoft ****
make all 
 ----------------------------------------
  Checking CGT version...
 ----------------------------------------
TI ARM C/C++ Compiler                   v5.1.6
 ----------------------------------------
  Creating application...
 ----------------------------------------
Build target: HY-TTC 580, 2nd generation.
 ----------------------------------------
  Creating .hex file with APDB...
 ----------------------------------------

Note: User-Application file _with_ APDB found.

Note: Calculating application-dependent APDB-fields (CRC, size).

Note: Finished successfully!
 ----------------------------------------
  Creating files for JTAG programming...
 ----------------------------------------
This is nowECC Version 2.22 

Mapping: F021-16MB 


ECC calculation from 0x000A0000 to 0x002FFFFF
*** Writing only ECC section to file -> ./build/app_jtag_ecc.hex 

No Errors

 ------
  Done
 ------
15:29:42 **** Incremental Build of configuration Default for project ttcsoft ****
make all 
 ----------------------------------------
  Checking CGT version...
 ----------------------------------------
TI ARM C/C++ Compiler                   v5.1.6
 ----------------------------------------
  Creating application...
 ----------------------------------------
Build target: HY-TTC 580, 2nd generation.
Compiling application files: src/VCU_SW.c
"src/VCU_SW.c", line 75: warning #551-D: variable "rtb_di_104_value" is used before its value is set
"src/VCU_SW.c", line 79: warning #551-D: variable "rtb_FunctionCaller13" is used before its value is set
"src/VCU_SW.c", line 454: warning #551-D: variable "adc_value" is used before its value is set
"src/VCU_SW.c", line 454: warning #551-D: variable "adc_fresh" is used before its value is set
"src/VCU_SW.c", line 58: warning #552-D: variable "rtb_error_tx_transmit_message_v" was set but never used
"src/VCU_SW.c", line 59: warning #552-D: variable "rtb_handler_err_419365114" was set but never used
"src/VCU_SW.c", line 60: warning #552-D: variable "rtb_error_tx_transmit_message_d" was set but never used
"src/VCU_SW.c", line 61: warning #552-D: variable "rtb_di_104_error" was set but never used
"src/VCU_SW.c", line 67: warning #552-D: variable "rc" was set but never used
Linking: build/app.out
<Linking>
 ----------------------------------------
  Creating .hex file with APDB...
 ----------------------------------------

Note: User-Application file _with_ APDB found.

Note: Calculating application-dependent APDB-fields (CRC, size).

Note: Finished successfully!
 ----------------------------------------
  Creating files for JTAG programming...
 ----------------------------------------
This is nowECC Version 2.22 

Mapping: F021-16MB 


ECC calculation from 0x000A0000 to 0x002FFFFF
*** Writing only ECC section to file -> ./build/app_jtag_ecc.hex 

No Errors

 ------
  Done
 ------
11:06:32 **** Incremental Build of configuration Default for project ttcsoft ****
make all 
 ----------------------------------------
  Checking CGT version...
 ----------------------------------------
TI ARM C/C++ Compiler                   v5.1.6
 ----------------------------------------
  Creating application...
 ----------------------------------------
Build target: HY-TTC 580, 2nd generation.
Compiling application files: src/VCU_SW.c
"src/VCU_SW.c", line 70: warning #551-D: variable "rtb_di_104_value" is used before its value is set
"src/VCU_SW.c", line 74: warning #551-D: variable "rtb_FunctionCaller13" is used before its value is set
"src/VCU_SW.c", line 449: warning #551-D: variable "adc_value" is used before its value is set
"src/VCU_SW.c", line 449: warning #551-D: variable "adc_fresh" is used before its value is set
"src/VCU_SW.c", line 53: warning #552-D: variable "rtb_error_tx_transmit_message_v" was set but never used
"src/VCU_SW.c", line 54: warning #552-D: variable "rtb_handler_err_419365114" was set but never used
"src/VCU_SW.c", line 55: warning #552-D: variable "rtb_error_tx_transmit_message_d" was set but never used
"src/VCU_SW.c", line 56: warning #552-D: variable "rtb_di_104_error" was set but never used
"src/VCU_SW.c", line 62: warning #552-D: variable "rc" was set but never used
Linking: build/app.out
<Linking>
 ----------------------------------------
  Creating .hex file with APDB...
 ----------------------------------------

Note: User-Application file _with_ APDB found.

Note: Calculating application-dependent APDB-fields (CRC, size).

Note: Finished successfully!
 ----------------------------------------
  Creating files for JTAG programming...
 ----------------------------------------
This is nowECC Version 2.22 

Mapping: F021-16MB 


ECC calculation from 0x000A0000 to 0x002FFFFF
*** Writing only ECC section to file -> ./build/app_jtag_ecc.hex 

No Errors

 ------
  Done
 ------
11:28:46 **** Incremental Build of configuration Default for project ttcsoft ****
make all 
 ----------------------------------------
  Checking CGT version...
 ----------------------------------------
TI ARM C/C++ Compiler                   v5.1.6
 ----------------------------------------
  Creating application...
 ----------------------------------------
Build target: HY-TTC 580, 2nd generation.
Compiling application files: src/convAIVoltageData.c
".\inc\convAIVoltageData.h", line 11: error #38: the #endif for this directive is missing
1 error detected in the compilation of "src/convAIVoltageData.c".

>> Compilation failure
make: *** [build/convAIVoltageData.obj] Error 1
"make all" terminated with exit code 2. Build might be incomplete.
12:08:37 **** Incremental Build of configuration Default for project ttcsoft ****
make all 
 ----------------------------------------
  Checking CGT version...
 ----------------------------------------
TI ARM C/C++ Compiler                   v5.1.6
 ----------------------------------------
  Creating application...
 ----------------------------------------
Build target: HY-TTC 580, 2nd generation.
Compiling application files: src/convAIVoltageData.c
"src/convAIVoltageData.c", line 23: error #148: declaration is incompatible with "void convAIVoltageData(ubyte4, ubyte2, ErrorValueTypes *)" (declared at line 18 of ".\inc\convAIVoltageData.h")
1 error detected in the compilation of "src/convAIVoltageData.c".

>> Compilation failure
make: *** [build/convAIVoltageData.obj] Error 1
"make all" terminated with exit code 2. Build might be incomplete.
12:09:12 **** Incremental Build of configuration Default for project ttcsoft ****
make all 
 ----------------------------------------
  Checking CGT version...
 ----------------------------------------
TI ARM C/C++ Compiler                   v5.1.6
 ----------------------------------------
  Creating application...
 ----------------------------------------
Build target: HY-TTC 580, 2nd generation.
Compiling application files: src/convAIVoltageData.c
"src/convAIVoltageData.c", line 23: error #148: declaration is incompatible with "void convAIVoltageData(ubyte4, ubyte2, ErrorValueTypes *)" (declared at line 18 of ".\inc\convAIVoltageData.h")
1 error detected in the compilation of "src/convAIVoltageData.c".

>> Compilation failure
make: *** [build/convAIVoltageData.obj] Error 1
"make all" terminated with exit code 2. Build might be incomplete.
12:10:58 **** Incremental Build of configuration Default for project ttcsoft ****
make all 
 ----------------------------------------
  Checking CGT version...
 ----------------------------------------
TI ARM C/C++ Compiler                   v5.1.6
 ----------------------------------------
  Creating application...
 ----------------------------------------
Build target: HY-TTC 580, 2nd generation.
Compiling application files: src/convAIVoltageData.c
"src/convAIVoltageData.c", line 23: error #148: declaration is incompatible with "void convAIVoltageData(ubyte4, ubyte2, ErrorValueTypes *)" (declared at line 18 of ".\inc\convAIVoltageData.h")
1 error detected in the compilation of "src/convAIVoltageData.c".

>> Compilation failure
make: *** [build/convAIVoltageData.obj] Error 1
"make all" terminated with exit code 2. Build might be incomplete.
12:25:21 **** Incremental Build of configuration Default for project ttcsoft ****
make all 
 ----------------------------------------
  Checking CGT version...
 ----------------------------------------
TI ARM C/C++ Compiler                   v5.1.6
 ----------------------------------------
  Creating application...
 ----------------------------------------
Build target: HY-TTC 580, 2nd generation.
Compiling application files: src/convAIVoltageData.c
"src/convAIVoltageData.c", line 23: error #148: declaration is incompatible with "void convAIVoltageData(ubyte4, ubyte2, ErrorValueTypes *)" (declared at line 18 of ".\inc\convAIVoltageData.h")
1 error detected in the compilation of "src/convAIVoltageData.c".

>> Compilation failure
make: *** [build/convAIVoltageData.obj] Error 1
"make all" terminated with exit code 2. Build might be incomplete.
12:26:44 **** Incremental Build of configuration Default for project ttcsoft ****
make all 
 ----------------------------------------
  Checking CGT version...
 ----------------------------------------
TI ARM C/C++ Compiler                   v5.1.6
 ----------------------------------------
  Creating application...
 ----------------------------------------
Build target: HY-TTC 580, 2nd generation.
Compiling application files: src/convAIVoltageData.c
"src/convAIVoltageData.c", line 23: error #20: identifier "uint16_t" is undefined
"src/convAIVoltageData.c", line 23: error #20: identifier "uint16_t" is undefined

>> Compilation failure
"src/convAIVoltageData.c", line 23: error #20: identifier "uint16_t" is undefined
"src/convAIVoltageData.c", line 23: error #20: identifier "uint16_t" is undefined
"src/convAIVoltageData.c", line 23: error #18: expected a ")"
"src/convAIVoltageData.c", line 23: error #171: expected a declaration
At end of source: warning #12-D: parsing restarts here after previous syntax error
6 errors detected in the compilation of "src/convAIVoltageData.c".
make: *** [build/convAIVoltageData.obj] Error 1
"make all" terminated with exit code 2. Build might be incomplete.
12:28:14 **** Incremental Build of configuration Default for project ttcsoft ****
make all 
 ----------------------------------------
  Checking CGT version...
 ----------------------------------------
TI ARM C/C++ Compiler                   v5.1.6
 ----------------------------------------
  Creating application...
 ----------------------------------------
Build target: HY-TTC 580, 2nd generation.
Compiling application files: src/convAIVoltageData.c
At end of source: warning #97-D: a translation unit must contain at least one declaration
Compiling application files: src/VCU_SW.c
"src/VCU_SW.c", line 70: warning #551-D: variable "rtb_di_104_value" is used before its value is set
"src/VCU_SW.c", line 74: warning #551-D: variable "rtb_FunctionCaller13" is used before its value is set
"src/VCU_SW.c", line 449: warning #551-D: variable "adc_value" is used before its value is set
"src/VCU_SW.c", line 449: warning #551-D: variable "adc_fresh" is used before its value is set
"src/VCU_SW.c", line 53: warning #552-D: variable "rtb_error_tx_transmit_message_v" was set but never used
"src/VCU_SW.c", line 54: warning #552-D: variable "rtb_handler_err_419365114" was set but never used
"src/VCU_SW.c", line 55: warning #552-D: variable "rtb_error_tx_transmit_message_d" was set but never used
"src/VCU_SW.c", line 56: warning #552-D: variable "rtb_di_104_error" was set but never used
"src/VCU_SW.c", line 62: warning #552-D: variable "rc" was set but never used
Linking: build/app.out
<Linking>
 ----------------------------------------
  Creating .hex file with APDB...
 ----------------------------------------

Note: User-Application file _with_ APDB found.

Note: Calculating application-dependent APDB-fields (CRC, size).

Note: Finished successfully!
 ----------------------------------------
  Creating files for JTAG programming...
 ----------------------------------------
This is nowECC Version 2.22 

Mapping: F021-16MB 


ECC calculation from 0x000A0000 to 0x002FFFFF
*** Writing only ECC section to file -> ./build/app_jtag_ecc.hex 

No Errors

 ------
  Done
 ------
12:30:09 **** Incremental Build of configuration Default for project ttcsoft ****
make all 
 ----------------------------------------
  Checking CGT version...
 ----------------------------------------
TI ARM C/C++ Compiler                   v5.1.6
 ----------------------------------------
  Creating application...
 ----------------------------------------
Build target: HY-TTC 580, 2nd generation.
 ----------------------------------------
  Creating .hex file with APDB...
 ----------------------------------------

Note: User-Application file _with_ APDB found.

Note: Calculating application-dependent APDB-fields (CRC, size).

Note: Finished successfully!
 ----------------------------------------
  Creating files for JTAG programming...
 ----------------------------------------
This is nowECC Version 2.22 

Mapping: F021-16MB 


ECC calculation from 0x000A0000 to 0x002FFFFF
*** Writing only ECC section to file -> ./build/app_jtag_ecc.hex 

No Errors

 ------
  Done
 ------
12:40:21 **** Incremental Build of configuration Default for project ttcsoft ****
make all 
 ----------------------------------------
  Checking CGT version...
 ----------------------------------------
TI ARM C/C++ Compiler                   v5.1.6
 ----------------------------------------
  Creating application...
 ----------------------------------------
Build target: HY-TTC 580, 2nd generation.
 ----------------------------------------
  Creating .hex file with APDB...
 ----------------------------------------

Note: User-Application file _with_ APDB found.

Note: Calculating application-dependent APDB-fields (CRC, size).

Note: Finished successfully!
 ----------------------------------------
  Creating files for JTAG programming...
 ----------------------------------------
This is nowECC Version 2.22 

Mapping: F021-16MB 


ECC calculation from 0x000A0000 to 0x002FFFFF
*** Writing only ECC section to file -> ./build/app_jtag_ecc.hex 

No Errors

 ------
  Done
 ------
12:41:45 **** Incremental Build of configuration Default for project ttcsoft ****
make all 
 ----------------------------------------
  Checking CGT version...
 ----------------------------------------
TI ARM C/C++ Compiler                   v5.1.6
 ----------------------------------------
  Creating application...
 ----------------------------------------
Build target: HY-TTC 580, 2nd generation.
 ----------------------------------------
  Creating .hex file with APDB...
 ----------------------------------------

Note: User-Application file _with_ APDB found.

Note: Calculating application-dependent APDB-fields (CRC, size).

Note: Finished successfully!
 ----------------------------------------
  Creating files for JTAG programming...
 ----------------------------------------
This is nowECC Version 2.22 

Mapping: F021-16MB 


ECC calculation from 0x000A0000 to 0x002FFFFF
*** Writing only ECC section to file -> ./build/app_jtag_ecc.hex 

No Errors

 ------
  Done
 ------
12:42:35 **** Incremental Build of configuration Default for project ttcsoft ****
make all 
 ----------------------------------------
  Checking CGT version...
 ----------------------------------------
TI ARM C/C++ Compiler                   v5.1.6
 ----------------------------------------
  Creating application...
 ----------------------------------------
Build target: HY-TTC 580, 2nd generation.
 ----------------------------------------
  Creating .hex file with APDB...
 ----------------------------------------

Note: User-Application file _with_ APDB found.

Note: Calculating application-dependent APDB-fields (CRC, size).

Note: Finished successfully!
 ----------------------------------------
  Creating files for JTAG programming...
 ----------------------------------------
This is nowECC Version 2.22 

Mapping: F021-16MB 


ECC calculation from 0x000A0000 to 0x002FFFFF
*** Writing only ECC section to file -> ./build/app_jtag_ecc.hex 

No Errors

 ------
  Done
 ------
12:44:09 **** Incremental Build of configuration Default for project ttcsoft ****
make all 
 ----------------------------------------
  Checking CGT version...
 ----------------------------------------
TI ARM C/C++ Compiler                   v5.1.6
 ----------------------------------------
  Creating application...
 ----------------------------------------
Build target: HY-TTC 580, 2nd generation.
 ----------------------------------------
  Creating .hex file with APDB...
 ----------------------------------------

Note: User-Application file _with_ APDB found.

Note: Calculating application-dependent APDB-fields (CRC, size).

Note: Finished successfully!
 ----------------------------------------
  Creating files for JTAG programming...
 ----------------------------------------
This is nowECC Version 2.22 

Mapping: F021-16MB 


ECC calculation from 0x000A0000 to 0x002FFFFF
*** Writing only ECC section to file -> ./build/app_jtag_ecc.hex 

No Errors

 ------
  Done
 ------
12:44:36 **** Incremental Build of configuration Default for project ttcsoft ****
make all 
 ----------------------------------------
  Checking CGT version...
 ----------------------------------------
TI ARM C/C++ Compiler                   v5.1.6
 ----------------------------------------
  Creating application...
 ----------------------------------------
Build target: HY-TTC 580, 2nd generation.
Compiling application files: src/convAIVoltageData.c
".\inc\convAIVoltageData.h", line 18: error #20: identifier "uint16_t" is undefined
".\inc\convAIVoltageData.h", line 18: error #20: identifier "uint16_t" is undefined
".\inc\convAIVoltageData.h", line 18: error #20: identifier "uint16_t" is undefined
".\inc\convAIVoltageData.h", line 18: error #20: identifier "uint16_t" is undefined
"src/convAIVoltageData.c", line 23: error #20: identifier "uint16_t" is undefined
"src/convAIVoltageData.c", line 23: error #20: identifier "uint16_t" is undefined
"src/convAIVoltageData.c", line 23: error #20: identifier "uint16_t" is undefined
"src/convAIVoltageData.c", line 23: error #20: identifier "uint16_t" is undefined
"src/convAIVoltageData.c", line 28: error #20: identifier "uint16_t" is undefined
"src/convAIVoltageData.c", line 31: error #20: identifier "uint16_t" is undefined
"src/convAIVoltageData.c", line 31: error #66: expected a ";"
11 errors detected in the compilation of "src/convAIVoltageData.c".

>> Compilation failure
make: *** [build/convAIVoltageData.obj] Error 1
"make all" terminated with exit code 2. Build might be incomplete.
12:46:05 **** Incremental Build of configuration Default for project ttcsoft ****
make all 
 ----------------------------------------
  Checking CGT version...
 ----------------------------------------
TI ARM C/C++ Compiler                   v5.1.6
 ----------------------------------------
  Creating application...
 ----------------------------------------
Build target: HY-TTC 580, 2nd generation.
Compiling application files: src/convAIVoltageData.c
"src/convAIVoltageData.c", line 28: error #20: identifier "uint16_t" is undefined
"src/convAIVoltageData.c", line 31: error #20: identifier "uint16_t" is undefined

>> Compilation failure
"src/convAIVoltageData.c", line 31: error #66: expected a ";"
3 errors detected in the compilation of "src/convAIVoltageData.c".
make: *** [build/convAIVoltageData.obj] Error 1
"make all" terminated with exit code 2. Build might be incomplete.
12:46:28 **** Incremental Build of configuration Default for project ttcsoft ****
make all 
 ----------------------------------------
  Checking CGT version...
 ----------------------------------------
TI ARM C/C++ Compiler                   v5.1.6
 ----------------------------------------
  Creating application...
 ----------------------------------------
Build target: HY-TTC 580, 2nd generation.
Compiling application files: src/convAIVoltageData.c
"src/convAIVoltageData.c", line 31: error #256: type name is not allowed
1 error detected in the compilation of "src/convAIVoltageData.c".

>> Compilation failure
make: *** [build/convAIVoltageData.obj] Error 1
"make all" terminated with exit code 2. Build might be incomplete.
12:49:45 **** Incremental Build of configuration Default for project ttcsoft ****
make all 
 ----------------------------------------
  Checking CGT version...
 ----------------------------------------
TI ARM C/C++ Compiler                   v5.1.6
 ----------------------------------------
  Creating application...
 ----------------------------------------
Build target: HY-TTC 580, 2nd generation.
Compiling application files: src/convAIVoltageData.c
"src/convAIVoltageData.c", line 31: error #256: type name is not allowed
1 error detected in the compilation of "src/convAIVoltageData.c".

>> Compilation failure
make: *** [build/convAIVoltageData.obj] Error 1
"make all" terminated with exit code 2. Build might be incomplete.
12:52:10 **** Incremental Build of configuration Default for project ttcsoft ****
make all 
 ----------------------------------------
  Checking CGT version...
 ----------------------------------------
TI ARM C/C++ Compiler                   v5.1.6
 ----------------------------------------
  Creating application...
 ----------------------------------------
Build target: HY-TTC 580, 2nd generation.
Compiling application files: src/convAIVoltageData.c
"src/convAIVoltageData.c", line 31: error #256: type name is not allowed
1 error detected in the compilation of "src/convAIVoltageData.c".

>> Compilation failure
make: *** [build/convAIVoltageData.obj] Error 1
"make all" terminated with exit code 2. Build might be incomplete.
12:53:16 **** Incremental Build of configuration Default for project ttcsoft ****
make all 
 ----------------------------------------
  Checking CGT version...
 ----------------------------------------
TI ARM C/C++ Compiler                   v5.1.6
 ----------------------------------------
  Creating application...
 ----------------------------------------
Build target: HY-TTC 580, 2nd generation.
Compiling application files: src/convAIVoltageData.c
"src/convAIVoltageData.c", line 32: error #256: type name is not allowed
1 error detected in the compilation of "src/convAIVoltageData.c".

>> Compilation failure
make: *** [build/convAIVoltageData.obj] Error 1
"make all" terminated with exit code 2. Build might be incomplete.
12:55:47 **** Incremental Build of configuration Default for project ttcsoft ****
make all 
 ----------------------------------------
  Checking CGT version...
 ----------------------------------------
TI ARM C/C++ Compiler                   v5.1.6
 ----------------------------------------
  Creating application...
 ----------------------------------------
Build target: HY-TTC 580, 2nd generation.
Compiling application files: src/convAIVoltageData.c
"src/convAIVoltageData.c", line 32: error #256: type name is not allowed
1 error detected in the compilation of "src/convAIVoltageData.c".

>> Compilation failure
make: *** [build/convAIVoltageData.obj] Error 1
"make all" terminated with exit code 2. Build might be incomplete.
12:59:35 **** Incremental Build of configuration Default for project ttcsoft ****
make all 
 ----------------------------------------
  Checking CGT version...
 ----------------------------------------
TI ARM C/C++ Compiler                   v5.1.6
 ----------------------------------------
  Creating application...
 ----------------------------------------
Build target: HY-TTC 580, 2nd generation.
Compiling application files: src/convAIVoltageData.c
Linking: build/app.out
<Linking>
 ----------------------------------------
  Creating .hex file with APDB...
 ----------------------------------------

Note: User-Application file _with_ APDB found.

Note: Calculating application-dependent APDB-fields (CRC, size).

Note: Finished successfully!
 ----------------------------------------
  Creating files for JTAG programming...
 ----------------------------------------
This is nowECC Version 2.22 

Mapping: F021-16MB 


ECC calculation from 0x000A0000 to 0x002FFFFF
*** Writing only ECC section to file -> ./build/app_jtag_ecc.hex 

No Errors

 ------
  Done
 ------
12:59:43 **** Incremental Build of configuration Default for project ttcsoft ****
make all 
 ----------------------------------------
  Checking CGT version...
 ----------------------------------------
TI ARM C/C++ Compiler                   v5.1.6
 ----------------------------------------
  Creating application...
 ----------------------------------------
Build target: HY-TTC 580, 2nd generation.
Compiling application files: src/convAIVoltageData.c
Linking: build/app.out
<Linking>
 ----------------------------------------
  Creating .hex file with APDB...
 ----------------------------------------

Note: User-Application file _with_ APDB found.

Note: Calculating application-dependent APDB-fields (CRC, size).

Note: Finished successfully!
 ----------------------------------------
  Creating files for JTAG programming...
 ----------------------------------------
This is nowECC Version 2.22 

Mapping: F021-16MB 


ECC calculation from 0x000A0000 to 0x002FFFFF
*** Writing only ECC section to file -> ./build/app_jtag_ecc.hex 

No Errors

 ------
  Done
 ------
13:29:14 **** Incremental Build of configuration Default for project ttcsoft ****
make all 
 ----------------------------------------
  Checking CGT version...
 ----------------------------------------
TI ARM C/C++ Compiler                   v5.1.6
 ----------------------------------------
  Creating application...
 ----------------------------------------
Build target: HY-TTC 580, 2nd generation.
Compiling application files: src/VCU_SW.c
"src/VCU_SW.c", line 70: warning #551-D: variable "rtb_di_104_value" is used before its value is set
"src/VCU_SW.c", line 74: warning #551-D: variable "rtb_FunctionCaller13" is used before its value is set
"src/VCU_SW.c", line 449: warning #551-D: variable "adc_value" is used before its value is set
"src/VCU_SW.c", line 449: warning #551-D: variable "adc_fresh" is used before its value is set
"src/VCU_SW.c", line 53: warning #552-D: variable "rtb_error_tx_transmit_message_v" was set but never used
"src/VCU_SW.c", line 54: warning #552-D: variable "rtb_handler_err_419365114" was set but never used
"src/VCU_SW.c", line 55: warning #552-D: variable "rtb_error_tx_transmit_message_d" was set but never used
"src/VCU_SW.c", line 56: warning #552-D: variable "rtb_di_104_error" was set but never used
"src/VCU_SW.c", line 62: warning #552-D: variable "rc" was set but never used
Linking: build/app.out
<Linking>
 ----------------------------------------
  Creating .hex file with APDB...
 ----------------------------------------

Note: User-Application file _with_ APDB found.

Note: Calculating application-dependent APDB-fields (CRC, size).

Note: Finished successfully!
 ----------------------------------------
  Creating files for JTAG programming...
 ----------------------------------------
This is nowECC Version 2.22 

Mapping: F021-16MB 


ECC calculation from 0x000A0000 to 0x002FFFFF
*** Writing only ECC section to file -> ./build/app_jtag_ecc.hex 

No Errors

 ------
  Done
 ------
13:33:43 **** Incremental Build of configuration Default for project ttcsoft ****
make all 
 ----------------------------------------
  Checking CGT version...
 ----------------------------------------
TI ARM C/C++ Compiler                   v5.1.6
 ----------------------------------------
  Creating application...
 ----------------------------------------
Build target: HY-TTC 580, 2nd generation.
 ----------------------------------------
  Creating .hex file with APDB...
 ----------------------------------------

Note: User-Application file _with_ APDB found.

Note: Calculating application-dependent APDB-fields (CRC, size).

Note: Finished successfully!
 ----------------------------------------
  Creating files for JTAG programming...
 ----------------------------------------
This is nowECC Version 2.22 

Mapping: F021-16MB 


ECC calculation from 0x000A0000 to 0x002FFFFF
*** Writing only ECC section to file -> ./build/app_jtag_ecc.hex 

No Errors

 ------
  Done
 ------
13:50:13 **** Incremental Build of configuration Default for project ttcsoft ****
make all 
 ----------------------------------------
  Checking CGT version...
 ----------------------------------------
TI ARM C/C++ Compiler                   v5.1.6
 ----------------------------------------
  Creating application...
 ----------------------------------------
Build target: HY-TTC 580, 2nd generation.
Compiling application files: src/VCU_SW.c
"src/VCU_SW.c", line 434: warning #551-D: variable "rtb_di_104_value" is used before its value is set
"src/VCU_SW.c", line 438: warning #551-D: variable "rtb_FunctionCaller13" is used before its value is set
"src/VCU_SW.c", line 447: warning #551-D: variable "adc_value" is used before its value is set
"src/VCU_SW.c", line 447: warning #551-D: variable "adc_fresh" is used before its value is set
"src/VCU_SW.c", line 450: error #128: expected a statement
"src/VCU_SW.c", line 473: warning #12-D: parsing restarts here after previous syntax error
"src/VCU_SW.c", line 480: error #117: a break statement may only be used within a loop or switch
"src/VCU_SW.c", line 53: warning #552-D: variable "rtb_error_tx_transmit_message_v" was set but never used
"src/VCU_SW.c", line 54: warning #552-D: variable "rtb_handler_err_419365114" was set but never used
"src/VCU_SW.c", line 55: warning #552-D: variable "rtb_error_tx_transmit_message_d" was set but never used
"src/VCU_SW.c", line 56: warning #179-D: variable "rtb_di_104_error" was declared but never referenced
"src/VCU_SW.c", line 62: warning #552-D: variable "rc" was set but never used
"src/VCU_SW.c", line 483: error #78-D: this declaration has no storage class or type specifier
"src/VCU_SW.c", line 483: error #20: identifier "current_CAN_config" is undefined
"src/VCU_SW.c", line 484: error #171: expected a declaration
"src/VCU_SW.c", line 513: warning #12-D: parsing restarts here after previous syntax error
"src/VCU_SW.c", line 518: error #80: expected a type specifier
"src/VCU_SW.c", line 519: error #80: expected a type specifier
"src/VCU_SW.c", line 520: error #80: expected a type specifier
"src/VCU_SW.c", line 521: error #80: expected a type specifier
"src/VCU_SW.c", line 522: error #80: expected a type specifier
"src/VCU_SW.c", line 522: error #80: expected a type specifier
"src/VCU_SW.c", line 518: warning #78-D: this declaration has no storage class or type specifier
"src/VCU_SW.c", line 518: error #148: declaration is incompatible with "IO_ErrorType IO_CAN_ConfigMsg(ubyte2 *const, ubyte1, ubyte1, ubyte1, ubyte4, ubyte4)" (declared at line 481 of ".\inc\IO_CAN.h")
"src/VCU_SW.c", line 531: error #80: expected a type specifier
"src/VCU_SW.c", line 532: error #80: expected a type specifier
"src/VCU_SW.c", line 533: error #80: expected a type specifier
"src/VCU_SW.c", line 534: error #80: expected a type specifier
"src/VCU_SW.c", line 535: error #80: expected a type specifier
"src/VCU_SW.c", line 535: error #80: expected a type specifier
"src/VCU_SW.c", line 531: warning #78-D: this declaration has no storage class or type specifier
"src/VCU_SW.c", line 536: error #171: expected a declaration

>> Compilation failure
At end of source: warning #12-D: parsing restarts here after previous syntax error
"src/VCU_SW.c", line 42: warning #179-D: variable "flag_first_run" was declared but never referenced
19 errors detected in the compilation of "src/VCU_SW.c".
make: *** [build/VCU_SW.obj] Error 1
"make all" terminated with exit code 2. Build might be incomplete.
13:50:34 **** Incremental Build of configuration Default for project ttcsoft ****
make all 
 ----------------------------------------
  Checking CGT version...
 ----------------------------------------
TI ARM C/C++ Compiler                   v5.1.6
 ----------------------------------------
  Creating application...
 ----------------------------------------
Build target: HY-TTC 580, 2nd generation.
Compiling application files: src/VCU_SW.c
"src/VCU_SW.c", line 70: warning #551-D: variable "rtb_di_104_value" is used before its value is set
"src/VCU_SW.c", line 74: warning #551-D: variable "rtb_FunctionCaller13" is used before its value is set
"src/VCU_SW.c", line 456: warning #551-D: variable "adc_value" is used before its value is set
"src/VCU_SW.c", line 456: warning #551-D: variable "adc_fresh" is used before its value is set
"src/VCU_SW.c", line 459: error #128: expected a statement
"src/VCU_SW.c", line 482: warning #12-D: parsing restarts here after previous syntax error
"src/VCU_SW.c", line 489: error #117: a break statement may only be used within a loop or switch
"src/VCU_SW.c", line 53: warning #552-D: variable "rtb_error_tx_transmit_message_v" was set but never used
"src/VCU_SW.c", line 54: warning #552-D: variable "rtb_handler_err_419365114" was set but never used
"src/VCU_SW.c", line 55: warning #552-D: variable "rtb_error_tx_transmit_message_d" was set but never used
"src/VCU_SW.c", line 56: warning #179-D: variable "rtb_di_104_error" was declared but never referenced
"src/VCU_SW.c", line 62: warning #552-D: variable "rc" was set but never used
"src/VCU_SW.c", line 492: error #78-D: this declaration has no storage class or type specifier
"src/VCU_SW.c", line 492: error #20: identifier "current_CAN_config" is undefined
"src/VCU_SW.c", line 493: error #171: expected a declaration
"src/VCU_SW.c", line 522: warning #12-D: parsing restarts here after previous syntax error
"src/VCU_SW.c", line 527: error #80: expected a type specifier
"src/VCU_SW.c", line 528: error #80: expected a type specifier
"src/VCU_SW.c", line 529: error #80: expected a type specifier
"src/VCU_SW.c", line 530: error #80: expected a type specifier
"src/VCU_SW.c", line 531: error #80: expected a type specifier
"src/VCU_SW.c", line 531: error #80: expected a type specifier
"src/VCU_SW.c", line 527: warning #78-D: this declaration has no storage class or type specifier
"src/VCU_SW.c", line 527: error #148: declaration is incompatible with "IO_ErrorType IO_CAN_ConfigMsg(ubyte2 *const, ubyte1, ubyte1, ubyte1, ubyte4, ubyte4)" (declared at line 481 of ".\inc\IO_CAN.h")
"src/VCU_SW.c", line 540: error #80: expected a type specifier
"src/VCU_SW.c", line 541: error #80: expected a type specifier
"src/VCU_SW.c", line 542: error #80: expected a type specifier
"src/VCU_SW.c", line 543: error #80: expected a type specifier

>> Compilation failure
"src/VCU_SW.c", line 544: error #80: expected a type specifier
"src/VCU_SW.c", line 544: error #80: expected a type specifier
"src/VCU_SW.c", line 540: warning #78-D: this declaration has no storage class or type specifier
"src/VCU_SW.c", line 545: error #171: expected a declaration
At end of source: warning #12-D: parsing restarts here after previous syntax error
"src/VCU_SW.c", line 42: warning #179-D: variable "flag_first_run" was declared but never referenced
19 errors detected in the compilation of "src/VCU_SW.c".
make: *** [build/VCU_SW.obj] Error 1
"make all" terminated with exit code 2. Build might be incomplete.
13:50:41 **** Incremental Build of configuration Default for project ttcsoft ****
make all 
 ----------------------------------------
  Checking CGT version...
 ----------------------------------------
TI ARM C/C++ Compiler                   v5.1.6
 ----------------------------------------
  Creating application...
 ----------------------------------------
Build target: HY-TTC 580, 2nd generation.
Compiling application files: src/VCU_SW.c
"src/VCU_SW.c", line 70: warning #551-D: variable "rtb_di_104_value" is used before its value is set
"src/VCU_SW.c", line 74: warning #551-D: variable "rtb_FunctionCaller13" is used before its value is set
"src/VCU_SW.c", line 444: warning #551-D: variable "adc_value" is used before its value is set
"src/VCU_SW.c", line 444: warning #551-D: variable "adc_fresh" is used before its value is set
"src/VCU_SW.c", line 53: warning #552-D: variable "rtb_error_tx_transmit_message_v" was set but never used
"src/VCU_SW.c", line 54: warning #552-D: variable "rtb_handler_err_419365114" was set but never used
"src/VCU_SW.c", line 55: warning #552-D: variable "rtb_error_tx_transmit_message_d" was set but never used
"src/VCU_SW.c", line 56: warning #552-D: variable "rtb_di_104_error" was set but never used
"src/VCU_SW.c", line 62: warning #552-D: variable "rc" was set but never used
"src/VCU_SW.c", line 42: warning #179-D: variable "flag_first_run" was declared but never referenced
Linking: build/app.out
<Linking>
 ----------------------------------------
  Creating .hex file with APDB...
 ----------------------------------------

Note: User-Application file _with_ APDB found.

Note: Calculating application-dependent APDB-fields (CRC, size).

Note: Finished successfully!
 ----------------------------------------
  Creating files for JTAG programming...
 ----------------------------------------
This is nowECC Version 2.22 

Mapping: F021-16MB 


ECC calculation from 0x000A0000 to 0x002FFFFF
*** Writing only ECC section to file -> ./build/app_jtag_ecc.hex 

No Errors

 ------
  Done
 ------
13:51:17 **** Incremental Build of configuration Default for project ttcsoft ****
make all 
 ----------------------------------------
  Checking CGT version...
 ----------------------------------------
TI ARM C/C++ Compiler                   v5.1.6
 ----------------------------------------
  Creating application...
 ----------------------------------------
Build target: HY-TTC 580, 2nd generation.
Compiling application files: src/VCU_SW.c
"src/VCU_SW.c", line 430: warning #551-D: variable "rtb_di_104_value" is used before its value is set
"src/VCU_SW.c", line 432: warning #551-D: variable "rtb_FunctionCaller13" is used before its value is set
"src/VCU_SW.c", line 435: warning #551-D: variable "adc_value" is used before its value is set
"src/VCU_SW.c", line 435: warning #551-D: variable "adc_fresh" is used before its value is set
"src/VCU_SW.c", line 53: warning #552-D: variable "rtb_error_tx_transmit_message_v" was set but never used
"src/VCU_SW.c", line 54: warning #552-D: variable "rtb_handler_err_419365114" was set but never used
"src/VCU_SW.c", line 55: warning #552-D: variable "rtb_error_tx_transmit_message_d" was set but never used
"src/VCU_SW.c", line 56: warning #552-D: variable "rtb_di_104_error" was set but never used
"src/VCU_SW.c", line 62: warning #552-D: variable "rc" was set but never used
"src/VCU_SW.c", line 42: warning #179-D: variable "flag_first_run" was declared but never referenced
Linking: build/app.out
<Linking>
 ----------------------------------------
  Creating .hex file with APDB...
 ----------------------------------------

Note: User-Application file _with_ APDB found.

Note: Calculating application-dependent APDB-fields (CRC, size).

Note: Finished successfully!
 ----------------------------------------
  Creating files for JTAG programming...
 ----------------------------------------
This is nowECC Version 2.22 

Mapping: F021-16MB 


ECC calculation from 0x000A0000 to 0x002FFFFF
*** Writing only ECC section to file -> ./build/app_jtag_ecc.hex 

No Errors

 ------
  Done
 ------
13:51:58 **** Incremental Build of configuration Default for project ttcsoft ****
make all 
 ----------------------------------------
  Checking CGT version...
 ----------------------------------------
TI ARM C/C++ Compiler                   v5.1.6
 ----------------------------------------
  Creating application...
 ----------------------------------------
Build target: HY-TTC 580, 2nd generation.
Compiling application files: src/VCU_SW.c
"src/VCU_SW.c", line 433: warning #551-D: variable "rtb_di_104_value" is used before its value is set
"src/VCU_SW.c", line 437: warning #551-D: variable "rtb_FunctionCaller13" is used before its value is set
"src/VCU_SW.c", line 446: warning #551-D: variable "adc_value" is used before its value is set
"src/VCU_SW.c", line 446: warning #551-D: variable "adc_fresh" is used before its value is set
"src/VCU_SW.c", line 53: warning #552-D: variable "rtb_error_tx_transmit_message_v" was set but never used
"src/VCU_SW.c", line 54: warning #552-D: variable "rtb_handler_err_419365114" was set but never used
"src/VCU_SW.c", line 55: warning #552-D: variable "rtb_error_tx_transmit_message_d" was set but never used
"src/VCU_SW.c", line 56: warning #179-D: variable "rtb_di_104_error" was declared but never referenced
"src/VCU_SW.c", line 62: warning #552-D: variable "rc" was set but never used
"src/VCU_SW.c", line 42: warning #179-D: variable "flag_first_run" was declared but never referenced
Linking: build/app.out
<Linking>
 ----------------------------------------
  Creating .hex file with APDB...
 ----------------------------------------

Note: User-Application file _with_ APDB found.

Note: Calculating application-dependent APDB-fields (CRC, size).

Note: Finished successfully!
 ----------------------------------------
  Creating files for JTAG programming...
 ----------------------------------------
This is nowECC Version 2.22 

Mapping: F021-16MB 


ECC calculation from 0x000A0000 to 0x002FFFFF
*** Writing only ECC section to file -> ./build/app_jtag_ecc.hex 

No Errors

 ------
  Done
 ------
13:56:55 **** Incremental Build of configuration Default for project ttcsoft ****
make all 
 ----------------------------------------
  Checking CGT version...
 ----------------------------------------
TI ARM C/C++ Compiler                   v5.1.6
 ----------------------------------------
  Creating application...
 ----------------------------------------
Build target: HY-TTC 580, 2nd generation.
Compiling application files: src/convAIVoltageData.c
Linking: build/app.out
<Linking>
 ----------------------------------------
  Creating .hex file with APDB...
 ----------------------------------------

Note: User-Application file _with_ APDB found.

Note: Calculating application-dependent APDB-fields (CRC, size).

Note: Finished successfully!
 ----------------------------------------
  Creating files for JTAG programming...
 ----------------------------------------
This is nowECC Version 2.22 

Mapping: F021-16MB 


ECC calculation from 0x000A0000 to 0x002FFFFF
*** Writing only ECC section to file -> ./build/app_jtag_ecc.hex 

No Errors

 ------
  Done
 ------
14:05:47 **** Incremental Build of configuration Default for project ttcsoft ****
make all 
 ----------------------------------------
  Checking CGT version...
 ----------------------------------------
TI ARM C/C++ Compiler                   v5.1.6
 ----------------------------------------
  Creating application...
 ----------------------------------------
Build target: HY-TTC 580, 2nd generation.
Compiling application files: src/VCU_SW.c
"src/VCU_SW.c", line 434: warning #551-D: variable "rtb_di_104_value" is used before its value is set
"src/VCU_SW.c", line 438: warning #551-D: variable "rtb_FunctionCaller13" is used before its value is set
"src/VCU_SW.c", line 450: warning #551-D: variable "adc_value" is used before its value is set
"src/VCU_SW.c", line 450: warning #551-D: variable "adc_fresh" is used before its value is set
"src/VCU_SW.c", line 455: warning #551-D: variable "adc_value_for_transmit" is used before its value is set
"src/VCU_SW.c", line 460: error #66: expected a ";"
"src/VCU_SW.c", line 505: error #66: expected a ";"
"src/VCU_SW.c", line 53: warning #552-D: variable "rtb_error_tx_transmit_message_v" was set but never used
"src/VCU_SW.c", line 54: warning #552-D: variable "rtb_handler_err_419365114" was set but never used
"src/VCU_SW.c", line 55: warning #552-D: variable "rtb_error_tx_transmit_message_d" was set but never used
"src/VCU_SW.c", line 56: warning #179-D: variable "rtb_di_104_error" was declared but never referenced
"src/VCU_SW.c", line 63: warning #552-D: variable "rc" was set but never used
"src/VCU_SW.c", line 42: warning #179-D: variable "flag_first_run" was declared but never referenced

2 errors detected in the compilation of "src/VCU_SW.c".
>> Compilation failure
make: *** [build/VCU_SW.obj] Error 1
"make all" terminated with exit code 2. Build might be incomplete.
14:06:09 **** Incremental Build of configuration Default for project ttcsoft ****
make all 
 ----------------------------------------
  Checking CGT version...
 ----------------------------------------
TI ARM C/C++ Compiler                   v5.1.6
 ----------------------------------------
  Creating application...
 ----------------------------------------
Build target: HY-TTC 580, 2nd generation.
Compiling application files: src/VCU_SW.c
"src/VCU_SW.c", line 434: warning #551-D: variable "rtb_di_104_value" is used before its value is set
"src/VCU_SW.c", line 438: warning #551-D: variable "rtb_FunctionCaller13" is used before its value is set
"src/VCU_SW.c", line 450: warning #551-D: variable "adc_value" is used before its value is set
"src/VCU_SW.c", line 450: warning #551-D: variable "adc_fresh" is used before its value is set
"src/VCU_SW.c", line 455: warning #551-D: variable "adc_value_for_transmit" is used before its value is set
"src/VCU_SW.c", line 460: error #66: expected a ";"
"src/VCU_SW.c", line 505: error #66: expected a ";"
"src/VCU_SW.c", line 53: warning #552-D: variable "rtb_error_tx_transmit_message_v" was set but never used
"src/VCU_SW.c", line 54: warning #552-D: variable "rtb_handler_err_419365114" was set but never used
"src/VCU_SW.c", line 55: warning #552-D: variable "rtb_error_tx_transmit_message_d" was set but never used
"src/VCU_SW.c", line 56: warning #179-D: variable "rtb_di_104_error" was declared but never referenced
"src/VCU_SW.c", line 63: warning #552-D: variable "rc" was set but never used
"src/VCU_SW.c", line 42: warning #179-D: variable "flag_first_run" was declared but never referenced
2 errors detected in the compilation of "src/VCU_SW.c".

>> Compilation failure
make: *** [build/VCU_SW.obj] Error 1
"make all" terminated with exit code 2. Build might be incomplete.
14:06:34 **** Incremental Build of configuration Default for project ttcsoft ****
make all 
 ----------------------------------------
  Checking CGT version...
 ----------------------------------------
TI ARM C/C++ Compiler                   v5.1.6
 ----------------------------------------
  Creating application...
 ----------------------------------------
Build target: HY-TTC 580, 2nd generation.
Compiling application files: src/VCU_SW.c
"src/VCU_SW.c", line 434: warning #551-D: variable "rtb_di_104_value" is used before its value is set
"src/VCU_SW.c", line 438: warning #551-D: variable "rtb_FunctionCaller13" is used before its value is set
"src/VCU_SW.c", line 450: warning #551-D: variable "adc_value" is used before its value is set
"src/VCU_SW.c", line 450: warning #551-D: variable "adc_fresh" is used before its value is set
"src/VCU_SW.c", line 455: warning #551-D: variable "adc_value_for_transmit" is used before its value is set
"src/VCU_SW.c", line 53: warning #552-D: variable "rtb_error_tx_transmit_message_v" was set but never used
"src/VCU_SW.c", line 54: warning #552-D: variable "rtb_handler_err_419365114" was set but never used
"src/VCU_SW.c", line 55: warning #552-D: variable "rtb_error_tx_transmit_message_d" was set but never used
"src/VCU_SW.c", line 56: warning #179-D: variable "rtb_di_104_error" was declared but never referenced
"src/VCU_SW.c", line 63: warning #552-D: variable "rc" was set but never used
"src/VCU_SW.c", line 42: warning #179-D: variable "flag_first_run" was declared but never referenced
Linking: build/app.out
<Linking>
 ----------------------------------------
  Creating .hex file with APDB...
 ----------------------------------------

Note: User-Application file _with_ APDB found.

Note: Calculating application-dependent APDB-fields (CRC, size).

Note: Finished successfully!
 ----------------------------------------
  Creating files for JTAG programming...
 ----------------------------------------
This is nowECC Version 2.22 

Mapping: F021-16MB 


ECC calculation from 0x000A0000 to 0x002FFFFF
*** Writing only ECC section to file -> ./build/app_jtag_ecc.hex 

No Errors

 ------
  Done
 ------
14:06:46 **** Incremental Build of configuration Default for project ttcsoft ****
make all 
 ----------------------------------------
  Checking CGT version...
 ----------------------------------------
TI ARM C/C++ Compiler                   v5.1.6
 ----------------------------------------
  Creating application...
 ----------------------------------------
Build target: HY-TTC 580, 2nd generation.
 ----------------------------------------
  Creating .hex file with APDB...
 ----------------------------------------

Note: User-Application file _with_ APDB found.

Note: Calculating application-dependent APDB-fields (CRC, size).

Note: Finished successfully!
 ----------------------------------------
  Creating files for JTAG programming...
 ----------------------------------------
This is nowECC Version 2.22 

Mapping: F021-16MB 


ECC calculation from 0x000A0000 to 0x002FFFFF
*** Writing only ECC section to file -> ./build/app_jtag_ecc.hex 

No Errors

 ------
  Done
 ------
14:58:49 **** Incremental Build of configuration Default for project ttcsoft ****
make all 
 ----------------------------------------
  Checking CGT version...
 ----------------------------------------
TI ARM C/C++ Compiler                   v5.1.6
 ----------------------------------------
  Creating application...
 ----------------------------------------
Build target: HY-TTC 580, 2nd generation.
Compiling application files: src/VCU_SW.c
"src/VCU_SW.c", line 434: warning #551-D: variable "rtb_di_104_value" is used before its value is set
"src/VCU_SW.c", line 438: warning #551-D: variable "rtb_FunctionCaller13" is used before its value is set
"src/VCU_SW.c", line 450: warning #551-D: variable "adc_value" is used before its value is set
"src/VCU_SW.c", line 450: warning #551-D: variable "adc_fresh" is used before its value is set
"src/VCU_SW.c", line 455: warning #551-D: variable "adc_value_for_transmit" is used before its value is set
"src/VCU_SW.c", line 470: error #167: too few arguments in function call
"src/VCU_SW.c", line 501: error #169: argument of type "ubyte2" is incompatible with parameter of type "ubyte2 *"
"src/VCU_SW.c", line 506: error #515: a value of type "ubyte2 *" cannot be assigned to an entity of type "ubyte2"
"src/VCU_SW.c", line 53: warning #552-D: variable "rtb_error_tx_transmit_message_v" was set but never used
"src/VCU_SW.c", line 54: warning #552-D: variable "rtb_handler_err_419365114" was set but never used
"src/VCU_SW.c", line 55: warning #552-D: variable "rtb_error_tx_transmit_message_d" was set but never used
"src/VCU_SW.c", line 56: warning #179-D: variable "rtb_di_104_error" was declared but never referenced
"src/VCU_SW.c", line 63: warning #552-D: variable "rc" was set but never used

"src/VCU_SW.c", line 42: warning #179-D: variable "flag_first_run" was declared but never referenced
3 errors detected in the compilation of "src/VCU_SW.c".
>> Compilation failure
make: *** [build/VCU_SW.obj] Error 1
"make all" terminated with exit code 2. Build might be incomplete.
14:59:10 **** Incremental Build of configuration Default for project ttcsoft ****
make all 
 ----------------------------------------
  Checking CGT version...
 ----------------------------------------
TI ARM C/C++ Compiler                   v5.1.6
 ----------------------------------------
  Creating application...
 ----------------------------------------
Build target: HY-TTC 580, 2nd generation.
Compiling application files: src/VCU_SW.c
"src/VCU_SW.c", line 434: warning #551-D: variable "rtb_di_104_value" is used before its value is set
"src/VCU_SW.c", line 438: warning #551-D: variable "rtb_FunctionCaller13" is used before its value is set
"src/VCU_SW.c", line 450: warning #551-D: variable "adc_value" is used before its value is set
"src/VCU_SW.c", line 450: warning #551-D: variable "adc_fresh" is used before its value is set
"src/VCU_SW.c", line 455: warning #551-D: variable "adc_value_for_transmit" is used before its value is set
"src/VCU_SW.c", line 470: error #167: too few arguments in function call
"src/VCU_SW.c", line 506: error #515: a value of type "ubyte2 *" cannot be assigned to an entity of type "ubyte2"
"src/VCU_SW.c", line 53: warning #552-D: variable "rtb_error_tx_transmit_message_v" was set but never used
"src/VCU_SW.c", line 54: warning #552-D: variable "rtb_handler_err_419365114" was set but never used
"src/VCU_SW.c", line 55: warning #552-D: variable "rtb_error_tx_transmit_message_d" was set but never used
"src/VCU_SW.c", line 56: warning #179-D: variable "rtb_di_104_error" was declared but never referenced
"src/VCU_SW.c", line 63: warning #552-D: variable "rc" was set but never used
"src/VCU_SW.c", line 42: warning #179-D: variable "flag_first_run" was declared but never referenced
2 errors detected in the compilation of "src/VCU_SW.c".

>> Compilation failure
make: *** [build/VCU_SW.obj] Error 1
"make all" terminated with exit code 2. Build might be incomplete.
14:59:39 **** Incremental Build of configuration Default for project ttcsoft ****
make all 
 ----------------------------------------
  Checking CGT version...
 ----------------------------------------
TI ARM C/C++ Compiler                   v5.1.6
 ----------------------------------------
  Creating application...
 ----------------------------------------
Build target: HY-TTC 580, 2nd generation.
Compiling application files: src/VCU_SW.c
"src/VCU_SW.c", line 434: warning #551-D: variable "rtb_di_104_value" is used before its value is set
"src/VCU_SW.c", line 438: warning #551-D: variable "rtb_FunctionCaller13" is used before its value is set
"src/VCU_SW.c", line 450: warning #551-D: variable "adc_value" is used before its value is set
"src/VCU_SW.c", line 450: warning #551-D: variable "adc_fresh" is used before its value is set
"src/VCU_SW.c", line 455: warning #551-D: variable "adc_value_for_transmit" is used before its value is set
"src/VCU_SW.c", line 470: error #167: too few arguments in function call
"src/VCU_SW.c", line 53: warning #552-D: variable "rtb_error_tx_transmit_message_v" was set but never used
"src/VCU_SW.c", line 54: warning #552-D: variable "rtb_handler_err_419365114" was set but never used
"src/VCU_SW.c", line 55: warning #552-D: variable "rtb_error_tx_transmit_message_d" was set but never used
"src/VCU_SW.c", line 56: warning #179-D: variable "rtb_di_104_error" was declared but never referenced
"src/VCU_SW.c", line 63: warning #552-D: variable "rc" was set but never used

"src/VCU_SW.c", line 42: warning #179-D: variable "flag_first_run" was declared but never referenced
1 error detected in the compilation of "src/VCU_SW.c".
>> Compilation failure
make: *** [build/VCU_SW.obj] Error 1
"make all" terminated with exit code 2. Build might be incomplete.
15:00:58 **** Incremental Build of configuration Default for project ttcsoft ****
make all 
 ----------------------------------------
  Checking CGT version...
 ----------------------------------------
TI ARM C/C++ Compiler                   v5.1.6
 ----------------------------------------
  Creating application...
 ----------------------------------------
Build target: HY-TTC 580, 2nd generation.
Compiling application files: src/VCU_SW.c
"src/VCU_SW.c", line 434: warning #551-D: variable "rtb_di_104_value" is used before its value is set
"src/VCU_SW.c", line 438: warning #551-D: variable "rtb_FunctionCaller13" is used before its value is set
"src/VCU_SW.c", line 450: warning #551-D: variable "adc_value" is used before its value is set
"src/VCU_SW.c", line 450: warning #551-D: variable "adc_fresh" is used before its value is set
"src/VCU_SW.c", line 455: warning #551-D: variable "adc_value_for_transmit" is used before its value is set
"src/VCU_SW.c", line 53: warning #552-D: variable "rtb_error_tx_transmit_message_v" was set but never used
"src/VCU_SW.c", line 54: warning #552-D: variable "rtb_handler_err_419365114" was set but never used
"src/VCU_SW.c", line 55: warning #552-D: variable "rtb_error_tx_transmit_message_d" was set but never used
"src/VCU_SW.c", line 56: warning #179-D: variable "rtb_di_104_error" was declared but never referenced
"src/VCU_SW.c", line 63: warning #552-D: variable "rc" was set but never used
"src/VCU_SW.c", line 42: warning #179-D: variable "flag_first_run" was declared but never referenced
Linking: build/app.out
<Linking>
 ----------------------------------------
  Creating .hex file with APDB...
 ----------------------------------------

Note: User-Application file _with_ APDB found.

Note: Calculating application-dependent APDB-fields (CRC, size).

Note: Finished successfully!
 ----------------------------------------
  Creating files for JTAG programming...
 ----------------------------------------
This is nowECC Version 2.22 

Mapping: F021-16MB 


ECC calculation from 0x000A0000 to 0x002FFFFF
*** Writing only ECC section to file -> ./build/app_jtag_ecc.hex 

No Errors

 ------
  Done
 ------
15:14:27 **** Incremental Build of configuration Default for project ttcsoft ****
make all 
 ----------------------------------------
  Checking CGT version...
 ----------------------------------------
TI ARM C/C++ Compiler                   v5.1.6
 ----------------------------------------
  Creating application...
 ----------------------------------------
Build target: HY-TTC 580, 2nd generation.
Compiling application files: src/VCU_SW.c
"src/VCU_SW.c", line 434: warning #551-D: variable "rtb_di_104_value" is used before its value is set
"src/VCU_SW.c", line 438: warning #551-D: variable "rtb_FunctionCaller13" is used before its value is set
"src/VCU_SW.c", line 450: warning #551-D: variable "adc_value" is used before its value is set
"src/VCU_SW.c", line 450: warning #551-D: variable "adc_fresh" is used before its value is set
"src/VCU_SW.c", line 455: warning #551-D: variable "adc_value_for_transmit" is used before its value is set
"src/VCU_SW.c", line 53: warning #552-D: variable "rtb_error_tx_transmit_message_v" was set but never used
"src/VCU_SW.c", line 54: warning #552-D: variable "rtb_handler_err_419365114" was set but never used
"src/VCU_SW.c", line 55: warning #552-D: variable "rtb_error_tx_transmit_message_d" was set but never used
"src/VCU_SW.c", line 56: warning #179-D: variable "rtb_di_104_error" was declared but never referenced
"src/VCU_SW.c", line 63: warning #552-D: variable "rc" was set but never used
"src/VCU_SW.c", line 42: warning #179-D: variable "flag_first_run" was declared but never referenced
Linking: build/app.out
<Linking>
 ----------------------------------------
  Creating .hex file with APDB...
 ----------------------------------------

Note: User-Application file _with_ APDB found.

Note: Calculating application-dependent APDB-fields (CRC, size).

Note: Finished successfully!
 ----------------------------------------
  Creating files for JTAG programming...
 ----------------------------------------
This is nowECC Version 2.22 

Mapping: F021-16MB 


ECC calculation from 0x000A0000 to 0x002FFFFF
*** Writing only ECC section to file -> ./build/app_jtag_ecc.hex 

No Errors

 ------
  Done
 ------
15:18:58 **** Incremental Build of configuration Default for project ttcsoft ****
make all 
 ----------------------------------------
  Checking CGT version...
 ----------------------------------------
TI ARM C/C++ Compiler                   v5.1.6
 ----------------------------------------
  Creating application...
 ----------------------------------------
Build target: HY-TTC 580, 2nd generation.
 ----------------------------------------
  Creating .hex file with APDB...
 ----------------------------------------

Note: User-Application file _with_ APDB found.

Note: Calculating application-dependent APDB-fields (CRC, size).

Note: Finished successfully!
 ----------------------------------------
  Creating files for JTAG programming...
 ----------------------------------------
This is nowECC Version 2.22 

Mapping: F021-16MB 


ECC calculation from 0x000A0000 to 0x002FFFFF
*** Writing only ECC section to file -> ./build/app_jtag_ecc.hex 

No Errors

 ------
  Done
 ------
16:10:43 **** Incremental Build of configuration Default for project ttcsoft ****
make all 
 ----------------------------------------
  Checking CGT version...
 ----------------------------------------
TI ARM C/C++ Compiler                   v5.1.6
 ----------------------------------------
  Creating application...
 ----------------------------------------
Build target: HY-TTC 580, 2nd generation.
Compiling application files: src/convAIVoltageData.c
"src/convAIVoltageData.c", line 23: error #148: declaration is incompatible with "ubyte2 convAIVoltageData(ubyte4, ubyte2, ubyte2 *)" (declared at line 18 of ".\inc\convAIVoltageData.h")
1 error detected in the compilation of "src/convAIVoltageData.c".

>> Compilation failure
make: *** [build/convAIVoltageData.obj] Error 1
"make all" terminated with exit code 2. Build might be incomplete.
16:11:10 **** Incremental Build of configuration Default for project ttcsoft ****
make all 
 ----------------------------------------
  Checking CGT version...
 ----------------------------------------
TI ARM C/C++ Compiler                   v5.1.6
 ----------------------------------------
  Creating application...
 ----------------------------------------
Build target: HY-TTC 580, 2nd generation.
Compiling application files: src/convAIVoltageData.c
"src/convAIVoltageData.c", line 23: error #148: declaration is incompatible with "ubyte2 convAIVoltageData(ubyte4, ubyte2, ubyte2 *)" (declared at line 18 of ".\inc\convAIVoltageData.h")
1 error detected in the compilation of "src/convAIVoltageData.c".

>> Compilation failure
make: *** [build/convAIVoltageData.obj] Error 1
"make all" terminated with exit code 2. Build might be incomplete.
16:11:31 **** Incremental Build of configuration Default for project ttcsoft ****
make all 
 ----------------------------------------
  Checking CGT version...
 ----------------------------------------
TI ARM C/C++ Compiler                   v5.1.6
 ----------------------------------------
  Creating application...
 ----------------------------------------
Build target: HY-TTC 580, 2nd generation.
Compiling application files: src/convAIVoltageData.c
Linking: build/app.out
<Linking>
 ----------------------------------------
  Creating .hex file with APDB...
 ----------------------------------------

Note: User-Application file _with_ APDB found.

Note: Calculating application-dependent APDB-fields (CRC, size).

Note: Finished successfully!
 ----------------------------------------
  Creating files for JTAG programming...
 ----------------------------------------
This is nowECC Version 2.22 

Mapping: F021-16MB 


ECC calculation from 0x000A0000 to 0x002FFFFF
*** Writing only ECC section to file -> ./build/app_jtag_ecc.hex 

No Errors

 ------
  Done
 ------
16:11:37 **** Incremental Build of configuration Default for project ttcsoft ****
make all 
 ----------------------------------------
  Checking CGT version...
 ----------------------------------------
TI ARM C/C++ Compiler                   v5.1.6
 ----------------------------------------
  Creating application...
 ----------------------------------------
Build target: HY-TTC 580, 2nd generation.
 ----------------------------------------
  Creating .hex file with APDB...
 ----------------------------------------

Note: User-Application file _with_ APDB found.

Note: Calculating application-dependent APDB-fields (CRC, size).

Note: Finished successfully!
 ----------------------------------------
  Creating files for JTAG programming...
 ----------------------------------------
This is nowECC Version 2.22 

Mapping: F021-16MB 


ECC calculation from 0x000A0000 to 0x002FFFFF
*** Writing only ECC section to file -> ./build/app_jtag_ecc.hex 

No Errors

 ------
  Done
 ------
16:11:41 **** Incremental Build of configuration Default for project ttcsoft ****
make all 
 ----------------------------------------
  Checking CGT version...
 ----------------------------------------
TI ARM C/C++ Compiler                   v5.1.6
 ----------------------------------------
  Creating application...
 ----------------------------------------
Build target: HY-TTC 580, 2nd generation.
 ----------------------------------------
  Creating .hex file with APDB...
 ----------------------------------------

Note: User-Application file _with_ APDB found.

Note: Calculating application-dependent APDB-fields (CRC, size).

Note: Finished successfully!
 ----------------------------------------
  Creating files for JTAG programming...
 ----------------------------------------
This is nowECC Version 2.22 

Mapping: F021-16MB 


ECC calculation from 0x000A0000 to 0x002FFFFF
*** Writing only ECC section to file -> ./build/app_jtag_ecc.hex 

No Errors

 ------
  Done
 ------
16:20:47 **** Incremental Build of configuration Default for project ttcsoft ****
make all 
 ----------------------------------------
  Checking CGT version...
 ----------------------------------------
TI ARM C/C++ Compiler                   v5.1.6
 ----------------------------------------
  Creating application...
 ----------------------------------------
Build target: HY-TTC 580, 2nd generation.
Compiling application files: src/convAIVoltageData.c
"src/convAIVoltageData.c", line 23: error #148: declaration is incompatible with "ubyte2 convAIVoltageData(ubyte4, ubyte2, ubyte2 *)" (declared at line 18 of ".\inc\convAIVoltageData.h")
1 error detected in the compilation of "src/convAIVoltageData.c".

>> Compilation failure
make: *** [build/convAIVoltageData.obj] Error 1
"make all" terminated with exit code 2. Build might be incomplete.
16:22:39 **** Incremental Build of configuration Default for project ttcsoft ****
make all 
 ----------------------------------------
  Checking CGT version...
 ----------------------------------------
TI ARM C/C++ Compiler                   v5.1.6
 ----------------------------------------
  Creating application...
 ----------------------------------------
Build target: HY-TTC 580, 2nd generation.
Compiling application files: src/convAIVoltageData.c
"src/convAIVoltageData.c", line 23: error #148: declaration is incompatible with "ubyte2 convAIVoltageData(ubyte4, ubyte2, ubyte2 *)" (declared at line 18 of ".\inc\convAIVoltageData.h")
1 error detected in the compilation of "src/convAIVoltageData.c".

>> Compilation failure
make: *** [build/convAIVoltageData.obj] Error 1
"make all" terminated with exit code 2. Build might be incomplete.
16:23:17 **** Incremental Build of configuration Default for project ttcsoft ****
make all 
 ----------------------------------------
  Checking CGT version...
 ----------------------------------------
TI ARM C/C++ Compiler                   v5.1.6
 ----------------------------------------
  Creating application...
 ----------------------------------------
Build target: HY-TTC 580, 2nd generation.
Compiling application files: src/convAIVoltageData.c
Linking: build/app.out
<Linking>
 ----------------------------------------
  Creating .hex file with APDB...
 ----------------------------------------

Note: User-Application file _with_ APDB found.

Note: Calculating application-dependent APDB-fields (CRC, size).

Note: Finished successfully!
 ----------------------------------------
  Creating files for JTAG programming...
 ----------------------------------------
This is nowECC Version 2.22 

Mapping: F021-16MB 


ECC calculation from 0x000A0000 to 0x002FFFFF
*** Writing only ECC section to file -> ./build/app_jtag_ecc.hex 

No Errors

 ------
  Done
 ------
16:26:21 **** Incremental Build of configuration Default for project ttcsoft ****
make all 
 ----------------------------------------
  Checking CGT version...
 ----------------------------------------
TI ARM C/C++ Compiler                   v5.1.6
 ----------------------------------------
  Creating application...
 ----------------------------------------
Build target: HY-TTC 580, 2nd generation.
Compiling application files: src/convAIVoltageData.c
Linking: build/app.out
<Linking>
 ----------------------------------------
  Creating .hex file with APDB...
 ----------------------------------------

Note: User-Application file _with_ APDB found.

Note: Calculating application-dependent APDB-fields (CRC, size).

Note: Finished successfully!
 ----------------------------------------
  Creating files for JTAG programming...
 ----------------------------------------
This is nowECC Version 2.22 

Mapping: F021-16MB 


ECC calculation from 0x000A0000 to 0x002FFFFF
*** Writing only ECC section to file -> ./build/app_jtag_ecc.hex 

No Errors

 ------
  Done
 ------
16:29:02 **** Incremental Build of configuration Default for project ttcsoft ****
make all 
 ----------------------------------------
  Checking CGT version...
 ----------------------------------------
TI ARM C/C++ Compiler                   v5.1.6
 ----------------------------------------
  Creating application...
 ----------------------------------------
Build target: HY-TTC 580, 2nd generation.
Compiling application files: src/convAIVoltageData.c
Linking: build/app.out
<Linking>
 ----------------------------------------
  Creating .hex file with APDB...
 ----------------------------------------

Note: User-Application file _with_ APDB found.

Note: Calculating application-dependent APDB-fields (CRC, size).

Note: Finished successfully!
 ----------------------------------------
  Creating files for JTAG programming...
 ----------------------------------------
This is nowECC Version 2.22 

Mapping: F021-16MB 


ECC calculation from 0x000A0000 to 0x002FFFFF
*** Writing only ECC section to file -> ./build/app_jtag_ecc.hex 

No Errors

 ------
  Done
 ------
16:29:17 **** Incremental Build of configuration Default for project ttcsoft ****
make all 
 ----------------------------------------
  Checking CGT version...
 ----------------------------------------
TI ARM C/C++ Compiler                   v5.1.6
 ----------------------------------------
  Creating application...
 ----------------------------------------
Build target: HY-TTC 580, 2nd generation.
Compiling application files: src/convAIVoltageData.c
Linking: build/app.out
<Linking>
 ----------------------------------------
  Creating .hex file with APDB...
 ----------------------------------------

Note: User-Application file _with_ APDB found.

Note: Calculating application-dependent APDB-fields (CRC, size).

Note: Finished successfully!
 ----------------------------------------
  Creating files for JTAG programming...
 ----------------------------------------
This is nowECC Version 2.22 

Mapping: F021-16MB 


ECC calculation from 0x000A0000 to 0x002FFFFF
*** Writing only ECC section to file -> ./build/app_jtag_ecc.hex 

No Errors

 ------
  Done
 ------
16:51:40 **** Incremental Build of configuration Default for project ttcsoft ****
make all 
 ----------------------------------------
  Checking CGT version...
 ----------------------------------------
TI ARM C/C++ Compiler                   v5.1.6
 ----------------------------------------
  Creating application...
 ----------------------------------------
Build target: HY-TTC 580, 2nd generation.
Compiling application files: src/convAIVoltageData.c
Linking: build/app.out
<Linking>
 ----------------------------------------
  Creating .hex file with APDB...
 ----------------------------------------

Note: User-Application file _with_ APDB found.

Note: Calculating application-dependent APDB-fields (CRC, size).

Note: Finished successfully!
 ----------------------------------------
  Creating files for JTAG programming...
 ----------------------------------------
This is nowECC Version 2.22 

Mapping: F021-16MB 


ECC calculation from 0x000A0000 to 0x002FFFFF
*** Writing only ECC section to file -> ./build/app_jtag_ecc.hex 

No Errors

 ------
  Done
 ------
16:52:57 **** Incremental Build of configuration Default for project ttcsoft ****
make all 
 ----------------------------------------
  Checking CGT version...
 ----------------------------------------
TI ARM C/C++ Compiler                   v5.1.6
 ----------------------------------------
  Creating application...
 ----------------------------------------
Build target: HY-TTC 580, 2nd generation.
Compiling application files: src/convAIVoltageData.c
Linking: build/app.out
<Linking>
 ----------------------------------------
  Creating .hex file with APDB...
 ----------------------------------------

Note: User-Application file _with_ APDB found.

Note: Calculating application-dependent APDB-fields (CRC, size).

Note: Finished successfully!
 ----------------------------------------
  Creating files for JTAG programming...
 ----------------------------------------
This is nowECC Version 2.22 

Mapping: F021-16MB 


ECC calculation from 0x000A0000 to 0x002FFFFF
*** Writing only ECC section to file -> ./build/app_jtag_ecc.hex 

No Errors

 ------
  Done
 ------
10:38:59 **** Build of configuration Default for project ttcsoft ****
make all 
 ----------------------------------------
  Checking CGT version...
 ----------------------------------------
TI ARM C/C++ Compiler                   v5.1.6
 ----------------------------------------
  Creating application...
 ----------------------------------------
Build target: HY-TTC 580, 2nd generation.
Compiling application files: src/VCU_SW.c
"src/VCU_SW.c", line 434: warning #551-D: variable "rtb_di_104_value" is used before its value is set
"src/VCU_SW.c", line 438: warning #551-D: variable "rtb_FunctionCaller13" is used before its value is set
"src/VCU_SW.c", line 450: warning #551-D: variable "adc_value" is used before its value is set
"src/VCU_SW.c", line 450: warning #551-D: variable "adc_fresh" is used before its value is set
"src/VCU_SW.c", line 455: warning #551-D: variable "adc_value_for_transmit" is used before its value is set
"src/VCU_SW.c", line 53: warning #552-D: variable "rtb_error_tx_transmit_message_v" was set but never used
"src/VCU_SW.c", line 54: warning #552-D: variable "rtb_handler_err_419365114" was set but never used
"src/VCU_SW.c", line 55: warning #552-D: variable "rtb_error_tx_transmit_message_d" was set but never used
"src/VCU_SW.c", line 56: warning #179-D: variable "rtb_di_104_error" was declared but never referenced
"src/VCU_SW.c", line 63: warning #552-D: variable "rc" was set but never used
"src/VCU_SW.c", line 42: warning #179-D: variable "flag_first_run" was declared but never referenced
Linking: build/app.out
<Linking>
 ----------------------------------------
  Creating .hex file with APDB...
 ----------------------------------------

Note: User-Application file _with_ APDB found.

Note: Calculating application-dependent APDB-fields (CRC, size).

Note: Finished successfully!
 ----------------------------------------
  Creating files for JTAG programming...
 ----------------------------------------
This is nowECC Version 2.22 

Mapping: F021-16MB 


ECC calculation from 0x000A0000 to 0x002FFFFF
*** Writing only ECC section to file -> ./build/app_jtag_ecc.hex 

No Errors

 ------
  Done
 ------
10:41:52 **** Incremental Build of configuration Default for project ttcsoft ****
make all 
 ----------------------------------------
  Checking CGT version...
 ----------------------------------------
TI ARM C/C++ Compiler                   v5.1.6
 ----------------------------------------
  Creating application...
 ----------------------------------------
Build target: HY-TTC 580, 2nd generation.
Compiling application files: src/VCU_SW.c
"src/VCU_SW.c", line 434: warning #551-D: variable "rtb_di_104_value" is used before its value is set
"src/VCU_SW.c", line 438: warning #551-D: variable "rtb_FunctionCaller13" is used before its value is set
"src/VCU_SW.c", line 450: warning #551-D: variable "adc_value" is used before its value is set
"src/VCU_SW.c", line 450: warning #551-D: variable "adc_fresh" is used before its value is set
"src/VCU_SW.c", line 455: warning #551-D: variable "adc_value_for_transmit" is used before its value is set
"src/VCU_SW.c", line 53: warning #552-D: variable "rtb_error_tx_transmit_message_v" was set but never used
"src/VCU_SW.c", line 54: warning #552-D: variable "rtb_handler_err_419365114" was set but never used
"src/VCU_SW.c", line 55: warning #552-D: variable "rtb_error_tx_transmit_message_d" was set but never used
"src/VCU_SW.c", line 56: warning #179-D: variable "rtb_di_104_error" was declared but never referenced
"src/VCU_SW.c", line 63: warning #552-D: variable "rc" was set but never used
"src/VCU_SW.c", line 42: warning #179-D: variable "flag_first_run" was declared but never referenced
Linking: build/app.out
<Linking>
 ----------------------------------------
  Creating .hex file with APDB...
 ----------------------------------------

Note: User-Application file _with_ APDB found.

Note: Calculating application-dependent APDB-fields (CRC, size).

Note: Finished successfully!
 ----------------------------------------
  Creating files for JTAG programming...
 ----------------------------------------
This is nowECC Version 2.22 

Mapping: F021-16MB 


ECC calculation from 0x000A0000 to 0x002FFFFF
*** Writing only ECC section to file -> ./build/app_jtag_ecc.hex 

No Errors

 ------
  Done
 ------
10:45:28 **** Incremental Build of configuration Default for project ttcsoft ****
make all 
 ----------------------------------------
  Checking CGT version...
 ----------------------------------------
TI ARM C/C++ Compiler                   v5.1.6
 ----------------------------------------
  Creating application...
 ----------------------------------------
Build target: HY-TTC 580, 2nd generation.
 ----------------------------------------
  Creating .hex file with APDB...
 ----------------------------------------

Note: User-Application file _with_ APDB found.

Note: Calculating application-dependent APDB-fields (CRC, size).

Note: Finished successfully!
 ----------------------------------------
  Creating files for JTAG programming...
 ----------------------------------------
This is nowECC Version 2.22 

Mapping: F021-16MB 


ECC calculation from 0x000A0000 to 0x002FFFFF
*** Writing only ECC section to file -> ./build/app_jtag_ecc.hex 

No Errors

 ------
  Done
 ------
