:02000004000AF0
:200000000206000000000000356397EA00201007000A008000000001427057985134E332C2
:2000200000000001A931BA5DC0000000000000000000000000000000000C3C2000000000A6
:20004000000000010000000000000002D6E6B2B600000001000000FA00000000000000007E
:2000600013FADC520A641EC8FFFF0000EF000001000000000000000000000000F3CE57DB10
:20008000000A010000034360152A18004B2E1FD7FFFFFFFFFFFFFFFFFFFFFFFFFFFFFFFFF9
:2000A000FFFFFFFFFFFFFFFFFFFFFFFFFFFFFFFFFFFFFFFFFFFFFFFFFFFFFFFFFFFFFFFF60
:2000C000FFFFFFFFFFFFFFFFFFFFFFFFFFFFFFFFFFFFFFFFFFFFFFFFFFFFFFFFFFFFFFFF40
:2000E000FFFFFFFFFFFFFFFFFFFFFFFFFFFFFFFFFFFFFFFFFFFFFFFFFFFFFFFFFFFFFFFF20
:20010000EE110F50E380060FEE010F50E3A00101EEE80A10E12FFF1E0800010008003000D8
:20012000080004000800080008000A0008000C00E10F0000E2000020E38000D1E121F00065
:20014000E51FD028E10F0000E2000020E38000D2E121F000E51FD038E10F0000E20000208C
:20016000E38000D7E121F000E51FD048E10F0000E2000020E38000DBE121F000E51FD058E9
:20018000E10F0000E2000020E38000DFE121F000E51FD080E10F0000E2000020E38000D3BD
:2001A000E121F000E51FD090E12FFF1E000000A400000020E51F200CE51F3014E7953003D1
:2001C000E1A03183E0832002E12FFF1E000000A400000020000000A00800000008020000C2
:2001E000E1A0C00EE3060007E51F3024E7952003E3A01040E1A010A1E15100024A00002620
:20020000EBFFFFEBE3A01040E1A01101E51F0044E0801001E3060007E15100024A00001E5F
:20022000E51F1054E7951001E51F3054E3A09000E15100034A000000E3A09802E311000797
:200240000A000001E3060006EA000013E51F307CE0833009E15100034A00000EE51F308812
:20026000E0833009E15100035A00000AE0812002E51F109CE0811009E15100024A00000519
:20028000E51F10B0E0811009E15200014A000001E3A00000EA000000E3060005E12FFF1C1B
:2002A000EE190F1CE3800010EE090F1CE12FFF1EEE190F1CE3C00010EE090F1CE12FFF1E16
:2002C000EE110F30E3800402F57FF05FEE010F30E12FFF1EEE110F30E3C00402F57FF05FAF
:2002E000EE010F30E12FFF1E0000000000000000E307C000E34FCFF8E5901004E58C1000F6
:20030000E1DC14B2E1D021BCE3033FF0E0031001E1821001E1CC14B2E5901008E58C1008C6
:20032000E590100CE58C100CE5901010E58C1030E5901014E58C1034E5901018E58C103CB1
:20034000E5901020E58C1048E5901024E58C104CE5901028E58C1050E3A01005E58C128898
:20036000E590002CE58C02B8E3A00000E58C0288E12FFF1E00000000000000000000000006
:20038000E3A0C000E3062300E5901050E3442103E50C2090E50C1090E30E3100E5902054B1
:2003A000E3A01C03E50C1014E34F3FFFE5901058E50C208CE5831000E590105CE58310705B
:2003C000E5901060E5900068E50C1060E50C00D0E12FFF1E0000000000000000000000000C
:2003E000E30120D1E30ECF01E34FCFFFE3A01000E7C2100CE5901088E50C1E61E590108C81
:20040000E50C1E5DE5901090E50C1E59E5900094E50C0E55E12FFF1E000000000000000069
:20042000E590C07CE3A02000E590107CE7E3CC5CE542C030E24DD008E590C080E30E313C44
:20044000E5520030E34F3FFFE58D0000E38CCC01E7E30851E542002FE28DD008E583C0002F
:20046000E12FFF1E000000000000000000000000E590C078E3003000E3A02000E34031098F
:20048000E183C00CE5901074E30E3140E502C0B0E34F3FFFE590C084E50210B4E583C0007E
:2004A000E590C07CE7E0C45CE542C02EE12FFF1EE590C064E1B00FACE30001B40A00000CCF
:2004C000E30F1FFFE34F0008E3E02077E5900000E1A00820E1510000E30E10000A00000419
:2004E000E3471FFFE001C00CE180C00CE582C000E12FFF1EE3E00077E3CCC102E580C000B5
:20050000E12FFF1EE1A00120E35000000A000001E2400001EAFFFFFBE12FFF1E000000009B
:20052000E590C050E1A0C32CE3000485E20CCB3FE080000CEAFFFFF200000000000000001C
:20054000E590C050E1A0C32CE300060EE20CCB3FE080000CEAFFFFEA000000000000000079
:20056000E590C064E31C08011A000000EAFFFFEBEAFFFFF200000000000000000000000013
:20058000E3A00000E510C0D0E51010D0E51020ACE3A030FFE1C3C00CE1C21001E20110FFF5
:2005A000E15C000113060003E12FFF1E00000000E3E020C3E590C06CE3510000E582C00012
:2005C0000590C0700582C00CE12FFF1EE1A0A00EE1A00005EBFFFF45E1A00005EBFFFF671D
:2005E000E1A00005EBFFFF7DE1A00005EBFFFF8BE1A00005EBFFFF9DE1A00005EBFFFFABEF
:20060000E1A00005EBFFFFD5EBFFFFDCE1A0B000E1A00005E1A0100BEBFFFFE4E1A0000B25
:20062000E12FFF1AFFFFE500FFFFFF0009FFFFFF000000030931002000CEFFDC000A00009B
:20064000FFFFFFF0E3A02000E15200000A000072E51F202CE0022000E15200001A00006E4E
:20066000E51F2040E5923058E3833C01E5823058E3A03001E5823060E5923058E51F204473
:20068000E0033002E51F2064E5823058E5923058E383300AE5823058E1A00000E1A000003E
:2006A000E1A00000E1A00000E1A00000E1A00000E1A00000E1A00000E1A00000E1A0000032
:2006C000E1A00000E1A00000E1A00000E1A00000E1A00000E1A00000E1A00000E1A0000012
:2006E000E1A00000E1A00000E1A00000E1A00000E1A00000E1A00000E1A00000E1A00000F2
:20070000E1A00000E1A00000E1A00000E1A00000E1A00000E1A00000E51F20FCE3A03003FD
:20072000E5823080E51F3100E15300000A000021E35100010A000017E51F1110E1110000A1
:200740001A00000FE51F1114E11100001A000007E51F1124E11100000A000012E3A0300832
:20076000E58230C4E0013000E58230C8EA00000DE3A03004E58230C4E0013000E58230C835
:20078000EA000008E3A03002E58230C4E0013000E58230C8EA000003E3A03004E58230C4E8
:2007A000E3A03001E58230C8E3A03000E58230CCE5823088EA000003E3A0300EE58230C4E8
:2007C000E3A03001E5823088E3A03003E58230C0E3A03014E5823064E51F31A4E51F21BCBD
:2007E000E5921068E31100011A000002E2433001E35300001AFFFFF9E51F21DCE592109044
:20080000E31100011A000006E5923094E31300011A000003E3A00000EA000002E30600110B
:20082000EA000000E3060013E3A03000E5823080E51F2210E5923058E51F1200E0033001A9
:20084000E5823058E5923058E3833005E5823058E5923058E51F121CE0033001E5823058EC
:20086000E5923058E383300AE5823058E51F224CE5923058E51F123CE0033001E582305824
:20088000E5923058E3833005E5823058E12FFF1EE1A0C00EE3A00001E3A01001EBFFFF68EA
:2008A000E3061013E15000011A000001E3A00000EA000000E3060052E12FFF1C000000000C
:2008C000E3A01000EAFFFF5EE3A02000E3A03000E35100000A000003E2411008E18020F1FB
:2008E000E35100001AFFFFFBE12FFF1EE35200000A000005E5903000E5813000E28000049F
:20090000E2811004E2422004EAFFFFF7E12FFF1E00100020082000000800000008020000A2
:20092000000000A0E1A0C00EE51F0020E35908025A000000E51F0028EBFFFFE0E3500000DC
:200940001A00001DE51F0030E0400009EBFFFE18E1A0A002E1A01002EBFFFFDAE51F004442
:20096000E7950000E51F1050E0411009E1A0200AEBFFFFDDE51F006CE35908024A000000EC
:20098000E51F0074EBFFFFCDE35000001A00000AE51F0078E7950000E1A0100AEBFFFFC98D
:2009A000E51F008CE0400009E51F1090E7951001E1A0200AEBFFFFCCE3A00000E12FFF1C3F
:2009C000EE110F30E3800303F57FF05FEE010F30E12FFF1EEE110F30E3C00303F57FF05FA8
:2009E000EE010F30E12FFF1EEE110F30E3800080EE010F30F57FF06FE12FFF1EE15100001B
:200A00000A000012E1C020F0E1C020F8E1C021F0E1C021F8E1C022F0E1C022F8E1C023F0C2
:200A2000E1C023F8E1C024F0E1C024F8E1C025F0E1C025F8E1C026F0E1C026F8E1C027F0E6
:200A4000E1C027F8E2800080E15100001AFFFFECE12FFF1E0800000008020000000000A0DF
:200A6000E1A0C00EE51F0014E0400009E2801802E3A02000E3A03000EBFFFFDFE51F002820
:200A8000E7950000E51F1034E0411009EBFFFDC8E1A0A002EBFFFF94E51F004CE080000950
:200AA000E2801802E3A02000E3A03000EBFFFFD2E51F0060E0400009E51F1064E795100117
:200AC000E1A0200AEBFFFF88E51F0078E0400009E1A0100AEBFFFF7BE3A00000E12FFF1CA8
:200AE000FFFFFF000001FDFF00010000E3A01000E15100000A000015E51F101CE0011000F6
:200B0000E15100001A000011E51F2030E3A0100AE582105CE5820060E51F1038E592306892
:200B2000E3130C011A000002E2411001E35100001AFFFFF9E592106CE3A03005E582305C7F
:200B4000E15000011A000003E3A00000EA000002E3060011EA000000E3060012E12FFF1ECB
:200B6000E30ECA38E34FCFFFE3000B13E34803E7E58C0000E30F01E0E34905A4E58C0004DE
:200B8000E3A00003E58C00ACE3A01001E58C10C4E58C00B0E3A00000E58C0000E58C00044F
:200BA000E12FFF1E000000000000000000000000E590C09CE30E3A38E34F3FFFE35C000025
:200BC00013000B130A000016E30F11E0E24CC004E34803E7E5830000E34915A4E583100411
:200BE000E30E0B0CE3A0101FE34F0FFF01A00000E5FC2004E5E02004E5DC2001E251100146
:200C0000E5C02001E5DC2002E5C02002E5DC200303A0C000E5C020031AFFFFF4E583C00021
:200C2000E583C004E3A00000E12FFF1E00000000E3A03000E513C01CE5901000E1A0280C17
:200C4000E1A01821E1A02822E151000215801000E5901000E503C01CE181C80CE580C00092
:200C6000E12FFF1E000000000000000000000000E3A0C000E580C004E580C008E5C0C01C2D
:200C8000E12FFF1E000000000000000000000000E92D41F0E1A06000E3077300E34F7FF8F9
:200CA000E596C030E587C008E3A04000E596C034E587C00CE24DD008E51407C4E596C038ED
:200CC000E58D0000E504C800E5960040E596C048E50447F8E50407FCE504C7F4E596C03C84
:200CE000E51406C4E58D0000E596004CE504C700E596C044E50446F8E504C6FCE5D6C098E4
:200D0000E50406F4E504C024E1A05001EBFFFF93E1A00006EBFFFFA5E3550000E1A0800087
:200D20000A000001E59600A0EBFFFFC0E59600A0EBFFFFCEE514C7F0E58DC000E59DC000EE
:200D4000E504C7F0E50447F8E514C7ECE58DC000E514C7E4E58DC000E514C7C4E58DC00061
:200D6000E514C6F0E58DC000E59DC000E504C6F0E50446F8E514C6ECE58DC000E514C6E40A
:200D8000E58DC000E514C6C4E58DC000E517C2E4E58DC000E59DC000E507C2E4E517C2EC1A
:200DA000E58DC000E517C2E8E58DC000E517C2E0E58DC000E597C01CE58DC000E59DC0008D
:200DC000E587C01CE597C014E58DC000E597C018E58DC000E597C020E3006301E58DC000EE
:200DE000E1A00008E5046014E28DD008E8BD81F0FFFFFF00FFFFE600FFFFF518FFFFF51CB5
:200E0000FFFFF520FFFFF538FFFFF524FFFFF53CFFFFF600FFFFFE208000000000000004BA
:200E200000000004000000010001000000000000000000010000000200000003000000A8FE
:200E400008300020802AAD05000000A00000000C00000010000000140000001800000004F2
:200E600000000008000000ACE1A0400EE1A05000E1A06001E3A00000E3A01000E3A0200083
:200E8000E3A03000E3A07000E3A08000E3A09000E3A0A000E3A0B000E3A0C000E10F00000D
:200EA000E2000020E38000D1E121F000E36FF000E3A0E000E3A08000E3A09000E3A0A0002C
:200EC000E3A0B000E3A0C000E10F0000E2000020E38000D2E121F000E36FF000E3A0E000DE
:200EE000E10F0000E2000020E38000D7E121F000E36FF000E3A0E000E10F0000E20000203D
:200F0000E38000DBE121F000E36FF000E3A0E000E10F0000E2000020E38000DFE121F000D6
:200F2000E3A0E000E10F0000E2000020E38000D3E121F000E36FF000EBFFFC70E3A0100009
:200F4000EC411B10EC411B11EC411B12EC411B13EC411B14EC411B15EC411B16EC411B17B5
:200F6000EC411B18EC411B19EC411B1AEC411B1BEC411B1CEC411B1DEC411B1EEC411B1F55
:200F8000EE1F1F10E51F0128E7950000E2000C3FE3C11C3FE1811000EE0F1F10EBFFFFFFBA
:200FA000EBFFFFFFEBFFFFFFEBFFFFFFE51F31C4E59330E4E31300200A000010E51F317C13
:200FC000E7952003E51F31D8E593303CE203300FE313000A0A000002E51F1184E79210012E
:200FE000E12FFF11E51F31F8E5933014E31300010A000002E51F119CE7921001E12FFF118A
:20100000EBFFFC4AEBFFFC75E35000001A000069E51F3228E59330F0E51F21DCE153000262
:201020001A000016E51F3234E51F2218E5832000E51F323CE51F2220E5832000E51F3238A2
:20104000E51F2228E5832000E51F3248E5933000E2033001E31300011A000002E51F3260D5
:20106000E3A02005E5832000E51F325CE51F2250E5832000E51F326CE51F2258E583200008
:20108000E35600000A00000DE51F3248E7953003E51FA244E793B00AE51FC254E783B00C75
:2010A000E3A0B000E783B00AE51FA258E793B00AE51FC268E783B00CE3A0B000E783B00AFC
:2010C000E51F3298E7D53003E33300000A000001EBFFFC72EA000000EBFFFC74E51F32ACB4
:2010E000E7D53003E33300000A000001EBFFFC73EA000000EBFFFC76E51F32C4E7952003A8
:20110000E51FC308E59C0000E31000AA112FFF32E1A00005EBFFFD2CE1A07000E51F32F8B9
:20112000E7D53003E33300000A000005EBFFFDD7E1A08000E35000001A000001EBFFFDF8AF
:20114000E1A08000E51F3318E7D53003E33300000A000001EBFFFE19EA000000EBFFFE1C40
:20116000E51F3378E59330E4E31309020A000000EBFFFE1CE35800001A000001EBFFFE37B0
:20118000EA000001E3A00001EBFFFE57E35000001A003CF2E1A00008E35000001A003CEF25
:2011A000E1A00005E1A01006EBFFFEB8E35700000A000000E1A00007E12FFF140000000083
:2011C000E308C0A4E340C803E59CC000E35C000003020001012FFF1EE5DC200EE1520000DD
:2011E000D3020010D12FFF1EE59CC008E3A02001E3510000E08CC180E5DC0004159CC000E9
:20120000059CC000E1A000120A000003E59CC000E58C000CE3A00000E12FFF1EE59CC0001E
:20122000E58C0010E3A00000E12FFF1E00000000E92D4008E351009FE59DC0088A00004830
:20124000E3530000E300E458E340E00B1A00001FE35200000A000005E25220010A00000B44
:20126000E25220010A000011E3070001EA00003DE350000003A0000013A00014E79E2000AA
:20128000E3A00000E782C201E8BD800801A00000E350000003A0000013A00014E79E0000AF
:2012A000E0800201E580C004E3A00000E8BD8008E350000013A0001403A00000E79E0000D0
:2012C000E0800201E580C008E3A00000E8BD8008E1B0C0020A000005E25CC0010A00000B58
:2012E000E25CC0010A000015E3070001EA00001DE350000003A0C00013A0C014E3A000003E
:20130000E79EC00CE79CC201E583C000E8BD8008E350000003A0C00013A0C014E3A0000041
:20132000E79EC00CE08CC201E59CC004E583C000E8BD800801A0000001A0000001A00000B0
:20134000E350000003A0C00013A0C014E3A00000E79EC00CE08CC201E59CC008E583C000FC
:20136000E8BD8008E3070001E8BD800800000000E35000001352000003090001012FFF1E36
:20138000E5D0C001E15C0001DA000001E3510008BA000002E3090002E12FFF1E01A000000A
:2013A000E5D0C000E3003340E340300BE1A0018CE080C10CE3A00000E793C00CE3A030014C
:2013C000E59CC084E1A0C82CE003C13CE5C2C000E12FFF1E0000000000000000000000005F
:2013E000E35000001352000003090001012FFF1EE5D0C001E15C0001DA000001E351000830
:20140000BA000002E3090002E12FFF1E01A00000E5D0C000E3002340E340200BE1A0118C2D
:20142000E081C10CE082C00CE59C1000E3510000159CC0040A000005E35C00001590C0045F
:201440000A000002E35C000013A00000112FFF1EE3090001E12FFF1E000000000000000017
:20146000E92D41F0E1A06000E1A04002E1A02003E1A07001E5DD501BEBFFFFD8E3500000CA
:2014800018BD81F0E596C004E3A01005E3550000E108C1870A000004E5D8C004E15C0005F5
:2014A000AA000002E3090010E8BD81F0E5D85004E5D6C000E3002340E340200BE1A0118C30
:2014C000E081C10CE082200CE7E11454E1A0E201E592C000E08EE181E5922004E086E00EC6
:2014E000E08CC107E5DE7018E59CC098E3570008E7E6C45CE085E00CE6EFE07ECA00003ED9
:20150000E3A05018E1016581E5D11018E3510002A5D81004BA000038E08C1001E6EF50716E
:20152000E155000CD8BD81F0E045100CE3510002E02C6005E2066001E1A050C1BA000020C6
:20154000E082110CE243300201A0000001A00000E15E000C03A040000A000003E04C700E8E
:20156000E377000103C44B06E6FF4074E1C140B0E28C7001E6EF7077E15E0007E5F3800292
:20158000E1C180B203A04000E28110080A000003E047800EE378000103C44B06E6FF40744A
:2015A000E0827107E2555001E28CC002E1C740B0E6EFC07CE5D3800102833002E1C780B226
:2015C0001AFFFFE2E3560000D8BD81F0E15E000C03A010000A000003E04C100EE371000128
:2015E00003C44B06E6FF1074E082C10CE1CC10B0E5D31000E1CC10B2E8BD81F0E309000194
:20160000E8BD81F0000000000000000000000000E92D41F0E1A06000E1A04002E1A0200325
:20162000E1A07001E5DD501BEBFFFF6CE350000018BD81F0E596C004E3A01005E3550000AE
:20164000E108C1870A000004E5D8C004E15C0005AA000002E3090010E8BD81F0E5D85004B9
:20166000E5D6C000E3002340E340200BE1A0118CE081C10CE082200CE7E11454E1A0E201ED
:20168000E592C000E08EE181E5922004E086E00EE08CC107E5DE7018E59CC098E3570010B2
:2016A000E7E6C45CE085E00CE6EFE07ECA00003EE3A05018E1016581E5D11018E3510008E4
:2016C000C5D81004DA000038E08C1001E6EF5071E155000CD8BD81F0E045100CE351000275
:2016E000E02C6005E2066001E1A050C1BA000020E082110CE243300401A0000001A00000AA
:20170000E15E000C03A040000A000003E04C700EE377000103C44B06E6FF4074E1C140B046
:20172000E28C7001E6EF7077E15E0007E1F380B4E1C180B203A04000E28110080A00000381
:20174000E047800EE378000103C44B06E6FF4074E0827107E2555001E28CC002E1C740B09D
:20176000E6EFC07CE1D380B202833004E1C780B21AFFFFE2E3560000D8BD81F0E15E000C5B
:2017800003A010000A000003E04C100EE371000103C44B06E6FF1074E082C10CE1CC10B0CD
:2017A000E1D310B0E1CC10B2E8BD81F0E3090001E8BD81F00000000000000000000000002D
:2017C000E3500004C3A00000C12FFF1EE3A0C00CE3003340E340300BE16C0C80E793000C00
:2017E000E12FFF1E000000000000000000000000E3500000E92D400815D0C0010309000178
:2018000008BD8008E15C0001DA000001E3510008BA000001E3090002E8BD8008E5D000009B
:20182000EBFFFFE6E3500000E3A020010A000008E080C101E1A01112E1A01801E580108497
:20184000E59C0098E3800102E58C0098E3A00000E8BD8008E3090011E8BD8008EE111F10F8
:20186000E3811401EE011F10E12FFF1E00000000EAFFFFF9EE111F10E3C11401EE011F10BE
:20188000E12FFF1E000000000000000000000000EAFFFFF70000000000000000000000003C
:2018A000E92D40F8E1B04000030B000113A0500008BD80F8E5D4C000E30F0C10E340000A06
:2018C000E35C0000E50502081A000005E5D4C001E1A06005E35C00000A00000AE3A0C00AB6
:2018E000EA00000BE3A00C02EBFFFBF4E1B0600005D4C001130B000318BD80F8E35C000051
:20190000E3A0C00A1A000002E3A0C005E505C210EA000000E505C210E3A00004EBFFFC72D5
:20192000E3500000130B000218BD80F8E5D4C002E3A00001E5050214E35C00001A00000BA4
:20194000EBFFFFCAE30F0E7CE3E07000E50571C0E284C024E50571BCE34F0FFFE50571B856
:20196000E3012FF0E34F2FF8EA00000A01A00000EBFFFFC6E3E07000E3012FF0E30F0E7C15
:20198000E50571C0E284C024E50571BCE34F0FFFE50571B8E34F2FF8E3A03018E284107866
:2019A000E5FCE004E5E0E004E5B1E010E5A2E010E5DCE001E2533001E5C0E001E591E004D4
:2019C000E582E004E5DCE002E5C0E002E591E008E582E008E5DCE003E5C0E003E591E00C57
:2019E000E582E00C1AFFFFEDE50571A0E3081070E505719CE3401803E5057198E594C004C4
:201A0000E505C1F0E5940008E50501ECE594E00CE505E1E8E594301CE50531B0E594202072
:201A2000E50521ACE5947024E50571A8E5814000E5941010E50511D0E594E014E505E1CCD1
:201A4000E5940018E50501C8E1A00006E8BD80F8E3510000030C0011012FFF1EE3500000CA
:201A6000E30FC5180A00000DE30FC558E2500001E34FCFFF0A000011E2500001030FC51CFD
:201A80000A000012E250C001E30FC5200A000017E30C0001EA00001A01A0000001A0000009
:201AA000E3A00000E34FCFFFE59CC000E581C000E12FFF1E01A0000001A0000001A000002C
:201AC000E3A00000E59CC000E581C000E12FFF1EE3A00000E34FCFFFE59CC000E581C00005
:201AE000E12FFF1E01A0000001A0000001A00000E3A00000E34FCFFFE59CC000E581C000EC
:201B0000E12FFF1EE12FFF1E0000000000000000E3070010E34F0FF8E3A0C000E580C000D0
:201B2000E12FFF1E000000000000000000000000E350000013510000135200000306000172
:201B4000012FFF1EE3073000E34F3FF8E593C014E580C000E3A00000E593C018E582C0004A
:201B6000E593C020E581C000E12FFF1E00000000E3500001E30FC8000A000005E350000288
:201B800013060020112FFF1EE30FC900E34FCFFFEA000000E34FCFFFE3A00000E58C00080E
:201BA000E12FFF1E000000000000000000000000E3510000135200001353000003060001EF
:201BC000012FFF1EE3500001E30FC8000A000005E350000213060020112FFF1EE30FC90035
:201BE000E34FCFFFEA000000E34FCFFFE59C0014E5810000E59C001CE5820000E59CC03C7F
:201C0000E3A00000E583C000E12FFF1E00000000E3070310E34F0FF8E3A0C000E580C0004E
:201C2000E12FFF1E000000000000000000000000E350000013510000135200000306000171
:201C4000012FFF1EE3073300E34F3FF8E593C014E580C000E3A00000E593C018E582C00046
:201C6000E593C020E581C000E12FFF1E00000000E30FC524E34FCFFFE59CC000E20C0001AE
:201C8000E12FFF1E000000000000000000000000E30FC538E34FCFFFE59CC000E20C000FEA
:201CA000E12FFF1E000000000000000000000000E3080038E3400803E3A0C000E5C0C004FA
:201CC000E5C0C005E5C0C006E3A01004E5C01007E30C2005E1C020BCE5C0C010E5C0C01160
:201CE000E5C0C012E5C01013E1C021B8E580C008E580C014E12FFF1E000000000000000098
:201D0000E30FC538E34FCFFFE59C0000E350000A030C000D012FFF1EE30F0524E34F0FFF52
:201D2000E5900000E350000003A00005058C0000E3A00000E12FFF1E000000000000000012
:201D4000E92D4038E1B05000030C000E1308403408BD8038E3404803E594C000E35C000005
:201D6000130C000C18BD8038E3A03000E5950008E595E008E3E0C000E503CAE8E595200C51
:201D8000E595100CE503CAE4E503CAC4E503CAE0E503CAA8E5030AF0E1E0C00EE595E000EA
:201DA000E1E00002E5952000E5031AB0E503CAECE5030AACE503EAF8E595E004E595100422
:201DC000E1E00002E5952010E1E0C00EE595E014E5031AB8E5951010E5030AF4E5950014D1
:201DE000E503CAB4E5031B00E1E0C002E5030AC0E1E0100EE503CAFCE3080038E1D5C2B06D
:201E0000E3400803E5031ABCE503CACCE5C03000EBFFFFA6E30FC524E34FCFFFE59CC000D8
:201E2000E35C000003A0C00A0503CAC805033AC8E5033AC8EBFFFFB1E5845000E8BD8038B8
:201E4000E3500060E1A0C2C02A000007E3A01001E6EFC07CE1A0C10CE200001FE1A0001135
:201E6000E50C01D0E3A00000E12FFF1EE30B0007E12FFF1E000000000000000000000000CE
:201E8000E92D4008EB004751E590C0B0E12FFF3CE8BD800800000000000000000000000004
:201EA000E3510000030C0011012FFF1EE3500000E30FC5080A000009E2500001030FC5482A
:201EC0000A00000EE250C0010A000014E30C0001EA00001601A0000001A0000001A0000006
:201EE000E3A00000E34FCFFFE59CC000E581C000E12FFF1E01A0000001A0000001A00000E8
:201F0000E3A00000E34FCFFFE59CC000E581C000E12FFF1E01A0000001A0000001A00000C7
:201F2000E3A00000E3E0C000E581C000E12FFF1EE12FFF1E0000000000000000000000001B
:201F4000E3510000030C0011012FFF1EE3500000E30FC5100A000009E2500001030FC55079
:201F60000A00000EE250C0010A000014E30C0001EA00001601A0000001A0000001A0000065
:201F8000E3A00000E34FCFFFE59CC000E581C000E12FFF1E01A0000001A0000001A0000047
:201FA000E3A00000E34FCFFFE59CC000E581C000E12FFF1E01A0000001A0000001A0000027
:201FC000E3A00000E3E0C000E581C000E12FFF1EE12FFF1E0000000000000000000000007B
:201FE000E92D4070E1A06000E24DD008E1A05001E1B0C0A6130C000A1A00004EE308403876
:20200000E1B0C0A5E34048030A000010E35500020A00000EE356000103550004130C00013A
:202020001A000044E3A0C004E3A00000E5C4C013E30CE005E5C40010E28DD008E5C400116E
:20204000E5C40012E5840014E1C4E1B8EA00003AE3520020230C00032A000036E1A0000579
:20206000E1A0100DEBFFFE79E3A03001E59DC000E1A02213E012C00CE58DC000130C00099D
:202080001A00002CE1A00005E28D1004EBFFFF83E59DC004E002C00CE15C0002E58DC0041C
:2020A0000A00000BE3A0C00CE28DD008E30C1005E3A00000E10C4C86E58C2008E5CC50078E
:2020C000E1CC10BCE5CC0006E5CC0005E5CC0004EA000019E1A00005E28D1004EBFFFF97D9
:2020E000E59DC004E308003CE3400803E002C00CE15C0002E58DC0040A000004E3A0C00CC5
:20210000E10C0C86E3A00000E5CC0000EA000003E3A0C00CE10C0C86E3A00000E5CC3000ED
:20212000E5CC0001E30C1005E5CC3002E5CC5003E58C2004E1CC10B8E28DD008E8BD80701C
:20214000E92D4008EB0046A1E590C0B4E12FFF3CE8BD8008000000000000000000000000EE
:20216000E308C034E340C803E92D41F0E59CC000E1A04000E1A07001E1A06003E35C000034
:20218000030C0013E1A0800208BD81F0EBFFFF3BE3085038E3405803E5D5C000E35C000016
:2021A000130C40061A00001AE1580004015600070A000015E1A01004E3A00000E1A020070C
:2021C000EBFFFF86E1A04000E1A02006E1A01008E3A00001EBFFFF81E3540000E1A03000B9
:2021E0001A000007E353000003A0C00103A0400005C5C0000A000006EBFFFEACE1A040034F
:20220000EA000003EBFFFEA9EA000001E30C400BEAFFFFFFEBFFFFC9E1A00004E8BD81F0E7
:20222000E3500000E30FC5180A00000CE30FC558E2500001E34FCFFF0A00000CE2500001FB
:2022400003A000000A00000CE250C001E30FC5200A00000EE30C0001EA00001001A0000058
:20226000E3A00000E34FCFFFE58C1000E12FFF1EE3A00000E58C1000E12FFF1EE5001AC439
:20228000E5001AE4E12FFF1E01A0000001A00000E3A00000E34FCFFFE58C1000E12FFF1EBB
:2022A000E12FFF1E000000000000000000000000E308C038E3A02001E340C803E92D40081E
:2022C000E1A03000E1A02112E5DCE007E153000E059C00080152000015DC00130A00001392
:2022E000E1530000059C00140152000005DC0012130C000818BD8008E350000011DC01B852
:2023000018BD8008E1A00003E1A0100DEBFFFDCFE59DC000E002C00CE15C0002E58DC00027
:202320000A00000FE30C0005EA00001201A00000E5DC0006E350000011DC00BC18BD8008F3
:20234000E1A00003E1A0100DEBFFFDC0E59DC000E30C0005E002C00CE15C0002E58DC0005F
:202360001A000004E1A00003E1A01002EBFFFFABE3A00000E8BD8008E8BD800800000000B7
:20238000E308C034E340C803E92D4038E59CC000E1A04000E35C0000030C0013E1A05001AD
:2023A00008BD8038EBFFFEB5E308C038E340C803E5DCC000E35C0000030C40070A00000C06
:2023C000E1B0C0A413540002130C40011A000008E3550020230C00032A000003E1A00004E1
:2023E000E1A01005EBFFFFB1EAFFFFFFE1A04000EAFFFFFFEBFFFF51E1A00004E8BD803802
:20240000E308C034E340C803E92D4010E59CC000E35C0000030C001308BD8010EBFFFE9713
:20242000E308C038E340C803E5DC0000E3500000030C40070A000002E3A04000E5CC4000C1
:20244000EBFFFE1AEBFFFF3DE1A00004E8BD8010E92D4070E30F5DECE24DD008E34F5FFF02
:20246000E595C004E20CC00FE35C0005030B00040A00002CE3084084E3A06000E3404803D5
:20248000E3A0100FE1A03006E1A00003E3A02004E5C46000EBFFFF31E308C070E30210087D
:2024A000E340C803E350000005950004E34F1FF8E59CC0001A00001BE3800C01E5850004C0
:2024C000E5910400E2200001E5810400E5910000E58D0000E59CC090E581C000E595C004F8
:2024E000E3CCCC01E585C004E5D4C000E35C00001A000007E1A00006E3A0100FEBFFFF9FA8
:20250000E35000000A000002EBFFFFBCE30B0005EA000000EBFFFFB9E3A0C001E28DD008CD
:20252000E585C000EA000000E28DD008E8BD8070EA0039E2000000000000000000000000A6
:20254000E92D4030E24DD00CEBFFFFF8E30E3000E1A0C000E3A02001E34F3FFFE593108883
:20256000E31100F005CC201C1A000042E5930000E30EE0E0E58D0000E34AE000E5930004EA
:20258000E3A01F73E58D0004E583E000E3060071E5831004E5931000E15E0001159D100008
:2025A0001A000005E5930004E3500F7303A000000A000000E3060071E59D1000E300400807
:2025C000E3A0E000E1E01001E5831010E34F4F44E59D5004E1A01002E1E05005E58350142E
:2025E000E1A03E12E5843000E28EE001E5945000E153000513060071E1A03E12E58430002A
:20260000E28EE001E5945000E153000513060071E1A03E11E5843000E28EE001E59450005A
:20262000E153000513060071E1A03E11E5843000E28EE001E5945000E15300051306007191
:20264000E35E0020A3041000BAFFFFE4E34F1F44E5911000E58D1000E5DC101CE351000008
:2026600013A000000A000004E5CC001CE28DD00CE3060071EA000001E3060070E28DD00C98
:20268000E8BD8030000000000000000000000000E92D4000E24DD00CEBFFFFA4E590100072
:2026A000E3A00000E3A02002E6FFC871E35C0902E6FF10710A000020E5CD2001E3A0100193
:2026C000E5CD1000E1A027ACE3A0E004E1A01782E351090205DD0000E3A03010E31C090176
:2026E00015DD1001E5CDE002E5CD300411810000E31C0A0215DD1002E3A03008E5CD30031C
:20270000E3A0E020E5CDE00511810000E31C002015DD100311810000E31C001015DD100442
:2027200011810000E31C000815DDC0050A00001DE28DD00CE18C0000EA00001BE1B0C8818B
:2027400003A000010A000017E3110901E3A0C002E3A0E004E5CDC000E3A0300815DD0000EB
:20276000E3A02010E3110A02E5CDE00115DDC001E3A0E020E5CD3002E5CD2003118C000087
:20278000E311002015DDC002E5CDE004118C0000E311001015DDC003118C0000E3110008EC
:2027A00015DDC004118C0000E28DD00CE8BD8000E92D4038E3A00001E3A02004E3A0100901
:2027C000E3A03000EBFFFE65E30C5000E1B04000E34F5FF81A00001EE3A0C9FFE585C01C97
:2027E000E595C02CE20CCB17E35C0B171A000010EBFFFD42E3A00001E3A01009EBFFFEDF08
:20280000E350000013064041E1A0100DE3A00003EBFFFC8EE59DC000E31C00020A00000402
:20282000E3A00003E3A01002EBFFFE7CE3540000EA000001E3064041E3540000E3A0C90FFB
:20284000E585C01C1A000001EBFFFEECE8BD8038EBFFFEEAE1A00004E8BD80380000000032
:20286000E92D4070E3A03009E3A01008E1A04000E3A00001E1A02000EBFFFE38E1B0600044
:202880001A000028E30C5000E34F5FF8E30FE97FE3A0CF96E585C048E345E362E585E04C77
:2028A000E302C00FE585C01CE12FFF34E595C02CE31C09021595C02C0A000012E31C0901B0
:2028C0000595C03C1A00000DE1B0CD8C1A00000BE3A00001E3A01008EBFFFEA8E3A01009E1
:2028E000E1A04000E3A00001EBFFFEA4E30CC005E15C0004015C000003A060000A000002A6
:20290000E3066042EA000000E3066043E3A0C000E585C01CE35600001A000001EBFFFEB73A
:20292000E8BD8070EBFFFEB5E1A00006E8BD8070E92D4010E24DD008E1A04000E3A0000395
:20294000E1A0100DEBFFFC41E59DC000E31C0002130C00091A000015E30CC03CE34FCFF834
:20296000E59CC000E21CC01F1A000006EBFFFF8FE35000001A00000DE1A00004EBFFFFB722
:20298000E28DD008EA00000AE35C0015130600401A000006E1A00004EBFFFFB0E3500000DE
:2029A000128DD0081A000002E3060044EAFFFFFFE28DD008E8BD80100000000000000000F4
:2029C000E92D40F0E3075000E24DD00CE34F5FF8E595C008E20CC00FE35C00050306003166
:2029E0000A00003CE3A00003E1A0100DEBFFFC17E59DC000E31C0080130C00091A00003538
:202A0000E3A00000E3A02004E3A01006E1A03000EBFFFDD2E35000001A00002EE30073F0C8
:202A2000E34F7008E595600CE3A0C001E585C00CE597C000E58DC004E3A00000E3A01006FE
:202A4000EBFFFE4EE35000001A00001DE595C014E300E007E58DC008E340E001E585E01C1A
:202A6000E3A0C000E585C010EBFFFE64E1B040001A000015E597C008E58DC004EBFFFC9F8E
:202A8000E3A00003E1A0100DEBFFFBF0E59DC000E31C0080030640300A00000BE595C02094
:202AA000E58DC008E300C100E340C002E585C01CE3A00003E3A01080EBFFFDD8E585600CDF
:202AC000EA000002EBFFFE4DE3064030E585600CE1A00004EAFFFFFFE28DD00CE8BD80F0DA
:202AE000EE100F90E1A00420E20020FFE306005BE352000C1A000000E3A00000E12FFF1E44
:202B0000C5ACCE55FFFFF000E92D0002E59F1F08E5810000E8BD0002E59F0F00E58010005B
:202B2000E59F0EFCE5802000E59F0EF8E5803000E59F0EF4E5804000E59F0EF0E580500001
:202B4000E59F0EECE5806000E59F0EE8E5807000E59F0EE4E5808000E59F0EE0E580900021
:202B6000E59F0EDCE580A000E59F0ED8E580B000E59F0ED4E580C000E59F0E84E10F1000C2
:202B8000E5801000E10F0000E2000020E38000D1E121F000E59F0EB4E5808000E59F0EB03B
:202BA000E5809000E59F0EACE580A000E59F0EA8E580B000E59F0EA4E580C000E59F0E1C85
:202BC000E580D000E59F0E28E580E000E59F0E38E14F1000E5801000E10F0000E200002050
:202BE000E38000D2E121F000E59F0DF4E580D000E59F0E00E580E000E59F0E10E14F10003B
:202C0000E5801000E10F0000E2000020E38000D7E121F000E59F0DCCE580D000E59F0DD826
:202C2000E580E000E59F0DE8E14F1000E5801000E10F0000E2000020E38000DBE121F000FF
:202C4000E59F0DA4E580D000E59F0DB0E580E000E59F0DC0E14F1000E5801000E10F00008E
:202C6000E2000020E38000DFE121F000E59F0D64E580D000E59F0D74E580E000E10F0000BA
:202C8000E2000020E38000D3E121F000E59F0D48E580D000E59F0D6CE14F1000E58010004A
:202CA000EE501F10E59F0DB8E5801000EE111F10E59F0DB0E5801000EE111F30E59F0DA87E
:202CC000E5801000EE111F50E59F0DA0E5801000EE151F10E59F0D98E5801000EE151F3049
:202CE000E59F0D90E5801000EE151F11E59F0D88E5801000EE151F31E59F0D80E5801000A4
:202D0000EE161F10E59F0D78E5801000EE161F50E59F0D70E5801000EE161F12E59F0D74DF
:202D2000E5801000E3A0200CE35200000A00000CE2422001EE062F12E1A03102EE161F11C2
:202D4000E59F0D44E7801003EE161F51E59F0D3CE7801003EE161F91E59F0D34E780100376
:202D6000EAFFFFF0EE191F11E59F0D2CE5801000EE191F31E59F0D24E5801000EE191F1259
:202D8000E59F0D1CE5801000EE191F1CE59F0D14E5801000EE191F3CE59F0D0CE580100041
:202DA000EE191F5CE59F0D04E5801000EE191F7CE59F0CFCE5801000EE191FBCE59F0CF47E
:202DC000E5801000EE191F1DE59F0CECE5801000EE191F3DE59F0CE4E5801000EE191F5D7B
:202DE000E59F0CDCE5801000EE191F1EE59F0CD4E5801000EE191F3EE59F0CCCE5801000A0
:202E0000EE191F5EE59F0CC4E5801000EE1B1F10E59F0CBCE5801000EE1D1F30E59F0CB4CE
:202E2000E5801000EE1D1F50E59F0CACE5801000EE1D1F70E59F0CA4E5801000EE1D1F90F5
:202E4000E59F0C9CE5801000EE1F1F10E59F0C94E5801000EE1F1F11E59F0C8CE58010002E
:202E6000EE1F1F31E59F0C84E5801000EE1F1F51E59F0C7CE5801000EE1F1F71E59F0C74CD
:202E8000E5801000EE1F1F91E59F0C6CE5801000EE1F1FB1E59F0C64E5801000EE1F1FD14C
:202EA000E59F0C5CE5801000EE1F1FF1E59F0C54E5801000EE1F1F13E59F0C4CE5801000AB
:202EC000EE110F50E2000605E35006051A000057EEF81A10E59F0C34E5801000E3110101B9
:202EE0000A000052EEF11A10E59F0C24E5801000EC510B10E59F2C1CE5820000E59F2C18F1
:202F0000E5821000EC510B11E59F2C10E5820000E59F2C0CE5821000EC510B12E59F2C0479
:202F2000E5820000E59F2C00E5821000EC510B13E59F2BF8E5820000E59F2BF4E582100080
:202F4000EC510B14E59F2BECE5820000E59F2BE8E5821000EC510B15E59F2BE0E5820000B2
:202F6000E59F2BDCE5821000EC510B16E59F2BD4E5820000E59F2BD0E5821000EC510B17B2
:202F8000E59F2BC8E5820000E59F2BC4E5821000EC510B18E59F2BBCE5820000E59F2BB8D0
:202FA000E5821000EC510B19E59F2BB0E5820000E59F2BACE5821000EC510B1AE59F2BA4EC
:202FC000E5820000E59F2BA0E5821000EC510B1BE59F2B98E5820000E59F2B94E5821000F9
:202FE000EC510B1CE59F2B8CE5820000E59F2B88E5821000EC510B1DE59F2B80E582000022
:20300000E59F2B7CE5821000EC510B1EE59F2B74E5820000E59F2B70E5821000EC510B1F21
:20302000E59F2B68E5820000E59F2B64E5821000EE121E10EE110E10E51F253CE0011002E5
:20304000E0000002E0812000E5921FB4E59F0B44E5801000E5921100E59F0B3CE5801000B3
:20306000E5921104E59F0B34E5801000E5921108E59F0B2CE5801000E592110CE59F0B2485
:20308000E5801000E5921110E59F0B1CE5801000E5921114E59F0B14E5801000E5921118AF
:2030A000E59F0B0CE5801000E592111CE59F0B04E5801000E5921140E59F0AFCE58010008D
:2030C000E5921144E59F0AF4E5801000E5921148E59F0AECE5801000E592114CE59F0AE428
:2030E000E5801000E5921150E59F0ADCE5801000E5921154E59F0AD4E5801000E592115811
:20310000E59F0ACCE5801000E592115CE59F0AC4E5801000E5921180E59F0ABCE58010006E
:20312000E5921184E59F0AB4E5801000E5921188E59F0AACE5801000E592118CE59F0AA4C7
:20314000E5801000E5921190E59F0A9CE5801000E5921194E59F0A94E5801000E592119870
:20316000E59F0A8CE5801000E592119CE59F0A84E5801000E59211C0E59F0A7CE58010004E
:20318000E59211C4E59F0A74E5801000E59211C8E59F0A6CE5801000E59211CCE59F0A6467
:2031A000E5801000E59211D0E59F0A5CE5801000E59211D4E59F0A54E5801000E59211D8D0
:2031C000E59F0A4CE5801000E59211DCE59F0A44E5801000E5921018E59F0A3CE580100017
:2031E000E592101CE59F0A34E5801000E5921024E59F0A2CE5801000E5921028E59F0A24BA
:20320000E5801000E5921088E59F0A1CE5801000E5921310E59F0A14E5801000E12FFF1E2D
:20322000E59F0800E5903000E59F07FCE5904000E59F07F8E5905000E59F07F4E590600085
:20324000E59F07F0E5907000E59F07ECE5908000E59F07E8E5909000E59F07E4E590A000A6
:20326000E59F07E0E590B000E59F07DCE590C000E10F0000E2000020E38000D1E121F0000A
:20328000E59F07C8E5908000E59F07C4E5909000E59F07C0E590A000E59F07BCE590B000C6
:2032A000E59F07B8E590C000E59F0730E590D000E59F073CE590E000E59F074CE59010001E
:2032C000E16FF001E10F0000E2000020E38000D2E121F000E59F0708E590D000E59F07141D
:2032E000E590E000E59F0724E5901000E16FF001E10F0000E2000020E38000D7E121F000E6
:20330000E59F06E0E590D000E59F06ECE590E000E59F06FCE5901000E16FF001E10F0000F7
:20332000E2000020E38000DBE121F000E59F06B8E590D000E59F06C4E590E000E59F06D4D3
:20334000E5901000E16FF001E10F0000E2000020E38000DFE121F000E59F0678E590D0003A
:20336000E59F0688E590E000E10F0000E2000020E38000D3E121F000E59F065CE590D000A1
:20338000E59F0680E5901000E16FF001E59F06E0E5901000EE051F10E59F06D8E590100065
:2033A000EE051F30E59F06D0E5901000EE051F11E59F06C8E5901000EE051F31E59F06C065
:2033C000E5901000EE061F10E59F06B8E5901000EE061F50E3A0200CE35200000A00000C21
:2033E000E2422001EE062F12E1A01102E59F0698E7900001EE060F11E59F0690E79000017F
:20340000EE060F51E59F0688E7900001EE060F91EAFFFFF0E59F0648E5901000EE401F10AE
:20342000E59F0640E5901000F57FF04FEE011F10F57FF06FE59F0630E5901000F57FF04FA7
:20344000EE011F30F57FF06FE59F0620E5901000EE011F50E59F063CE5901000EE061F125E
:20346000E59F0634E5901000EE091F11E59F062CE5901000EE091F31E59F0624E59010002D
:20348000EE091F12E59F061CE5901000EE091F1CE59F0614E5901000EE091F3CE59F060C9C
:2034A000E5901000EE091F5CE59F0604E5901000EE091F7CE59F05FCE5901000EE091FBC94
:2034C000E59F05F4E5901000EE091F1DE59F05ECE5901000EE091F3DE59F05E4E590100078
:2034E000EE091F5DE59F05DCE5901000EE091F1EE59F05D4E5901000EE091F3EE59F05CCB0
:20350000E5901000EE091F5EE59F05C4E5901000EE0B1F10E59F05BCE5901000EE0D1F30A4
:20352000E59F05B4E5901000EE0D1F50E59F05ACE5901000EE0D1F70E59F05A4E590100069
:20354000EE0D1F90E59F059CE5901000EE0F1F10F57FF06FE59F0590E5901000EE0F1F114D
:20356000E59F0588E5901000EE0F1F31E59F0580E5901000EE0F1F51E59F0578E5901000E7
:20358000EE0F1F71E59F0570E5901000EE0F1F91E59F0568E5901000EE0F1FB1E59F056047
:2035A000E5901000EE0F1FD1E59F0558E5901000EE0F1FF1E59F0550E5901000EE0F1F1399
:2035C000EE110F50E2000605E35006051A000057E59F0538E5901000EEE81A10E3110101B5
:2035E0000A000052E59F0528E5901000EEE11A10E59F0520E5900000E59F151CE5911000E7
:20360000EC410B10E59F0514E5900000E59F1510E5911000EC410B11E59F0508E5900000D2
:20362000E59F1504E5911000EC410B12E59F04FCE5900000E59F14F8E5911000EC410B13C3
:20364000E59F04F0E5900000E59F14ECE5911000EC410B14E59F04E4E5900000E59F14E0CE
:20366000E5911000EC410B15E59F04D8E5900000E59F14D4E5911000EC410B16E59F04CC0E
:20368000E5900000E59F14C8E5911000EC410B17E59F04C0E5900000E59F14BCE5911000E9
:2036A000EC410B18E59F04B4E5900000E59F14B0E5911000EC410B19E59F04A8E590000045
:2036C000E59F14A4E5911000EC410B1AE59F049CE5900000E59F1498E5911000EC410B1B34
:2036E000E59F0490E5900000E59F148CE5911000EC410B1CE59F0484E5900000E59F1480A6
:20370000E5911000EC410B1DE59F0478E5900000E59F1474E5911000EC410B1EE59F046C7D
:20372000E5900000E59F1468E5911000EC410B1FEE121E10EE110E10E51F2C3CE00110028D
:20374000E0000002E0812000E51F1C50E5821FB0E3A01000E5821140E59F043CE5901000CC
:20376000E5821100E59F0450E5901000E5821140E3A01000E5821144E59F0420E590100040
:20378000E5821104E59F0434E5901000E5821144E3A01000E5821148E59F0404E59010004C
:2037A000E5821108E59F0418E5901000E5821148E3A01000E582114CE59F03E8E590100059
:2037C000E582110CE59F03FCE5901000E582114CE3A01000E5821150E59F03CCE590100066
:2037E000E5821110E59F03E0E5901000E5821150E3A01000E5821154E59F03B0E590100072
:20380000E5821114E59F03C4E5901000E5821154E3A01000E5821158E59F0394E59010007D
:20382000E5821118E59F03A8E5901000E5821158E3A01000E582115CE59F0378E590100089
:20384000E582111CE59F038CE5901000E582115CE3A01000E58211C0E59F037CE590100015
:20386000E5821180E59F0390E5901000E58211C0E3A01000E58211C4E59F0360E590100041
:20388000E5821184E59F0374E5901000E58211C4E3A01000E58211C8E59F0344E59010004D
:2038A000E5821188E59F0358E5901000E58211C8E3A01000E58211CCE59F0328E590100059
:2038C000E582118CE59F033CE5901000E58211CCE3A01000E58211D0E59F030CE590100065
:2038E000E5821190E59F0320E5901000E58211D0E3A01000E58211D4E59F02F0E590100072
:20390000E5821194E59F0304E5901000E58211D4E3A01000E58211D8E59F02D4E59010007D
:20392000E5821198E59F02E8E5901000E58211D8E3A01000E58211DCE59F02B8E59010008A
:20394000E582119CE59F02CCE5901000E58211DCE59F02C4E5901000E5821018E59F02BC88
:20396000E5901000E582101CE59F02B4E5901000E5821024E59F02ACE5901000E58210287F
:20398000E59F02A8E5901000E5821310E59F0298E5901000E5821088E59F01F8E590100046
:2039A000E31100020A000001E3A01000E5821FB0E59F004CE5901000E12FF001E59F005C07
:2039C000E5901000E59F0058E5902000E59F0048E5900000E12FFF1E080380B0080380B409
:2039E000080380B8080380BC080380C0080380C4080380C8080380CC080380D0080380D43F
:203A0000080380D8080380DC080380E0080380E4080380E8080380EC080380F0080380F41E
:203A2000080380F8080380FC0803810008038104080381080803810C0803811008038114F8
:203A4000080381180803811C0803812008038124080381280803812C0803813008038134D6
:203A6000080381380803813C0803814008038144080381480803814C0803815008038154B6
:203A8000080381580803815C080381600803816408038194080381C4080381F4080381F80A
:203AA000080381FC0803820008038204080382080803820C0803821008038214080382184F
:203AC0000803821C0803822008038224080382280803822C0803823008038234080382382E
:203AE0000803823C0803824008038244080382480803824C0803825008038254080382580E
:203B00000803825C0803826008038264080382680803826C080382700803827408038278ED
:203B20000803827C0803828008038284080382880803828C080382900803829408038298CD
:203B40000803829C080382A0080382A4080382A8080382AC080382B0080382B4080382B8AD
:203B6000080382BC080382C0080382C4080382C8080382CC080382D0080382D4080382D88D
:203B8000080382DC080382E0080382E4080382E8080382EC080382F0080382F4080382F86D
:203BA000080382FC0803830008038304080383080803830C08038310080383140803831846
:203BC0000803831C0803832008038324080383280803832C08038330080383340803833825
:203BE0000803833C0803834008038344080383480803834C08038350080383540803835805
:203C00000803835C0803836008038364080383680803836C080383700803837408038378E4
:203C20000803837C0803838008038384080383880803838C0000000000000000000000002A
:203C4000E92D40F8EBFFFA39E303CCD4E340C00AE580C004E3A0101BE3A00000E3A0200485
:203C6000E1A03000EBFFF93DE1B040001A00003BE30E6FE5E30E5109E34F6FFFE34F5FFF8D
:203C8000E300E001E3A07020E5867FFFE3A0C401E505C001E340E001E585E4F7E3004AAA51
:203CA000E58544FFE3A0301AE5853533E3A0C00AE585C4FBEBFFFB89E1B040001A000020C9
:203CC000EBFFFB90E320F003E1A00000E1A00000E1A00000E1A00000E1A00000E1A0000073
:203CE000E1A00000E1A00000EBFFFD4CE596CFFFE31C00201595C50B0A000010E20CC003E2
:203D0000E35C00031A00000DE3A00000E3A0101BEBFFF99AE35000001A000008EBFFF9B79D
:203D2000E5867FFFE3A0C003E585C50BE3A0E005E585E4FBE1A04000E585E533EA00000735
:203D4000E3064051EBFFF9ADE5867FFFE3A0C003E585C50BE3A0E005E585E4FBE585E533BD
:203D6000E1A00004E8BD80F80000000000000000E92D41F0E1A04000E1A05001EBFFF9EBF9
:203D8000E30ECF01E30110E3E3032E18E34FCFFFE3A06020E340200AE5802008E3A00401FA
:203DA000E781600CE50C0DF9E3550000E1A00804E50C09010A000004E30EC600E34FCFFFB3
:203DC000E59C0000E3800001E58C0000E300C555E30E5605E34F5FFFE10CCC84E585C0034A
:203DE000E3A07005E5857037E3A0C00AE505C001EBFFFB3AE30E8FE5E34F8FFFE1B04000AD
:203E00001A000020EBFFFB3FE320F003E1A00000E1A00000E1A00000E1A00000E1A00000C9
:203E2000E1A00000E1A00000E1A00000EBFFFCFBE598CFFFE31C00201595C00F0A00001021
:203E4000E1B0CF8C1595C00F0A00000DE31C00021595C0130A00000BE1B0CF8CE595C0131A
:203E60001306405803064050E31C0002E595C01313064059E31C00040A000002E306405A66
:203E8000EA000000E3064050E5886FFFE3A0C003E585C00FE1A00004E5057001E8BD81F06F
:203EA000E92D4010E3A00001E3A03007E3A01006E1A02000EBFFF8A9E1B040001A0000139B
:203EC000E30000ACE34F0FFFE3A0C009E580C000E3A01006E3A00001EBFFF928E350000047
:203EE000E3A00001E3A0100713064055EBFFF923E3500000130640551A000003E3540000BB
:203F00001A000001EBFFF93DE8BD8010EBFFF93BE1A00004E8BD8010000000000000000059
:203F2000E92D4038E3A01007E3A02004E3A03000E1A04000E3A00001EBFFF888E35000001D
:203F400018BD8038E3005000E34F5FFFE3A0C006E585C0ACE12FFF34E595C0B0E20CC00F08
:203F6000E35C000F1595C0B40A000001E1B0CE0C0A000007E595C0B8E20CC007E35C000761
:203F80001595C0BC0A000007E1B0CE8C1595C0B41A000005EBFFF919E3A0C000E585C0ACAD
:203FA000E3060057E8BD8038E595C0B4E1B0CE0C0595C0BC1A000019E1B0CE8C1A000017A6
:203FC000E3A0C00FE585C0ACE3A00001E3A01007EBFFF8EAE35000001A000007EBFFF90791
:203FE000E35000001A000012EBFFFFACE3A0C80FE3A0E807E585C0B0EA000010EBFFF8FF4C
:20400000E3A0C80FE3A0E807E585C0B0E3A04000E585E0B8E3060055E58540ACEA00000AAD
:20402000E3A00001E3A01007EBFFF8D4EBFFF8F3E3060055E3A0C80FE585C0B0E3A0E807F3
:20404000E585E0B8E3A04000E58540ACE8BD8038E10F0000E12FFF1E0000000000000000CB
:20406000E92D4008EBFFFFF9E3A0C000E31000C003A0C001E1A0000CE8BD800800000000EC
:20408000E92D4010EBFFFFF5E3500000E30640540A00001CE3A00002E3A0301FE3A020000C
:2040A000E1A01000EBFFF82DE1B040001A000015E30F1604E34F1FFFE3A0C009E581C00092
:2040C000E3A00002E1A01000EBFFF8ACE3500000E3A00000E3A0101F13064053EBFFF8A79F
:2040E000E3500000130640531A000003E35400001A000001EBFFF8C1E8BD8010EBFFF8BFF9
:20410000E1A00004E8BD8010E1A00004E8BD8010E92D4038E3A02004E3A0101FE1A0400083
:20412000E3A00000E1A03000EBFFF80CE350000018BD8038E30F5600E34F5FFFE3A0C0067C
:20414000E585C004E12FFF34E595C000E31C0C010595C0001A000007E1B0CF8C1595C000D7
:204160001A000005EBFFF8A5E3A0C000E585C004E3060056E8BD8038E595C000E1B0CF8C66
:204180001A000013E3A0C00FE585C004E3A00000E3A0101FEBFFF879E35000001A00000590
:2041A000EBFFF896E35000001A00000EEBFFFFB3E3A0C801EA00000CEBFFF890E3A0C80190
:2041C000E3A0E000E585C000E3060053E585E004EA000008E3A00000E3A0101FEBFFF86758
:2041E000EBFFF886E3060053E3A0C801E585C000E3A0E000E585E004E8BD80380000000097
:20420000E92D4010E590E000E3A0C001E001E00EE152000E1A000015E35300000A0000130D
:20422000E1B040A315904000E1A0E0A3E20330010A00000C01A0000001A0000001A0000012
:20424000E0014004E1520004059040001A000007E0014004E15200041A000004E25EE00171
:20426000159040001AFFFFF5E3530000C5903000E5900000E0010000E152000003A0C000A5
:20428000E1A0000CE8BD80100000000000000000E92D43F8E3A02004E3A0100BE1A09000B5
:2042A000E3A00000E1A03000EBFFF7ACE1B040001A000038E3E0C073E3E050CBE59CC00005
:2042C000E38CC403E585C058E300E005E5958014E3003505E5957018E3A01001E595601CA7
:2042E000E340E505E585E014E300C109E5853018E340C109E585C01CE3E00013E3A0301E1A
:20430000E3A02000E5851000EBFFFFBCE595C058E3500000E3CCC403E585C058E3A03F4B11
:2043200003064082E3E000ABE5851004EBFFFFB3E3A03F4BE3500000E3A01002E3E000ABE7
:2043400003064082EBFFFFADE300C301E3500000E585C0B8E1A0000903064082EBFFF07F92
:20436000E585601CE3A00000E5857018E3A0100BE5858014EBFFF801E35000001306408255
:204380001A000003E35400001A000001EBFFF81BE8BD83F8EBFFF819E1A00004E8BD83F8F1
:2043A000E52DE004E52D4004E590E000E3A0C001E001E00EE152000E1A000014E3530000A4
:2043C0000A000012E1B040A315904000E1A0E0A3E20330010A00000B01A0000001A00000F7
:2043E000E0014004E1520004059040001A000007E0014004E15200041A000004E25EE001D0
:20440000159040001AFFFFF5E3530000C5903000E5900000E0010000E152000003A0C00003
:20442000E1A0000CE8BD80100000000000000000E52DE004E52DB004E52DA004E52D9004A2
:20444000E52D8004E52D7004E52D6004E52D5004E52D4004E52D3004E58D0000E3A0100AB9
:20446000E3A00000E3A02004E1A03000EBFFF73BE1B050001A000047E3E040CBE594B014F8
:20448000E594A018E3000000E594901CE3001109E594603CE3410FFFE3A08000E34011095F
:2044A000E5848014E1A0C806E5848018E0000006E584101CE180C8ACE584C03CE3A0301E29
:2044C000E1A02008E3E00013E3A01C03EBFFFFB3E3A02002E3A0C01EE5842000E1A070019E
:2044E000E3500000E594002003065080E31000020A00000901A0000001A0000001A000002C
:20450000E35C0000158470B80A000006E5940020E24CC001E31000021AFFFFF8E35C0000BF
:20452000E1A070011A000000E3065080E3C6C20EE584C03CE3E000CFE3A0301EE1A01002E2
:20454000E5842004EBFFFF95E3500000E58470B8E59D0000E584603C03065080EBFFEFFF54
:20456000E584901CE1A00008E584A018E3A0100AE584B014EBFFF781E35000001306508034
:204580001A000003E35500001A000001EBFFF79BE8BD8FF8EBFFF799E1A00005E8BD8FF8D7
:2045A000E52DE004E52DA004E52D9004E52D8004E52D7004E52D6004E52D5004E52D40045B
:2045C000E3A0100AE3A02004E3A03000E1A09000E3A00001EBFFF6E1E3A04000E1B05000EA
:2045E0001A00003EE30EC100E3000109E51480B8E34FCFFFE51470B4E3400109E51460B040
:20460000E3E0E0ABE50440B8E3A0AC03E50440B4E50400B0E59C3000E1A00823E1A01803CA
:20462000E1A02800E3A0001EE18218A1E58C1000E3A02040E50420CCE59E1000E311004014
:204640000A00000901A0000001A0000001A00000E35000001504A0140A000006E51410AC9F
:20466000E2400001E31100401AFFFFF8E3500000E3A0AC031A000000E3065081E58C3000F9
:20468000E3E000CFE50420C8E1A01002E3A0301EEBFFFF42E3500000E504A014E1A00009CE
:2046A00003065081EBFFEFADE50460B0E3A00001E50470B4E3A0100AE50480B8EBFFF72F42
:2046C000E3500000130650811A000003E35500001A000001EBFFF749E8BD87F0EBFFF747DF
:2046E000E1A00005E8BD87F00000000000000000E92D43F0E1A05001E24DD00CE1A0700001
:20470000E1A09002E1A08003EBFFF788E1A04000E3A0C001E5C4C01DF57FF04FE597C0009F
:20472000E3A06000E38CCC01E587C000E595C000E22CC003E585C000E3A05000E597C000EA
:20474000E58DC004E599C000E58DC004E8890060E597C000E3CCCC01E587C000E597C010AE
:20476000E31C00200597C01C0A000015E597C01CE58DC004E3A0C020E587C010E3A00003D0
:20478000E1A0100DEBFFF4B1E3500000E59DC0001A000009E008C00CE158000C1A0000063B
:2047A000E3A00003E1A01008EBFFF69CE5D4C01DE35C0000035000000A000003E30600211F
:2047C000EA000001E58DC004E3060021E1A0C006E28DD00CE5C4C01DE8BD83F0000000007E
:2047E000E92D4FF0E3500001E24DD0140A00000FE3500002130600201A00005EE30F4900E3
:20480000E3008018E300B008E3009018E3007008E34F4FFFE3A05020E3408840E3A0601C3F
:20482000E340B840E3409800E3407800EA000009E3009010E3008010E30F4800E340980029
:20484000E3A05008E3408840E3A0601AE34F4FFFE3A07302E3A0B521E3A00000E3A020049A
:20486000E1A01006E1A03000EBFFF63CE1B0A0000594C0001A00003EE3A00000E3A03000BC
:20488000E38CCC01E584C000E594C004E58DC008E594C00CE58DC00CE5840008E3A0C00104
:2048A000E584C004E584C00CE59B2000E2222001E58B2000E5942000E3C22C01E58420004D
:2048C000E5972000E58D2004E59D2004E09C2002E0A31003E8870006E5941010E1B01F818D
:2048E0000A00000AE5941014E58D1004E5840008E584C010E1A01006EBFFF6A0E35000008D
:204900001A000002EBFFF6BDE1A0A000EA000001EBFFF6BAE306A021E3A00003E1A0100D6A
:20492000EBFFF44AE59DC000E005C00CE155000C030CA0090A00000AE35A00001A000008EF
:20494000E1A00004E1A02009E1A01008E1A03005EBFFFF66E59DC008E1A0A000E584C004F2
:20496000EA000001E59DC008E584C004E59DE00CE584E00CE1A0000AE28DD014E8BD8FF010
:20498000E92D4070E24DD008E1A01000EBFFFDB3E3500000030600230A00003BE351000146
:2049A0000A00000AE3510002130600201A000036E30F4900E3006008E3A0500CE34F4FFF3F
:2049C000E3406800EA00000501A0000001A00000E30F4800E3A06302E3A0500AE34F4FFF9C
:2049E000E1A01005E3A00002E3A02004E3A03000EBFFF5DAE3500000059400001A00002281
:204A0000E594C000E3CCC402E38CC40DE584C000E596C000E58DC000E5840000E594C01060
:204A2000E31C0C010A000011E3A0CC01E584C010E594C03CE58DC000E3A00002E1A0100504
:204A4000EBFFF64EE35000000A000002EBFFF66BE3060024EA00000CEBFFF668E28DD0080C
:204A6000EA00000A01A0000001A0000001A00000E594C03CE58DC000E3A00002E1A010059D
:204A8000EBFFF63EEBFFF65DE3060024E28DD008E8BD8070000000000000000000000000D2
:204AA000E92D4070E24DD008E1A04000EBFFFD6BE3500000E1A060010A00003DE3A0000235
:204AC000E3A02004E3A03000EBFFF5A4E1B050000594C01C1A000037E58DC000E594C030B7
:204AE000E3CCC0C0E584C030E594C030E38CC040E584C030E594C030E3CCC00FE584C030BD
:204B0000E594C030E38CC00AE584C030E594C030E38CCC01E584C030E594C010E20CC01491
:204B2000E35C00141594C0100A000005E31C0004030650220A000005E3A0C004E584C0108D
:204B4000EA000002E3A0C014E3065022E584C010E3A00002E1A01006EBFFF608E350000047
:204B6000130650221A000006E35500001A000004EBFFF622E594C01CE1A05000E58DC000DA
:204B8000EA000002EBFFF61DE594C01CE58DC000E594C030E1A00005E3CCC00FE584C030DF
:204BA000E594C030E28DD008E38CC005E584C030EA000002E3065023E1A00005E28DD008A3
:204BC000E8BD8070000000000000000000000000E590C030E24DD008E3CCC0C0E580C03050
:204BE000E590C030E38CC080E580C030E590C030E3CCC00FE580C030E590C030E38CC00A76
:204C0000E580C030E590C030E38CCC01E580C030E590C010E20CC014E35C001413A0C0007C
:204C20001A000004E3A0C014E580C010E590C03CE58DC000E306C022E5901030E3C1100FE4
:204C4000E5801030E5901030E3811005E5801030E5901030E28DD008E3C110C0E5801030C7
:204C6000E1A0000CE12FFF1E0000000000000000E3500001E92D40100A000006E35000029B
:204C80001306002018BD8010E30F4900E3A01008E34F4FFFEA000002E30F4800E3A0100661
:204CA000E34F4FFFE1A00004EBFFFF7CE350000018BD8010E1A00004EBFFFFC4E8BD80108B
:204CC000E92D4FF0E1A0B000E24DD014E3A00003E1A09001E1A0100DEBFFF35CE59DC0008A
:204CE000E3074000E34F4FF8E31C0080130C00091A000062E594C008E31C0C031594C0082E
:204D00000A000002E20CC00FE35C00051A000003E3060031EA00005901A0000001A00000CA
:204D2000E3A00000E3A02004E3A01006E1A03000EBFFF50AE1B050001A00004FE594706C77
:204D4000E300A007E594800CE3A0C001E584C00CE340A005E584A06CE305EA01E594607CE6
:204D6000E28D3008E584E07CE594C06CE38CC401E584C06CE89B0003E8830003E584706C20
:204D8000E584607CE594C01CE31C00020594C0081A000001E31C0C021A000005E594C01C7B
:204DA000E1B0CF8C0594C0081A000003E31C0C010A000001E3065030EA000013E3A0000089
:204DC000E3A01006EBFFF56DE3500000E28DC008E5941014E3A00000E3A0E0031306503065
:204DE000E3550000E88C0003E584E01CE3A0B000E584B0101A000004EBFFF580E1B05000E5
:204E00000A000004E584706CEA000019EBFFF57BE35500001A000015E584A06CE305CA0351
:204E2000E584C07CE28DE008E594C06CE38CC401E584C06CE8990003E88E0003E594C01CB6
:204E4000E31C0C01030650300A000008E28D0008E594C020E3A0B000E8801800E300C10183
:204E6000E584C01CE3A01080E3A00003EBFFF4EBE584706CE584607CE584800CE1A0000586
:204E8000E28DD014E8BD8FF00000000000000000E92D4070E24DD008E3A04000E58D400059
:204EA000EBFFFC6EE3500000030600320A00003CE3A01004E1A03004E3A00002E1A0200177
:204EC000EBFFF4A6E3500000E30740001A000034E300E007E34F4FF8E3A03001E340E005A4
:204EE000E594607CE594506CE594C07CE3CCCB01E38CCC0AE584C07CE584E06CE594C07CA4
:204F0000E38CCC01E584C07CE594C06CE38CC401E584C06CE58D3000F57FF06FE594C01C78
:204F2000E31C0B011594C06C0A000011E31C04011A00000FE3A00002E3A01004EBFFF50F3F
:204F4000E35000001A000002EBFFF52CE3A0CB01EA00000DEBFFF529E3060033E3A0CB013E
:204F6000E584C01CE584506CE584607CE594C020EA000009E3A00002E3A01004EBFFF4FF3D
:204F8000EBFFF51EE3A0CB01E3060033E584C01CE584506CE584607CE594C020E58DC0006F
:204FA000EAFFFFFFE28DD008E8BD807000000000E92D40F8E3074300E34F4FF8E594C008F9
:204FC000E20CC00FE35C0005030600360A000028E3A00001E3A03004E3A01003E1A02000ED
:204FE000EBFFF45EE350000018BD80F8E30E73F0E34F7008E594500CE3A06001E584600C69
:20500000E597C000E58DC000E3A01003E1A00006EBFFF4DAE35000001A000011E594C014A2
:20502000E58DC000E3A0E003E584E01CE597C008E58DC000E1A00006E3A01004EBFFF4CF32
:20504000E35000001A000006E594C020E58DC000E3A0CC01E584C01CEBFFF4E8E584500C52
:20506000EA000002EBFFF4E5E584500CE3060035E8BD80F8E8BD80F8000000000000000064
:20508000E92D4FF0E1B0400103A00C62E24DD0140A00004DE35000010A000008E3500002F3
:2050A000130602011A000048E30F5400E3A07008E3A08001E34F5FFFEA00000401A000000E
:2050C000E3A07000E30E5C00E1A08007E34F5FFFE595C000E58DC000E595C008E58DC00414
:2050E000E595C00CE58DC008E595C010E58DC00CE595B028E595A024E595C000E3A09001CA
:20510000E3CCC00FE1A00008E38CC005E585C000E3A0101EE3A02004E3A03000E585901411
:20512000EBFFF40EE1B060001A00001CE5859008E3A0C004E585C00CE5859010E3A0E00F61
:20514000E585E028E3876A0AE5856024E30ACAAAE585C000E12FFF34E595C014E3066205A5
:20516000E1B0CF8C0A00000CE5859014E1A00008E3A0101EEBFFF481E35000001A00000435
:20518000EBFFF49EE59DC004E1A06000E585C008EA000004E3066202EAFFFFFFEBFFF497A3
:2051A000E59DC004E585C008E59DE008E1A00006E585E00CE59D900CE5859010E585B028C6
:2051C000E585A024E59D8000E5858000E28DD014E8BD8FF00000000000000000000000003E
:2051E000E30E1B10E34F1FFFE5D1C000E1E0000CE5C10000E5D10000E150000C03A00000C4
:205200001306006015C1C000E12FFF1E00000000E30ECA38E34FCFFFE3000B13E34803E749
:20522000E58C0000E30F01E0E34905A4E58C0004E3A00003E58C00ACE3A00001E58C00C484
:20524000E3A00000E58C0000E58C0004E12FFF1EE92D4038E3A01005E3A02004E3A0300038
:20526000E1A04000E3A00001EBFFF3BCE1B050001A000029E3540000E30E0B081A000007D0
:20528000E3A04002E34F0FFFE3A0C009E580C000EA00000F01A0000001A0000001A00000BC
:2052A000E30ECA38E3000B13E30FE1E0E34FCFFFE3A04001E34803E7E3A03000E349E5A406
:2052C000E58C0000E58CE004E58C40A8E58C3000E58C3004E3A00001E3A01005EBFFF42748
:2052E000E3500000E30ECAE01A000004E34FCFFFE59CC000E004C00CE154000C0A00000086
:20530000E3065061EBFFFFC1E35500001A000001EBFFF43AE8BD8038EBFFF438E1A00005E5
:20532000E8BD8038000000000000000000000000E280200CE3A01004E3A0C001E5F20018B8
:20534000E2500001038CC0020A000007E25000010A000003E25000011A000003E38CC0FEFB
:20536000EA000001E38CC00EEAFFFFFFE251100115F200181AFFFFF1E18CC40CE1A0080CE0
:20538000E12FFF1E000000000000000000000000E92D4008E5D1C000E5D1E001E5D130028D
:2053A000E18EC10CE5D1E003E183C08CE5D13004E18EC08CE5D1E005E183C10CE5D130060B
:2053C000E18EC08CE5D1E007E183C08CE5D11008E0800102E18EC40CE181C40CE580C050AE
:2053E000E8BD8008000000000000000000000000E92D4FF0E1B08000E24DD00C0309000102
:205400000A00007EEBFFFFC9E5D8C000E3002340E1A0118CE340200BE081C10CE082100C77
:20542000E598C004E5917000E58DC004E5D86001E1A09000E591A008EBFFF290E3A0C00013
:20544000E3A05000E587C000E1A04005E5D8C008E35C00000A000005E35600000A0000036E
:20546000E1A0000AEBFFED15E1B0400013094003E3A0C001E587C000E5D8C00EE189C00C54
:20548000E38CCC0EE587C014EBFFF32CE3A0C003E587C004E5D8C00AE5D8000BE5D8100CDC
:2054A000E180C40CE288B024E5D8E00DE181C40CE288A010E3A09004E18EC40CE587C048BD
:2054C000E1A0200501A0000001A0000001A00000E1A00007E1A0100AEBFFFFACE4DB0018B4
:2054E000E1A0C182E2000003E2599001E2822001E28AA018E1855C101AFFFFF4E587506C88
:20550000E598C070E587C008E598C074E3560000E587C00C0A000035E35400000598C08035
:205520001A000032E35C0000030940010A00002FE3A00001E5870070E12FFF3CE597C01063
:20554000E31C040105D8C0091A000024E2871098E35C0000E59DC00413A0000A03A0000568
:20556000E5870120E3A00000E5DC2000E5DC3001E5DCE002E5DCB003E1832082E256600192
:20558000E18E2482E18B2202E1802402E1A02402E4812004E5DC2004E28CC005E082000035
:2055A00015DC2000E6EF007015DC30011AFFFFEFE1A0C400E24CCC01E587C094E598C078B7
:2055C000E587C074E598C07CE587C07CE597C12CE58DC000E597C128E58DC000EA000003AB
:2055E000E597C004E309400EE1A00004EA000001E597C004E1A00004E38CC401E587C00498
:20560000E28DD00CE8BD8FF00000000000000000E3500000E92D41F015D0C000E24DD008F5
:20562000E1A040010A00000EE300E37CE3001340E1A0018CE080C10CE340E00BE340100B91
:20564000E08E000CE791500CE5908000E3550000E59070041358000013570000E5D06008F4
:205660001A000002E3090001EA00002F01A00000E595C070E1B0CF8C030900040A00002A8D
:20568000E595C120E20CC00FE35C0005030900050A000025E3A00000E3A02004E1A01006AD
:2056A000E1A03000EBFFF2ADE35000001A00001EE595C120E3C40003E0801007E38CCC018D
:2056C000E585C120E591C000E0800008E22CC001E581C000E590C000E58DC000E591C0004F
:2056E000E22CC001E581C000E595C120E3CCCC01E585C120E3A00000E1A01006EBFFF31F7D
:20570000E35000001A000002EBFFF33CE595C12CEA000002EBFFF339E595C12CE30900065F
:20572000E58DC000E595C128E58DC000E28DD008E8BD81F000000000000000000000000045
:20574000E92D4010E3A01000E1A04000EBFFFFAFE350000018BD8010E1A00004E3A01C0239
:20576000EBFFFFAAE8BD80100000000000000000E1A0C000E3A00000E59C1004E3510000D4
:2057800015DCC00D0A00000DE2411008E35C0000012FFF1EE5B1200801A0000001A000006D
:2057A000E3520000159220001352000003020060E25CC00115B120081AFFFFF8E12FFF1EF9
:2057C000E5DCC00DE35C000013020070E12FFF1EE1A0C000E3A00000E59C1008E3510000B9
:2057E00015DCC00E0A00000DE2411008E35C0000012FFF1EE5B1200801A0000001A000000C
:20580000E3520000159220001352000003020060E25CC00115B120081AFFFFF8E12FFF1E98
:20582000E5DCC00EE35C000013020070E12FFF1EE92D4008E1B03000030200500A00000565
:20584000EBFFFFCAE350000018BD8008E1A00003EBFFFFDEE8BD8008E8BD80080000000060
:20586000E3710001012FFF1EE3A0C001E3C000FFE3520000E1A0C11C1A000008E590100066
:20588000E00C1001E15C000115901000012FFF1EE18CC001E580C000E12FFF1E01A00000AA
:2058A000E5901000E00C1001E15C00010590100001C1C00C0580C000E12FFF1E0000000083
:2058C000E92D4008E35100001591E000E1E0C002100CE00E1581E000E5DD100BE35100009C
:2058E000058020101580200CE25310010590101C0A00003EE25110010590101C0A00002FA5
:20590000E25110010590101C0A000020E25110011590101C0A00000DE00C1001E580101C9E
:20592000E5901018E1821001E5801018E5901014E00C1001E5801014E5901000E00CC00178
:20594000E580C000E8BD800801A0000001A00000E590101CE00CC001E580C01CE590C018D7
:20596000E182C00CE580C018E590C014E182C00CE580C014E590C000E182C00CE580C00081
:20598000E8BD800801A0000001A0000001A00000E00C1001E580101CE5901018E182100158
:2059A000E5801018E5901014E00CC001E580C014E590C000E182C00CE580C000E8BD800825
:2059C000E00C1001E580101CE5901018E00C1001E5801018E5901014E00C1001E5801014F3
:2059E000E5901000E00CC001E580C000E8BD8008E1821001E580101CE5901018E00C100184
:205A0000E5801018E5901014E00C1001E5801014E5901000E00CC001E580C000E8BD800856
:205A2000E92D4010E1B0400003020050E24DD0080A000011E594C000E35C000003020060DB
:205A40000A00000DEBFFF10DE5940000E1D410D8E5D42009EBFFFF81E5D4C011E58DC00029
:205A6000E5D43010E5940000E5941004E594200CEBFFFF92EBFFF1B1E3A00000E28DD008B1
:205A8000E8BD8010000000000000000000000000E92D47F0E24DD018E1A07000EBFFFF6330
:205AA000E1B0800005D7C00D1A000069E5974004E35C00000A000030E3A05001E3A0900089
:205AC000E5D4C005E1A06005E3A0000001A00000E35C00000A000010E35C000185D4A004A8
:205AE000E1A020ACE1A010009A00000701A00000E081300AE283E001E2522001E1800E15CC
:205B0000E1800316E28110021AFFFFF8E1B0CF8C15D4C0041081C00C11800C16E594C000A4
:205B2000E5D42006E5D41007E58D000CE1DCE0D8E59CA004E5DC3009E5CD2010E5CD1011EF
:205B4000E5CDE008E59CC000E58DC000E58DA004E1A0000DE5CD3009EBFFFFB0E5D7C00D87
:205B6000E2890001E2844008E6EF9070E159000CB5D4C005B3A00000BAFFFFD4E5D7C00E39
:205B8000E5974008E35C00000A00001CE3A06001E3A0500001A0000001A0000001A0000042
:205BA000E5D40004E594C000E5D41005E5D4A006E1A02016E1DCE0D8E59C9004E5DC300987
:205BC000E5CD1010E5CDA011E58D200CE5CDE008E59CC000E58DC000E58D9004E1A0000D51
:205BE000E5CD3009EBFFFF8DE2850001E5D7C00EE2844008E6FF5070E155000CBAFFFFE71E
:205C0000E30BCC00E34FCFF7E5970010E58C0008E5970014E58C000CE597001CE58C00189F
:205C2000E597001CE1E00000E58C001CE3E0E000E58CE020E30810A4E5970018E3401803F9
:205C4000E58C0010E5970018E5817000E1E00000E58C0014E1A00008E28DD018E8BD87F017
:205C6000E3510000030A0018012FFF1EE350000F830A0002812FFF1EE3A0C001E0811280A9
:205C8000E1A0C01CE591101CE30F0000E34F0FFFE35100001A000006E580C04CE580C0E405
:205CA000E580C0F4E580C104E580C114E3A00000E12FFF1EE3510020030A0009012FFF1E00
:205CC000E31100021580C0DC0580C0E4E31100040580C0F41580C0ECE31100080580C104BC
:205CE0001580C0FCE31100100580C1141580C10CE580C044E3A00000E12FFF1E000000007A
:205D0000E3510000E92D41F00A000048E1A02280E081C002E242E702E59C2000E58E20002F
:205D2000E59C2004E58E2004E1DC20BEE1CE20BAE1DC21B0E1CE20B8E5DC300AE30F60940D
:205D4000E34F6FFFE5DC4009E2033001E5DC2008E1A05403E5DC800BE2044003E202200346
:205D6000E5DC700CE2083003E1855702E2072003E5DC800DE1854604E1843183E2084001BC
:205D8000E30F7054E1832082E34F7FFFE1843002E58E3010E1A08100E1DC51B4E1A020A048
:205DA000E1CE51B6E3C8401FE1DC51B2E0444008E1CE51B4E3C08003E1DC51B8E3C230037F
:205DC000E1CE51BAE0862003E1DC51B6E3A0600FE1CE51B8E284301CE5925000E0874008EA
:205DE000E1A07180E1C55316E5825000E3A08004E5926000E3C7501FE045E007E3A070FF76
:205E0000E1863318E5823000E28E2018E5943000E1C33217E5843000E5DCC01AE59430001E
:205E2000E183C21CE584C000EBFFFF8CE8BD81F0E30A0001E8BD81F0000000000000000068
:205E4000E3500000E92D40100A000038E5901004E30FC000E34FCFFFE58C11B8E590100865
:205E6000E58C11BCE5901014E58C11C0E5901018E58C11C4E5901024E58C11C8E590102886
:205E8000E58C11CCE5901034E58C11D0E5901038E58C11D4E5D0200DE5D0100CE5D0E0004E
:205EA000E2022001E5D0401DE2011003E1A03182E1831081E2042001E5D0401CE20EE001C3
:205EC000E18EE001E5D01010E2043003E5D0402DE18EE582E2011001E18E3483E5D0E02CB1
:205EE000E1833401E5D01020E2042001E20EE003E1834982E5D0203DE2013001E184E88E1A
:205F0000E5D0403CE18E3803E5D0E030E2022001E2041003E20E0001E1832D82E1821C81DF
:205F2000E1810C00E58C01B0E3A00000E8BD8010E30A0003E8BD80100000000000000000F4
:205F4000E92D40F8E1A06000E5965004E5967000E355000013A040000A00000B01A0000077
:205F6000E1A00004E1A01007EBFFFF64E2844001E15500049A000002E35000000AFFFFF708
:205F8000E8BD80F8E350000018BD80F8E596000CEBFFFFAAE350000018BD80F8E30F1000C8
:205FA000E300C101E3082088E34F1FFFE340C101E3402803E581C1B4E591C000E58260004E
:205FC000E38CC801E581C000E8BD80F800000000E92D4038E1B04000030A0001130F500067
:205FE00008BD8038E3A0C001E34F5FFFE585C000E5D4C008E35C00000A000004E3A00B02C8
:20600000EBFFEA2EE3500000130A000518BD8038E5D4C009E35C000003A0C00513E0C005BB
:20602000E20CC00FE585C1A8E3A00002EBFFEAAEE3500000130A00041A000006E595C1AC6E
:20604000E58DC000E3A0C401E585C1ACE1A00004EBFFFFBAE8BD8038E8BD8038000000000D
:20606000E308C08CE340C803E580C000E308C090E340C803E580C004E3A01001E5C0100A31
:20608000E1C010BEE3A0C002E5C0C008E5C0C009E1C011B0E3A0C000E5C0C00BE5C0C00CEB
:2060A000E5C0C00DE5C0C01AE1C0C1B2E1C0C1B4E1C0C1B6E1C0C1B8E580C01CE12FFF1E25
:2060C000E3A0C001E5C0C000E5C0C00CE5C0C00DE5C0C01DE5C0C02DE5C0C030E5C0C03DE9
:2060E000E3A01000E5C01010E5C0101CE5C01020E308208CE5C0102CE3402803E580200453
:20610000E3083090E5802014E3403803E5803024E5803034E282C003E580C008E580C018CA
:20612000E3A01002E5C0103CE283C003E580C028E580C038E12FFF1E0000000000000000DA
:20614000E92D4038E30F5000E1A04001E34F5FFFE350000003A00000E595C000E3CCC80195
:20616000E585C0000A000004E1A01000E3A00000EBFFFEE2E3540000EA000000E3540000B1
:206180000A000003E35000001A000001E1A00004EBFFFF2AE595C000E38CC801E585C00070
:2061A000E8BD8038000000000000000000000000E3500010A30A0002A12FFF1EE1A0C00161
:2061C000E25CC0010A00000DE25CC0010A000013E25CC0020A000019E25CC0040A00001F3F
:2061E000E25CC0080A000025E25CC0100A00002BE30A000AEA00003001A0000001A00000D4
:20620000E30F111CE3A0C001E34F1FFFE1A0C01CE3A00000E581C000E12FFF1E01A00000F7
:20622000E30F1124E3A0C001E34F1FFFE1A0C01CE3A00000E581C000E12FFF1E01A00000CF
:20624000E30F112CE3A0C001E34F1FFFE1A0C01CE3A00000E581C000E12FFF1E01A00000A7
:20626000E30F1134E3A0C001E34F1FFFE1A0C01CE3A00000E581C000E12FFF1E01A000007F
:20628000E30F113CE3A0C001E34F1FFFE1A0C01CE3A00000E581C000E12FFF1E01A0000057
:2062A000E30F1144E3A0C001E34F1FFFE1A0C01CE3A00000E581C000E12FFF1EE12FFF1EA3
:2062C000E30FC1B4E3500000E34FCFFF0A00000BE250000103A00C010A00000CE2500001E3
:2062E00003A008010A00000CE2500001E3A004010A00000CE30A0008EA00000D01A000007E
:20630000E3A00001E58C0000E3A00000E12FFF1EE58C0000E3A00000E12FFF1EE58C000046
:20632000E3A00000E12FFF1EE58C0000E3A00000E12FFF1EE12FFF1E00000000000000005F
:20634000E92D4008E3A0100001A0000001A00000E1A00001EBFFFFD9E281C001E6EF107C41
:20636000E3510004A8BD8008E35000000AFFFFF7E8BD800800000000000000000000000099
:20638000E3500010A30A0002A12FFF1EE30F1024E3A0C001E34F1FFFE1A0C01CE3A0000084
:2063A000E581C000E12FFF1E0000000000000000E3510000030A0001012FFF1EE1A0C000BA
:2063C000E25CC001030FC11C0A000038E25CC001030FC1240A00002DE25CC002030FC12C61
:2063E0000A00000AE25CC004030FC1340A00000FE25CC008030FC13C0A000014E25CC01026
:20640000E30FC1440A000019EA00001D01A00000E3A00000E34FCFFFE59CC000E1C1C0B0E4
:20642000E12FFF1E01A0000001A0000001A00000E3A00000E34FCFFFE59CC000E1C1C0B076
:20644000E12FFF1E01A0000001A0000001A00000E3A00000E34FCFFFE59CC000E1C1C0B056
:20646000E12FFF1E01A0000001A0000001A00000E3A00000E34FCFFFE59CC000E1C1C0B036
:20648000E12FFF1EE30A000AE12FFF1E01A00000E3A00000E34FCFFFE59CC000E1C1C0B034
:2064A000EA00000601A0000001A0000001A00000E3A00000E34FCFFFE59CC000E1C1C0B033
:2064C000E12FFF1E000000000000000000000000E30FC1B4E34FCFFFE59C0000E12FFF1E7A
:2064E000E92D4008EBFFFFF9E35000000308008C130A001518BD8008E308C090E34008039A
:20650000E340C803E5900000E59CC000E15C000003A00000130A0013E8BD8008000000009A
:20652000E308C090E92D4010E308008CE340C803E3400803E3A04000E24DD008E58C4000AC
:20654000E30AC5A5E34AC5A5E580C000E1A00004EBFFFF8AE35000001A000015E308C0889B
:20656000E340C803E59CC000E59CC010E12FFF3CE3A00010E1A0100DEBFFFF8CE350000077
:20658000E1DDC0B01A00000AE1B0CF8C030A00170A000007E1A00004E3A01010EBFFFF0374
:2065A000E35000001A000002EBFFFFCCE28DD008EA000000E28DD008E8BD8010000000002A
:2065C000E5D0C008E35C000205D0C0091A000002E35C00021A000000EAFFFFD0E30A001231
:2065E000E12FFF1E000000000000000000000000E92D4008E1A01000EBFFFFB4E3510000AE
:206600000A000015E25110010A00000EE25110010A000007E251C001130A000818BD800834
:20662000E31004010A000011E3A00003EBFFFF23E8BD8008E31008010A00000CE3A00002F1
:20664000EBFFFF1EE8BD8008E3100C010A000007E3A00001EBFFFF19E8BD8008E1B0CF8062
:206660000A000002E3A00000EBFFFF14E8BD8008E30A0016E8BD8008000000000000000031
:20668000E92D4008EBFFFFD9E350000018BD8008E308C090E308108CE340C803E34018035C
:2066A000E59CC000E5911000E15C0001030A0014E8BD800800000000000000000000000087
:2066C000E92D4070E308C090E308108CE1A05000E3401803E30A05A5E340C803E34A05A5C7
:2066E000E5810000E3A06000E58C6000E3A02004E1A00006E3A01002E1A03000EBFFEE979D
:20670000E1B040001A00001FE1A00006EBFFFF1BE1B040001A000018E308C088E340C803C0
:20672000E59CC000E59CC010E12FFF3CE1A00006E3A01002EBFFEF11E1B040000A00000497
:20674000EBFFEF2EE1A00005EBFFFFA8E1A00004E8BD8070EBFFEF29E1B040000A00000321
:20676000E1A00005EBFFFFA1E1A00004E8BD8070E1A00005EBFFFFC1E8BD8070EBFFEF1F32
:20678000E1A00005EBFFFF99E1A00004E8BD8070E5D0C008E35C000205D0C0091A0000035E
:2067A000E35C00021A000001E1A00001EAFFFFC3E30A0012E12FFF1E000000000000000024
:2067C000E92D4010E3A0C003E5C1C01CE1A04000E3A00000E5C1002CEBFFFE58E350000002
:2067E00018BD8010E1A00004E3A01001EBFFFFE7E8BD801000000000000000000000000016
:20680000E92D4038E1A05001E3A0C003E5C5C02CE1A04000E3A00000EBFFFE48E350000095
:2068200018BD8038E1A00004E3A01002EBFFFFD7E350000018BD8038E1A00004E1A0100516
:20684000EBFFFFDEE8BD80380000000000000000E92D4038E1A05001E3A0C001E5C5C010F6
:20686000E1A04000E5C5C020E3A00000E5C50030E5C50000EBFFFE31E350000018BD8038ED
:20688000E1A00004EBFFFF4DE350000018BD8038E1A00004E1A01005EBFFFFD8E8BD803844
:2068A000E92D4038E1A05001E3A0C001E5C5C00CE5C5C03CE1A04000E3A00000EBFFFE1FCD
:2068C000E350000018BD8038E1A00004E3A01003EBFFFFAEE350000018BD8038E1A0000401
:2068E000E1A01005EBFFFFD9E8BD803800000000E92D4038E1A05001E3A0C002E5C5C00CC8
:20690000E1A04000E3A00000EBFFFE0CE350000018BD8038E1A00004E3A01000EBFFFF9BE3
:20692000E350000018BD8038E1A00004E1A01005EBFFFFDAE8BD803800000000000000005C
:20694000E92D4038E1A04000E1A05001EBFFFF1BE1A01005E350000018BD8038E1A0000437
:20696000EBFFFFE2E8BD80380000000000000000E92D4038E1A04000E1A05001EBFFFDEFF8
:20698000E350000018BD8038E3A00000E3A01010EBFFFE06E350000018BD8038EBFFFE6714
:2069A000E350000018BD8038E1A00004E1A01005EBFFFFE2E8BD80380000000000000000D4
:2069C000E92D4000E24DD00CE1A02000E3A01002EBFFFDF6E1CD00B0E3A01004E1A00002CB
:2069E000EBFFFDF2E1CD00B2E3A01008E1A00002EBFFFDEEE1CD00B4E3A01010E1A00002E3
:206A0000EBFFFDEAE1CD00B6E3A01020E1A00002EBFFFDE6E1CD00B8E3A01001E1A00002C1
:206A2000EBFFFDE2E24D1002E1A0C000E3A00000E1CDC0BAE1A02000E1F1C0B201A00000DA
:206A4000E2822001E35C000011A0000CE3520005E6FF00708A000002E350000001F1C0B203
:206A60000AFFFFF6E28DD00CE8BD800000000000E92D4010E3A00000EBFFFFD0E308C088D3
:206A8000E340C803E59CC000E59C2000E59C100CE1A04000E1A00002EBFFFDA8E35400007F
:206AA00001A04000E1A00004E8BD801000000000E308C088E340C803E92D4010E24DD06055
:206AC000E59CC000E35C0000159CC010135C0000030A00100A000012E30FC000E34FCFFF5B
:206AE000E59CC000E31C0801030A00110A00000CE1A0000DEBFFFD59E28D0020EBFFFD6F66
:206B0000E28D1020E1A0000DEBFFFF98E1B040000A000002EBFFFFD5E1A00004EA000000BD
:206B2000EBFFFFD2E28DD060E8BD801000000000E92D4010E30F4000E24DD008E34F4FFFA7
:206B4000E594C1A8E20CC00FE35C000A130A00061A000025E3A00000E3A02004E3A010032B
:206B6000E1A03000EBFFED7DE35000001A00001EE59401A8E300CA00E34FCFF8E3800C016D
:206B8000E58401A8E59C0000E2200001E58C0000E51C0A00E58D0000E59C0000E2200001ED
:206BA000E58C0000E594C1A8E3CCCC01E584C1A8E3A01003E3A00000EBFFEDF0E350000021
:206BC0001A000002EBFFEE0DE594C1ACEA000002EBFFEE0AE594C1ACE30A0007E58DC000F4
:206BE000E3A0E401E584E1ACEAFFFFFFE28DD008E8BD8010000000000000000000000000D4
:206C0000E3500010A30A0002A12FFF1EE1A0C280E24CC702E58C3000E59D0000E58C000443
:206C2000E1CC10BAE3A00000E1CC20B8E12FFF1EE92D4FF0E24DD014E1A04002E1A05001AB
:206C4000E1A09000E3A01001E59DA038E1A02001E58DA000EBFFFFE9E1A07003E3A0100820
:206C6000E1A0C289E58D5004E24C8702E1A06000E1B05511E58D4008E598C010E59800105F
:206C8000E20CC001E58DC00CE3C00001E58800100A000033E59DC004E1A0B002E1A040026D
:206CA000E3560000024550011A00002DE35C000001A0C5140A000019E25CC0010A000014C3
:206CC000E25CC0010A00000FE25CC001130A601A0A000006E3550000E59DC0041AFFFFEF71
:206CE000EA00001F01A0000001A0000001A00000E3A00000E1A0100BE1A02005FB00AE3208
:206D0000E8870003EA000006E1A0C51BE587C000EA000003E1A0C514E1C7C0B0EA0000003B
:206D2000E5C7C000E35600001A00000AE1A00009EBFFFD92E1B060001A000006E59DC0082C
:206D4000E12FFF3CE89A0003E897000CE152000001530001130A601BE3550000E59DC0043A
:206D60001AFFFFCEE30F002CE3A0C001E34F0FFFE59DE00CE1A0C91CE580C000E598001005
:206D8000E18EC000E588C010E1A00009EBFFFF0BE350000011A06000E1A00006E28DD014EB
:206DA000E8BD8FF0000000000000000000000000E92D41F0E1A05000E24DD008E355001048
:206DC000A30A0002E1A08002E59DC020E1A06001E1A07003AA000035E35800001357000045
:206DE000135C0000030A00180A000030E3560004A30A001AAA00002DE28F00B8E890000346
:206E0000E8870003E88C0003E58DC000E1A00005E1A01006EBFFFF85E1B040001A000022BF
:206E2000E3A00000E3A02004E3A0100DE1A03000EBFFECCAE1B040001A00001BE300C0008E
:206E4000E34FCFF8E58DC000E1A00005E1A02008E1A01006E1A03007EBFFFF74E30AC01B64
:206E6000E1A04000E15C000403A040000A000003E35400001A000001E1A0400CEAFFFFFF1A
:206E8000E3A00000E3A0100DEBFFED3CE35400001A000004E1B040001A000002EBFFED574C
:206EA000E28DD008EA000002EBFFED54E1A00004E28DD008E8BD81F01234567890ABCDEF87
:206EC000E92D41F0E1A06000E24DD008E3560010E1A05001A30A0002E1A0C002AA00003399
:206EE000E3550000135C000013530000030A00180A00002EE58D3000E1A0300CE3A0100135
:206F0000E1A02001EBFFFF3DE1B070001A000026E3A00000E3A02004E3A01005E1A03000F5
:206F2000EBFFEC8EE1B070001A00001FE1A0C286E24C4702E5942010E594C010E3CCC00111
:206F4000E584C010E1A00006EBFFFD0CE1B07000E20280011A000000E12FFF35E3A0C00176
:206F6000E30F002CE34F0FFFE1A0C61CE580C000E594C010E188C00CE584C010E1A00006ED
:206F8000EBFFFE8EE350000011A07000E3A01005E3A00000EBFFECF9E350000011A07000E9
:206FA000EBFFED16E350000011A07000E1A00007E28DD008E8BD81F00000000000000000AB
:206FC000E3500000030D0C000A00000AE2500001030D0E000A000005E250C001030E0000EA
:206FE000034F0FF7012FFF1EE3A00000E12FFF1EE34F0FF7E12FFF1EE34F0FF7E12FFF1E72
:20700000E92D4038EBFFFFEDE1B04000030350020A000013E35100001594C0000303000122
:2070200008BD8038E3A05000E3CCCC02E584C000E594C000E1B0CF8C1A000009E594C000D9
:20704000E38CC001E584C000E12FFF31E594C000E1B0CF8C11A000051A000002E3030010AA
:20706000E8BD8038E1A00005E8BD803800000000E306C204E25000010A000008E2500001A9
:207080001306C2011A00001AE351000F1351000A1A000017E35200081A000010EA0000129B
:2070A000E35100051351000A1351000F1A000010E1B000A20A00000CE35200020A00000AF8
:2070C000E35200030A000008E35200050A000006E35200060A000004E35200080A0000028A
:2070E000E352000AE1A0000C1A000002E3A00000E12FFF1EE1A0000CE12FFF1E000000003E
:20710000E92D4070E1B0400003A00C620A000041E5D4C000E25CC0010A000010E25CC001EB
:207120001306020118BD8070E5D45001E5D43002E1A01005E3A00002E1A02003EBFFFFCB06
:20714000E350000018BD8070E5941004E30FC400E35100000A00002DE34FCFFFEA00000C93
:20716000E5D45001E5D43002E1A01005E3A00001E1A02003EBFFFFBDE350000018BD8070BE
:20718000E5941004E30ECC00E34FCFFFE35100000A00001EE35106013594200C2A00001BD4
:2071A000E35200000A000019E35206013594E0082A000016E35E00043A000014E35E08016D
:2071C000359C60002A000011E353000AE3C6600FE3866005E58C6000E58C1008E58CE00C66
:2071E00003A01A05E58C201013A01A0AE58C5028E1A02003E3A0E003E1811002E58C102449
:20720000E58CE014E5941010E58C1000E8BD8070E3060203E8BD8070E8BD80700000000042
:20722000E308C0A4E340C803E59CC000E35C000003020001012FFF1EE351000003020060A5
:20724000012FFF1EE5DC200EE1520000D3020010D12FFF1EE59CC008E08CC180E59C000046
:20726000E5DCC004E5900000E5900004E1A0CC30E7DFC09FE6EFC07CE35C0001E5C1C00042
:2072800013A0000015C1000003A0C00105C1C00003A00000E12FFF1E0000000000000000AB
:2072A000E3500010A30A0002A12FFF1EE30F1014E3A0C001E34F1FFFE1A0C01CE3A0000065
:2072C000E581C000E12FFF1E0000000000000000E92D4038E1A04000E1A00001E1A05002B7
:2072E000E5D4C01CE35C000005D4C01D1A000003E35C00001A000007E3A00000E8BD8038A7
:20730000EBFFE56EE350000018BD8038E5D4C01DE35C000008BD8038E1A00005EBFFE56762
:20732000E8BD8038000000000000000000000000E5D0C002E5D00001E20CC007E200003FED
:20734000E180040CE12FFF1E0000000000000000E590C014E5D00010E7DFC51FE18C080062
:20736000E12FFF1E000000000000000000000000E3500000E92D4FF8030700031308509444
:2073800008BD8FF8E3405803E595C000E35C00001307000F18BD8FF8E5850000E3A04000F8
:2073A000E1A09004E1A01004E5950000E3A0A001E354000001A0C00913A0C02CE5900000D0
:2073C000E08C6000E5D6C000E35C00000284C0010A00005AE3540000E300045801A0C0099C
:2073E00013A0C014E340000BE080C00CE3540000E59C7004E59C80100A000009E254C00165
:20740000130710081A00004CE3510000E284C0011A00004AE3A01701E3A02702E3A0B9068C
:20742000EA000004E351000003A01A011A000042E3A0B018E3A02A02E1A00006EBFFFFA303
:20744000E1B010001A00003CE5D6C01EE35C000013A0C00A03A0C005E587C074E5D6C01F3E
:20746000E35C000013A0C00A03A0C005E588C064E5D6C020E35C0000E5D6C02113A0040129
:2074800001A00009E35C000013A0CC0101A0C009E18CC000E588C000E1A0000BEBFFE592D2
:2074A000E1B010001A000022E598C068E58DC000E597C078E58DC000E1A00006EBFFFF9B27
:2074C000E5870004E596C004E587C014E596C004E1E0C00CE587C018E596C008E587C0241A
:2074E000E596C00CE587C01CE596C024E588C020E596C028E588C02CE3A0C847E587C000D7
:20750000E1A00006EBFFFF91E5870080E308C098E5960018E340C803E5870084E08CC10499
:20752000E5CC9000E5CC9001E5CC9002E5CCA003EA000001E3071005EAFFFFFFE284C00139
:20754000E6EF407CE35400018A000002E3510000059500000AFFFF95E1A00001E8BD8FF8BD
:20756000E92D4070E3500000E24DD0080A00000FE250C001130700081A000043E30BC97455
:20758000E30B4900E3006000E34FCFF7E3025000E59CC000E20CC00FE35C00050A00000FE9
:2075A000E34F4FF7E34F6F44E34F5F44EA00000FE30BC874E3025000E3006000E34FCFF706
:2075C000E30B4800E34F5F46E34F6F46E59CC000E34F4FF7E20CC00FE35C00051A000003E0
:2075E000E307000DEA00002801A0000001A00000E3A00000E3A01007E3A02004E1A03000CB
:20760000EBFFEAD6E35000001A00001FE594C074E38CCC01E584C074E595C000E22CC001C5
:20762000E585C000E594C074E3CCCC01E584C074E596C000E58DC000E594C074E38CCC0104
:20764000E584C074E595C000E22CC001E585C000E594C074E3CCCC01E584C074E3A0000011
:20766000E3A01007EBFFEB45E35000001A000002EBFFEB62E594C078EA000002EBFFEB5FFF
:20768000E594C078E307000EE58DC000E28DD008E8BD807000000000000000000000000033
:2076A000E3500000E92D40380A000010E250C00113070008E30AC56418BD8038E300500004
:2076C000E34FCFF7E30A4500E59CC000E20CC00FE35C00050A00000FE34F4FF7E34F5F4CD0
:2076E000EA00000E01A0000001A0000001A00000E30AC464E3005000E30A4400E34FCFF73E
:20770000E34F5F4EE34F4FF7E59CC000E20CC00FE35C00051A000001E307000BE8BD803863
:20772000E3A00000E3A01008E3A02004E1A03000EBFFEA8AE350000018BD8038E594C06418
:20774000E38CCC01E584C064E595C200E22CC001E585C200E595C000E58DC000E595C20081
:20776000E22CC001E585C200E594C064E3CCCC01E584C064E3A00000E3A01008EBFFEAFF77
:20778000E35000001A000002EBFFEB1CE594C068EA000002EBFFEB19E594C068E307000C97
:2077A000E58DC000E8BD80380000000000000000E5D0C004E5D00005E08C0000E350004028
:2077C00083010004812FFF1EE1A0C0ACE1C1C0B0E6FF0070E1A0C0A0E1C2C0B0E3A0000089
:2077E000E12FFF1E000000000000000000000000E92D4070E1A05000E24DD008E3A000003B
:20780000E5D5C000E35C0000E300C5080A00003FE340C00BE3510000E79C4201E58401283C
:20782000E584012CE5840130E5840134E5840138E584013CE5840188E584000CE5840084DE
:20784000E5840000E5840078E584007CE58400800A000006E5D5C001E3A06901E35C000059
:207860000A000008E3A00802EA00000501A00000E5D5C001E3A06C01E35C000013A00B0170
:207880000A000000EBFFE40DE35000001301000F1A00001EE5D5C002E35C000003A0C00552
:2078A0000584C18013A0C00A1584C180E1A00006EBFFE48DE3500000130100091A00001348
:2078C000E5D5C003E300E001E584C008E348E114E584E004E3A0C002E584C05CE1A0000579
:2078E000E28D1002E1A0200DEBFFFFB0E3500000E1DD10B21A000005E1DDC0B0E1C415B84E
:20790000E1C4C5BAE594C184E58DC004EAFFFFFFE28DD008E8BD807000000000000000008C
:20792000E92D43F8E3A06000E1B0500013A0900C0A000018E1A04006E3087054E3A0800642
:20794000E340780301A0000001A0000001A00000E10C7984E1005884E58C6008E58C600C49
:20796000E1A01004E58C6004EBFFFFA0E284C001E6EF407CE3540002AA000002E350000044
:207980000AFFFFF2E8BD83F8E350000018BD83F8E5875000E8BD83F8E3010010E8BD83F85A
:2079A000E308C054E340C803E59CC000E35C000003010001012FFF1EE3500002A301000C23
:2079C000A12FFF1EE300C508E340C00BE79CC200E59CC180E20CC00FE35C000513A0000061
:2079E0000301000DE12FFF1E0000000000000000E92D40F8E1A01000EBFFFFE8E1B0700098
:207A00001A000031E300C508E340C00BE08C5201E3A00000E5D5600CE3A02004E5954000B4
:207A2000E1A03000E1A01006EBFFE9CCE1B070001A000025E594C184E58DC000E595E008CD
:207A4000E5940180E5951004E3800C01E5840180E59E0010E1E00000E58E0010E5910010E7
:207A6000E58D0000E59E0010E1E00000E58E0010E594C180E3CCCC01E584C180E1A0100646
:207A8000E3A00000EBFFEA3DE1B070001A000004EBFFEA5AE594C184E1A07000E35700001C
:207AA000EA000002EBFFEA55E594C184E357000011A00007E7DFC61FE58DC0001A00000307
:207AC000E59DC000E35C00101301700EE1A00007E8BD80F8000000000000000000000000DE
:207AE000E92D4000E3500000E24DD0140A000013E250C001130700081A00001FE3A0C0013B
:207B0000E1A0011CE5CD2010E30BE94CE58D000CE34FEFF7E58DE000E3A0C000E58DC00461
:207B2000E5CDC009E5CDC011E3E01000E5CD1008E1A0000DEBFFF7B9E28DD014EA00000F36
:207B4000E3A0C001E1A0011CE5CD2010E30BE84CE58D000CE34FEFF7E58DE000E3A0C00014
:207B6000E58DC004E5CDC009E5CDC011E3E01000E5CD1008E1A0000DEBFFF7A8E28DD014CA
:207B8000E8BD8000000000000000000000000000E308C098E340C803E7DCC100E5C1C000A5
:207BA000E12FFF1E000000000000000000000000E92D4FF8E3A0C014E1A0B000E300045874
:207BC000E340000BE10C0C8BE59C9008E1A04001E59CA00CE1A05002E59C7010E1A0600333
:207BE000E59C8004EBFFE8A5E59D004CE308C098E340C803E08C110BE5D1C001E5C0C000A6
:207C0000E35C0008230740022A000030E3A00001E1A0320CE3A02000E204B01FE083400910
:207C2000E1A0EC10E588E03CE185580BE5882044E083300AE584500CE5DD503FE5DD90435C
:207C4000E5DD8047E5DDB04BE1895085E5DD903BE1885085E5DD8037E18B5085E5DDB02F79
:207C6000E1885105E5DD8033E1895105E088810BE3A0B003E1885705E30F8FFFE1A05105CA
:207C8000E5845008E1A0908CE5846000E59D6028E5846004E1A04002E1A0591BE58750284A
:207CA000E5878044E5832000E5D1B002E5832004E1A0C910E5D19001E1CB000EE58320082D
:207CC000E5C10002E587C004E2890001E5C10001EBFFE91AE1A00004E8BD8FF8000000001B
:207CE000E92D4FF8E1A07000E1B0B00103070003E1A0900208BD8FF8EBFFE860E308C09813
:207D0000E3081094E3074006E340C803E08CA107E3401803E5DAC000E089C00CE28CC00181
:207D2000E35C00A08A00004FE5911000E3A02001E357000013A0002C03A00000E59110001F
:207D4000E0810000E5D01001E5D00002E2811001E6FF1071E1A00012E0000091E150000C2A
:207D60003A00003EE3590000E3A050000A000024E08B6205E5DA0000E3A02000E596C000DF
:207D8000E1A03002E58DC000E0851000E1A00007E6EF8071E1A01008EBFFE524E1B04000DE
:207DA0001A00000EE596C004E58DC000E3A02001E1A00007E3A03000EBFFE51CE1B040008F
:207DC0001A000006E596C008E58DC000E3A02002E1A00007E3A03000EBFFE514E1A040008A
:207DE000E285C001E6EF507CE1590005DA000002E35400000AFFFFDDEA00001AE354000048
:207E00001A000018E5DA0000E3A0CC1AE58DC000E3A02000E1A03002E0891000E1A000077F
:207E2000E6EF5071E1A01005EBFFE500E1B040001A00000CE3A03000E3A02001E1A0000771
:207E4000E58D3000EBFFE4F9E1B0400005DAC0001A000004E089C00CE5CAC000EA0000019C
:207E6000E3074007EAFFFFFFEBFFE8B4E1A00004E8BD8FF8000000000000000000000000B3
:207E8000E3500000E3A0C0000A00000501A00000E2001001E081C00CE1B000A0E6EFC07C5A
:207EA0001AFFFFFAE1A0000CE12FFF1E00000000E308C054E340C803E92D4010E59C100012
:207EC000E35100000301000108BD8010E5D1C00CE15C0000D3010002D8BD8010E5912010B4
:207EE000E1A0C200E3003508E08CC180E082000CE340300BE5D0C00DE5D0200EE1A0E10CD3
:207F0000E793320CE08EC08CE0833102E08CE001E593306CE31300061301000318BD801080
:207F2000E35200021082C00C05DEC0041081C00C05DE1005026CC04015DC4004004C400180
:207F4000E5900010EBFFFFCDE15400003301000423A00000E8BD8010000000000000000081
:207F6000E5D0C00CE35C0000E1A0040C13800001E12FFF1E000000000000000000000000EF
:207F8000E5D0C004E1A0C40CE581C000E5D02002E3520000138CC0201581C000E5D0C00398
:207FA000E35C00010591C000038CC0100581C000E5D02005E3A0C000E352000115D0200E20
:207FC0000A000008E352000005D020001A000008E301C007E3520001059120000A00000999
:207FE000E5D00001EA00000AE5912000E3822008E5812000E5D02000E352000115D000013D
:208000001A000003E5912000E3822002E5812000E5D00001E350000105910000038000019C
:2080200005810000E1A0000CE12FFF1E00000000E5D0C006E5D01007E35C0000E201000790
:208040000A000002E25CC00203800010112FFF1EE3800008E12FFF1E00000000000000008C
:20806000E92D4070E24DD008E1A04000EBFFFF8FE1B020001A00002CE3083054E340380336
:20808000E593C000E59C0010E1A0E204E08EC184E080500CE5D5000DE3001508E340100B3C
:2080A000E5D5C00EE7911200E1A0410CE0810004E1D5C0BAE580C060E1A00005EBFFFFA7B0
:2080C000E084C001E28C6010E586010CE1A0100DE1A00005EBFFFFA9E1B020001A00001292
:2080E000E59DC000E586C000E1A00005EBFFFFCFE586000CE3A0C00FE586C024E5D5C0083B
:20810000E586C018E5D5C014E35C000013A0C0091586C03CE5D5C00DE1A0018CE080C10C7A
:20812000E084C00CE083C00CE58C5004E1A00002E28DD008E8BD80700000000000000000BC
:20814000E308C054E340C803E92D4010E59CE000E35E00000301000108BD8010E5DE400CC1
:20816000E1540000D3010002D8BD8010E59E4010E1A0E200E08E0180E0840000E5810000E0
:20818000E3004508E340400BE5D0000EE5C20000E5910000E5D0000DE7940200E5830000BA
:2081A000E5910000E5D22000E5D0100DE1A03181E0831101E0811102E08CC001E59CC00412
:2081C000E150000C03A0000013010005E8BD8010E92D4000E24DD00CE28D1008E28D2004F6
:2081E000E1A0300DEBFFFFD5E3500000E59DC0081A00000DE5DC1005E3510001E5DD10047E
:208200001A000008E59D2000E0821101E5912010E3822008E5812010E59CC010E28DD00CC1
:20822000E581C078EA000001E3010007E28DD00CE8BD80000000000000000000000000005A
:20824000E92D4FF0E30870ACE3407803E597C000E1A06000E59C0000E1A0C206E08CC1868A
:20826000E080400CE1D4C0B6E24DD06CE5D42008E6EF547CE1A00005E6EF107CE58D106469
:20828000EBFFFE16E35000001A0000C3E1A00005E1A0100DEBFFFE3DE1A0C007E1A06086D8
:2082A000E5DD0000E300E408E30E7000E340E00BE59CC000E28DB004E340703FE1A0A00760
:2082C000E59CC004E086100CE5C10001E89E000FE88B000FE59D1004E5DDC000E5949000F8
:2082E000E1A00001E7CC101FE1A0C68CE08C2001E0072002E7D5069FE1802002E58D200437
:20830000E08C8001E59D2008E2497001E5D41014E00A3008E1800003E3510001E7D820179C
:20832000E58D20080A000003E351000313C00001158D00041A000001E3800001E58D0004F0
:20834000E1A0000EE28D3004E28D1014E2800010E8930388E28DE004E8810388E890008B96
:20836000E88E008BE59D1004E5D4E005E5DDB000E1A00001E7CC101FE08C1001E1A016C11D
:20838000E7D50691E5D41004E080300BE181A00EE35A0001E7C80013E58D00041A0000057D
:2083A000E35E0000059400000A000008E3510000059400000A000005E59D900CE28D8004E4
:2083C000E3A00000E28D1024E209907FEA000003E59D900CE28D8004E28D1024E209907FE2
:2083E000E1A07380E3000408E1879009E58D900CE340000BE8980F00E2800020E28D300429
:20840000E8810F00E8900303E35E0001E8830303E28D3004E59D0004E1A01000E7CC001F27
:20842000E08C0000E1A006C0E7D51690E58D1004E59D0008E28D1034E59D9008E7CC001F78
:20844000E08C0000E1A0A6C0E3000408E7D5969AE58D9008E340000BE8930F00E28000309A
:20846000E28D3004E8810F00E8900303E8830303E59D1004E28D8004E59D0004E300940864
:20848000E5DDB000E340900BE7CC101FE08C1001E1A036C1E7D50693E080A00BE28DB04412
:2084A000E7C8001AE58D0004E2893040E58D2008E28D9004E8980407E88B0407E30EB0005B
:2084C000E893000FE340B03FE889000FE59D0004E59D8064E1A01000E7CC001FE08C0000C5
:2084E000E1A006C0E1A02408E7D51690E58D1004E59D1008E1A00001E7CC101FE08C100125
:20850000E00BC001E7D5041FE18CC000E5D40014E2021C1FE181C00CE38CC008E58DC00818
:2085200013CCC010038CC010E3500002E58DC0080A000003E350000313CCC001158DC00871
:208540001A000001E38CC001E58DC008E59D000CE28DE004E200107FE28DC054E187100148
:20856000E58D100CE89E000FE88C000FE1A00005E3A02005E28D1014EBFFFDD8E3500000A2
:20858000E308C0AC1A000004E3A01001E340C803E59CC000E59CC004E7C6100CE28DD06CEA
:2085A000E8BD8FF0000000000000000000000000E92D4038E30840ACE3404803E35200008F
:2085C00005D0C008E58400001A000003E35C0000E3A000001A000006E8BD8038E1A00001B7
:2085E000EBFFFB62E594C000E5DCC008E35C000008BD8038E3A0500001A0000001A00000A1
:20860000E350000018BD8038E1A00005EBFFFF0BE594C000E2851001E6EF5071E5DCC00850
:20862000E155000CBAFFFFF5E8BD803800000000E308C0ACE340C803E59CC000E35C000029
:2086400003080001012FFF1EE5DCC008E15C0000C3A00000D3080002E12FFF1E000000008E
:20866000E3A0C014E16C0C80E300345CE340300BE793C00CE3A00001E3520000E1A0011068
:20868000058C005C158C0058E12FFF1E00000000E92D47F0E24DD018E1A04000EBFFFFE3D6
:2086A000E1B0A0001A000032EBFFE5F4E30860ACE1A07084E308A007E3406803E596C000B3
:2086C000E59C0004E0870000E5D01000E35100000A000026E3A01018E59CC000E101C18472
:2086E000E5D0E001E1D190B6E28D3008E28EC004E3A05000E1A04429E3A02001E6EF807CDB
:20870000E58D5000E1A00004E1A01008EBFFE2C7E1B0A000E6EF90791A000014E59DC0085F
:20872000E30F0FE6E34F0FBFE000C00CE58DC008E58DC000E1A01008E3A02001E1A0300547
:20874000E1A00004EBFFE2B9E1B0A0001A000007E1A01009E1A00004E1A02005EBFFFFBF50
:20876000E596C000E59CC004E7C7500CEAFFFFFFEBFFE672E1A0000AE28DD018E8BD87F048
:20878000E92D4FF0E1A07001E30810A8E24DD01CE3004488E3401803E30E5000E340400B38
:2087A000E3A0E014E202A01FE5911000E340503FE5DDC043E1A0B687E3A08000E28440102B
:2087C000E58D3014E1A0CB8CE5911000E3CCC33FE58DC010E30E3000E1091E8001A0000048
:2087E000E8941007E301EFFFE34FEC40E88D1007E340303FE59DC000E59D2010E1A0000C17
:20880000E00EC00CE3580000E7CC001FE08B0000E0030000E180000CE182C000E58DC00081
:208820001A00000EE5D90005E3500000E5D9000303CCC020058DC000E1A00300E20000C032
:20884000E3CCC0DFE180C00CE18A500CE58D5000EA00000D01A0000001A0000001A000003A
:20886000E5D90005E3500001E5D9000403CCC020058DC000E1A00300E20000C0E3CCC0DFCA
:20888000E180C00CE18A600CE58D6000E59D0014E1A0100DE3A02001EBFFFD10E288C00108
:2088A000E6EF807CE35800018A000005E2844010E3500000030E30000AFFFFC8E28DD01CC7
:2088C000EA000020E3500000E30044A81A00001CE3A08002E340400B01A0000001A00000A1
:2088E000E2844010E8941007E88D1007E59D0000E1A0C000E7CC001FE08B0000E1A006C05C
:20890000E3580002E7D5C690E087000C058D5008158D6008E7C8C010E58DC000E59D00145A
:20892000E1A0100DE3A02001EBFFFCECE288C001E6EF807CE35800038A000001E35000002B
:208940000AFFFFE6E28DD01CE8BD8FF000000000E92D4FF0E30860A8E24DD02CE3A00000B4
:20896000E3406803E1A04000E1A0B004E596C000E1A0700BE5DC1020E351000011A08004E2
:208980000A00004E01A0000001A0000001A00000E35000001A000049E59CC000E1A002043E
:2089A000E0805104E195A0BCE28D1028E6EF947AE1A00009EBFFFC75E596C000E59C000005
:2089C000E3A01014E0850000E59CC000E10CC184E5D00006E5DDE028E3500000E59C200CB3
:2089E000E58D2000E3A03002E58DE00411A0000BE58D300803A00001E58D000CE58D0010D0
:208A0000E58DB014E58D8018E58D801CE58D7020E28D1029E58D1024E59C3008E5DC20100E
:208A2000E1A00009E3A01002EBFFFC60E6EFA07AE35000001A00001BE5DDC029E58DC0009D
:208A4000E1A00004E5DD1028E1A0200AE1A03009EBFFFF4AE596C000E35000001A00001265
:208A6000E59CC000E085C00CE5DC2002E1A00009E1A0100AEBFFFC19E35000000596C000EF
:208A80001A000008E5DD2029E1A01084E5DDE028E59C3004E7C12003E59C2004E081200222
:208AA000E5C2E001EA000000E596C000E2842001E6EF4072E5DC1020E1540001BAFFFFB369
:208AC000E28DD02CE8BD8FF00000000000000000E308C0A8E340C803E92D4FF0E30064D852
:208AE000E1A0E200E59CC000E08E0180E30E7000E24DD034E1A05003E340600BE340703F1B
:208B0000E59CC008E5DD905BE08CE000E5DEC015E5DE8003E35C000001A004020A00003F06
:208B2000E8961019E88D1019E59DC000E59D3004E59E0004E1A04681E7CCC01FE084B00C77
:208B4000E59DA000E7D83010E1A0B6CBE1A0100DE28DC010E58D3004E7D5A69BE58DA00060
:208B6000E2860010E8910C0AE88C0C0AE890100BE1A09B89E88D100BE301BFFFE59D000474
:208B8000E34FBC40E59D1000E1A02402E3C9933FE1A03001E7CC001FE00BC001E7CC301FBE
:208BA000E084B000E084A003E1A00007E007100AE000300BE181C00CE59D1004E202AC1F83
:208BC000E189C00CE5DEB016E28DE020E7D5141FE1830001E18A1000E7C8C41BE58DC000D8
:208BE000E7C61298E58D1004E89D100EE88E100EE3A02002E1A00005E28D1010EBFFFC378A
:208C0000E3500000128DD0341A000039E3A02000E3A01001EA00000701A0000001A00000C1
:208C2000E3A02002E1A0CB89E3CC933FE1A04681E3A01000E200AC1FE286C020E89C50098C
:208C4000E88D5009E59DC004E59D0000E2011003E7CCC01FE7CC001FE084E00CE084300040
:208C6000E59DB004E1A0E6CEE59D6000E1A036C3E1A00682E7D5B69EE7D56693E1A0E6AB4D
:208C8000E1A026A6E1A0E68EE7D5B41FE04E4000E0074004E1A0E682E3012FFFE184C00B3F
:208CA000E34F2C40E04E3000E1A0B208E18AC00CE0020006E20B4070E0072003E30F3F8FF7
:208CC000E1820000E34E37FFE1890000E003C00CE18CCD81E58D0000E184C00CE58DC0041D
:208CE000E1A00005E3A02001E1A0100DEBFFFBFBE28DD034E8BD8FF0000000000000000035
:208D0000E92D4FF0E308B0A8E24DD02CE3A00000E340B803E1A05000E59BC000E5DC10212C
:208D2000E351000013A0A0010A00004FE1A07005E1A0800001A0000001A0000001A0000078
:208D4000E35000001A000048E59CC008E3A00018E104C085E1D490B0E28D1029E6EF647921
:208D6000E1A00006EBFFFB89E5D4C015E6EF9079E35C000005CD70280A00001CE5D4C00842
:208D8000E5DD0029E35C0000E5941010E2800001E58D1000E6EF0070E58D000411A0C008F7
:208DA000E58DA00801A0C00AE58DC00CE58DC010E58D8014E58DA018E58D801CE58D70206E
:208DC000E28DC028E58DC024E5D42014E594300CE3A01002E1A00006EBFFFB74E35000009C
:208DE0000A000002E59BC000EA00001A01A00000E5DDC028E58DC000E1A00005E5DD102925
:208E0000E1A02009E1A03006EBFFFF30E35000001A00000FE5D42002E1A00006E1A0100980
:208E2000EBFFFB2EE3500000E59BC0001A000009E5DD2028E1A01085E5DDE029E59C300CE1
:208E4000E7C12003E59C200CE0812002E5C2E001EA000000E59BC000E2852001E6EF507246
:208E6000E5DC1021E1550001BAFFFFB4E28DD02CE8BD8FF0000000000000000000000000CE
:208E8000E92D4030E24DD034E8905018E88D5018E59DC000E08236ACE7D5C693E58DC0008F
:208EA000E59DC004E08246ACE1A0E00DE28D3010E7D5C694E58DC004E2800010E89E503037
:208EC000E8835030E8905009E88D5009E59DC000E08206ACE7D5C690E082000CE28D202083
:208EE000E7C8C010E58DC000E1A00001E89D500AE882500AE3A02002E28D1010EBFFFB770C
:208F0000E28DD034E8BD80300000000000000000E92D41F0E24DD070E280C020E5DD608BE4
:208F2000E89C5030E88D5030E59D4000E1A0C686E1A0E004E7CC401FE08C4004E1A046C4F7
:208F4000E1A01401E7D5E694E58DE000E2011C1FE59D4004E30E5000E59DE004E340503FB6
:208F6000E3520000E7CC401FE7D5E41FE08C7004E08C4004E0057007E0054004E18E500710
:208F8000E18EE004E1814005E181100E13C11060E58D400413811010158D1004E1A0E00D85
:208FA000E28D1010E2802030E89E40B0E88140B0E8924016E88D4016E59D1000E1A02001D2
:208FC000E7CC101FE08C1001E1A016C1E7D52691E58D2000E59D1004E7CC101FE59D400497
:208FE000E08C1001E1A056C1E1A0100DE28D8020E7D54695E58D4004E2802040E89140B037
:20900000E88840B0E8924016E88D4016E59D2000E1A01002E7CC201FE08C2002E1A026C237
:20902000E7D51692E0864001E7C81014E58D1000E28D2030E89D01B0E280E050E1A0100DAB
:20904000E88201B0E89E4034E8814034E59D2000E1A01002E7CC201FE08C2002E1A026C200
:20906000E7D51692E0864001E7C81014E58D1000E28D2040E89D01B0E280E060E1A0100D4B
:20908000E88201B0E89E4034E8814034E59D2000E1A01002E7CC201FE08C2002E1A026C2C0
:2090A000E7D51692E0864001E1A0700DE28D8050E7C81014E58D1000E2806070E8974032F0
:2090C000E8884032E8964007E88D4007E59D1000E7CC101FE59D0000E08CC001E1A016CCA7
:2090E000E28DC060E7D50691E58D0000E89D4007E88C4007E1A00003E3A02006E28D1010D9
:20910000EBFFFAF6E28DD070E8BD81F000000000E92D4FF0E24DD034E1A05002E5DD206310
:20912000E5DDC05FE58DC030E1A07682E3A06000E1A0C401E1A04000E20C9C1FE084C28634
:20914000E5DD8067E1A00403E5DDB05BE200AC1FE89C1007E3580000E88D1007E59DC000C0
:20916000E30E1000E340103FE1A0000CE7CCC01FE087C00CE1A0C6CCE7D5069CE58D000047
:20918000059DC00411A0000807E806DCE59DC004E0870680E0010000E7D5C41FE180C00CFF
:2091A000E3550000E189C00CE58DC0040A000006E20C00F8E350002013CCC0F803CCC0F8A4
:2091C000038CC040138CC020E58DC004E1A0100DE1A00286E2800010E28DC010E891400E2C
:2091E000E0840000E35B0000E88C400EE8901007E30EE000E340E03FE88D1007E59DC0009B
:20920000E1A0000CE7CCC01FE087C00CE1A0C6CCE7D5069CE58D0000E59D0004E1A0C00052
:20922000E7CC001FE0870000E00E0000E7D5C41FE180C00CE18AC00CE58DC0040A000006BE
:20924000E20C00F8E35000C013CCC03803CCC018038CC0E0138CC0C0E58DC004E28DC020E4
:20926000E89D000FE88C000FE59D0030E3A02002E28D1010EBFFFA99E286C001E6EF607C9A
:20928000E35600018A000002E084C286E35000000AFFFFAEE28DD034E8BD8FF000000000DC
:2092A000E92D4FF0E24DD014E3500001E5DD904315DDC053E5DDA047E5DDB04B03A0C000AF
:2092C000058DC010E5DD803FE5DD703B158DC010E1A04001E58D9000E1A05002E58DA0041F
:2092E000E1A06003E58DB008E3A0C000E58DC00CE1A01003E1A02008E0840205E1A030077F
:20930000EBFFFF82E35000001A00000EE58D8000E58DA004E58DB008E59DC010E285000498
:20932000E58DC00CE1A01007E1A03006E1A02009E0840200EBFFFF75E59DC04CE285100825
:20934000E0841201E58C1000E28DD014E8BD8FF0E92D4FF0E24DD0C4E5D0C009E58DC0C016
:20936000E1D050B2E5D02004E1D060B6E5D0B005E5D0C008E1D070BAE58DC0BCE5D0C00D68
:20938000E58DC0B8E5D0C00CE58DC0B4E5D0C00FE58DC0B0E5D0C010E58DC0ACE5D0C0112D
:2093A000E58DC0A8E5D0C00EE58DC0A4E6EF9075E1A01009E6EF4475E1A00004EBFFF9C749
:2093C000E3500000E6EF8076E6EFA0771A0000EDE59D20BCE1A00004E1A01008EBFFF9BF7E
:2093E000E35000001A0000E7E59D20B4E1A00004E1A0100AEBFFF9B9E35000001A0000E1F9
:20940000E1A00004E28D1020EBFFF9E0E30F0E00E5DD2020E1A01004E340000AEBFFFE9722
:20942000E35000001A0000D7E5DD0020E59D20B8E58D0000E1A0100AE30F0E00E1A030040A
:20944000E340000AEBFFFEB1E35000001A0000CDE58D8000E59DC0C0E58DB004E59D00A4EC
:20946000E58DC008E58D400CE5DDC020E58DC010E28DE01CE58DE014E3A0C017E58DC0189B
:20948000E30F1E00E1A03009E3A02008E340100AEBFFFF82E35000001A0000BAE59D001C0A
:2094A000E28DC024E890000FE88C000FE5DDC020E59D0024E28DB024E1A0C68CE7CC001F1F
:2094C000E59D2024E08C0000E1A036C0E28DA034E7D52693E58D2024E89B400EE88A400EE4
:2094E000E59D101CE2811010E28D9024E891400EE889400EE59D1024E1A00001E7CC101F78
:20950000E08C1001E1A026C1E5DD8020E28DB024E7D50692E0803008E28DA044E7C80013C0
:20952000E58D0024E89B400BE88A400BE59D101CE2811020E28D9024E891400EE889400E20
:20954000E59D0024E1A01000E7CC001FE08C0000E1A006C0E1A08405E59DB0B0E7D5169001
:20956000E58D1024E30E2000E59D1028E208EC1FE35B0001E1A00001E340203FE7CC101F60
:20958000E7D5041FE08C3001E0023003E08C1001E1803003E0021001E1800001E18E100352
:2095A000E58D1028E28DB024E18E100013C1003803C10018138010C0038010E0E28D0054BE
:2095C000E58D1028E89B402AE880402AE59D101CE2811030E28DA024E891402AE88A402ADF
:2095E000E59D0024E1A01000E7CC001FE08C0000E1A006C0E59D80ACE7D51690E58D1024F9
:20960000E59D1028E1A09406E3580001E1A00001E2093C1FE28DB024E7D5041FE7CC101F6D
:20962000E08C1001E0021001E1810000E183100013C10038E58D102803C10018138010C0EF
:20964000038010E0E28D0064E58D1028E89B402AE880402AE59D101CE2811040E28DA024C7
:20966000E891402AE88A402AE59D0024E1A01000E7CC001FE08C0000E1A006C0E59D60A8E5
:20968000E7D51690E58D1024E59D1028E1A09407E3560001E1A00001E2098C1FE28DB02457
:2096A000E7D5041FE7CC101FE08C1001E0021001E1810000E188100013C10038E58D1028E8
:2096C00003C10018138010C0038010E0E28D0074E58D1028E89B400EE880400EE59D101C16
:2096E000E2811050E28DA024E891400EE88A400EE59D1024E1A00001E7CC101FE08C100156
:20970000E1A026C1E5DD9020E28D8024E7D50692E0803009E28D7084E7C80013E58D0024B4
:20972000E898400BE887400BE59D101CE2811060E28D6024E891400EE886400EE59D1024F7
:20974000E7CC101FE59D0024E08CC001E1A016CCE5DD5020E28DA024E7D50691E1A0C000F8
:20976000E0802005E28DB094E7C8C012E58DC024E89A100EE88B100EE3A02007E1A000047A
:20978000E28D1034EBFFF955E28DD0C4E8BD8FF0E92D4FF0E5D0C00CE1D010B2E5D0200495
:2097A000E5D09009E5D0A008E5D0B00DE24DD05CE5D05007E5D0600BE58DC058E5D0C00EF8
:2097C000E6EF7071E58DC054E6EF4471E5D08005E1A01007E1A00004EBFFF8C0E350000097
:2097E0001A00008EE1A00004E1A01005E1A0200AEBFFF8BAE35000001A000088E59D205890
:20980000E1A00004E1A01006EBFFF8B4E35000001A000082E1A00004E28D1020EBFFF8DBE6
:20982000E1A01004E300A070E5DD2020E340A00BE1A0000AEBFFFD91E35000001A00007709
:20984000E28A0020E28DC024E890000FE88C000FE5DDC020E59D0024E1A0C68CE1A0100073
:20986000E7CC001FE08C0000E1A006C0E35B0000E7D51690E58D1024E59D1028E1A0E406F8
:20988000E30E6000E20EBC1FE1A00001E340603FE7CC101FE7D5041FE08C3001E0063003F1
:2098A000E08C1001E1803003E0061001E1800001E18B0000E18B100313C00060E28D30245D
:2098C000E58D102813800010158D0028E28D1034E8934848E28A0030E28D2024E88148486B
:2098E000E890400BE882400BE59D1024E7CC101FE59D0024E08CC001E1A016CCE5DDB02090
:20990000E28DE024E7D50691E1A0C000E080200BE28D6044E7C8C012E58DC024E89E100E27
:20992000E886100EE3A02002E1A00004E28D1034EBFFF8EAE35000001A000038E58D5000AB
:20994000E58D8004E58D9008E59D0054E58D400CE5DDC020E58DC010E28DE01CE58DE014BE
:20996000E3A0C00EE58DC018E1A0100AE3A02004E1A03007EBFFFE49E35000001A000027AD
:20998000E59D001CE28DC024E890000FE88C000FE59DC024E5DD0020E28DB024E7CCC01FAF
:2099A000E1A01680E59D2024E081C00CE1A036CCE28DA034E7D52693E58D2024E89B400DDC
:2099C000E88A400DE59D001CE2800010E28D9024E890400DE889400DE59D0024E1A0C0002B
:2099E000E7CC001FE0810000E1A016C0E5DD8020E28D6024E7D5C691E08C2008E28D7044BE
:209A0000E7C8C012E58DC024E896100EE887100EE3A02002E1A00004E28D1034EBFFF8AFD8
:209A2000E28DD05CE8BD8FF00000000000000000E92D47F0E1D0C0B2E5D02004E5D09008D1
:209A4000E5D0A00EE5D05007E5D08009E24DD058E5D07005E6EF607CE1A01006E6EF447CFB
:209A6000E1A00004EBFFF81DE35000001A000049E1A00004E1A01005E1A02009EBFFF8170E
:209A8000E35000001A000043E1A00004E28D1020EBFFF83EE1A01004E3009150E5DD202097
:209AA000E340900BE1A00009EBFFFCF4E35000001A000038E58D5000E58D7004E58D80085D
:209AC000E58D400CE5DDC020E58DC010E28DE01CE58DE014E3A0C00CE58DC018E1A0000AEF
:209AE000E3A02002E1A01009E1A03006EBFFFDEBE35000001A000027E59D001CE28DC02439
:209B0000E890000FE88C000FE59DC024E5DD0020E28DA024E7CCC01FE1A01680E59D202451
:209B2000E081C00CE1A036CCE28D9034E7D52693E58D2024E89A400DE889400DE59D001CEC
:209B4000E2800010E28D8024E890400DE888400DE59D0024E1A0C000E7CC001FE0810000E4
:209B6000E1A016C0E5DD7020E28D5024E7D5C691E08C2007E28D6044E7C8C012E58DC024C9
:209B8000E895100EE886100EE3A02002E1A00004E28D1034EBFFF851E28DD058E8BD87F0DB
:209BA000E300C548E202201FE340C00BE92D4070E308E0A8E24DD010E89C1070E340E8034A
:209BC000E88D1070E59E4000E1A05100E59DC000E0850080E1A0E00CE5945018E3014FE073
:209BE000E7CCE01FE0850000E30E5000E34F4FC0E340503FE08E1681E005E001E5D0100486
:209C0000E004C00CE18EC00CE182C00CE7C5C291E58DC000E5D01003E1A00003E351000079
:209C2000038CC0C00A00000DE351000103CCC0400A000007E351000213CCC0C0158DC000F2
:209C40001A000007E3CCC080E38CC040E58DC000EA000003E38CC080E58DC000EA0000009B
:209C6000E58DC000E1A0100DE3A02001EBFFF81BE28DD010E8BD807000000000000000008F
:209C8000E92D41F0E30850A8E3405803E3520000E5850000E24DD008E1A000010A000002E8
:209CA000EBFFF5B2E35000001A00005BEBFFFB27E35000001A000058EBFFFC10E595C0008A
:209CC000E3A04000E5DC1022E35100000A000025E35000001A000023E59C0010E1A0C20423
:209CE000E08CC084E080600CE1D6C0B2E1A0042CE1A0100DEBFFF7A5E595C000E5DD0000EE
:209D0000E59C1014E7C40001E5D60000E35000000A00000CE25000010A000006E250000178
:209D2000130500011A00000AE1A00006EBFFFD87E595C000EA000006E1A00006EBFFFE93C5
:209D4000E595C000EA000002E1A00006EBFFFF37E595C000E2842001E6EF4072E5DC1022FB
:209D6000E1540001BAFFFFD9E5DC1023E3A04000E3A08006E35100000A00002701A0000056
:209D8000E35000001A000024E1600884E59CC018E19C70B0E1A0100DE6EF6477E1A00006BA
:209DA000EBFFF77AE1A00004E6EF7077E5DD1000E1A03006E1A02007EBFFFF78E350000042
:209DC0001A00000FE595C000E59C0018E1A0E104E08EC084E080C00CE5DC2002E1A01007C8
:209DE000E1A00006EBFFF73DE35000000595C0001A000003E5DD1000E59C201CE7C41002C8
:209E0000EA000000E595C000E2842001E6EF4072E5DC1023E1540001BAFFFFD8E28DD0080F
:209E2000E8BD81F0000000000000000000000000E3500002A3070008A12FFF1EE350000005
:209E4000E300046803A0C00013A0C014E340000BE790C00CE59C0000E3800801E58C0000FA
:209E6000E3A00000E12FFF1E0000000000000000E308C098E340C803E92D4008E300245844
:209E8000E3A00002E5DC3003E340200BE3A01000E28CC00401A0000001A0000001A0000053
:209EA000E35300000A000007E351000003A0300013A03014E0823003E5933004E593E000C4
:209EC000E38EE001E583E000E250000115DC3003128CC004E28110011AFFFFF0E8BD800886
:209EE000E92D4008E3A0C000E58DC000EBFFDDC7E8BD8008000000000000000000000000D4
:209F0000E3500000E92D40080A00001BE5D0C001E15C0001DA000001E3510008BA00000303
:209F2000E3090002E8BD800801A0000001A00000E5D0C000E300E340E340E00BE1A0018C2D
:209F4000E080C10CE08EC00CE59C0004E3500000159CC0000A000008E08CC101E59CC09858
:209F6000E7E6C45CE080C10CE582C000E3A00000E28CCC02E583C000E8BD8008E30900019F
:209F8000E8BD8008000000000000000000000000E92D4010E3084000E3404803E24DD0187E
:209FA000E594C004E3A00CE1E1CD00B0E1CD00B2E59C2018E1CD00B4E5DC1014E5940000BD
:209FC000E1D220B0E1A0300DEBFFFFC4E35000001A00003BE594C004E5940000E5DC101470
:209FE000E2842010E2843014EBFFFFC4E35000001A000033E594C004E59C201CE3A01B0359
:20A00000E1CD10B0E5940000E5DC1015E1D220B0E1A0300DEBFFFFB1E35000001A00002823
:20A02000E594C004E5940000E5DC1015E2842018E284301CEBFFFFB1E35000001A0000202D
:20A04000E594C004E5940000E5DC1015EBFFDDE7E35000001A00001AE3A01CC5E1CD10B875
:20A06000E3A0EC12E1CDE0B2E3A0CCA6E1CDC0B4E3A03B09E1CD30B6E3A00CA3E1CD00BA13
:20A08000E5941004E3A02C11E1CD20B0E3A0ECA5E1CDE0BCE3A0C903E1CDC0BEE3A03CAAB3
:20A0A000E1CD31B0E591C020E3A0EC36E1CDE1B2E5940000E5D11016E1DC20B0E1A0300D35
:20A0C000EBFFFF86E28DD018E8BD801000000000E92D4070E3084000E3404803E594C004E9
:20A0E000E1A05000E5940000E24DD008E5DC1015E1A0200DEBFFDC9DE3500000E5DDC00063
:20A100001A00001FE35C00000594C0041A00001CE3A06000E59C1028E3510000E5DD100092
:20A120000A00001301A0000001A0000001A00000E35000001A000012E35100001A00000C66
:20A14000E59CC024E12FFF3CE594C004E5940000E5DC1015E1A0200DEBFFDC84E594C0047E
:20A16000E2866001E59C1028E1560001E5DD10003AFFFFEEE350000005DDC000035C0000F9
:20A1800001A00005E28DD008E8BD807000000000E3510000E92D4008E3A0C0000A0000114D
:20A1A000E30F3300E2402002E1A0000CE34F3FFFE1F2E0B201A0000001A0000001A00000F1
:20A1C000E2800001E003E00EE35E0A0A1304C006E1510000E6FFC07C9A000002E35C0000EB
:20A1E00001F2E0B20AFFFFF5E1A0000CE8BD8008E92D4038E1A04001E1A05000E30400100B
:20A20000EBFFFFB2E1A0C005E350000018BD8038E3085000E3405803E5950018E5951004C4
:20A22000E1C0C0B2E5950000E5D11015EBFFDD6FE350000018BD8038E3040011EBFFFFA33C
:20A24000E350000018BD8038E595C01CE3540000E1DCC0B2E1CDC0B015DDC00115C4C00018
:20A26000E1A0000DE3A01001EBFFFFC8E8BD8038E92D41F0E1A06003E1B07000E1A0800180
:20A280000A000040E3580000E30840000A00003DE3404803E594C000E35C000013040002C8
:20A2A00018BD81F0E35200000A000002EBFFEC4FE35000001A00002EE3A00000E584002467
:20A2C000E584000CE1A0C000E5C4C028E5C4C029E284502AE5C4C008E5C4C020E5C5000021
:20A2E000E5C4C02BE5C4C02CE5C4C02DE5C4C02EE5C4C02FE5C4C030E5C4C031E5C4C032A2
:20A30000E5848004E5847000EBFFFF20E35000001A000017E3A00B03E1A01005EBFFFFB347
:20A32000E350000005D5C0001A000011E35C00300A000007E35C00210A000005E35C0020D7
:20A340000A000003E35C0011135C00101304000F1A000007E356000008BD81F0E3A00C06D6
:20A36000E1A01006EBFFFFA1E350000005D5C0000A000002E3A0C000E584C000E8BD81F061
:20A38000E5C6C001E8BD81F0E3040001E8BD81F0E92D47F0E1A05002E59D6020E1A070002A
:20A3A000E5DD4027E1A08001E1A02006EBFFDC0BE350000018BD87F0E35300000309000138
:20A3C00008BD87F0E597C004E3A01005E3540000E10CC1880A000004E5DCC004E15C000428
:20A3E000AA000002E3090010E8BD87F0E5DC4004E5D7C000E3002340E340200BE1A0118C66
:20A40000E081C10CE082100CE7E1C455E3A05000E1A0A20CE5912000E082E108E08A218CB5
:20A42000E591A004E0879002E59E8098E3001202E1C350B0E081200AE5D9E018E7E6145859
:20A44000E35E0010E3A0E018CA000033E10C7E8CE5DCC018E35C0008E084C001DA00002E2F
:20A46000E6EFC07CE15C0001D8BD87F0E04CE001E35E0002E021400CE204A001E1A0C0CE4E
:20A48000BA00001AE1A0E101E08E4002E2444002E08E5002E2429002E246600401A00000CA
:20A4A000E1D370B0E281E001E0D480B8E6EFE07EE1887007E1C370B0E1A0E10EE0D570B874
:20A4C000E1E670B4E19980BEE2811002E1D370B0E25CC001E6EF1071E1887007E1C370B097
:20A4E000E192E0BEE1C6E0B21AFFFFECE2866004E35A0000D8BD87F0E1A0C101E1D310B042
:20A50000E082E00CE15EE0B2E18E1001E1C310B0E192C0BCE1C6C0B0E8BD87F0E309000129
:20A52000E8BD87F0000000000000000000000000E92D4000E24DD00CE59DC010E58DC0001A
:20A54000E3A0E000E58DE004EBFFFF90E28DD00CE8BD800000000000000000000000000059
:20A56000E92D4FF0E3084000E24DD034E1A05000E3404803E1A06001E594C000E35C00008F
:20A58000030400030A0000C2E355000013560000030400090A0000BEE3A0C000E5C6C000BE
:20A5A000E5D4C020E35C00001A00000CE594C004E5940000E5DC1016EBFFDC8CE35000007B
:20A5C000128DD0341A0000B3E3A0C001E28DD034E5C4C020EA0000AF01A0000001A00000F0
:20A5E000E594C004E5940000E5DC1016E28D2004EBFFDB5EE3500000E5DDC0041A0000A491
:20A60000E35C00000A0000A2E3A0C001E5C6C000E594C004E28D0008E58D0000E59C2020B9
:20A62000E5940000E5DC1016E1D220B0E28D3006EBFFFFBEE35000001A000095E28D000892
:20A64000E3A0100AEBFFFED1E1B060000A000007E594C004E5940000E5DC1016EBFFDC63DC
:20A66000E1A00006EA00008A01A0000001A00000E5DD300DE1A0C243E20C0002E20CC00179
:20A68000E18C0000E5DDC00FE1A011CCE2012002E5C50004E1A0E0CCE1A002ACE3C0800329
:20A6A000E1DD70BEE7E012DCE1821001E2070002E5D59004E20E2004E1822001E188100932
:20A6C000E1DD60BAE1810100E58D0020E5DD100BE20CB004E1A00346E1A07321E182A08BC1
:20A6E000E1DDE0BCE7C07010E5DD2019E1A06323E1DDB1B0E1A0034EE5C5A007E202800F22
:20A70000E5C5801EE7C06010E5DDE009E7E002DBE58D0028E1DDB0B8E59D8028E20E0001B0
:20A72000E5C50001E5C5800CE7E000DBE5DDB011E5C50000E203A002E5DDE013E20B000739
:20A74000E5C5000EE7E09252E5DD0015E7E0225BE58D202CE7E081DEE2002001E5C5201AB0
:20A76000E20EB001E5C5B014E1A02143E58DA01CE202B002E5C57002E2022001E1DD71B21F
:20A78000E182200BE5C58011E1A0B24CE5C52005E20BB004E58DB024E1A0200AE59DB020BE
:20A7A000E203A001E5C5B004E18A2002E5C52006E5DD301BE5D5A005E2018001E59D2024C2
:20A7C000E1A033A3E5C56003E20CB001E1DD61B6E182200AE5C5301FE7E0A151E5C5A00A0E
:20A7E000E182C18BE59D302CE1A0A241E5C5300DE7E0B2D7E5C5C005E7E0225EE5C5B00F12
:20A80000E20A3002E1DDB1B8E206C007E5C52010E7E070DEE5C5901DE7E021D0E5C5C01BC1
:20A82000E7E092DBE5C53008E1A061C1E5C57013E201C002E5C52017E7E070D0E5C5901C4F
:20A84000E7E022D0E5C57019E206A001E5C52016E188B00CE5C5B00BE7E07150E5C570185F
:20A86000E7E0115EE5C51012E2067002E5942004E1A0E320E5C5E015E18AC007E5C5C00917
:20A88000E5940000E5D21016EBFFDBD8E28DD034EA000000E28DD034E8BD8FF000000000D1
:20A8A000E92D4070E1A05000E24DD008E1A06001E1A04002E3A01000EBFFFE4CE1B0C0003D
:20A8C000E1A000061A000008E1A0100DEBFFFE47E3500000E5DDC0001A000003E20500FF4A
:20A8E000E150000CE3A000000A000001E1A00004EAFFFFFFE28DD008E8BD80700000000045
:20A90000E92D4FF0E3084000E24DD014E3045003E3404803E594C000E35C000015D4C008D3
:20A920000A0000D7E35C0000130400041A0000D5E3A06001E30B0B55E3A01000E5C4600817
:20A94000EBFFFE2AE1B050001A0000C9E5940004E594C004E5D00012E5C4002FE5DCC01334
:20A96000E5C4C02EE1A0100DE3A00CAFEBFFFE1FE1B050001A0000BEE594C004E5DCC000E6
:20A98000E5DD0000E20CC001E3C0007FE30BE700E180C30CE5DD7000E6EFC07CE5CDC0006A
:20A9A000E34FEFFFE18EC00CE3A01CAFE6FF007CE1A02006EBFFFFB9E594C004E1A0600026
:20A9C000E5DD1000E1A073A7E5C41032E5DC1002E5DC0001E5DCB003E1A03301E5DCC004DC
:20A9E000E2032040E2033040E1A01380E1822001E1811003E1A0028BE5D4B02AE3C2E0305A
:20AA0000E3C12030E2003020E2008020E20CA001E20C9001E188E00EE1833002E18E020A18
:20AA2000E5CD0000E1831209E35B0010E6EF00711A000003E20CC001E3C00030E180C28C03
:20AA4000E5CDC000E5DDC000E3090500E34F0FFFE180C00CE3A01B12E6FF007CE3A02002EE
:20AA6000EBFFFF8EE594B004E5DDC000E58D0004E5C4C031E5DB0005E5DBC006E18CC20026
:20AA8000E1A0C08CE30DAB00E6EFC07CE5CDC000E34FAFFFE18AC00CE3A01A03E6FF007CB3
:20AAA000E3A02004EBFFFF7DE5949004E5DDC000E58D0008E5C4C02CE5D90007E5D9C008A0
:20AAC000E18CC080E1A0C28CE3098F00E6EFC07CE5CDC000E34F8FFFE188C00CE3A01B0F5A
:20AAE000E6FF007CE3A02008EBFFFF6CE594C004E58D000CE5DC0009E5DCC00AE18CC18037
:20AB0000E187C20CE38CC064E6EFC07CE5CDC000E3A01C3AE38C0C35E3A02010EBFFFF5F65
:20AB2000E594C004E5DCC00CE5CDC000E3A01C59E1A0B000E38C0C7EE3A02020EBFFFF57B4
:20AB4000E594A004E5DDC000E5C4C030E5DAC00DE1A0A000E3090900E5CDC000E34F0FFF69
:20AB6000E180C00CE3A01C39E6FF007CE3A02040EBFFFF4AE5948004E5DDC000E5C4C02B46
:20AB8000E1A09000E5D8000EE5D8C00FE18CC200E6EFC07CE5CDC000E3A01B1EE38C0C77ED
:20ABA000E3A02080EBFFFF3DE5947004E5DDC000E5C4C02DE1A08000E5D70010E5D7C011ED
:20ABC000E18CC200E6EFC07CE5CDC000E3A01C56E38C0C7BE3A02C01EBFFFF30E594C004D2
:20ABE000E5DCC00BE1A0C10CE1A07000E38CC010E3090300E6EFC07CE5CDC000E34F0FFF99
:20AC0000E180C00CE3A01B11E6FF007CE3A02C02EBFFFF22E59DC004E59DE008E59D300CCD
:20AC2000E18CC006E6FF107CE18EC001E6FF107CE183C001E6FFC07CE18BC00CE6FFC07C30
:20AC4000E18AC00CE6FFC07CE189C00CE6FFC07CE188C00CE6FFC07CE187C00CE6FFC07C9A
:20AC6000E180C00CE6FF607CE356000013865B120A000003E1A00005E3A0C000E5C4C00860
:20AC8000EA000000E1A00005E28DD014E8BD8FF0E020C001E020C42CE021C00CE020C42C5F
:20ACA000E020C42CE021C00CE28CC001E6EF007CE12FFF1E0000000000000000000000002A
:20ACC000E92D4070E1A04000E1A05001EBFFDE17E3540000E1A030000A000018E3550000FA
:20ACE0000A000016E593600CE5931010E1A00006EBFFFFE6E1A02000E6EFE471E152000E56
:20AD0000E30C0010E6EFC071E6FF187118BD8070E30A2AF0E152000118BD8070E35C0003B9
:20AD200088BD8070E356000008BD8070E5C4C000E3A00000E593C00CE585C000E8BD807001
:20AD4000E30C0011E8BD80700000000000000000E308C008E340C803E92D4070E1A0400234
:20AD6000E24DD008E5DCC000E1A06000E1A05001E35C0000030400050A000019E3A00CAAF1
:20AD8000E1A0100DEBFFFD19E35000001A000014E356000015DDC000120CC0DF15CDC0006A
:20ADA000E355000015DDC000120CC0EF15CDC000E354001035DDC00037C3C01435CDC00091
:20ADC000E5DDC000E30A0900E34F0FFFE180C00CE6FF007CE3A01000EBFFFD04E28DD00868
:20ADE000EA000000E28DD008E8BD807000000000E308C008E340C803E92D4008E5DCC0000D
:20AE0000E35C0000030400050A00000FE3A00B11E1A0100DEBFFFCF5E350000018BD800826
:20AE2000E5DDC000E38CC002E5CDC000E5DDC000E3090300E34F0FFFE180C00CE6FF007CAE
:20AE4000E3A01000EBFFFCE9E8BD8008E8BD8008E30ECD00E92D4070E34FCFFFE1A04001F0
:20AE6000E18CC000E1A06003E6FF007CE3A01C2EEBFFFE8AE1A05000E3A01C05E1A0200605
:20AE8000E3840C09EBFFFE85E180C005E6FF007CE8BD8070000000000000000000000000AD
:20AEA000E92D4008E3A00B03E3A01000EBFFFCCFE350000018BD8008E3A00C36E1A0100D68
:20AEC000EBFFFCCAE350000018BD8008E5DD0000E308C000E340C803E30012C0E1A00E0093
:20AEE000E340100BE59C2010E0810CA0E58C000CE59C100CE1D000B0E59CE010E1C200B215
:20AF0000E1D130B2E59C000CE59C2010E59C1004E1CE30B6E1D030B4E59C0000E1C230BA92
:20AF2000E5D11014EBFFDA31E8BD800800000000E310000413A0C00115C1C000E12FFF1EE7
:20AF4000E92D41F0E1A07000E1B0500203040009E1A0800108BD81F0EBFFDBC8E3084000D6
:20AF6000E3404803E594C004E5DCC012E30E0D00E34F0FFFE180C00CE3A01C2EE6FF007CFA
:20AF8000E3A02001EBFFFE45E3500000E3A06B121A000006EBFFFFC1E358000013A0C00134
:20AFA00015C4C028E1A06000E5C57000EAFFFFFFEBFFDC62E1A00006E8BD81F00000000029
:20AFC000E92D4010E308C028E1B0400003040009E340C80308BD8010E5DCC000E35C000054
:20AFE0000A000004E3A01001E3A00002E1A02004EBFFFFD2E8BD8010EBFFFFA8E308100009
:20B00000E3401803E3A0C001E5C1C028E5C4C000E8BD801000000000000000000000000082
:20B02000E1B0200103040009012FFF1EE31000020A000002E3A00003E3A01000EAFFFFBF40
:20B04000E1B0CF800A000002E3A00004E3A01000EAFFFFBAE3A00000E12FFF1E0000000098
:20B06000E92D43F0E3084000E24DD00CE1A07002E3404803E1A05001E1A09000E1A0600329
:20B08000E5D4C008E35C0000030400050A000051E35500001357000013560000030400096E
:20B0A0000A00004CE3A08000E5C58000E5C78000E5C68000E594C004E5940000E5DC10141B
:20B0C000E1A0200DEBFFD8A9E3500000E5DDC0001A000040E35C0000030400080A00003DB3
:20B0E000E594C014E1DC10B2E1CD10B4E1DC00B6E1DCC0BAE1CDC0B8E1CD00B6E3A0100348
:20B10000E28D0004EBFFFC21E350000013A0C00115C6C000E28D1001E3A00C4EEBFFFC33FD
:20B12000E3500000E5DDC0011A00002AE31C00020A000006E5DD0001E1A01007EBFFFF7B45
:20B14000E1A00005EBFFFF9DE28DD00CEA000022E594C00CE1DCC0B6E3590000E6EF007C87
:20B1600001E0C00C06EF007CE30EC100E34FCFFFE18CC000E5C48028E6FF007CE1A0100887
:20B18000EBFFFC1AE35000001A000012E3A00C4EE28D1002EBFFFC15E35000001A00000D9D
:20B1A000E5DD0002E1A01007EBFFFF60E5DD0002E1A01005EBFFFF99E350000005D5C00041
:20B1C0001A000004E35C00001A000002EBFFFF33E28DD00CEA000000E28DD00CE8BD83F042
:20B1E000E92D4070E3084000E24DD008E1A05000E3404803E5D4C008E35C0000030400054C
:20B200000A00003FE3550000030400090A00003CE3A0C000E5C5C000E594C024E35C000806
:20B22000230400072A000036E35C00001A000014EBFFDB12E3A00001E1A01000E3A0300272
:20B24000E1A02000EBFFFF01E35000001380CB121A000007E3A00C4EE28D1001EBFFFBE37A
:20B26000E1B060001A000003EBFFFF0CE1A06000EA000000E6FF607CEBFFDBB0E594C0246D
:20B28000EA00001CE3A00001EBFFFF74E1B060001A000017E3A00CC5E1A0100DEBFFFBD3FB
:20B2A000E5DDC000E1B060001A000011E7DFC19FE6EFC07CE35C00001A00000DE3A0007F51
:20B2C000E3A02001E3A0101FE3A03002EBFFFEDFE3500000E3A0C0011A000003E5C5C0009E
:20B2E000E3A0E008E584E024EA000001E380CB12E6FF607CE594C024E1A00006E28CC00177
:20B30000E584C024E28DD008E8BD807000000000E92D4010E24DD008E1A04000E3A00C3A0D
:20B32000E1A0100DEBFFFBB1E35000001A000006E5DDC000E7C3C194E6EFC07CE5CDC00082
:20B34000E38C0C35E3A01000EBFFFBA8E28DD008E8BD8010000000000000000000000000A1
:20B36000E3500000189000060A000006E5D0C007E1A02422E1822C01E1A01421E8800006E5
:20B38000E1A0000CE12FFF1EE3A00000E12FFF1EE3081000E3401803E92D4030E5D1002AA4
:20B3A000E3A0C000E1A0220CE1A03200E1822E20E5D1002BE18C2002E200000FE180000372
:20B3C000E1A02402E1823C20E1A02400E5D1002CE1800002E18C2003E1A02402E1823C2027
:20B3E000E1A02400E5D1002DE1800002E18C2003E1A02282E1823DA0E1A02280E5D1002E66
:20B40000E200001FE1800002E18C2003E1A02382E1823CA0E1A02380E5D1002FE200007F69
:20B42000E1800002E18C2003E1A02402E1823C20E1A02400E5D10030E1800002E18C200335
:20B44000E1A02402E1823C20E1A02400E5D10031E1800002E18C2003E1A02082E1823FA0A2
:20B46000E1A02080E5D10032E7E00350E1802002E5D10029E24DD00CE18C3003E200007F3B
:20B48000E1A00C80E182100CE1830000E88D0003E1A0000DEBFFFFB1E220C0FFE30F5F709A
:20B4A000E6EF307CE3A04007E340500A01A00000E1A0000DEBFFFFA9E7D5C003E02CC000B8
:20B4C000E6EF307CE25440011AFFFFF8E7D5C003E38C0C63E3A01000EBFFFB44E28DD00C00
:20B4E000E8BD8030000000000000000000000000E92D4010E24DD008E1A04000E3A00B112A
:20B50000E1A0100DEBFFFB39E35000001A000009E5DDC000E7DFC394E3090300E6EFC07C7A
:20B52000E5CDC000E34F0FFFE3A01000E180000CE6FF0070EBFFFB2DE28DD008E8BD801076
:20B54000E92D4008E3A00001EBFFFFE8E350000018BD8008E308C004E340C803E59CC000CA
:20B56000E59CC02CE12FFF3CE3A00CC5E1A0100DEBFFFB1EE350000018BD8008E5DDC0000C
:20B58000E31C00201304000BE8BD800800000000E92D4010E24DD008E1A04000E3A00B0F72
:20B5A000E1A0100DEBFFFB11E35000001A000009E5DDC000E7C4C214E3090F00E6EFC07C92
:20B5C000E5CDC000E34F0FFFE3A01000E180000CE6FF0070EBFFFB05E28DD008E8BD8010FE
:20B5E000E92D4008E3A00001EBFFFFE8E350000018BD8008E308C004E340C803E59CC0002A
:20B60000E59CC030E12FFF3CE3A00B0FE1A0100DEBFFFAF6E350000018BD8008E5DDC00047
:20B62000E31C00101304000E1A00000DE3A00000EBFFFFAEE350000018BD8008E3A00CC5B1
:20B64000E28D1001EBFFFAE9E350000018BD8008E5DDC001E31C001008BD8008E304000C3B
:20B66000E8BD8008E8BD80080000000000000000E92D4038E3500000E1A050010A000008CB
:20B68000E3A00C3AE3081029E3401803EBFFFAD7E1B040001A000026EBFFFF3CE1B04000BD
:20B6A0001A000023E30B0B55E3A01000EBFFFACFE1B040001A00001EEBFFFFA0E304C00B75
:20B6C000E1B040000A000007E15C00041A000007EBFFFFC2E304C00CE15C00001A0000036E
:20B6E000E304400DEA000003EBFFFFBCE1A04000E35400000A000003E3A00000EBFFFF7B98
:20B70000E3A00000EBFFFFA1E35500000A000008E35400001A000003E30B0DAAE3A0100046
:20B72000EBFFFAB2E8BD8038E30B0DAAE3A01000EBFFFAAEE1A00004E8BD8038000000006A
:20B74000E308C008E340C803E5DCC000E35C000003040005012FFF1EE30B0DAAE3A01000F7
:20B76000EAFFFAA2E12FFF1E0000000000000000E308C000E340C803E92D4010E1A0400057
:20B78000E24DD008E5DC1008E3510000030400050A000031E5DC102EE5DC002FE3A02001BB
:20B7A000E3A03002EBFFFDA9E35000001380CB1216FF007C1A000028E3A00C4EE28D100171
:20B7C000EBFFFA8AE35000001A000023E1A00004EBFFFECEE35000001A00001FE3A0000160
:20B7E000E3A01000EBFFFFA1E35000001A00001AE3A00B11E1A0100DEBFFFA7CE3500000F5
:20B800001A000015E5DDC000E38CC001E3CCC002E5CDC000EBFFD999E5DDC000E309030097
:20B82000E34F0FFFE180C00CE6FF007CE3A01000EBFFFA6EE1B040001A000004EBFFFFBFBE
:20B84000E1B040001A000001EBFFFD94E1A04000EBFFDA3AE1A00004EAFFFFFFE28DD0080F
:20B86000E8BD8010000000000000000000000000E3500000030F05240A000014E30FC53818
:20B88000E2500001E34FCFFF0A000020E25000010A000008E2500001130C0002112FFF1E55
:20B8A000E59C0000E350000A1A000016E3A00000E58C0000E12FFF1EE59C0000E3500005C0
:20B8C0001A000010E3A00000E58C0000E12FFF1EE34F0FFFE590C014E35C000A1590C000E6
:20B8E0000A00000CE35C0001130C0004112FFF1EE3A0C00AE580C014E590C014E3A0000020
:20B90000E35C000A0A000004E30C000AE12FFF1EE3A00000E58C0000E3A00000E12FFF1E06
:20B92000E308C008E340C803E92D4010E1A04000E24DD008E5DCC000E35C0000030400056C
:20B940000A000010E3A00B11E1A0100DEBFFFA27E35000001A00000BE5DDC000E7C5C294A9
:20B96000E3090300E6EFC07CE5CDC000E34F0FFFE3A01000E180000CE6FF0070EBFFFA1BC1
:20B98000E28DD008EA000000E28DD008E8BD8010E1B0C000030300010A00001FE5DC0000B8
:20B9A000E350000235DC10023A00000EE350001095DC00018A00000AE2400001E350000741
:20B9C00095DC10028A000006E3A00000E2411001E35100038303000D8A000008E1DCC0B410
:20B9E000EA000007E5DC1002E303000DE2411001E351000391DCC0B49A000001E303000DB6
:20BA0000E1DCC0B4E30013FFE24CC001E151000C212FFF1EE303000DE12FFF1EE12FFF1E19
:20BA2000E350000003030001012FFF1EE5D0C000E35C0003A3030002A12FFF1EE59010208E
:20BA4000E3510000159010280A000004E35100001590102C13510000E30810A01A00000396
:20BA6000E3030001E12FFF1E01A0000001A00000E3401803E7D1C00CE35C00001303000356
:20BA8000112FFF1EE590C01CE35C000003A00000012FFF1EE590001CEAFFFFBCE12FFF1E67
:20BAA000E92D40F8E1A05000E1B06002E1A04001E3A07000E595C000E3CCC402E585C000E6
:20BAC000E595C000E38CC401E585C0000A000009E595C00401A0000001A0000001A000009A
:20BAE000E31C0B011A000003E12FFF34E25660011595C0041AFFFFF9E595C004E31C0B017A
:20BB00001595C0000A000007E3CCC401E585C000E595C000E1B0CF8C11A000071A00000311
:20BB2000E3030010E8BD80F8E3037016E1A00007E8BD80F8000000000000000000000000E1
:20BB4000E590C000E3CCCC02E580C000E590C000E1B0CF8C1A000000EAFFFFD0E3A0000098
:20BB6000E12FFF1E000000000000000000000000E35000000A000009E25000010A00000510
:20BB8000E250C0011A000001E3A00010EAFFD34BE3030002E12FFF1EE3A00008EAFFD3475A
:20BBA000E3A00004EAFFD345E12FFF1E00000000E35000000A000009E25000010A00000548
:20BBC000E250C0011A000001E3A00B01EAFFD3C6E3030002E12FFF1EE3A00040EAFFD3C2F0
:20BBE000E3A00020EAFFD3C0E12FFF1E00000000E1B0CF8112800C0102800E12E12FFF1EAA
:20BC0000E92D4FF0E1A0B000E24DD00CE59B80C8E3A04000E58D2000E3A06001E58D4004DC
:20BC2000E3A0A040E59B90C4E1A0500101A00000E3560021E208C001BA000004E35C000157
:20BC4000E1A080A80A000005E25AA001EA000015E209C001E35C0001E1A090A91A00001080
:20BC6000E1A0000BE1A01006EBFFFFE0E1A07000E59D0000E12FFF35E5D7C002E1B0C3ACA3
:20BC8000E59DC0041A000005E587C008E3A0E0A0E5C7E001E25AA001E5C76003EA000001A4
:20BCA000E3034013E25AA001E28660011AFFFFDFE1A00004E28DD00CE8BD8FF000000000BA
:20BCC000E92D4008E1D120B4E590C000E2422001E38CC040E580C000E6FF2072E5D1300114
:20BCE000E7E3C352E5D1E000E2433001E183C20CE5D11002E24E3001E183320CE241100148
:20BD0000E1811103E202C03FE18CC301E580C00CE590C000E3CCC040E580C000E8BD800832
:20BD2000E92D43F8E1A04000EBFFFF3CE1B060001A000071E5D40000EBFFECA0E594102078
:20BD4000E5942024E1A05000EBFFFF7CE1B0600005D4C0011A000068E5D40005E35C0000E6
:20BD6000E5D4C00303A09B0513A09B0FE35C0000E5D4C00403A0800013A08C02E35C000048
:20BD800003A0700013A07080E3500000E5D4000603A0E00013A0E020E1888009E3500000A0
:20BDA000E5D4000703A0300013A03002E1877008E3500000E5D4000803A0200013A0280297
:20BDC000E18EE007E3500000E5D40009E183300E03A0100013A01008E350000003A0000022
:20BDE000E182200313A00004E1811002E1800001E3800001E5850000E5950014E35C000095
:20BE000013A0C00803A0C000E18CC000E585C014E5D4C002E35C00000A000002E5D400005A
:20BE2000EBFFFF52E1A06000E35600001A000032E5D40000EBFFFF5DE1B060001A00002E29
:20BE4000E594102CE5D42000E1A00005EBFFFF6BE1B060000595C0041A000027E58DC000B8
:20BE6000E3A09000E595001CE58D0000E594E00CE585E0D8E594C010E585C0DCE594C01484
:20BE8000E585C0E0E594C018E585C0E4E5859080E594101CE35100000A000001E1A0000555
:20BEA000EBFFFF86E300C00CE300E008E340C004E585C1E0E340E004E585E1E4E595C00037
:20BEC000E3CCC001E585C000E594C028E12FFF3CE595C000E30810A0E3401803E1B0CF8C1D
:20BEE00005D4C0001A000003E3A00001E7C1000CE1A00006E8BD83F8E3036011E1A00006CF
:20BF0000E8BD83F8000000000000000000000000E3500000E3A0C0001A000008E182000105
:20BF2000E1B005A001A0000C0A000008E303000DE12FFF1E01A0000001A0000001A0000009
:20BF4000E1820001E1B00EA01303C00DE1A0000CE12FFF1E000000000000000000000000A1
:20BF6000E1B0C00003030001012FFF1EE30810A0E5DC0000E3401803E3500003A3030002A4
:20BF8000A12FFF1EE7D10000E350000003030004012FFF1EE5DC0001E35000408A000002B1
:20BFA000E350000015DC00021A000001E3030007E12FFF1EE3500002B5DC0003AA000005AE
:20BFC000E3500002B5DC0004AA000002E3500002D59C1014DA000001E303000DE12FFF1E26
:20BFE000E35100000A000002E59C1008E59C200CEAFFFFC6E3030001E12FFF1E00000000F9
:20C00000E3500000E7EAC0520A000010E3500001E3C1C20E0A000005E3C2020EE38CC10351
:20C02000E583C008E3801101E5831004E12FFF1EE3C1C20EE38CC103E583C008E3C2020E26
:20C04000E3801103E5831004E12FFF1E01A00000E7EA0051E1A0C90CE1A00900E38CC103EA
:20C06000E583C004E3802102E5832008E12FFF1EE92D41F0E1A04000EBFFFFB8E1B05000C7
:20C080001A00003FE5D42000E1A00002EBFFEBCBE5D41001E3A0E001E241C001E1A032ACDA
:20C0A000E6EF3073E20CC01FE0803103E59330C4E1130C1E05D4C0031303000918BD81F01C
:20C0C000E5D43002E35C000013A06C0203A06000E353000113A07A011A000003E35C000150
:20C0E00013A070001A000000E3A07A01EBFFFEBFE594C014E1A08000E1A00002E12FFF3C42
:20C10000E5D8C002E1B0C3AC130350131A00001CE5D40004E5941008E594200CE1A0300845
:20C12000EBFFFFB6E5D4C002E35C00010598C008038CC2020588C008E5D4C010E5D4001145
:20C14000E35C000013A0CB0203A0C000E350000013A00B0103A00000E180C00CE187C00CC7
:20C16000E186C00CE38CC080E588C00CE3A0E0F0E5C8E001E5D4C001E5C8C003E1A0000553
:20C18000E8BD81F0E1A00005E8BD81F000000000E3510000030300020A000013E35300005E
:20C1A000E308C0A00A00000EE340C803E7DCC000E35C0000E303C0040A000007E35200403C
:20C1C0008A000001E35200001A000001E303C007EA000001E3A0C000EAFFFFFFE1A0000C35
:20C1E000E12FFF1EE3030001E12FFF1EE12FFF1EE92D4008EBFFFFE5E3500000059DC00808
:20C20000035C000003030001E8BD800800000000E92D43F8E1A04000EBFFEB68E1A0700348
:20C22000E1A05002E1A09001E1A06000E58D7000E1A02001E1A03005E1A00004E1A01006E2
:20C24000EBFFFFEAE1B080001A000020E1A00006E1A01002EBFFFE65E1A06000E1A00004F3
:20C26000E12FFF35E5D6C002E1B0C3AC1A000009E3A0C030E5C6C001E1A00004E5C6900338
:20C28000E1A01009E12FFF35E5D6C002E1B0C3AC0596C0080A000001E3030013E8BD83F8BC
:20C2A000E1B0CFACE5C7C00003038008E596000CE7E007D0E5C70001E596000CE7E0045004
:20C2C000E5C70002E596000CE7E00750E5C70003E1A00008E8BD83F80000000000000000B3
:20C2E000E241C001E1A012ACE6EF1071E0800101E3A01001E20CC01FE59000C4E1100C11BB
:20C300000303000813A00000E12FFF1E00000000E590C010E6BFCF3CE581C000E590C014CB
:20C32000E6BFCF3CE581C004E12FFF1E00000000E92D43F8E1A04000EBFFEB20E1A08003EB
:20C34000E1A05002E1A07001E1A06000E58D8000E1A02001E1A03005E1A00004E1A01006D1
:20C36000EBFFFFA2E1B090001A00003FE1A00006E1A01002EBFFFFD9E1B090001A00003A67
:20C38000E1A00006E1A01002EBFFFE18E1A06000E1A00004E12FFF35E5D6C002E1B0C3AC5C
:20C3A000130390131A000030E3A0C03FE5C6C001E1A00004E5C67003E1A01007E12FFF350D
:20C3C000E5D6C002E1B0C3AC059600081303001318BD83F8E596C008E3C0320EE31C02029B
:20C3E0001303000E18BD83F8E596C008E596000CE31C0101E596C00CE20CC00FE5C8C00885
:20C40000E5D8C00801A0392313A0400103A04000E35C000883A0C00885C8C008E1A01008E3
:20C42000E7E027D0E1A00006EBFFFFB8E596C00CE31C09011596C00C0A000005E3A0E0904D
:20C44000E303900BE3CCCA0EE586C00CE5C6E001E5C67003E5C84009E192C009E588300C18
:20C460001A000001E303000CE8BD83F8E1A00009E8BD83F8000000000000000000000000E5
:20C48000E92D4008E1A01000EBFFF068E350000018BD8008E308C0ACE340C803E59CC00055
:20C4A000E59CC004E7DCC081E35C00001EB50AC00A000007EEF1FA10EEF70A003A00000232
:20C4C000EEB40AE0EEF1FA10D8BD8008E3080005E8BD8008E3080007E8BD8008000000008E
:20C4E000E3500000E3080094E3400803E5900000E590000003A0C00013A0C02CE080C00C44
:20C50000E5DC0002E12FFF1E0000000000000000E92D4010E1A04001EBFFFFF0E594C000F1
:20C52000E2600007E1A0C03CE584C000E8BD8010E590C000E3CCC4FEE28CC001E580C000DD
:20C54000E12FFF1E000000000000000000000000E92D40F8E1A07000EBFFF034E1A050028E
:20C56000E1B06000E1A040011A00002DE3540000E308C0AC0A000029E3A01018E340C80367
:20C58000E3550000E59CC000E59C0000E59CC004E1000187E08CC087E1D000B6E5DCC00157
:20C5A000E6EF74701A000005E353000003A0000013A00003E3A02001EA00000401A00000E1
:20C5C000E353000003A0000413A00001E3A02002E3A01000E58D1000E080C00CE1A030042F
:20C5E000E6EF107CE1A00007EBFFD310E1B060001A00000BE35500000A000004E1A00007A1
:20C60000E1A01004EBFFFFC1E1A00006E8BD80F8E1A00004EBFFFFC5E1A00006E8BD80F860
:20C62000E3086006E1A00006E8BD80F800000000E92D41F0E1A04003E24DD018E3540001AB
:20C6400013540002E1A06000E1A08002E1A050011A00001EE3A07000E3A02001E28D300845
:20C66000E58D7000EBFFD2F1E35000001A000018E59DC008E2480001E7D8C010E58DC00888
:20C68000E2851003E58DC000E3A02001E1A03007E6EF1071E1A00006EBFFD2E4E3500000E2
:20C6A0001A00000BE35400021A000009E59DC008E58DC000E1A00006E3A02001E1A01005BC
:20C6C000E1A03007EBFFD2D9E28DD018EA000001E3080009E28DD018E8BD81F0000000006A
:20C6E000E92D47F0E30860ACE3406803ED2D8A01E596C000E3A03018E1A08000E1690388E7
:20C70000E59CC000E089C00CE1DCC0B6E24DD00CE1A05001EEB08A40E1A04002E6EF747CA3
:20C72000E1A00007EBFFFF6DE596C000E1A06000E3540000158D5004E59C1004E59CC000FC
:20C74000E0810088E089900CE5D0A0011A00000BE1A00008E3A02000E28D1004E3A030010D
:20C76000EBFFFF7AE59DC004E1B080000EB70A000A000004E1A00008E28DD00CEA0000352F
:20C78000E59DC004EEB70A00E5990010E1A0C61CE599100CEE700A48E58DC004EE00CA106B
:20C7A000E1A00610EEB80A40E04C1611E1500001EE200A80EEBC0AC0EE108A102A0000227D
:20C7C000E150000881A080008A000003E15100082A000001E1A08001EAFFFFFFE35400006D
:20C7E0000A000000EBFFD5A5E2661007E28AC001E1A01118E58D1000E1A00007E3A02002E6
:20C80000E6EF107CE3A03000EBFFD288E1B080001A000007E35400000A00000CE1A00007B9
:20C82000E1A02005E1A0100AE1A03004EBFFFF7FE1A08000E35400000A000004EBFFD63F55
:20C84000E1A00008E28DD00CEA000002E3088008E28DD00CE1A00008ECBD8A01E8BD87F081
:20C86000E92D4008E1A02000EBFFFF04E350000018BD8008E3A01000E1A00002E1A0200184
:20C88000EBFFFF96E8BD80080000000000000000E308C0A8E340C803E59C2000E3520000D5
:20C8A0000305C0020A00001FE3510000E3A0C0000A000016E251100105D210210A00000D8B
:20C8C000E251100105D210220A000006E251100105D210231A000011E1510000DA00000F67
:20C8E000E1A0000CEA000010E1510000DA00000BE1A0000CEA00000CE1510000DA00000704
:20C90000E1A0000CEA00000801A0000001A00000E5D21020E1510000E1A0000CCA000002E4
:20C92000E3050003E12FFF1EE1A0000CE12FFF1EE92D43F0E1A04001E24DD014E1A0600026
:20C94000E1A05002E3A01000EBFFFFD0E3500000E1A070031A000027E308C0A8E340C8030F
:20C96000E59CC000E3A00014E1610086E59C0004E0800086E59CC000E5D00001E28D300412
:20C98000E19CC0B1E0870000E3A09000E6EF8070E1A02009E6EF647CE58D9000E1A0100870
:20C9A000E1A00006EBFFD221E35000001A000011E3570000E59DC0041A000003E3CCC0C0E9
:20C9C000E18CC305E58DC004EA000002E59DC004E7C7C314E58DC004E59D1004E288C0023D
:20C9E000E58D1000E1A00006E3A02002E6EF107CE1A03009EBFFD20DE28DD014E8BD83F03A
:20CA0000E3A02000E3A03001EAFFFFC800000000E92D4038E1A04000E1A05001EBFFFE976F
:20CA2000E3500000E1A0100518BD8038E30F0FFEE241C001E34001FFE150000C330800041E
:20CA40003A000005E352000003A02002E1A0000413A02001EBFFFF21E8BD8038E8BD803880
:20CA6000E1A0C0A1E6EF207CE0800102E5900008E1B0CF8113A0C00003A0C010E1A0CC303F
:20CA8000E6FF007CE12FFF1E0000000000000000E350000003A0C00013A0C014E30004689C
:20CAA000E340000BE790C00CE59C0044E12FFF1EE92D4FF0E1A05002E3002458E1A04001CA
:20CAC000E3A01014E24DD014E3A06000E340200BE1022180E58D6000E3A0C001E58D00104F
:20CAE000E308E098E59DB03CE340E803E59D8040E08EA100E1A0141CE592E008E59DC0387C
:20CB0000E5926010E6EF7071E592100CE58DC008E3A02001E5CC2000E1A00204E5DAC0022E
:20CB2000E0809001E58D300CE080200EE117000CE58D20041A000022EBFFD4D0E5DAC002E3
:20CB4000E187C00CE5CAC002EBFFD57CE3A0C002E1A07084E59D0010E1A0C71CE586C00416
:20CB6000E1A01004E12FFF38E1A00006E1A01004EBFFFFBAE3100C011307C010158DC000CE
:20CB8000E59DC004E59CC000E58BC000E599C000E35C0000E59DC0081A000004E3A0000076
:20CBA000E5CC0000E59BC000E585C000EA000001E599C000E585C000E3A0C000E589C00096
:20CBC000EA000021EBFFD4ADE5DAC002E1CCC007E5CAC002EBFFD559E3A0C001E1A07084A8
:20CBE000E59D0010E1A0C71CE586C004E1A01004E12FFF38E1A00006E1A01004EBFFFF9798
:20CC0000E1B0CF801307C010158DC000E59DC004E59CC004E58BC000E599C004E35C0000AC
:20CC2000E59DC0081A000004E3A00000E5CC0000E59BC000E585C000EA000001E599C004C1
:20CC4000E585C000E3A0C000E589C004E59D0010EBFFFF8EE1A0C730E59DE00CE1B0CF0CDA
:20CC600013A0C0030A000005E3A00001E1A0C71CE586C044E5CE0000E59D0000EA000003B6
:20CC8000E59DC00CE3A00000E5CC0000E59D0000E28DD014E8BD8FF0000000000000000019
:20CCA000E1A0C000E30800A8E3400803E92D4030E1A05002E24DD01CE5900000E1A04001C7
:20CCC000E3500000030500020A000027E5D01020E151000CD3050003DA000023E3540000B4
:20CCE0001355000013530000030500070A00001EE28D200CE28D1014E58D2000E3A0E014F8
:20CD0000E58D1004E1610E8CE58D3008E5903000E5902004E19300B1E28D300DE7D2108CA3
:20CD2000E1A00420E28D2010EBFFFF60E5DDC00CE59D2014E35C0000E5DDC00D0350000001
:20CD4000E584200003050009E35C0000E59D1010E58510000A000004E3500000128DD01C12
:20CD60001A000002E3050008EAFFFFFFE28DD01CE8BD803000000000000000000000000010
:20CD8000E308C0A8E340C803E92D43F8E1A05001E1A06002E59CC000E35C00000305900232
:20CDA0000A00002CE5DC1020E1510000D3050003D8BD83F8E355000013560000030500077F
:20CDC00008BD83F8E59C2004E59C1000E3A0C014E0822080E16C0C80E5D28001E19170BCD5
:20CDE000EBFFD426E3A04000E6EF7477E3A02001E1A01008E58D4000E1A03005E1A000079F
:20CE0000EBFFD10AE1B090001A000007E288C001E58D4000E1A00007E3A02001E6EF107CA1
:20CE2000E1A03006EBFFD101E1A09000EBFFD4C3E35900000595C0001A000006E1A00009AD
:20CE4000E3CCC4FEE585C000E596C000E3CCC4FEE586C000E8BD83F8E1A00009E8BD83F896
:20CE6000E350000003A0C00013A0C014E300045CE340000BE790C00CE59CC050E1A0C13CD2
:20CE8000E7DFC09FE6EF007CE12FFF1E00000000E1B0C000E30300010A000011E5DC1009C2
:20CEA000E3510002B5DC0008AA00000BE35000088A000009E3510000E3A000001A0000034C
:20CEC000E59CC00CE1B0C5AC1A000003E12FFF1EE59CC00CE1B0CEAC012FFF1EE303000D21
:20CEE000E12FFF1EE12FFF1E0000000000000000E92D43F8E1A08001E1A04000E1A000083B
:20CF0000E1A01002E59D7020EBFFFB38E1A06002E1A09000E1A00004E1A05003E12FFF35BE
:20CF2000E5D9C002E1B0C3AC130300131A00003BE3A0C030E5C9C001E1A00004E5C960037B
:20CF4000E1A01006E12FFF35E5D9C002E1B0C3AC059910081303001318BD83F8E5990008C1
:20CF6000E3C1E20EE599C00CE7E00ED0E35000011303000EE7E0C4DC18BD83F8E599400859
:20CF8000E2462001E3A01001E1A002A2E202301FE6EF2070E3140101E3A00000E1A03311B6
:20CFA000008811021A00000DE1A0E92EE5911088E11300010597100C1A00000DE151000EF5
:20CFC00005D710091A000011E35100001A00000FE8BD83F801A0000001A0000001A00000D1
:20CFE000E0882102E5922088E11300020597200C0A000002E303000AE8BD83F801A000000C
:20D00000E152000E05D720090152000108BD83F8E35C000008BD83F8E303000DE8BD83F8A4
:20D02000E8BD83F8000000000000000000000000E92D4008EBFFFAEDE1A03001E592C000B8
:20D04000E6BFCF3CE580C010E592C004E6BFCF3CE580C014E590C00CE3CCC00FE580C00CD7
:20D06000E5D21008E590C00CE181C00CE580C00CE5D2C009E35C00000592C00C1A00000401
:20D08000E7DFC59FE1A0C90CE38CC20AE580C008EA000002E592C00CE38CC20EE580C0080D
:20D0A000E3A0C0B3E5C0C001E5C03003E8BD8008E92D43F8E1A07000EBFFE7C0E1A0600358
:20D0C000E1A04002E1A05001E1A08000E58D6000E1A02001E1A03004E1A00007E1A0100870
:20D0E000EBFFFC42E1B090001A000013E1A00006EBFFFF66E1B090001A00000FE1A0000811
:20D10000E1A01002EBFFFC75E1B090001A00000AE58D6000E1A01008E1A00007E1A0300434
:20D12000EBFFFF72E1B090001A000003E1A01005E1A00008E1A02006EBFFFFBCE1A0000961
:20D14000E8BD83F8000000000000000000000000E92D41F0E1A06001E1A04000E1A05002F2
:20D16000EBFFFFD2E1B070001A000012E1A00004EBFFE792E3500000030370020A00000D1D
:20D18000E1A01006EBFFFA99E1A08000E1A00004E12FFF35E5D8C002E1B0C3AC1303001309
:20D1A00003A0C08418BD81F0E5C8C001E1A00007E5C86003E8BD81F0E1A00007E8BD81F088
:20D1C000E3A0C000E25220010590201C0A000047E25220010590201C0A000034E2522001DC
:20D1E0000590201C0A000022E25220011590201C0A00000EE1110002059020181A000036D3
:20D20000E0012002E1510002059020141A000032E1110002059000001A00002FE1110000FE
:20D220001A00002DE1A0000CEA00003E01A00000E590201CE1110002059020181A0000269F
:20D24000E0012002E1510002059020141A000022E0012002E1510002059000001A00001E8E
:20D26000E0010000E15100001A00001BE1A0000CEA00002CE1110002059020181A000016D2
:20D28000E0012002E1510002059020141A000012E1110002059000001A00000FE0010000CF
:20D2A000E15100001A00000CE1A0000CEA00001DE1110002059020181A000007E1110002AC
:20D2C000059020141A000004E11100020590000001110000E1A0000C0A000012E3A00D8112
:20D2E000E12FFF1E01A0000001A0000001A00000E0012002E1510002059020181A000007F9
:20D30000E1110002059020141A000004E11100020590000001110000E1A0000C0A000001FF
:20D32000E3A0CD81E1A0000CE12FFF1E00000000E1A0C000E92D4008E59C0000E35000000F
:20D3400011DC20D80302006008BD8008E372000115DC30090A000011E3A0E001E3C010FF85
:20D36000E3530000E1A0221E1A000008E5911000E0021001E1520001059C20040A00000810
:20D38000E3A00D81EA00000E01A0000001A00000E5911000E0021001E15200010A00000784
:20D3A000E59C2004E3520000059C100C0A000005E59C100CE5922000E11100020A00000194
:20D3C000E3A00D81E8BD8008E5DC2010EBFFFF7BE8BD80080000000000000000000000008D
:20D3E000E92D43F0E24DD014E1A07000EBFFE10FE350000005D7C00D1A00006AE5974004E6
:20D40000E3A05001E35C000013A080000A00002EE1A0600501A0000001A0000001A00000C5
:20D42000E350000005D4C00503A000001A00005DE35C00000A000010E35C000185D490047B
:20D44000E1A020ACE1A010009A00000701A00000E0813009E283E001E2522001E1800E15F3
:20D46000E1800316E28110021AFFFFF8E1B0CF8C15D4C0041081C00C11800C16E594C000CB
:20D48000E5D41006E58D000CE59CE004E1DC30D8E5DC2009E5CD1010E58DE004E59CC000C2
:20D4A000E58DC000E5CD2009E1A0000DE5CD3008EBFFFF9EE5D7C00DE2881001E6EF807196
:20D4C000E2844008E158000CBAFFFFD4E350000005D7C00E1A000033E5974008E3A050000C
:20D4E000E35C0000E3A060010A00001801A00000E35000001A00002BE5D40004E594C000D8
:20D50000E5D49005E1A01016E59CE004E1DC30D8E5DC2009E5CD9010E58D100CE58DE004CC
:20D52000E59CC000E58DC000E5CD2009E1A0000DE5CD3008EBFFFF7DE5D7C00EE2851001BD
:20D54000E6FF5071E155000CE2844008BAFFFFE7E3500000E30B2C001A000012E597C010D1
:20D56000E34F2FF7E5921008E15C00010592100C1A00000BE597C014E15C00010592101069
:20D580001A000007E597C018E15C0001059210181A000003E597C01CE15C0001028DD014F3
:20D5A0000A000001E3A00D81E28DD014E8BD83F0E92D4FF8E3A07000E308C098E3A0A0141A
:20D5C000E340C803E1A08007E24C9004E308C094E1610A88E300B45CE340C803E340B00BC1
:20D5E000E58D0000E3A0400101A0000001A00000E59CC000E2899004E3A0302CE79B5001C1
:20D60000E59C0000E5D9E003E1060388E35E00001A000005E595C000E1B0CF8C130770095D
:20D620001A00004EE288C001EA00004DE1A00006EBFFE73EE595C000E3CCC001E35C084752
:20D640000595C0041A000044E150000C0596C0041A000041E5950014E15C0000059500189A
:20D660001A00003DE15C00000596C00C1A00003AE595001CE15C00000596C0081A000036D5
:20D68000E5950024E15C00000595C02C1A000032E35C00000595C0341A00002FE35C000088
:20D6A0000595C0381A00002CE35C00001A00002AEBFFD1F2E5D9C001E595003CE064CC1409
:20D6C000E15C0000059500401A000003E15C00000595C044035C00000A000000E30770096F
:20D6E000EBFFD296E35700001A00001CE1A00006EBFFE716E5D6C01EE5951074E35C000024
:20D7000003A0C00513A0C00AE15C00010595C07C1A000011E35C00000595C0801A00000EA4
:20D72000E150000C0596C0181A00000BE5950084E15C00000595C08C1A000007E35C000093
:20D740000595C0901A000004E35C08050595C094035C0000E288C0010A000001E30770098F
:20D76000E288C001E6EF807CE35800018A000006E308C094E340C803E357000001610A8886
:20D780000AFFFF9AE1A00007EA000010E3570000E308C0981A00000CE340C803E5DCC00350
:20D7A000E35C0000E308C0981A000004E340C803E5DCC007E35C000001A000070A0000035F
:20D7C000E59D0000EBFFFF05E1A07000E1A00007E8BD8FF800000000000000000000000034
:20D7E000E92D4FF8E308C094E300B468E340C803E3A00000E30F9FFFE30F80FFE30830946D
:20D80000E59CC000E340B00BE3A0A014E34F90FEE1A02000E3403803E3A0102CE34F80FC86
:20D82000E59C7000E2833004E16C0A8201A00000E1017182E5D3E003E35E0000E79BC00CE5
:20D840001A000006E59CC000E31C08011307000A1A000040E282C001EA00003F01A00000F2
:20D86000E5D1E01FE5D14020E35E000013A0E00A03A0E005E3540000E5D1402113A0540121
:20D88000E59C600003A05000E354000013A04C0103A04000E1844005E3C65801E1540005B4
:20D8A000059C404C1A00002AE3540000059C40501A000027E3540000059C40541A000024A4
:20D8C000E1190004059C40581A000021E3540000059C405C1A00001EE3540000059C4064AE
:20D8E0001A00001BE15E0004059CE0701A000018E118000E059CE0741A000015E35E000021
:20D90000059CE0781A000012E35E00000591E0281A00000FE59C402CE15E0004059CE02009
:20D920001A00000BE5911024E151000E059C10241A000007E3510000059C10281A000004B7
:20D94000E3510000059CC03C035C0000E282C0010A000001E307000AE282C001E6EF207CDD
:20D96000E352000188BD8FF8E350000003A0102CE2833004016C0A820AFFFFACE8BD8FF821
:20D98000E3E0108FE92D4010E590C050E5911000E15C0001E3E0108B1A000027E590C0544E
:20D9A000E5911000E15C0001E30E11001A000022E590C058E34F1FFFE5911000E15C0001C4
:20D9C000E30E11701A00001CE590C05CE34F1FFFE5911000E15C0001E3E0105F1A00001698
:20D9E000E590C060E5911000E15C000103E0C0CF1A000011E590E068E59C1000E20110FBF5
:20DA0000E15E0001E3E010C31A00000BE590C06CE5911000E15C0001E3E010B71A000006FC
:20DA2000E590C070E30E30A3E34F3FFFE5911000E15C000103A0C0010A000002E30E30A315
:20DA4000E3A0C000E34F3FFFE5901088E3E0E02EE5132003E1E01001E15100020590108CE3
:20DA60001A00000EE5932001E1E01001E1510002059010901A000009E5932005E1E0100118
:20DA8000E1510002059010941A000004E5932009E1E01001E1510002E3E0202F0A00000137
:20DAA000E3A0C000E3E0202FE590107CE5D23000E7E32C51E152000305DE30001A00001F60
:20DAC000E7E32851E1520003E30E313C1A00001BE5902080E34F3FFFE3822C01E59330007B
:20DAE000E1520003E3E030AF1A000014E5902078E3004000E3404109E5933000E184200254
:20DB0000E1520003E3E030B31A00000CE5902074E5933000E152000305DE20011A000007F7
:20DB2000E7E01451E1510002E3E010231A000003E5D00098E5911000E15000010A00000063
:20DB4000E3A0C000E1A0000CE8BD801000000000E30E2B0FE1B0C000E92D40080A00000ECE
:20DB6000E3A00000E34F2FFFE1A01000E24CC001E5F2E001E5FC3001E2811001E153000EC2
:20DB800013060002E6EF1071E351007CA8BD8008E35000000AFFFFF5E8BD8008E306000130
:20DBA000E8BD8008000000000000000000000000E92D4038E307C000E1B04000E34FCFF836
:20DBC0000A000070E5940004E59C1000E1500001059C10081A000046E5940008E1500001BF
:20DBE000059C100C1A000042E594000CE1500001059C10481A00003EE5940020E150000139
:20DC0000059C104C1A00003AE5940024E1500001059CC2B81A000036E594002CE150000C97
:20DC2000E30703081A00002FE594C030E34F0FF8E5900000E15C0000E307030C1A00002916
:20DC4000E594C034E34F0FF8E5900000E15C0000E30F08001A000023E594C038E34F0FFF84
:20DC6000E5900000E15C0000E30F08041A00001DE594C040E34F0FFFE5900000E15C000052
:20DC8000E30F080C1A000017E594C048E34F0FFFE5900000E15C0000E30F09001A000011B4
:20DCA000E594C03CE34F0FFFE5900000E15C0000E30F09041A00000BE594C044E34F0FFF1C
:20DCC000E5900000E15C0000E30F090C1A000005E594C04CE34F0FFFE5900000E15C0000F5
:20DCE00003A050000A000003E594C064E3065002EA000001E3065002E594C064E1B00FAC3D
:20DD0000E30001B40A000006E30F1FFFE34F0008E5900000E1A00820E1510000E3E0107777
:20DD20001A000006E3E00077E3CCC102E5900000E15C0000130650021A000007EA000006E9
:20DD4000E30E2000E3472FFFE5911000E002C00CE180C00CE15C000113065002E1A00004CB
:20DD6000EBFFFF06E3500000E594009C03065002E35000000A000004E35500001A0000027C
:20DD8000EBFFFF72E8BD8038E3065001E1A00005E8BD8038000000000000000000000000AE
:20DDA000E350000003060001012FFF1EE1D021BCE307C000E34FCFF8E1DC14B2E7CD121F40
:20DDC000E1520001059C20301A00000FE5901010E1510002059C20341A00000BE590101479
:20DDE000E1510002059C203C1A000007E5901018E1510002059CC0501A000003E590002895
:20DE0000E150000CE3A000000A000001E3060002E12FFF1EE12FFF1E0000000000000000F2
:20DE2000E92D4010E1A04000EBFFFF60E350000018BD8010E1A00004EBFFFFD8E8BD80105F
:20DE4000E3500000030C000E012FFF1EE590C008E30F1510E34F1FFFE5911000E15C0001BD
:20DE6000E30F15501A000025E590C00CE34F1FFFE5911000E15C0001E30F15081A00001F6F
:20DE8000E590C000E34F1FFFE5911000E15C0001E30F15481A000019E590C004E34F1FFF2E
:20DEA000E5911000E15C0001E30F15001A000013E590C010E34F1FFFE5911000E15C000111
:20DEC000E30F15401A00000DE590C014E34F1FFFE5911000E15C0001E30F15341A0000071B
:20DEE000E1D0C2B0E34F1FFFE3033FFFE183C00CE5910000E15C0000E3A000000A0000011A
:20DF0000E30C000FE12FFF1EE12FFF1EEE111F10E3110401E3A000001A000000E30B0006F1
:20DF2000E12FFF1E000000000000000000000000EAFFFFF5000000000000000000000000D7
:20DF4000E92D4010E1B04000030B00010A00004AEBFFFFF6E30F1DF0E1A0C000E30F0C10FA
:20DF6000E34F1FFFE340000AE5912008E150000205D420011A000024E3A00000E352000063
:20DF8000059120001A000005E352000505D420020A000006E30B0006EA00001C01A00000CC
:20DFA000E5912000E352000A05D420021A000016E35200001A000004E35C000005912020F9
:20DFC0000A000004E30B0006EA000010E35C0000159120200A00000CE594C004E3C2200305
:20DFE000E15C00020594C0081A000007E5912024E15C00020594C00C1A000003E591102837
:20E00000E15C0001E1A0C0000A000004E30B0006E8BD801001A0000001A0000001A0000067
:20E02000E3023000E084100CE34F3FF8E55C2180E5D11028E1510002E084110C1A0000043F
:20E04000E793210CE5911088E1510002028CC0010A000001E30B0006E28CC001E6EFC07C49
:20E06000E35C005F88BD8010E084100CE3500000055C21800AFFFFEDE8BD8010E8BD801019
:20E08000E3A0C001E0811280E92D4038E1A0C01CE591201CE30F1000E3A00000E34F1FFFD7
:20E0A000E35200001A00001EE59120DCE11C0002059120E41A000051E11C0002059120ECDC
:20E0C0001A00004EE11C0002059120F41A00004BE11C0002059120FC1A000048E11C0002B8
:20E0E000059121041A000045E11C00020591210C1A000042E11C0002059121141A00003FC5
:20E10000E11C0002059120441A00003CE11C00020591104C1A000039E11C00011A0000371D
:20E12000E8BD8038E3520020030A00090A000035E312000201A0400011A0400CE31200040A
:20E14000E59150DC01A0E00011A0E00CE312000801A0300011A0300CE312001001A020007E
:20E16000E00C500511A0200CE1540005059150E41A000022E00C5005E1540005059140EC04
:20E180001A00001EE00C4004E15E0004059140F41A00001AE00C4004E15E00040591E0FCF1
:20E1A0001A000016E00CE00EE153000E0591E1041A000012E00CE00EE153000E0591310C7D
:20E1C0001A00000EE00C3003E1520003059131141A00000AE00C3003E15200030591204474
:20E1E0001A000006E00C2002E15C00020591104C1A000002E00C1001E15C000108BD8038EC
:20E20000E30A0019E8BD8038E8BD803800000000E3510000E92D40F80A000061E1A0C2808E
:20E22000E24C3702E081200CE593E000E592C000E15C000E0593E0041A00000DE592C00432
:20E24000E15C000E01D3C0BA1A000009E1D2E0BEE7DFC69FE15E000C01D3C0B81A000004D1
:20E26000E1D2E1B0E7DFC69FE15E000C03A0C0000A000000E30AC019E5D2E008E30F711F90
:20E28000E5D2400AE340703FE5D25009E20EE003E2044001E1A06404E5D2400BE186670EDA
:20E2A000E5D2E00CE2055003E2044003E20EE003E1866605E5D2500DE1864184E59360108B
:20E2C000E184E08EE2055001E0074006E185E00EE15E000401D3E1B61A000013E1D241B42F
:20E2E000E7DFE69FE154000E01D3E1B41A00000EE1D241B2E7DFE69FE154000E01D3E1BA5C
:20E300001A000009E1D241B8E7DFE69FE154000E01D331B81A000004E1D2E1B6E7DF369FE0
:20E32000E15E0003E1A0E1A00A000001E30AC019E1A0E1A0E3A0500FE1A03100E3A070043B
:20E34000E1A0E10EE5D2201AE3C3401FE0443003E51EEF6CE283301CE3A040FFE00EE31549
:20E36000E15E0317130AC019E1A03140E1A0E103E1A07180E3C7501FE51EEFACE045300772
:20E38000E2833018E00EE314E15E0312130A001918BD80F8E35C00001A000002EBFFFF3799
:20E3A000E8BD80F8E30AC001E1A0000CE8BD80F8E3500000E92D40380A00004DE590C00497
:20E3C000E30F1000E34F1FFFE59121B8E15C0002059121BC1A00001BE590C008E15C000239
:20E3E000059121C01A000017E590C014E15C0002059121C41A000013E590C018E15C0002B9
:20E40000059121C81A00000FE590C024E15C0002059121CC1A00000BE590C028E15C000278
:20E42000059121D01A000007E590C034E15C0002059121D41A000003E590C038E15C000238
:20E4400003A0C0000A000000E30AC019E5D0200CE5D0300DE5D0501DE2022003E5D0400098
:20E46000E2033001E59111B0E1A0E183E18E2082E5D0E01CE2053001E5D05010E204400154
:20E48000E20EE003E1844002E1844583E5D0302DE2052001E5D0502CE184E48EE18EE4025E
:20E4A000E5D02020E2033001E2054003E18E5983E5D0303DE202E001E1854884E5D0503C82
:20E4C000E184E80EE5D04030E2033001E2052003E2040001E18E3D83E1832C82E1820C0005
:20E4E000E150000101A0000C0A000003E30A0019E8BD8038E30AC003E1A0000CE8BD803833
:20E50000E92D41F0E30F8000E1B05000E34F8FFF0A000029E5D5C009E59801A8E35C000086
:20E5200003A0C00513E0C005E5956004E20CC00FE5957000E3C00C01E15C000003A00000A6
:20E54000130A0019E35600000A00000DE350000018BD81F0E3A0400001A0000001A00000B7
:20E56000E1A00004E1A01007EBFFFF28E2844001E15600049A000002E35000000AFFFFF7BD
:20E58000E8BD81F0E350000018BD81F0E595000CEBFFFF86E350000018BD81F0E598C00041
:20E5A000E31C08011598C0000A000001E1B0CF8C08BD81F0E30A0019E8BD81F0E30A0001AF
:20E5C000E8BD81F0000000000000000000000000E350000003010010012FFF1EE308C05492
:20E5E000E340C803E59CC000E35C00000301000113A00000E12FFF1E0000000000000000C8
:20E60000E300C508E340C00BE92D4010E1A04000E24DD008E79C3201E5D4C000E35C0000C0
:20E620000593C0041A000005E1B0CF8C1A00000CE3A00000EA00004F01A0000001A000004F
:20E64000E593C004E3000001E3480114E150000C05D4C0031A000002E5930008E15C0000A8
:20E660000A000002E3010011EA00004201A00000E1A00004E28D1002E1A0200DEBFFE44BFF
:20E68000E350000001D315B81A00003AE1DDC0B2E15C000101D315BA1A000003E1DDC0B0F6
:20E6A000E15C00010593C05C0A000001E593C05CE3010011E3CCC801E35C0002E5D4C002A0
:20E6C00013010011E35C00000593C1801A000007E3CCCC01E35C0005130100111A000009D4
:20E6E000E593C128EA00000801A0000001A00000E593C180E3CCCC01E35C000A0593C12886
:20E700000A000001E3010011E593C128E35C00000593C12C1A000016E35C00000593C130DC
:20E720001A000013E35C00000593C1341A000010E35C00000593C1381A00000DE35C000080
:20E740000593C13C1A00000AE35C00000593C1881A000007E35C00000593C00C1A000004FE
:20E76000E35C00000593C084035C0000028DD0080A000001E3010011E28DD008E8BD80103C
:20E78000E92D4038E5912010E1A0C200E08CC180E082300CE5D3C00DE1A0010CE080008CB8
:20E7A000E7D10000E350000003A0000008BD8038E3000508E340000BE5D3400EE1A0100D8C
:20E7C000E790520CE1A00003EBFFE5ECE1B020001A00002BE085C104E28C4010E59DE000E5
:20E7E000E5940000E3CEC008E3C00008E15C000013012011E1A00003EBFFE60CE594C00C55
:20E80000E150000CE594001813012011E5D3C008E15C0000E5D3C01413012011E35C000018
:20E820000594C03C1A000005E1B0CE0C130120111A000008E5940050EA00000701A00000F7
:20E84000E594C03CE20CC00FE35C0009059400500A000001E3012011E5940050E1D3C0BA3E
:20E86000E15C00001A000005E1A00003EBFFE5BBE594C10CE150000CE1A000020A0000011D
:20E88000E3012011E1A00002E8BD803800000000E92D4070E1A05000EBFFFF4CE350000084
:20E8A00018BD8070E3A06006E3A0400001A00000E1005684E1A01004EBFFFF50E284C00196
:20E8C000E6EF407CE3540002AA000001E35000000AFFFFF6E5D5C00CE35C000008BD807018
:20E8E000E3A0400001A0000001A0000001A00000E350000018BD8070E1A00004E1A010055F
:20E90000EBFFFF9EE5D5C00CE2841001E6EF4071E154000CBAFFFFF5E8BD8070000000006A
:20E92000E92D41F0E1B03000030900010A0000C8EBFFDA7EE5D3C000E3002340E5D3800EAA
:20E94000E340200BE1A0118CE081C10CE792200CE180C008E38CCC0EE5921014E15C00012D
:20E960001A000019E5920004E300C003E340C100E00C0000E15C000005D3C00A1A00001268
:20E98000E5D3000BE5D3100CE5D3E00DE180C40CE5928048E181C40CE18EC40CE15C000815
:20E9A0000592C0081A000008E5930070E7DFC51FE150000C0592000C1A000003E593C0749B
:20E9C000E15C000003A000000A000000E309000AE5D3C010E5D31011E5D3E012E5D3801301
:20E9E000E181C10CE5D37014E5D36015E18EC08CE5D35016E5D34017E188C08CE5D3801892
:20EA0000E592E050E187C10CE5D31029E5D3702CE186C08CE5D3602DE185C08CE5D3502EF5
:20EA2000E184C40CE5D34030E188C40CE15C000EE5D3C0281309000AE5D3E02AE5D3802B0A
:20EA4000E181C10CE18EC08CE5D3E02FE188C08CE5D38024E187C10CE5927054E186C08CD1
:20EA6000E5D36045E185C08CE5D3503CE18E140CE5D3E042E208C003E5D38043E184140138
:20EA8000E1510007E5D310401309000AE5D34041E1A05405E5D37044E2055C03E1841101D3
:20EAA000E5D34059E185C00CE5D35054E18E1081E592E058E1881081E5D38046E1A0580572
:20EAC000E1871101E5D37047E2055803E1861081E5D36048E185C00CE1881081E5D3805BF4
:20EAE000E1871401E5D3705CE1861401E151000EE5D310581309000AE5D3E05AE5D3605DAC
:20EB0000E1841101E18E1081E592E05CE1881081E5D3805EE1871101E5D3705FE186108142
:20EB2000E5D36060E1881081E592806CE1871401E1861401E151000EE5D3106C1309000A6D
:20EB4000E201E003E5D31001E18CCC0EE15C00081309000AE351000008BD81F0E592C07063
:20EB6000E3A0E000E35C00011309000A1A000010E5D3C009E35C00000592C1201A00000749
:20EB8000E35C00051309000A1A000009E593C004EA00000801A0000001A0000001A00000D7
:20EBA000E592C120E35C000A0593C0040A000001E309000AE593C004E3078F00E282409866
:20EBC000E34680FFE5DC5000E5DC600101A00000E5DC7002E1865085E5DC6003E1875485E5
:20EBE000E4947004E1865205E0086007E18E5405E1560405E5DC5004E28CC0051309000AA6
:20EC0000E25110010592C094E085E00E15DC5000E6EFE07E15DC60011AFFFFECE7E6C45CBB
:20EC2000E28CC001E15E000C0593C0781A000006E5921074E15C00010593C07C1A00000241
:20EC4000E592107CE15C000108BD81F0E309000AE8BD81F0E8BD81F000000000000000001B
:20EC6000E92D4070E1A04000E1A05001EBFFCE2FE3540003E1A06000830C000188BD807074
:20EC8000E3550000E30C00120A00000DEBFFCC7BE300C000E5865014E34ACAF0E59600140B
:20ECA000E18C1004E5861018EBFFEFF8E596C018E18CC400E586C018EBFFCD20E3A000004E
:20ECC000E8BD8070E8BD80700000000000000000E92D400801A0000001A0000001A00000C9
:20ECE000EBFFCBE2E35000011AFFFFFCE3A00000EBFFF2DEEAFFFFF9000000000000000017
:20ED0000E308C070E340C803E92D4008E59CC000E35C000008BD8008E59CC208E35C000035
:20ED200008BD8008E12FFF3CE8BD800800000000E92D500FEEF8CA10E92D1000EEF1CA10FA
:20ED4000E92D1000ED2D0B10EBFFFFECECBD0B10E8BD1000EEE1CA10E8BD1000EEE8CA10FC
:20ED6000E8BD500FE25EF0040000000000000000E35000000A000021E3500061E240C00186
:20ED80002A00001EE6EFC07CE20C001FE1B0C2AC0A000012E25CC0010A000008E25CC001E2
:20EDA000E3A0C0011A000015E5C1C000E1A0C01CE582C000E12FFF1E01A0000001A0000087
:20EDC000E3A0C001E3A03002E5C13000E1A0C01CE582C000E12FFF1E01A0000001A0000071
:20EDE000E3A0C001E3A03000E5C13000E1A0C01CE582C000E12FFF1E01A0000001A0000053
:20EE0000E3A0C004E3A03000E5C1C000E5823000E12FFF1E000000000000000000000000CE
:20EE2000E92D4010E30C400AE24DD008E3520000E3A03000E58D30000A000027E35100003D
:20EE40000A000015E25110010A000006E251C001E000C0021A00001FE152000C0A00001B0C
:20EE6000E1A00004EA00001DE3A00001E1A0100DEBFFCAF6E513CAB8E5130AB0E59D10007C
:20EE8000E000C00CE001C00CE002C00CE152000C0A00000EE1A00004EA000010E1A0000311
:20EEA000E1A0100DEBFFCAE9E513CAF8E5130AF0E59D1000E000C00CE1A00004E001C00CFB
:20EEC000E002C00CE152000C128DD0081A000004E1A00003EA000001E30C4001E1A000048C
:20EEE000E28DD008E8BD80100000000000000000E3510000030C0011012FFF1EE3500000C2
:20EF0000030FC5000A000005E250C001E30FC5400A00000AE30C0001EA00000D01A0000085
:20EF2000E3A00000E34FCFFFE59CC000E581C000E12FFF1E01A0000001A0000001A00000D7
:20EF4000E3A00000E34FCFFFE59CC000E581C000E12FFF1EE12FFF1E00000000000000006D
:20EF6000E92D4030E30F551CE34F5FFFE5954000E595C00CE24DD00CE28D1008E6EF007C35
:20EF8000E28D2004EBFFFF79E5DD1008E59D2004E1A00004EBFFFFA1E3500000E5DDC00830
:20EFA0001A00008EE3084038E3A03000E35C0002E58D3000E3404803E30C200A1A00000D02
:20EFC000E595C01CE35C000501A0C0041A000017E585301CE5DC0000E350000015DC000660
:20EFE0000A00004DE350000015DC00041A000018E5DC0012EA00002EE5DD0008E59D100415
:20F00000EBFFCC86E5DD0008E1A0100DEBFFFFB7E59DC000E59D0004E010C00CE58DC000F6
:20F020000A000002E595C01CE35C00050585301CE1A0C004E5DC0000E350000015DC000624
:20F040000A000035E350000005DC00120A000018E5DC0004E350000105DC00051A0000131D
:20F06000E350000005DD00081A000010E5DC1007E1500001059D00041A00000CE59C1008DA
:20F08000E150000115DC00121A000009E5DD0008E3A01001E5CC1005E1A02003E35000021B
:20F0A000E1CC30BC1A000033E3520000EA00003AE5DC0012E350000015DC00100A000016EA
:20F0C000E350000105DC00111A000013E350000005DC10131A000010E5DD0008E150000180
:20F0E000059C10141A00000CE59D0004E15000011308C0341A000009E5DD0008E3A01001DD
:20F10000E5CC1011E1A02003E3500002E1CC31B81A000018E3520000EA00001FE308C0345F
:20F12000E340C803E59CC000E35C000005DDC0080A00000EE59CC01CE35C00000A00000AEF
:20F14000E5DD0008E59D1004E12FFF3CE30CC014E1B0200005DDC0080A000004E15C000299
:20F16000130CC015115C00021A000019E5DDC008E35C00020A000007E3520000E59DC000A6
:20F180001A000018E35C00001595C01C1A000006E28DD00CEA000014E3520000E59DC00494
:20F1A0001A000010E585C020E595C01CE35C000A1595C0080A00000BE35C0000128DD00CFB
:20F1C0001A000009E3A0C005E28DD00CE585C01CEA000005E3A00002EBFFF1A4EBFFFEBB9D
:20F1E000E3A00000EB0052DDE28DD00CE8BD8030E92D4010E30C400AE24DD008E3A0200089
:20F20000E1B03001E58D20000A000020E35000000A00000FE250C001130C40011A00001B9C
:20F22000E3A00001E1A0100DEBFFCA08E512CAB0E5120AB8E59D1000E1C0C00CE001C00C1A
:20F24000E003C00CE153000C0A00000EE1A00004EA00000FE1A00002E1A0100DEBFFC9FB5A
:20F26000E512CAF0E5120AF8E59D1000E1C0C00CE1A00004E001C00CE003C00CE153000CC4
:20F28000128DD0081A000003E1A00002EA000000E1A00004E28DD008E8BD8010000000006C
:20F2A000E92D4010E30F4524E34F4FFFE594C008E24DD010E1A0100DE6EF007CE28D20043B
:20F2C000EBFFFEAAE5DD0000E59D1004EBFFFFC7E35000001A00006AE5DD0000E59D100485
:20F2E000EBFFCBCEE5DD0000E28D1008EBFFFEFFE59DC008E59D1004E011000CE58D000804
:20F300000A000003E594C014E35C000503A0C0000584C014E308C038E340C803E5DC2000DD
:20F32000E352000015DC20060A000030E352000015DC20040A000015E352000005DC2005A3
:20F340001A000012E352000005DD20001A00000FE5DC3007E1520003059C20081A00000B05
:20F36000E151000203A010011A000008E3500000E5CC1005E3A0E000E1CCE0BC1A00002A9A
:20F38000E28DD010EA00004101A0000001A00000E5DC2012E352000015DC20100A0000134B
:20F3A000E352000005DC20111A000010E352000005DC30131A00000DE5DD2000E152000344
:20F3C000059C20141A000009E151000203A010011A000006E3500000E5CC1011E3A0E000C5
:20F3E000E1CCE1B81A000010E28DD010EA000027E308C034E340C803E59CC000E35C0000F0
:20F400000A000021E59CC018E35C00000A00001EE5DD0000E12FFF3CE3500000E59DC00877
:20F420001A00000EE35C00000A000017E594C014E35C000A1594C0000A000013E35C0000E9
:20F44000128DD0101A000011E3A0C005E28DD010E584C014EA00000D01A0000001A00000F5
:20F46000E30CC014E15C0000E30CC0150A000006E15C00000A000004E3A00002EBFFF0FB13
:20F48000EBFFFE12E3A00001EB005234E28DD010E8BD8010000000000000000000000000F9
:20F4A000E3510000030700030A000009E3500000E300045C13A0C01403A0C000E340000B6A
:20F4C000E790C00CE3A00000E59CC00CE581C000E12FFF1EE12FFF1E000000000000000099
:20F4E000E3A02001E3A03000EAFFF41800000000E308C0A4E340C803E92D4000E24DD0141A
:20F50000E59CC000E35C0000030200010A000019E5DC300EE1530000D3020010DA0000153B
:20F52000E59CC008E08CC180E59C0000E5900000E58D0000E59CE000E59C3000E59C0000DA
:20F54000E5CD1010E59EE004E58DE004E5D00009E1D330D8E5DCC004E5CD0009E3A01001CE
:20F56000E5CD2011E1A0CC11E58DC00CE5CD3008E1A0000DEBFFD929E28DD014E8BD800030
:20F58000E3510000030700030A000009E3500000E300045C13A0C01403A0C000E340000B89
:20F5A000E790C00CE3A00000E59CC010E581C000E12FFF1EE12FFF1E0000000000000000B4
:20F5C000E3500010A30A0002A12FFF1EE30F101CE3A0C001E34F1FFFE1A0C01CE3A00000BA
:20F5E000E581C000E12FFF1E0000000000000000E308C000E340C803E59CC000E35C00009F
:20F600000A000002E3A00C7DE3A01000EAFFEAF7E3040003E12FFF1E00000000000000005E
:20F62000E92D4070E3084000E30E6D00E3404803E34F6FFFE594C000E35C000013A05000F2
:20F640000A00000E01A0000001A0000001A00000E594C004E5DCC012E186C00CE6FF007C4B
:20F66000E3A01000EBFFEAE1E2855001E355000788BD8070E35000000AFFFFF4E8BD807052
:20F68000E3040003E8BD80700000000000000000E92D41F0E24DD018E1A01000EBFFE3E34C
:20F6A000E3500000E308C0AC1A000039E340C803E59CC000E59C0004E0805081E5D50000CE
:20F6C000E3500000130800031A000031E59CC000E3A00018E104C081E5D5E001E28D30084A
:20F6E000E1D4C0B6E28E0004E3A08000E6EF7070E3A02001E1A0642CE58D8000E1A0100774
:20F70000E1A00006EBFFC6C9E350000005D400051A00001FE3001008E1A0C008E350000028
:20F72000E59D0008E340104013A0C001E1810000E5D41014E3C00010E180C20CE351000201
:20F74000E58DC0080A000003E351000313CCC001158DC0081A000001E38CC001E58DC0089C
:20F76000E58DC000E1A00006E3A02001E1A01007E1A03008EBFFC6ADE3500000128DD018C4
:20F780001A000004E3A0C001E28DD018E5C5C000EA000000E28DD018E8BD81F000000000EF
:20F7A000E3500060E1A0C2C02A000007E3A01001E6EFC07CE1A0C10CE200001FE1A00011FC
:20F7C000E50C01C0E3A00000E12FFF1EE30B0007E12FFF1E000000000000000000000000A5
:20F7E000E92D47F0E1A05002E59D6020E1A07000E5DD4027E1A08001E1A02006EBFFC6F77D
:20F80000E350000018BD87F0E35300000309000108BD87F0E597C004E3A01005E3540000DB
:20F82000E10CC1880A000004E5DCC004E15C0004AA000002E3090010E8BD87F0E5DC4004F5
:20F84000E5D7C000E3002340E340200BE1A0118CE081C10CE082100CE7E1C455E3A050001A
:20F86000E1A0A20CE5912000E082E108E08A218CE591A004E0879002E59E8098E3001202BC
:20F88000E1C350B0E081200AE5D9E018E7E61458E35E0008E3A0E018CA000033E10C7E8C92
:20F8A000E5DCC018E35C0002E084C001BA00002EE6EFC07CE15C0001D8BD87F0E04CE001F9
:20F8C000E35E0002E021400CE204A001E1A0C0CEBA00001AE1A0E101E08E4002E2444002B3
:20F8E000E08E5002E2429002E246600201A00000E1D370B0E281E001E0D480B8E6EFE07E30
:20F90000E1887007E1C370B0E1A0E10EE0D570B8E5E67002E19980BEE2811002E1D370B0B8
:20F92000E25CC001E6EF1071E1887007E1C370B0E192E0BEE5C6E0011AFFFFECE286600263
:20F94000E35A0000D8BD87F0E1A0C101E1D310B0E082E00CE15EE0B2E18E1001E1C310B0A4
:20F96000E192C0BCE5C6C000E8BD87F0E3090001E8BD87F000000000000000000000000008
:20F98000E92D4000E24DD00CE59DC010E58DC000E3A0E000E58DE004EBFFFF90E28DD00C05
:20F9A000E8BD8000000000000000000000000000E350000013510000030A0018012FFF1E19
:20F9C000E30F2000E34F2FFFE592C00CE580C000E3A00000E592C004E581C000E12FFF1E3C
:20F9E000E35000001351000013520000030A0018012FFF1EE30F3000E34F3FFFE593C19836
:20FA0000E580C000E593C19CE581C000E593C1A0E7EC085CE1C200B0E7ECC05CE1C2C0B25F
:20FA2000E3A00000E12FFF1EE1A02000E3060001E35200000A00000CE3060008EE111F50E1
:20FA4000E2011605E35106051A000007EEF81A10E31101010A000004E3A00000EEF11A10A8
:20FA6000E5821000E3C1109FEEE11A10E12FFF1EE308C070E340C803E92D4038E59C00007E
:20FA8000E3500000030B00010A000013E59C4000E301CFF0E3A00000E34FCFF8E3A010187C
:20FAA000E2842088E284E090E284308CE2844094E4925010E5AC5010E4935010E251100124
:20FAC000E58C5004E49E5010E58C5008E4945010E58C500C1AFFFFF5E8BD8038E8BD80384A
:20FAE000E350000013510000030B0001012FFF1EE30F2DECE3A03001E34F2FFFE592C000BD
:20FB0000E1B0CF8C15C030000A000004E592C008E3A00000E581C000E5823000E12FFF1E3A
:20FB2000E3A0C000E5C0C000E1A0000CE12FFF1EE30F0DECE34F0FFFE92D40F0E24DD00CE7
:20FB4000E590C000E1B0CF8C1590C0040A00002BE31C0C010A000026E3A04000E5CD4008ED
:20FB6000E3E0C000E58DC000E58D4004E1A0100DE1A00004EBFFC7B5E1A05000EBFFFFBB1C
:20FB8000E1A06000E28D1004E28D0008EBFFFFD3E3A01902E1A07000E1A00004EBFFC99F68
:20FBA000E5DDC008E3021008E34F1FF8E35C0001E59DC0041A000013E151000CE59DC00042
:20FBC0001A000010E35C0902E180C0071A00000DE3080084E185C00CE196C00CE340080350
:20FBE0001A000008E3A0C001E28DD00CE5C0C000EA000005EB007D71E28DD00CEA000002F0
:20FC0000E3A00002EB005055E28DD00CE8BD80F0E92D500FEEF8CA10E92D1000EEF1CA105B
:20FC2000E92D1000ED2D0B10EBFFFFC0ECBD0B10E8BD1000EEE1CA10E8BD1000EEE8CA1039
:20FC4000E8BD500FE25EF004000000000000000000002CE1000001F300000000000000006B
:20FC6000000048020040000E0000000000000000000068030000000400000000000000007D
:20FC8000000088040000000200000000000000000000A1000000C0020000008000000000F3
:20FCA000000321000000C00400000080000000000000E80C0040000E000001800000000019
:20FCC00000015A0000010028000000000000000000012CE10000000400000000000000008E
:20FCE000000148030040000E000000800000000000016CE000000009000000000000000094
:20FD000000033A000001802800000000000000000001AC200000000D0000018000000000A2
:20FD20000001C80C0040000E00000280000000000001E8030040000E0000000000000000E4
:20FD4000000208100040000200000000000000000002280C024087A40000000000000000A4
:20FD600000026100000240000000028000000000000268020000000E0000000000000000E2
:20FD8000000281000002A0020000008000000000000301000002A004000000800000000092
:20FDA0000002E1000002C0400000030000000000000308190000000E000001000000000028
:20FDC0000003081A0000000E000001000000000000032CE0080000000000000000000000D8
:20FDE000000355C00043451E0000000000000000000375C000436D1E00000000000000003F
:20FE000000003480000040060000000000000000000108100000000E0000000000000000C1
:20FE2000000114400000692000000000000000000000C10000008000000000800000000023
:20FE40000000A8100000001A00000000000000000000C804000000120000000000000000F2
:20FE60000000E8100000000E000000000000000000024CE001FFFFFF000000000000000050
:20FE800000015A0000012520000000000000000000023A00000207C00000000000000000BC
:20FEA00000019A0000016540000000000000000000023A00000207E00000000000000000DC
:20FEC0000001DA000001A720000000000000000000023A00000205E000000000000000005C
:20FEE00000025A000001E740000000000000000000023A00000205C000000000000000007B
:20FF000000024CE001FFFFFF00000000000000000002481002C1002E0000008000000000EA
:20FF20000002DA00000265C000000000000000000002DA00000287C0000000000000000099
:20FF40000002DA000002A9C000000000000000000002E8050000000E0000008000000000DD
:20FF60000002E8050000000E000000000000000000070E091C1B1215383F363124232A2D8C
:20FF800070777E796C6B6265484F464154535A5DE0E7EEE9FCFBF2F5D8DFD6D1C4C3CACD71
:20FFA00090979E998C8B8285A8AFA6A1B4B3BABDC7C0C9CEDBDCD5D2FFF8F1F6E3E4EDEA51
:20FFC000B7B0B9BEABACA5A28F88818693949D9A2720292E3B3C35321F18111603040D0A31
:20FFE0005750595E4B4C45426F68616673747D7A898E878095929B9CB1B6BFB8ADAAA3A411
:02000004000BEF
:20000000F9FEF7F0E5E2EBECC1C6CFC8DDDAD3D4696E676075727B7C51565F584D4A4344F0
:20002000191E171005020B0C21262F283D3A33344E49404752555C5B7671787F6A6D6463D0
:200040003E39303722252C2B0601080F1A1D1413AEA9A0A7B2B5BCBB9691989F8A8D8483B0
:20006000DED9D0D7C2C5CCCBE6E1E8EFFAFDF4F3000034800000400600000000000000008E
:200080000000880C0000000E00000000000000000000944000006920000000000000000061
:2000A0000001C80C0000000E00000000000000000000DA000000A5200000000000000000BE
:2000C0000001BA00000187C0000000000000000000011A000000E5400000000000000000DD
:2000E0000001BA00000187E0000000000000000000015A000001272000000000000000003A
:200100000001BA00000185E000000000000000000001DA000001674000000000000000003B
:200120000001BA00000185C000000000000000000001CCE001FFFFFF000000000000000013
:200140000001C80C02C1002E0000008000000000000034800000400600000000000000005F
:200160000000480A0000000E000000000000000000009A0000006520000000000000000000
:2001800000017A00000147C000000000000000000000DA000000A54000000000000000001D
:2001A00000017A00000147E0000000000000000000011A000000E72000000000000000007A
:2001C00000017A00000145E0000000000000000000019A000001274000000000000000007B
:2001E00000017A00000145C0000000000000000000018CE001FFFFFF000000000000000013
:200200000001880A02C1002E000000800000000000002801000000000000000000000000B1
:200220000000480200000002000000000000000000006CA001FFFFFF000000000000000068
:20024000000088060040000E00000000000000000000DA000000A028000000000000000020
:2002600000010806021980220000000000000000000101000000E01C0000000000000000B4
:200280000001080802118020000000000000000000012809021087A400000000000000002B
:2002A0000001480A021887A4000000000000000000016CE008000000000000000000000051
:2002C000E1FFE10FE1F0E100E1B0E140E1BFE14FE1E9E119E1E6E116E1A6E156E1A9E15916
:2002E000E175E185E17AE18AE13AE1CAE135E1C5E163E193E16CE19CE12CE1DCE123E1D3F6
:20030000E1D2E122E1DDE12DE19DE16DE192E162E1C4E134E1CBE13BE18BE17BE184E174D5
:20032000E158E1A8E157E1A7E117E1E7E118E1E8E14EE1BEE141E1B1E101E1F1E10EE1FEB5
:20034000FFF7F400FF0E000000000040FFF7F6000000000000000000FFF7F800FF0C000081
:2003600000000080FFF7FA000000000000000000FFF7FC00FF0A000000000100FF0E000004
:20038000FF0E040011000000000000000000000000000000FF0C0000FF0C0400120000000F
:2003A000000000000000000000000000FF0A0000FF0A0400180000000000348000008006D5
:2003C0000000000000000000000042040000000000000000000000000000A804008800366D
:2003E000000000000000000000009A000000802800000000000000000000ACE001FFFFFF31
:20040000000000000000000000002C2001FFFFFF0000000000000000000048040040000EF8
:20042000000000000000000000009A00000060280000000000000000000082000000000018
:2004400000000000000000000000A0000040A0180000000000000000FF460000FFF7B80011
:20046000FF4E0000FF4E0100FFF7A400FF440000FFF7B900FF4C0000FF4C0100FFF7A50023
:20048000FFF7B84C00000000FF000000FFF7B94C00000000FF00000000002E6018000000C3
:2004A000000000000000000000004E60080000000000000000000000000068000088003660
:2004C00000000000000000000000880100880036000000000000000000002C6001FFFFFF4B
:2004E0000000000000000000000057001800402200000000000000000000744008006016F9
:200500000000000000000000FFF7C000FF3E0000FF3E100013000000FFF7C200FF3A000097
:20052000FF3A10000100000000002CA001FFFFFF0000000000000000000040000040400CDB
:20054000000000000000000000002E60040000000000000000000000FFFFFFFFFFFFFFFF11
:20056000EAFFFFFEE92D0001EE110F10E3C00001F57FF04FEE010F10F57FF06FE8BD000182
:20058000E12FFF1EE92D0001EE110F10E3C00802EE010F10E8BD0001E12FFF1EEE060F1256
:2005A000E12FFF1EEE060F11E12FFF1EEE060F91E12FFF1EEE060F51E12FFF1E000000008B
:2005C000E52DE004E52D7004E52D6004E52D5004E52D4004E52D3004E1B0400103A0001E94
:2005E00008BD80F8E350000B83A0001F88BD80F8E5947010E5945008E594600CEBFFFFE603
:20060000E5940000EBFFFFE6E5940004EBFFFFE6E186C005E187000CEBFFFFE5E3A0000055
:20062000E8BD80F8E92D0001EE110F10E3800802EE010F10E8BD0001E12FFF1EE92D000103
:20064000EE110F10E3800001F57FF04FEE010F10F57FF06FE8BD0001E12FFF1E00000000B1
:20066000E52DE004E52D5004E52D4004E52D3004EBFFFFBBEBFFFFC2E3015B64E3A04000CD
:20068000E340500D01A0000001A0000001A00000E6EF0074E1A01005EBFFFFC8E2844001C0
:2006A000E354000CE28550143AFFFFF8EBFFFFDCEBFFFFE1E3A00000E8BD8038000000008D
:2006C000E351000003A0001E012FFF1EE350000005D100011A000020E5D12000E5D1C00246
:2006E000E2000001E1A03F82E5D12003E20CC00FE1833F00E5D10004E202203FE1833D0CF2
:20070000E5D1C005E1833A02E5D12006E2000007E20CC00FE202203FE1833880E5D1000720
:20072000E183368CE5D1C008E1832382E30E3810E2000007E5D11009E34F3CFFE20CC003FD
:20074000E1820200E180C10CE3A00000E2011003E181C00CE583C000E12FFF1EE3500001D6
:2007600005D100011A000020E5D12000E5D1C002E2000001E1A03F82E5D12003E20CC00F5F
:20078000E1833F00E5D10004E202203FE1833D0CE5D1C005E1833A02E5D12006E20000072C
:2007A000E20CC00FE202203FE1833880E5D10007E183368CE5D1C008E1832382E30E381476
:2007C000E2000007E5D11009E34F3CFFE20CC003E1820200E180C10CE3A00000E201100337
:2007E000E181C00CE583C000E12FFF1EE350000205D100011A000020E5D12000E5D1C002E2
:20080000E2000001E1A03F82E5D12003E20CC00FE1833F00E5D10004E202203FE1833D0CD0
:20082000E5D1C005E1833A02E5D12006E2000007E20CC00FE202203FE1833880E5D10007FF
:20084000E183368CE5D1C008E1832382E30E3818E2000007E5D11009E34F3CFFE20CC003D4
:20086000E1820200E180C10CE3A00000E2011003E181C00CE583C000E12FFF1EE3A0001F47
:20088000E12FFF1EEE160F51E12FFF1E00000000E52DE004E52D6004E52D5004E52D400472
:2008A000E1B0400003A0001E08BD8070E5941000E351000003A0500001A060050A00000E23
:2008C000E3A00000EBFFFF7DE594C000E5DC100BE5DC200AE5DC000CE201103FE202200329
:2008E000E2000001E5DCC00DE1A01101E1A05802E20CC001E1810080E18C6000E59410042E
:20090000E35100000A00000EE3A00001EBFFFF6BE594C004E5DC100BE5DC200AE5DC000CE2
:20092000E201103FE2022003E2000001E5DCC00DE1861501E1855902E20CC001E18104803A
:20094000E180640CE5941008E35100000A00000EE3A00002EBFFFF59E594C008E5DC100B05
:20096000E5DC200AE5DC000CE201103FE2022003E2000001E5DCC00DE1861901E1855A02D2
:20098000E20CC001E1810880E180680CE5D4000CE5D4C00DE2000001E30E1800E20CC00103
:2009A000E34F1CFFE1A00E80E5D4200EE180CE0CE185C00CE182C00CE581C004E581606800
:2009C000E3A00000E8BD80700000000000000000E3031000E3000C00E30ACAAAE34018007E
:2009E000E3400800E52DE004E52D3004E2413044E1500003E34ACAAAE24120448A00000F04
:200A0000E0413000E041E000E35E0048E2433040E1A031C3BA000006E282200801A0000004
:200A2000E522C008E2533001E502C0041AFFFFFBE2422008E0410000E31000041582C00008
:200A4000E3001C00E3000A00E3401800E2413014E3400800E1500003E24120148A00000FB9
:200A6000E041E000E0413000E35E0018E2433010E1A031C3BA000006E282200801A0000004
:200A8000E522C008E2533001E502C0041AFFFFFBE2422008E0410000E31000041582C000A8
:200AA000E3001A00E3000800E3401800E2413014E3400800E1500003E24120148A00000F5D
:200AC000E041E000E0413000E35E0018E2433010E1A031C3BA000006E282200801A00000A4
:200AE000E522C008E2533001E502C0041AFFFFFBE2422008E0410000E31000041582C00048
:200B0000E3001800E3000400E3401800E2413014E3400800E1500003E24120148A00000F02
:200B2000E041E000E0413000E35E0018E2433010E1A031C3BA000006E282200801A0000043
:200B4000E522C008E2533001E502C0041AFFFFFBE2422008E0410000E31000041582C000E7
:200B6000E3001400E3000100E3401800E2413014E3400800E1500003E24120148A00000FA9
:200B8000E041E000E0413000E35E0018E2433010E1A031C3BA000006E282200801A00000E3
:200BA000E522C008E2533001E502C0041AFFFFFBE2422008E0410000E31000041582C00087
:200BC000E3001100E3000020E3401800E2413014E3400800E1500003E241201488BD8008F9
:200BE000E0413000E041E000E35E0018E2433010E1A031C3BA000006E282200801A0000083
:200C0000E522C008E2533001E502C0041AFFFFFBE2422008E0410000E31000041582C00026
:200C2000E8BD8008EAFFFFFFE1A00000EAFFFFFDE3002008E30610C8E30600C8E34020007A
:200C4000E3401800E082C001E24CC004E3400800E150000CE0823001E52DE004E52D4004FD
:200C6000E243300488BD8010E082E001E082C001E04E4000E04CC000E1A0E1CCE354000819
:200C8000E30ACAAAA2833008E34ACAAABA000004E523C008E25EE001E503C0041AFFFFFB87
:200CA000E2433008E0821001E0410000E31000041583C000E8BD80100000000000000000BF
:200CC000E30F0EE0E3400803E12FFF1E00000000E52DE004E52D8004E52D7004E52D600451
:200CE000E52D5004E52D4004E30316D0E24DDE12E3A02C01E340100DE28D0020FA008577D8
:200D0000EBFFFFEEE1A05000E1B040000A00003DE1A0E00DE2843020E8B51007E48E0004C5
:200D2000E48E1004E48E2004E48EC004E2841028E3A00010E28DC010E89501E0E2842024E9
:200D4000E58E5000E58E6004E58E7008E58E800CE284E02C01A0000001A0000001A00000BA
:200D6000E4935010E5AC5010E4925010E2500001E58C5004E4915010E58C5008E49E50105D
:200D8000E58C500C1AFFFFF5FA0085BCE1A0500DE1A0E004E8B51007E2843020E48E00041B
:200DA000E48E1004E48E2004E48EC004E2842024E89501E0E28DC010E3A00010E284102869
:200DC000E58E5000E58E6004E58E7008E58E800CE284E02C01A0000001A0000001A000003A
:200DE000E5BC4010E4834010E59C4004E2500001E4824010E59C4008E4814010E59C400C52
:200E0000E48E40101AFFFFF5E28DDE12E8BD81F0E30DCB4CE340C803E350000015901004AD
:200E200003A0000005CC0000012FFF1EE3510FFAE30C23503A00000DE152000125D01008CA
:200E40003A00000AE351000595D010098A000007E351000995D000008A000004E3500000A3
:200E60000A000002E35000B4E3A000019A000003E3A00000E5CC0000E3A00006E12FFF1E74
:200E8000E5CC0000E3A00000E12FFF1E00000000E30FCC00E30D19B4E34FCFFFE340180338
:200EA000E3500000E59C3000E3A0C000E5912000E3833902E50C3400E3822902E581200099
:200EC0000A000012E3500001051C0400112FFF1EE3A03059E5813008E3C00002E50C0400FC
:200EE000E50CC3D0E50CC3CCE5910000E50C33C8E51C2400E3800002E5810000E382000235
:200F0000E50C0400E12FFF1E01A0000001A00000E51C0400E3A03059E5813004E3C000011E
:200F2000E50C0400E50CC3F0E50CC3ECE5910000E50C33E8E51C2400E3800001E581000007
:200F4000E3820001E50C0400E12FFF1E00000000E52DE004E52D4004E30A418CE340480395
:200F6000E5D4C000E35C000013A0002018BD8010E3A00000EBFFFFC5E3A00001EBFFFFC320
:200F8000E3A0C0A6E5C4C000E3A00000E8BD8010E10FC000E20C101FE3510011E52DE0043F
:200FA000E52D300408BD8008E30DCB5CE340C803E3510012E5DC00000A00000AE10F10007E
:200FC000E3500000038100801A000004E129F000E5DC0000E30D2B60E3402803E5821000C1
:200FE000E2800001E5CC0000E30DCB5DE3A02000E340C803E5DC0000E3500000030DEB64E1
:201000001A000005E51211D0E340E803E3A03B03E50231C0E2011B03E58E1000E28000014B
:20102000E5CC0000E8BD80080000000000000000E350004B3301CED823010F6E3340C00D99
:201040002340000D308C0080E12FFF1E00000000E52DE004E52D4004E5D13001E1A0C00043
:20106000E35300C883A000008A000044E35C0000E30B2D9CE3A00001E34028031A00002778
:20108000E30FCC30E082E183E34FCFFFE5DE4004E354000015DE40050A000008E5D110004E
:2010A000E151000415DE40060A00000AE3540000108211831A000008E5CE1006EA00000576
:2010C000E59C4000E082E183E58E4000E5D11000E5CE1005E5CE0004E0821183E59CC0005A
:2010E000E5912000E5D11004E04CC002E351000008BD8010E30A1E1CE3A02FFAE340180308
:20110000E5D11000E1610182E151000C28BD8010E3A00000E8BD801001A0000001A0000097
:20112000E5D11000E082C183E5DC2005E151000205DC20061A00000BE3A0E000E352000065
:2011400015CC20051A000006E5DC2006E3A03000E5CC3005E1510002E5CC30040A000004C2
:20116000E8BD8010E5CCE006E5DC2006E151000218BD8010E3A01000E5CC1006E8BD801094
:20118000E8BD8010000000000000000000000000E10FC000E20C101FE3510012E30DCB5CF0
:2011A000012FFF1EE340C803E3510011E5DC0000012FFF1EE10F1000E3500000038100806A
:2011C0001A000004E129F000E5DC0000E30D2B60E3402803E5821000E2800001E5CC0000E2
:2011E000E12FFF1E000000000000000000000000E10FC000E20CC01FE35C0012012FFF1EA7
:20120000E35C0011E30D1B5C012FFF1EE30D0B60E3401803E3400803E5D1C000E590000018
:20122000E35C000103A0C0000A000004E35C0001912FFF1EE24CC001E5C1C000E12FFF1E5E
:20124000E3100080E5C1C000010FC00003CCC0800129F00CE12FFF1E000000000000000083
:20126000E52DE004E52D4004E30DCA75E1B0400003A0001EE340C80308BD8010E3A000F9A2
:20128000E5DCC000E35C00000A000008EBFFFFBFE30D1A55E3A02020E1A00004E3401803EF
:2012A000FA00840EEBFFFFD1E3A00000E8BD8010E8BD8010000000000000000000000000FB
:2012C000E52DE004E52D5004E52D4004E24DD024E1A05001E1A04000E1A0000DEBFFFFDF50
:2012E000E3500000E30DCA761A00001DE340C803E5DC0000E5DDC01EE3500002124CC002B0
:20130000024CC00106EF007C16EF007CE5DDC01BE35C00000A000010E25CC0030A00000CBF
:20132000E25CC0010A000008E25CC0010A000004E25CC00213A0C0FF1A00000BE3A0C005B0
:20134000EA000009E3A0C006EA000007E3A0C009EA000005E3A0C003EA000003E3A0C001AE
:20136000EA000001E3A00000E3A0C0FFE354000015C4C000E28DD024E355000015C5000078
:20138000E8BD8030000000000000000000000000E52DE004E52D4004E1A04000EBFFFF7B87
:2013A000E309CE20E340C803E3A01024E3A03008E5FC000C01A0000001A0000001A0000023
:2013C000E350005013500020059C20041A00000BE3520000159C00080A000008E3500000EA
:2013E00015D220040A000005E154000205D0202C1A000002E35200001352000715C0302C8D
:20140000E251100115FC000C1AFFFFECEBFFFF77E8BD8010000000000000000000000000D2
:20142000E10FC000E30D1B5DE20CC01FE35C0011E3401803012FFF1EE30D0B64E34008035F
:20144000E5D12000E3520001E59000000A000007E35200019A00000AE2420001E5C1000055
:20146000EA00000701A0000001A0000001A00000E30F2E30E3A03000E5C13000E34F2FFF5F
:20148000E5820000E35C0012E30D1B5C012FFF1EE30D0B60E3401803E3400803E5D1C000A3
:2014A000E5900000E35C000103A0C0000A000007E35C0001912FFF1EE24CC001E5C1C00091
:2014C000E12FFF1E01A0000001A0000001A00000E3100080E5C1C000010FC00003CCC08044
:2014E0000129F00CE12FFF1E0000000000000000E350000383A0001F812FFF1EE30DCA0496
:20150000E340C803E08CC200E5DC000CE350000013A00002112FFF1EE3510000E3A00001E5
:2015200005CC000BE5CC000CE3A00000E12FFF1EE30DCBF2E340C803E52DE004E52D60045B
:20154000E52D5004E52D4004E1A05001E1A04000E5DCC000E1A06002E35C000003A00021D5
:2015600008BD8070E354000C23A0001F28BD8070EBFFFE86E30DCBDAE340C803E08C00045B
:20158000E3560000E5D01000E1A0C0011185C00C16EFC07C01CCC005E151000CE3A05000C5
:2015A0000A000015E5C0C000E3A01001E3A00002EBFFFFCEE1A05000E355000203A05000D9
:2015C000E354000B0A00000CE354000A0A00000AE35400040A000008E3540001E30FCC30EB
:2015E0000A000005E30A0F94E34FCFFFE3400803E59CC000E580C000EAFFFFFFEBFFFF8761
:20160000E1A00005E8BD80700000000000000000E52DE004E52D6004E52D5004E52D400487
:20162000E1A04001E3500085A3A00022A8BD8070E3091BBCE1A0C180E08CC100E340180386
:20164000E081C00CE5DCC001E24CC006E35C0001E24CC0029A000041E35C000193A0C00C9D
:201660009A000006E25CC0020A00001CE3A00025EA00001601A0000001A0000001A0000019
:20168000E3540000E1001C80E590C004E59050080A000006E5DC0002E3A01001EBFFBEC7BA
:2016A000E3500000EA00000501A0000001A00000E5DC0002E3A01000EBFFBEC0E3500000D5
:2016C000E5C5402A03A0000013A00F49E8BD8070E8BD807001A0000001A0000001A000003B
:2016E000E3A0C00CE10C1C80E59C5008E59C6004EBFFFE26E300C600E3540000E346C80075
:201700001A00000AE3A000ABE3A01001E1C500BCE5D60001E1DC20B0E1C20011E1CC00B027
:20172000EA00000901A0000001A0000001A00000E3A00A01E3A01001E1C500BCE5D6000193
:20174000E1DC20B0E1820011E1CC00B0EBFFFF33E5C5400FE3A00000E8BD807001A000005D
:20176000E3A0C00CE3540000E1001C80E590C004E59050081A000009E59CC004E5DC000037
:20178000E5DC1001E3A02000EBFFFF68E350000013A000031A00000AE5C5400DEA0000098C
:2017A000E59CC004E5DC0000E5DC1001E3A02001EBFFFF5EE350000005C5400D0A00000111
:2017C000E3A00003E5C5400DE8BD807000000000E30DCB2CE340C803E52DE004E52D4004D6
:2017E000E24DD008E59CC000E35C000003A0001E0A000013E5DC1008E1510000D3A00022E4
:20180000DA00000FE3A04000E58D4000E59C1004E59CC000E08CC180E7D00001E1DCC0B4FE
:20182000E3A02002E2801001E1A03004E1A0042CE6EF1071EBFFBE7DE350000013A04F4931
:20184000E1A00004E28DD008E8BD801000000000E30DCB2CE340C803E52DE004E52D300476
:20186000E59CC000E35C000003A0001E08BD8008E5DC1008E1510000D3A00022D8BD80081D
:20188000E59C1000E0811180E5912000E1A02302E58D2000E59CC004E7D0C00CE3A030007C
:2018A000E1D1E0B4E28CC001E3A02002E6EF107CE1A0042EEBFFBE5DE350000003A000001F
:2018C00013A00F49E8BD80080000000000000000E52DE004E52D5004E52D4004E52D3004D8
:2018E000E1A04000EBFFFE29E3090E20E3400803E30FEC30E3A02024E3A05002E34FEFFF04
:20190000E5F0100C01A0000001A0000001A00000E351005013510020059030041A00000EFA
:20192000E590C008E35300000A00000BE35C000015D330040A000008E154000305DC302C3D
:201940001A000005E35300081A000003E3510020059E1000058C1000E5CC502CE2522001E3
:2019600015F0100C1AFFFFE9EBFFFE20E8BD8038E3500085E52DE004E52DB004E52DA004B6
:20198000E52D9004E52D8004E52D7004E52D6004E52D5004E52D4004E52D3004AA0000E87B
:2019A000E3098BBCE1A0C180E3A06003E3408803E08CC100E088C00CE5DCC001E25CC004B9
:2019C0000A0000CBE25CC00703A0C00C0A000083E25CC00103A0C0000A000074E25CC00152
:2019E0001A0000C8E350006C91A000069A0000D6E30A5E10E240C06DE3A0200AE6EFC07C57
:201A0000E3405803E10C528CE240E06DE6EF707EE5DCC70CE35C000013A00011E3A0C00C65
:201A200018BD8FF8E10C8C80E59C4004E35400000A0000C4E35100010A00002AE3510000EA
:201A40001A0000BDE5D40000EBFFFE50E5D5C013E3000185E0805005E35C0000130A9E23F6
:201A60000A00001DE3A06000E3A0A008E3409803E5F5002401A0000001A0000001A0000092
:201A8000E157000005D500011A00000FE35000FF11A011800A00000CE0811100E088100195
:201AA000E591B008E5DB100CE3510000028660010A000006E35100070A000003E3A0100014
:201AC000EBFFFED2E5CBA00CE5D9C000E2866001E156000C35F500243AFFFFE8E5D400003F
:201AE000EBFFFF3AE8BD8FF8E5D40000EBFFFF57E5D5C013E3A09000E1A06000E35C0000DE
:201B000013A0B0010A000022E1A0C28901A00000E3560000030001A9E08CC109E085C00C7B
:201B2000E080C00C1A000087E5DC0000E157000005DC00011A000011E35000FF11A0C180AE
:201B40000A00000EE08CC100E088C00CE59CA008E5DAC00CE35C00081A000008E1A0100B53
:201B6000EBFFFEAAE1B06000030FCC301A000003E34FCFFFE59CC000E58AC000E5CAB00CDC
:201B8000E5D5C013E2899001E159000CE1A0C2893AFFFFDEE35600001A00006AE5D400001E
:201BA000EBFFFF4AE1A00006E8BD8FF801A00000E351000013A0C001E1B000A11A00005E4C
:201BC000E1A0100CE3A00000EBFFBD7CE350000013A00F4918BD8FF8E3A00000E8BD8FF879
:201BE000E3500065E10C8C80E59C40041A00002FE3D1C0020A000009E35100030594C00429
:201C00000A000007E35100040594C0040A000004E351000513510006135100071A000046A2
:201C2000E594C004E35C0000159400080A000045E35000001594000C0A000042E3500000C1
:201C40000A000040E1A05006E30202BCE340000DE1070581E5DC1001E5DC0000E5D72000B3
:201C6000EBFFFE32E594C008E3500000E5D72001E5DC100101A06000E5DC0000EBFFFE2B52
:201C8000E594C00CE5D72002E3500000E5DC1001E5DC000011A06005EBFFFE24E350000006
:201CA0001A000011E1A00006EA00002701A00000E3A0C000E351000013A0C001E35C000096
:201CC00013510001059410041A00001BE35100000A00001CE5D10000E5D11001E6EF207C75
:201CE000EBFFFE12E350000008BD8FF8E3A00003E8BD8FF8E35000610A000004E350006282
:201D0000E30DCB9D0A000002E3A00025E8BD8FF8E30DCB9DE340C803E351000003A000016D
:201D200005CC000003A0000008BD8FF8E351000103A0000005CC000008BD8FF8E3A0001F4C
:201D4000E8BD8FF8E3A06022E1A00006E8BD8FF8E52DE004E52D6004E52D5004E52D400477
:201D6000E1A04000E284C06DE6EF007CE3A01000EBFFFEFEE3A0C00AE30A0E10E3400803BF
:201D8000E10C0C84E3091E20E3A02024E3A0E001E3095BC4E3401803E5CCE70CE3A03007CA
:201DA000E1A0E002E3405803E5F1C00C01A00000E35C0050135C00200591C0041A00000F5E
:201DC000E5DC6004E591C008E15400061A00000BE5DC602BE5CC302CE35600FF110C0E86FE
:201DE0000A000006E5DCC1AAE35C00FF11A0618C0A000002E086C10CE795C00CE5CC300C57
:201E0000E252200115F1C00C1AFFFFE8E8BD8070E30ACE10E340C803E52DE004E52DB00491
:201E2000E52DA004E52D9004E52D8004E52D7004E52D6004E52D5004E52D4004E52D3004B2
:201E4000E1A0A000E3000694E5DC1017E351000008BD8FF8E30026A1E080500CE3A0900003
:201E6000E082400CE309BBBCE1A06009E5F5C00CE340B80301A0000001A0000001A0000000
:201E8000E15A000C1A000015E5D5C000E5D40000E1A0118CE1A0E180E081C10CE08B100CE4
:201EA000E3A08001E08EC100E5C48004E08BC00CE5C49002E5917008E1A01009E59C8008BF
:201EC000EBFFFDD2E30ACE27E3A0E007E340C803E5C7E00CE1A0300EE5C8300CE5DC1000FE
:201EE000E2866001E156000135F5C00CE284400C3AFFFFE2E8BD8FF80000000000000000F3
:201F0000E3500003E52DE004E52D30048A00001FE35100000A000022E35200000A000020E7
:201F2000E30139A0E1A0C180E30DEA04E08CC100E340300DE083C00CE581C000E340E80354
:201F4000E08E3200E5823000E591C000E30D1A00E3401803E5DC0000E3500002AA00000B21
:201F6000E7D11000E351000003A00021E30119D008BD8008E5DCE001E340100DE79101002C
:201F8000E5D00001E150000EC59CC004CA000001E3A0001FE8BD8008E35C000013A000009B
:201FA00018BD8008E3A0001EE8BD800800000000E3510000E52DE004E52D300408BD800839
:201FC000E3A0C00CE30129A0E301E9D0E340200DE1002C80E340E00DE590C004E5D000008D
:201FE000E1DCC0B0E79E2100E7E1C45CE1A0020CE080C18CE082C00CE28C0010E1A0C001FC
:20200000E8B0400EE48C1004E48C2004E48C3004E48CE004E8900003E58C0000E58C100459
:20202000E8BD8008000000000000000000000000E52DE004E52D6004E52D5004E52D40044B
:20204000E303188CE24DD028E340100DE3A05000E5CD500CE1A06000E8B1400DE28DC010A8
:20206000E48C0004E48C2004E48C3004E48CE004E8910003E58C0000E58C1004E1A0000667
:20208000E28D2004E58D5008E28D1008E58D5004EBFFFF9AE3500000E59DC0041A00004937
:2020A000E59CC000E35C000003A0001E0A000045E59DC008E5DC0000E30149D0E340400D18
:2020C000E5DC1001E7940100E28D200CEBFFBCA7E5DDC00CE190100CE30DCC54E340C803B1
:2020E0001A000003E7DC1006E351000003A000020A000034E35000001A00002EE1A00006D1
:20210000E28D1010E7CC5006EBFFFFA8E5DDC018E35C00100A000011E35C00081A0000250C
:20212000E59DC004E5DCC009E58DC000E59DC008E1A0000CE59D1004E5902004E5DCC00016
:20214000E5913000E5D01001E1D220B0E794010CEBFFBCC2E35000000A00000FEA00001555
:20216000E59DC004E5DCC009E58DC000E59DC008E1A0000CE59D1004E5902004E5DCC000D6
:20218000E5913000E5D01001E1D220B0E794010CEBFFBD1EE35000001A000006E59DC00866
:2021A000E5DC0000E5DC1001E7940100EBFFBD8FE35000000A000001E3A00F49EA000001D6
:2021C000E1A00005EAFFFFFFE28DD028E8BD8070E30DCBF2E340C803E52DE004E52D50049F
:2021E000E52D4004E52D3004E5DCC000E35C000003A0002108BD8038EBFFFB64E3A04064D2
:20220000E3A00002EBFFFF89E1A05000E35500021A000001E25440011AFFFFF8EBFFFC7FB5
:20222000E1A00005E8BD80380000000000000000E52DE004E52D6004E52D5004E52D400493
:20224000E30A5E10E3405803E595C000E24DD010E3A04000E35C0000E5CD40000A00001648
:20226000E5D01000E590C004E5D02001E30B0640E5CD1008E3400803E58DC00CE5CD200945
:20228000E1D060B0E1A01004E1A0000DEBFFFC0BE595C000E6EF0476E5DD1000E28D200877
:2022A000E12FFF3CE1A05000E355000103A000010A000040E31500020A000001E1A0000451
:2022C000EA00003CE31500041A000003E31500081A000006E3150010EA000008E1A0000420
:2022E000EBFFFE9AE315000803A040010A000002E3A00001EBFFFE95E3A04001E31500109F
:202300000A000002E3A00002EBFFFE90E3A04001E31500200A000002E3A00024EBFFFEBB82
:20232000E3A04001E31500400A000002E3A00025EBFFFEB6E3A04001E31500800A00000207
:20234000E3A00026EBFFFEB1E3A04001E3150C010A000002E3A00027EBFFFEACE3A0400164
:20236000E3150C020A000002E3A00028EBFFFEA7E3A04001E3150B010A000002E3A0002991
:20238000EBFFFEA2E3A04001E3150B020A000002E3A0002AEBFFFE9DE3A04001E3150A01E5
:2023A0000A000002E3A0002BEBFFFE98E3A04001EBFFFF86E1A00004E28DD010E8BD807047
:2023C000E52DE004E52D3004E3A0006DE3A01000EBFFFD66E3A0006EE3A01000EBFFFD6323
:2023E000E3A0006FE3A01000EBFFFD60E3A00071E3A01000EBFFFD5DEBFFFAE4E3090BBCCB
:20240000E3400803E280EF99E3A01007E5FE300CE3A0C034E3A0202401A0000001A000006B
:20242000E353005013530020E1A0318C1A000003E083310CE0803003E5933008E5C3102C6E
:20244000E252200115FE300CE28CC0011AFFFFF3E3A02010E280EF69E3A0C024E5FE300CAB
:20246000E353002013530021E1A0318C1A000003E083310CE0803003E5933008E5C3100C7D
:20248000E252200115FE300CE28CC0011AFFFFF3E3003414E3A020ABE3A0C008E083000037
:2024A000E5F0300C01A0000001A0000001A00000E35300200590300801C320BC05C3100E7F
:2024C000E25CC00115F0300C1AFFFFF8E300C600E346C800E1DC00B0E20000FFE1CC00B067
:2024E000EBFFFBCEE8BD80080000000000000000E30D00B7E3400803E3A0C001E5C0C0007E
:20250000EAFFFFAE000000000000000000000000E52DE004E52D5004E52D4004E30A4E1028
:20252000E3404803E594C004E24DD014E3A01000E35C0000E5CD10000A00000FE5D020005B
:20254000E590C004E5D03001E30B0640E58DC00CE3400803E5CD3009E5CD2008E1D050B046
:20256000E1A0000DEBFFFB55E594C004E6EF0475E5DD1000E28D2008E12FFF3CE28DD01401
:20258000E8BD8030000000000000000000000000E30DCB4CE340C803E52DE004E52D800465
:2025A000E52D7004E52D6004E52D5004E52D4004E1A07002E1A08003E5DCC000E1A050001A
:2025C000E3A04001E24DD008E35C0000E1A060010A000042EBFFFA6DE5CD7001E58D800459
:2025E000E5CD6000E1A00006EBFFFA90E1A06000E5D6C001E35C00000A000003E1A000059F
:20260000E1A0100DEBFFFA91E1A05000E3550000E30D70B71A000030E30C53ECE340780371
:20262000E5D61000E3405803E3A00000E5D72000E5D5C000E19120021A000007E35C000084
:202640001A000005E5C54000E1A0000DEBFFFEF7E5D61000E3A0C000E5C5C000E351000058
:2026600015D700001A000002E350000005D700001A000019E35000001A000016E35C00006E
:20268000E59D2004E5DD1001E5DD00000A000005E3A010C7E3A02000E5CD1001E3A0004A63
:2026A000E5CD0000E58D2004E30CC3E4E340C803E5CC1001E58C2004E5CC0000EBFFFF8BD2
:2026C000E5D6C000E5D50000E190C00C0A000001E1A0000DEBFFFF8DE3A04000EBFFFB4F82
:2026E000E1A00004E28DD008E8BD81F000000000E30CC3EDE340C803E3A00001E5CC000036
:20270000E3A00000E5CC0001E5CC0002E12FFF1EE30BC642E340C803E3A00001E5CC00008B
:20272000E3A00000E5CC0001E12FFF1E00000000E30DC0B5E340C803E3A00001E5CC0000AF
:20274000E3A00000E5CC0001E12FFF1E00000000E30DCBBAE340C803E3A00010E5CC000070
:20276000E3A000FFE5CC0003E3A00000E5CC0002E5CC0001E5CC0004E12FFF1E0000000059
:20278000E30D08EDE3400803E3A0C001E5C0C000E12FFF1E00000000000000000000000050
:2027A000E30DCC4CE340C803E3A00001E5CC0000E3A00000E5CC0002E5CC0001E5CC000352
:2027C000E12FFF1E000000000000000000000000E30DCB4CE340C803E52DE004E52D50047B
:2027E000E52D4004E52D3004E5DCC000E35C000003A00000130B564008BD8038E34058032B
:20280000E1D530B0E35300000A000005E3A00000E3A0103EE3A020C7EBFFFF5CE3A0002037
:20282000E8BD8038E350000003A0001E0A00002AE30A1E10E3401803E3A0C000E5C1C01100
:20284000E5C1C012E5C1C014E5C1C70CE5C1C015E5C1C716E5C1C016E5C1C720E1A0400C39
:20286000E58146FCE5814700E5C1C010E5C1C013E5C1C00FE581C01CE5C1C019E5C1C01761
:20288000E5C1C018E5902004E5D0E000E5812008E5C1E00CE5D03008E5D02009E5C1300DBE
:2028A000E5C1200EE5902010E5812004E590000CE5810000EBFFFF8DEBFFFF94EBFFFF9BB7
:2028C000EBFFFFA2EBFFFFADEBFFFFB4E3A0CC03E1C5C0B0E1A00004E8BD8038E8BD803893
:2028E000E3510000012FFF1EE5C10000E1A0C420E5C1C001E1A03820E5C13002E1A02C2067
:20290000E5C12003E12FFF1E0000000000000000E350000015D020010A000006E5D0300093
:20292000E5D01002E5D0C003E1830402E1800801E1800C0CE12FFF1EE3A00000E12FFF1E2E
:20294000E52DE004E52DB004E52DA004E52D9004E52D8004E52D7004E52D6004E52D500467
:20296000E52D4004E1A07001E2875001E1A08005E24DD054E208C03FE35C0038E58D204CBE
:202980000A00000601A0000001A0000001A00000E2855001E205C03FE35C00381AFFFFFB1C
:2029A000E350000011B0C00203A0001E0A0000C9E285C008E35C0C0183A0001F8A0000C5C1
:2029C000E30F4AE0E6FF2077E1A01000E3404803E1A00004FA007E41E30ACB89E302630198
:2029E000E1550008E30DBCFEE305A476E3A00080E34ECFCDE58DC048E3466745E7C400071C
:202A0000E349B8BAE58DB044E341A032E58DA0409A000014E045C007E24CC001E1B000ACA4
:202A2000E1A0C0AC0A00000AE1A00004E3A01000E0800008E240000201A0000001A00000AF
:202A4000E5E01002E25CC001E2888002E5C010011AFFFFFAE027C005E1B0CF8C01A0C004CF
:202A600003A0000007CC0008E1A0C004E085100CE1A00187EBFFFF99E1A00EA7E2811004DA
:202A8000EBFFFF96E285C03FE3A07000E3A04000E1A0800DE1A0532C01A0000001A000004B
:202AA000E30F0AE0E084C107E3400803E080000CEBFFFF96E2877001E3570010E488000461
:202AC0003AFFFFF6E3017390E301E290E59D0040E340700DE59D2044E340E00DE3A0300080
:202AE000E1A01006E59DC04801A0000001A00000E3530010E1C0A00C3A00001CE353002034
:202B0000308381033A000011E3530030E1E090003A000006E0638183E208800FE18C900976
:202B2000E022A009EA00001401A0000001A00000E0838083E2888005E208800FE022900C3E
:202B4000E020A009EA00000C01A0000001A00000E2888001E208800FE1C2A000E00C900071
:202B6000E79DB108E18AA009E49E9004EA000004E1A08003E002900CE18AA009E49E900454
:202B8000E79DB108E4978004E08B9009E0811009E08AA001E1A01002E268B020E1A0800CB6
:202BA000E2833001E3530010E08CCB7A3A00001BE3530020308321033A000010E353003056
:202BC000E1E090013A000005E0632183E202200FE18C9009E028A009EA00001401A0000014
:202BE000E0832083E2822005E202200FE028900CE021A009EA00000D01A0000001A00000AC
:202C0000E2822001E202200FE00C9001E1C8A001E79DB102E18AA009E49E9004EA00000505
:202C2000E1A02003E008900CE1C1A00CE18AA009E49E9004E79DB102E4972004E08B90091A
:202C4000E0800009E08AA000E1A00008E262B020E1A0200CE2833001E3530040E08CCB7AFA
:202C60003AFFFFA2E59DE044E0816006E59D1048E2555001E59DB04013A0700011A0800DD8
:202C8000E08CC001E58DC048E2844040E082C00EE58DC044E080C00BE58DC0401AFFFF7FCD
:202CA000E59D104CE1A00006EBFFFF0CE59D0048E1A04001E2841004EBFFFF08E59D0044FD
:202CC000E2841008EBFFFF05E59D0040E284100CEBFFFF02E3A00000E28DD054E8BD8FF01F
:202CE000E52DE004E52D4004E3A01000E24DD010E3A02010E1A04000E1A0000DFA007E0468
:202D0000E354000003A0001E0A000013E30F0F00E1A0200DE3A010F0E3400803EBFFFF074E
:202D2000E35000001A00000CE30FCEE0E340C803E1A0000DE28C1E11E3A02010FA007E1A3C
:202D4000E6AFC070E35C000003A0C00105C4C00013A0C00015C4C000E3A00000E28DD010A4
:202D6000E8BD8010000000000000000000000000E52DE004E52D5004E52D4004E52D300426
:202D8000E30D48EEE3404803E5D4C000E3A05000E35C0000E5CD500013A0002018BD8038B2
:202DA000E1A0000DEBFFFFCDE3500000E5DDC0001A000004E35C000013A0C00111A0000593
:202DC00015C4C00018BD8038E3A00D05E8BD8038E3071000E34F1FF8E591C01CE581001CC4
:202DE000E1A0000CE12FFF1E0000000000000000E30FC810E34FCFFFE1A01000E59C00003D
:202E0000E58C1000E12FFF1E0000000000000000E30FC910E34FCFFFE1A01000E59C000027
:202E2000E58C1000E12FFF1E0000000000000000E52DE004E52D4004E24DD010E3A04000C6
:202E4000E58D4004E58D4008E1A00004E58D400CE1A0100DE58D4000EBFFBAFCE35000009C
:202E6000E59DC0001A000036E3000040E31C0902E34104001A000027E110000C01A0000488
:202E80000A000031E31C00400A000007EBFFBB1FE3000007E3400001EBFFFFCCE28D0004AD
:202EA000E28D1008E28D200CEBFFBB20E59DC000E31C03010A000010E3A00001EBFFBB2B78
:202EC000E3500000130041221A00000BE3A00001EBFFFFC6E28D1004E3A00001E28D200853
:202EE000E28D300CEBFFBB31E59DC000E31C02011A000004E1A00004EA000013E59DC0002B
:202F0000E31C02010A00000FE3A00002EBFFBB17E35000000A000001E3000122EA00000A1D
:202F2000E3A00001EBFFFFB9E28D1004E3A00002E28D2008E28D300CEBFFBB1CE1A00004DB
:202F4000EA000001E3004122E1A00004E28DD010E8BD801000000000000000000000000037
:202F6000E3071300E34F1FF8E591C01CE581001CE1A0000CE12FFF1E00000000000000007D
:202F8000E52DE004E52D4004E24DD010E3A00000E58D000CE58D0008E58D0004E1A0400024
:202FA000E58D4000E28D100CE3A00001EBFFBAA7E3500000E59DC00C1A00001BE31C001040
:202FC0001A000017E31C00C801A000040A000017E31C00080A000006EBFFBB0CE3A00007E1
:202FE000EBFFFFDEE28D0008E28D1004E1A0200DEBFFBB0EE59DC00CE1A00004E31C00C01D
:20300000E300C0000A000009E3A0180FE34FCFFFE58C10B0E59CC0B0E31C080F028DD010A9
:203020000A000003E3000122EA000000E3000122E28DD010E8BD8010000000000000000009
:20304000E30DC8EEE340C803E52DE004E52D5004E52D4004E52D3004E1A05000E3A0000090
:20306000E5DCC000E5CD0000E35C000003A0002108BD8038E355000003A0001E08BD803827
:20308000E1A0000DEBFFFF15E5DDC000E1B040001A000008E35C00000A000006E30F1F00CF
:2030A000E3A02C01E1A00005E3401803FA007C8BE1A00004E8BD8038E3A00D05E8BD8038C7
:2030C000E30DCB4CE340C803E52DE004E52D6004E52D5004E52D4004E3A06000E24DDF42A0
:2030E000E5DCC000E1A04006E35C0000E58D60000A000027E3A00002E1A0100DEBFFBA532C
:20310000E3500000E30041221A000021E59DC000E35C00001A00001EE3A00003E1A0100D1E
:20312000EBFFBA4AE3500000E59DC0001A000018E35C00001A000016EBFFFF3CE350000033
:203140001A000013EBFFFF8DE35000001A000010E28D0004EBFFFFB9E3500000E5DDC02E77
:203160001A00000BE35C00020A000007EBFFBABFE1A05000EBFFBAC5E35500011A000004E4
:20318000E3500000E1A000041A000002E1A00006EA000000E1A00004E28DDF42E8BD807040
:2031A000E52DE004E52D4004E24DD010E3A01000E3A02010E1A0000DFA007CD5E30F0F0094
:2031C000E1A0200DE3A010F0E3400803EBFFFDDBE1B040001A000006E30FCEE0E340C8034F
:2031E000E1A0100DE28C0E11E3A02010FA007C3BE1A00004E28DD010E8BD80100000000037
:20320000E30DC8EEE340C803E52DE004E52D5004E52D4004E52D3004E3A05000E1A040008E
:20322000E5DCC000E5CD5000E35C000003A0002108BD8038E354000003A0001E08BD803816
:20324000E1A0000DEBFFFEA5E3500000E5DDC0001A000011E35C00000A00000FE30F0F001A
:20326000E1A01004E3A020F0E3400803FA007C1BEBFFFFCAE350000018BD8038E1A0000D66
:20328000EBFFFE96E3500000E5DDC0001A000002E35C000011A0000518BD8038E3A00D05C8
:2032A000E8BD8038000000000000000000000000E52DE004E24DDF41E1A0000DEBFFFF5F96
:2032C000E35000001A000018E300CC24E30FE688E30F03B0E3A01000E30F3458E340E00C91
:2032E000E58DE00CE340C00BE58DC008E30F29C0E58D1018E340000CE58D001CE340300CB7
:20330000E58D3010E30FE5A0E30FC630E340E00CE58DE020E340C00CE58DC004E340200CA7
:20332000E58D2014E1A0000DEBFFFFB4E28DDF41E8BD800000000000000000000000000008
:20334000E3520000E52DE004E52D400408BD8010E300C668E1B0E0A2E1A030A2E340C00D30
:203360000A00000FE241100201A0000001A00000E5F1E002E020E00EE20EE0FFE2533001E2
:20338000E79C410EE5D1E00102811002E0240420E020E00EE20EE0FFE79CE10EE02E0420A6
:2033A0001AFFFFF2E1B02F8208BD8010E5D11000E0201001E20110FFE79CC101E02C04202E
:2033C000E8BD8010000000000000000000000000E52DE004E52D4004E3A01906E3E0000007
:2033E000E3A02040EBFFFFD5E3081040E1A04000E3A02040E3E00000E3401001EBFFFFCF9E
:20340000E308C080E340C001E59C1000E1A0C421E2012CFFE20C3CFFE3E0C000E02CE004FC
:20342000E1833C21E02CC000E1830402E08EC00CE1800C01E150000C1300011B03A00000DE
:20344000E8BD8010000000000000000000000000E3A00000E52DE004E52D3004E1A0C00037
:20346000E28C3906E302E000E34FE000E5D33001E7DE200CE28CC001E3A01001E6EFC07C1A
:20348000E152000313A010001300011DE35C000D88BD8008E28C3906E351000017DE200CE7
:2034A000128CC00115D3300116EFC07C1AFFFFF3E8BD80080000000000000000000000001B
:2034C000E52DE004E52D4004E3A02096E3E0C000E1A04000E04C0001E1A01004EBFFFF97E1
:2034E000E594C098E15C000003A0000013A00F47E8BD8010000000000000000000000000DD
:20350000E3500000E3A0C9060A00003DE5DC101BE5C01000E5DC101CE5C01001E5DC101DAD
:20352000E5C01002E5DC101EE5C01003E5DC101FE5C01004E5DC1020E5C01005E5DC1021E7
:20354000E5C01006E5DC1022E5C01007E5DC1023E5C01008E5DC1024E5C01009E5DC1025A7
:20356000E5C0100AE5DC1026E5C0100BE5DC1027E5C0100CE5DC1028E5C0100DE5DC102967
:20358000E5C0100EE5DC102AE5C0100FE5DC102BE5C01010E5DC102CE5C01011E5DC102D27
:2035A000E5C01012E5DC102EE5C01013E5DC102FE5C01014E5DC1030E5C01015E5DC1031E7
:2035C000E5C01016E5DC1032E5C01017E5DC1033E5C01018E5DC1034E5C01019E5DC1035A7
:2035E000E5C0101AE5DC1036E5C0101BE5DC1037E5C0101CE5DCC038E5C0C01DE3A000008E
:20360000E12FFF1EE3A0001EE12FFF1E00000000E3A0C000E2411001E52DE004E52D3004FC
:20362000E1A0200CE5F1300101A0000001A00000E353000015D0E00B0A000002E15E000340
:2036400003A0C001E6EFC07CE2822001E35200038A000002E35C000005F130010AFFFFF34B
:20366000E1A0000CE8BD80080000000000000000E2412001E2401001E3A0C000E52DE004E0
:20368000E52D3004E5F1300101A0000001A00000E5F2E001E3A00000E28CC001E153000EEF
:2036A00003A00001E35C000888BD8008E350000105F130010AFFFFF5E8BD800800000000CD
:2036C000E52DE004E52DA004E52D9004E52D8004E52D7004E52D6004E52D5004E52D40044A
:2036E000E1A06002E1A04001E1A05000E24DD020E3A01000E3A0201EE1A0000DFA007B845A
:20370000E1A0000DEBFFFF7DE354000003A000000A00001EE3540001E3A0A0009A00001AA4
:20372000E3A08001E285709CE28590A901A00000E1A0000DE1A01009EBFFFFB4E3500001D8
:20374000128880011A00000AE35600010A000005E1A0000DE2871004EBFFFFC4E3500001F5
:20376000128880011A000002E3A0A001E1A05007E2888001E1540008E287709C9A000002DD
:20378000E35A0000E289909C0AFFFFE8E1A00005E28DD020E8BD87F0000000000000000064
:2037A000E30DCC34E340C803E52DE004E52D3004E58C1004E3A0200CE58C0000E1A0100CAD
:2037C000E3E0020AEBFFFEDDE30DCC40E340C803E58C0000E8BD80080000000000000000CD
:2037E000E52DE004E52D6004E52D5004E52D4004E3A0200CE1A04000E30D6C34E3E0020AD2
:20380000E1A05001E3406803E1A01006EBFFFECBE30DCC40E340C803E59CC000E15C000096
:203820000596C0001A000004E584C000E3A00000E596C004E585C000E8BD8070E300011A67
:20384000E8BD8070000000000000000000000000E52DE004E52D6004E52D5004E52D4004AB
:20386000E24DD008E1A06001E1A05000E3A04000E28D0004E58D4000E1A0100DE58D400452
:20388000EBFFFFD6E3500000E30DCC3C1A00001AE304019DE340C803E34D0AC3E59CC00059
:2038A000E150000CE59DC0000A000004E30F1E58E35C00000A000006E340100CEA00000695
:2038C000E59DC004E30F1AB0E340100CE35C00001A000001E3A00F47EA000005E35600004C
:2038E000E1A000040A000002E151000C13A04001E5C64000E35500001585C000E28DD00841
:20390000E8BD8070000000000000000000000000E52DE004E52DA004E52D9004E52D80042A
:20392000E52D7004E52D6004E52D5004E52D4004E24DD008EBFFFEA5E3A07000E1B0400077
:20394000E1A080071A000034EBFFFEC0E30F6AB0E1B04000E340600C1A00002FE1A05008DB
:20396000E1A0A00601A0000001A0000001A00000E1A00006E1A01005EBFFFED0E1A04000A7
:20398000E2855001E35500058A000003E3540000E286609C0AFFFFF5EA00001FE3540000CD
:2039A000E30F6E581A00001CE1A05008E340600CE1A0900601A0000001A0000001A00000B7
:2039C000E1A00006E1A01005EBFFFEBCE1A04000E2855001E355000B8A000003E3540000A6
:2039E000E286609C0AFFFFF5EA00000BE35400001A000009E3A01006E1A0000AE3A020014F
:203A0000EBFFFF2EE1A07000E1A02008E3A0100CE1A00009EBFFFF29E1A08000E1A0000731
:203A2000E1A01008EBFFFF5DE35400001A000008E1A0100DE3A00000E5CD0000EBFFFF830F
:203A4000E5DDC000E1B040001A000001E35C00011300411AE1A00004E28DD008E8BD87F062
:203A6000E52DE004E52D6004E52D5004E52D4004E1A04000E24DD008E3540084E1A05001C9
:203A8000E3A06000E58D60008A00000EE1A0000DE1A01006EBFFFF6DE3500000E59DC000E9
:203AA0001A000009E084C00CE5DCC011E35C000011A00006128DD00815C5C0001A000003FD
:203AC000E3A00022EA000000E3A00022E28DD008E8BD8070000000000000000000000000D6
:203AE000E52DE004E52D6004E52D5004E52D4004E1A04000E24DD008E3540084E1A0500149
:203B0000E3A06000E58D60008A00000DE1A0000DE1A01006EBFFFF4DE3500000E59DC00089
:203B20001A000008E084C00CE5DCC011E005C00CE155000C01A000060A000002E3A0002553
:203B4000EA000000E3A00022E28DD008E8BD8070E52DE004E52D3004E3A00078E30D1C08AF
:203B6000E3401803EBFFFFBDE350000018BD8008E3A00084E3A01001EBFFFFD8E350000042
:203B8000E30DCC09E340C8030A000006E350002503A0000005CC000008BD8008E3A01000B6
:203BA000E5CC1000E8BD8008E3A01001E5CC1000E8BD800800000000000000000000000095
:203BC000E10FC000E3CCC0C0E129F00CE12FFF1EE301050CE340000DE12FFF1E0000000081
:203BE000E30DCB4CE340C803E52DE004E52D4004E5DCC000E35C0000E3A040000A000008EF
:203C0000EBFFBA12E35000000A000005E1A03000E3A02086E3A01032E1A00004EBFFFA5B49
:203C2000E300411EE1A00004E8BD8010EE121E10EE112E10E3C110FFE3C11C0FE3C220FFD7
:203C4000E3C22C0FE0810002E12FFF1E00000000E52DE004E52D5004E52D4004E52D3004FC
:203C6000E1A04000E1A05001EBFFFFEFE350000008BD8038E3550000E30CCE55E34CC5AC3F
:203C8000E580CFB00A000005E590C01CE31C001013A0C00103A0C00015C5C00005C5C000D6
:203CA000E35400001590C01C0590C01C138CC0101580C01C03CCC0100580C01CE303C1AAAA
:203CC000E343CA53E580CFB0E8BD803800000000E30DCB4CE340C803E52DE004E52D8004DF
:203CE000E52D7004E52D6004E52D5004E52D4004E5DCC000E3A06000E1A05006E24DD008CA
:203D0000E35C0000E5CD60000A00012EE1A00005E1A0100DEBFFFFCDEBFFBA08E350000060
:203D20000A000005E1A03000E3A020C7E3A0101FE1A00005EBFFFA15E300511EEBFFBA53DF
:203D4000E1B0CF800A00000AE30F0A30E340000CEBFFBAF6E35000000A000005E1A0300087
:203D6000E3A020C7E3A01020E1A00006EBFFFA07E300511EEBFFBB11E35000000A0000056A
:203D8000E1A03000E3A020C7E3A01021E1A00006EBFFF9FEE300511EEBFFF47CEBFFBFA7F0
:203DA000E35000000A000005E1A03000E3A020C7E3A01022E1A00006EBFFF9F4E300511E41
:203DC000E3A00018E3A01001EBFFBFE8E35000000A000005E1A03000E3A020C7E3A0102310
:203DE000E1A00006EBFFF9E9E300511EEBFFF58BE30F0A80E340000CEBFFC048E3500000E4
:203E00000A000005E1A03000E3A020C7E3A01024E1A00006EBFFF9DDE300511EEBFFFF82BD
:203E2000E35000001590C0880A00000DE31C09011A00000CE30F0A00E340000CEBFFC0B394
:203E4000E35000000A000007E1A03000E3A020C7E3A0102BE1A00006EBFFF9CCE300511EBD
:203E6000EA000000E300511EEBFFB288E35000000A000005E1A03000E3A020C7E3A01025CD
:203E8000E1A00006EBFFF9C1E300511EE301450CE340400DE1A00004EBFFC0FCE3500000A2
:203EA0000A000005E1A03000E3A020C7E3A01045E1A00006EBFFF9B5E300511EE1A000040A
:203EC000EBFFC15AE35000000A000005E1A03000E3A020C7E3A01043E1A00006EBFFF9AB95
:203EE000E300511EE1A00004EBFFC1ACE35000000A000005E1A03000E3A020C7E3A0104460
:203F0000E1A00006EBFFF9A1E300511EE3A00008E3011B3CE340100DEBFFF1A8E3A0000137
:203F2000EBFFC22EE35000000A000005E1A03000E3A020C7E3A01026E1A00006EBFFF99394
:203F4000E300511EE3A00002EBFFC224E35000000A000005E1A03000E3A020C7E3A01027A3
:203F6000E1A00006EBFFF989E300511EE3A00008EBFFF189EBFFF242E3C00001EBFFF18CE4
:203F8000E3A00001EBFFC27DE35000000A000005E1A03000E3A020C7E3A01046E1A00006B7
:203FA000EBFFF97AE300511EE3A00002EBFFC273E35000000A000005E1A03000E3A020C751
:203FC000E3A01047E1A00006EBFFF970E300511EE3A00001EBFFC325E35000000A00000543
:203FE000E1A03000E3A020C7E3A0102CE1A00006EBFFF966E300511EE3A00002EBFFC31B78
:20400000E35000000A000005E1A03000E3A020C7E3A0102DE1A00006EBFFF95CE300511E6B
:20402000E3A00008E3011B50E340100DEBFFF163E3007100E3008200E3427000E3A0400413
:20404000E342800001A0000001A0000001A00000E1A00007E1A01008EBFFC318E3500000BF
:204060000A000005E1A03000E3A020C7E3A01028E1A00006EBFFF945E300511EE2544001E3
:20408000E2877008E28880081AFFFFF0E3A00008EBFFF141EBFFF1FAE3C00001EBFFF14406
:2040A000E5DD0000E1A01006EBFFFEE8EBFFC377E35000000A000005E1A03000E3A020C756
:2040C000E3A01048E1A00006EBFFF930E300511EEBFFC3B6E35000000A000005E1A03000C3
:2040E000E3A020C7E3A01029E1A00006EBFFF927E300511EE30F4A60E3A00001E340400C28
:20410000E1A01004EBFFC3DDE35000000A000005E1A03000E3A020C7E3A0102EE1A00006DB
:20412000EBFFF91AE300511EE3A00002E1A01004EBFFC3D2E35000000A000005E1A03000A4
:20414000E3A020C7E3A0102FE1A00006EBFFF90FE300511EEBFFC421E35000000A00000557
:20416000E1A03000E3A020C7E3A0102AE1A00006EBFFF906E300511EE3A00001EBFFC43340
:20418000E35000000A000005E1A03000E3A020C7E3A01042E1A00006EBFFF8FCE300511E36
:2041A000E1A00006EBFFC429E35000000A000005E1A03000E3A020C7E3A01042E1A00006E8
:2041C000EBFFF8F2E300511EE1A00005E28DD008E8BD81F0000000000000000000000000D6
:2041E000E3500002E52DE004E52D5004E52D4004E52D3004A3A00022E30DCA00A8BD803856
:20420000E340C803E08C4000E5D4C000E35C000103A0002008BD8038E301C9D0E340C00D9E
:20422000E79C0100EBFFC471E1A05000E3093003E15300051A000003E3A00000E3A010334C
:20424000E3A02088EBFFF8D1E355000013A00F4903A0C00105C4C00003A00000E8BD803850
:20426000E30DCB4CE340C803E52DE004E52D4004E5DCC000E35C0000E3A040000A0000155B
:20428000E3010894E340000DEBFFC52CE35000000A000005E1A03000E3A02088E3A01032B0
:2042A000E1A00004EBFFF8B9E300411EE3010918E340000DEBFFC521E35000000A00000555
:2042C000E1A03000E3A02088E3A01032E3A00000EBFFF8AEE300411EE1A00004E8BD80102E
:2042E000E30DCB4CE340C803E52DE004E52D4004E5DCC000E35C0000E3A040000A000008E8
:20430000EBFFC9EAE35000000A000005E1A03000E3A0208BE3A01031E1A00004EBFFF89B19
:20432000E300411EE1A00004E8BD801000000000E30DCB4CE340C803E52DE004E52D400440
:20434000E5DCC000E35C0000E3A040000A000008EBFFC9F6E35000000A000005E1A030002C
:20436000E3A0208BE3A01032E1A00004EBFFF887E300411EE1A00004E8BD80100000000060
:20438000E30DCB4CE340C803E52DE004E52D6004E52D5004E52D4004E5DCC000E24DD00878
:2043A000E35C000003A000000A000029E3010D74E340000DEBFFC6A1E35000001A00001E97
:2043C000E30F5780E30D4BD0E30D6BC8E3404803E3A00007E340500CE3A01002E34068034C
:2043E000E58D4000E1A02005E1A03006EBFFCA6FE35000001A000010E3A00007E3002000A1
:20440000E1A03004E1A01005E3402804EBFFCAABE35000001A000008E58D4000E3A0100108
:20442000E3A00007E1A03006E1A02001EBFFC9F3E350000003A000000A000005E1A030005D
:20444000E3A0208BE3A01049E3A00000EBFFF84FE300011EE28DD008E8BD807000000000C0
:20446000E52DE004E52D4004E3010DF4E340000DEBFFC6D6E350000003A040000A0000082D
:20448000E30A3005E3A04F49E15300001A000004E3A00000E3A01033E3A0208BEBFFF83BF9
:2044A000EAFFFFFFEBFFFF8DE350000011A04000EBFFFF9EE350000011A04000EBFFFFAF38
:2044C000E350000011A04000E3010D34E340000DEBFFC65AE350000013A04F49E1A0000456
:2044E000E8BD8010000000000000000000000000E52DE004E52D6004E52D5004E52D40045F
:20450000E3014F70E340400DE3A06000E1A05006E5941028E6EF0075EBFFCAB8E2855001AF
:20452000E350000013A06003E2844030E355000321A000063AFFFFF5E8BD80700000000098
:20454000E351000013520000E52DE004E52D400403A0001E08BD8010E35000038A00001C84
:20456000E35300000A00001AE301E9A0E1A0C180E30149D0E08CC100E340E00DE08EC00C3E
:20458000E340400DE5DCE000E5DCC001E794E10EE08CC10CE59EE004E08EC00CE5DCC004BF
:2045A000E15C0003E30DCA04BA000009E340C803E08CC200E3A00000E58C1004E1CC30B881
:2045C000E58C2000E5CC000CE5CC000BE5CC000AE8BD8010E3A0001FE8BD8010000000000A
:2045E000E30FCC30E30A1F94E34FCFFFE3401803E30A0F98E59CC000E3400803E581C000C6
:20460000E3A0C000E5C0C000E12FFF1E00000000E52DE004E52D4004E30D4BF2E3404803DE
:20462000E5D4C000E35C000013A0002018BD8010E30D1BE6E3A00002E30D2BDAE3A0300666
:20464000E3401803E3402803EBFFFFBCE350000013A0000318BD8010E3A0C001E5C4C0002E
:20466000EBFFF6DAEBFFFFDDE3A00000E8BD8010E52DE004E52D6004E52D5004E52D4004DA
:20468000E30A6120E3406803E5D6C000E35C000013A00020030A5E2818BD8070E3A0400076
:2046A000E340580301A0000001A0000001A00000E284C06DE6EF007CE3A01080EBFFFD07B4
:2046C000E350000005D5C000028CC00105C5C000E2844001E35400033AFFFFF4E3A0C0A341
:2046E000E3A00000E5C6C000E8BD807000000000E30DCB4CE340C803E52DE004E52D4004F6
:20470000E5DCC000E35C0000E3A040000A000009E3020294E340000DEBFFCA78E3500000F9
:2047200013A04F49E30202A8E340000DEBFFCA73E350000013A04F49E1A00004E8BD801010
:20474000E52DE004E52D4004E590E000E3004001E30FCF80E3404001E154000EE340C007C2
:204760008A00000AE590E020E1D041BAE15C000EE590001C3A000002E3500601958200001B
:204780009A000006E3A000CCE8BD801001A00000E3A04000E1A0E00CE1A0000CE582000030
:2047A000E1C140B0E3A00000E583E000E8BD8010E1B0CF0113A0C0CC03A0C000E52DE0046E
:2047C000E52DB004E52DA004E52D9004E52D8004E52D7004E52D6004E52D5004E52D400469
:2047E000E52D3004E1A04122E1A0E121E1B01F02E3A0100012844001E35E00000A00005055
:20480000E35C0000E1A060001A00004DE1A02001E496500401A0000001A0000001A00000BE
:20482000E2822001E1B07FA5E08570021A00001FE15E0007E08570013A00003BE154000761
:2048400033A0C0CC3A000039E35500000A000037E1B080A5E1A070A50A00000CE2818001C7
:20486000E282A001E0839101E0838108E080A10AE496B008E489B008E49AB008E257700110
:20488000E488B008E2822002E28110021AFFFFF7E1B05F85149650040A000024E78351018D
:2048A000E2822001E2811001EA00002001A00000E7F68455E0889001E1540009E20570FF11
:2048C0003A000019E1A09C05E3580000E1879829E1879409E18774090A000014E1A094A53D
:2048E000E7F58059E1B09509E28190010A000008E083A101E083910901A0000001A000008A
:20490000E48A7008E4897008E2588001E28110021AFFFFFAE3150C010A000004E78371019B
:20492000E2811001E15E0002EA000001E3A0C0CCE15E00029A000002E35C000004965004BE
:204940000AFFFFB6E154000113A0C0CCE1A0000CE8BD8FF80000000000000000000000006B
:20496000E52DE004E52D5004E52D4004E52D3004E1B0312108BD8038E3A04000E1B0C0A328
:20498000E1A0E0A30A000008E240C008E2423008E5BC5008E5A35008E59C5004E25EE001EC
:2049A000E2844002E58350041AFFFFF8E31100041790C1041782C104E8BD80380000000064
:2049C000E3510000E52DE004E52D300408BD8008E3A0E000E1B0C0A1E1A030A10A00000861
:2049E000E242C00801A0000001A0000001A00000E5AC0008E2533001E28EE002E58C000422
:204A00001AFFFFFAE1B0CF811782010EE8BD8008E3A030CBE2500030E201200FE1A0C42176
:204A2000E7E312510A000014E25000020A000009E25000011A000013E35C00101A0000110A
:204A4000E35100051A00000FE35200028A000008E1A00003EA00000CE35C00191A00000936
:204A6000E35100001A000007E3520001E1A000039A000005E3A00000E12FFF1EE35C001089
:204A80000351000503A03000E1A00003E12FFF1EE52DE004E52D5004E52D4004E52D300441
:204AA000E1A05000E3A04000E3550084E58D40008A000010E1A0000DE1A01004EBFFFB63EF
:204AC000E350000018BD8038E59DC000E085C00CE5DCC011E35C00000A000004E35C00FF86
:204AE00001A0000408BD8038E3A00F47E8BD8038E3A00022E8BD8038E3A00022E8BD80385A
:204B0000E52DE004E52DB004E52DA004E52D9004E52D8004E52D7004E52D6004E52D500485
:204B2000E52D4004E52D3004E3A05000E3004800E3A0B00CE3A0AE15E3099201E300815221
:204B4000E3A07C83E346480001A0000001A00000E285C066E6EF007CE16C0B80E3091BC0A3
:204B6000E3401803E791600CEBFFFFC8E5D6C001E35C0001128550011A00000AE350000067
:204B80001A000007EBFFF101E5D6C000E084C50CE18A90BCE5D6C000E084C50CE18870BC6C
:204BA000EBFFF21EE2855001E35500073AFFFFE7E8BD8FF8000000000000000000000000B9
:204BC000E52DE004E52D3004EBFFF0F0E3001960E3461800E241CE96E3A00000E1CC00B0CB
:204BE000E1CC00B2E2412E76E1CC00B4E1CC00BCE1C200B0E308C888E1C2C0B2E3A0C08857
:204C0000E1C2C0B4E3003555E1C200B6E241CE56E1C230B8E1C200BCE3A02FFAE1CC20B05D
:204C2000E1CC20B2E1CC20B4E1CC20B6E1CC20B8E1CC20BAE2413E36E1CC20BCE1CC20BE3A
:204C4000E1C300B0E1C300B2E281CB01E1C100B0E1C100B2E2812B02E1CC00B0E1CC00B289
:204C6000E281CB03E1C200B0E1C200B2E30122A0E1CC00B0E1CC00B2E3A0C001E182C0B1E1
:204C8000EBFFFF9EEBFFF1E5E8BD800800000000E52DE004E52D7004E52D6004E52D500448
:204CA000E52D4004E24DD02CE3A04000E5CD400BE1CD40B8E58D4004E30F6C30E58D400017
:204CC000E1A05000E5DDC00BE3007F9FE5CDC00AE34F6FFF01A0000001A0000001A0000076
:204CE000E3A00043E28D100BEBFFC94CE5DD100BE596C000E3510001E04CC0050A00000419
:204D0000E157000C3A000002E35000000AFFFFF3EA00002CE3500000E5DDC00B1A000029CC
:204D2000E35C00011A00002FE30F0F80E28D1008E1A0300DE28D2004E3400009EBFFFE7FFE
:204D4000E1DDC0B8E1B050001A00004CE35C00000A00000EE25CC00113A000CC1A0000489F
:204D6000E59D1000E59D2004E3A00802E3A0331AEBFFFE8EE1B050000A000008E1A00005AF
:204D8000EA00003F01A0000001A0000001A00000E59D1004E3A00802E3A0231AEBFFFEEF4D
:204DA000E3A00042E28D100AEBFFC91CE1A05000E28D100BE3A00043EBFFC918E190C005B4
:204DC000E5DDC00B0A000001E3A00F49EA00002CE35C000113A000CA1A000029E5DDC00ABE
:204DE000E35C00010A000001E3A000C9EA000024E5965000E3012E00E3A01080E3E000005B
:204E0000E3462800EBFFFEEDE596C00001A00000E04CC005E35C00643596C0003AFFFFFB3E
:204E2000E3A00002E30211EEE340100DEBFFEE23E1B050001A000011E1A01004E28D000CB2
:204E4000E3A0201EFA0075B2E28D000CEBFFF9ABE301CE06E346C800E5DD0016E1DC10B069
:204E6000EBFFFEEAE1B050001A000004EBFFFF53E30A012CE3400803E3A0C0A9E5C0C0008C
:204E8000E1A00005E28DD02CE8BD80F000000000E52DE004E52D4004E3A00000EBFFC8FF8C
:204EA000E350000013A04F49E3A0000103A04000EBFFC8FAE3500000E3A0000213A04F495E
:204EC000EBFFC8F6E3500000E3A0000313A04F49EBFFC8F2E350000013A04F49E1A000047F
:204EE000E8BD8010000000000000000000000000E30DCB4CE340C803E52DE004E52D40043C
:204F0000E5DCC000E35C0000E3A040000A000027E1A00004EBFFC991E35000000A000005D2
:204F2000E1A03000E3A0208CE3A01032E1A00004EBFFF596E300411EE3A00001EBFFC987D2
:204F4000E35000000A000005E1A03000E3A0208CE3A01032E3A00000EBFFF58CE300411E3A
:204F6000E3A00000EBFFC9CDE35000000A000005E1A03000E3A0208CE3A01032E3A00000C4
:204F8000EBFFF582E300411EE3A00001EBFFC9C3E35000000A000005E1A03000E3A0208C52
:204FA000E3A01032E3A00000EBFFF578E300411EE1A00004E8BD8010000000000000000056
:204FC000E30DCB4CE340C803E52DE004E52D4004E5DCC000E35C0000E3A040000A000013F0
:204FE000E1A00004EBFFCA81E35000000A000005E1A03000E3A02087E3A01032E1A0000490
:20500000EBFFF562E300411EE3A00001EBFFCA77E35000000A000005E1A03000E3A0208741
:20502000E3A01032E3A00000EBFFF558E300411EE1A00004E8BD80100000000000000000F5
:20504000E52DE004E52DA004E52D9004E52D8004E52D7004E52D6004E52D5004E52D4004B0
:20506000E30C8D10E24DDE1FE3A09000E3408803E3500000E5CD9029E5DDC029E588000001
:20508000E5CDC02803A0001E11D0C0B40A0002B4E1D010B0E6EFA47CE6EF5471E15A000560
:2050A000E6EF707CE6EF60711A000008E5D0C01AE5D0101BE151000CBA000004E5D0201C0B
:2050C000E041C00CE6EFC07CE15C0002AA000003E3A0001FEA0002A201A0000001A0000074
:2050E000E5D02002E1A01006E1A00005EBFFCA7BE598C000E3500000E1A0000AE1A01007FA
:20510000E5DC200613A04F4901A04009EBFFCA73E350000013A00F491A000291E35400002A
:205120001A00028EE1A00005E28D1029EBFFCA97E598C000E59C2020E5DD0029E5DD102968
:20514000E5C21000E2800010E58D9000E6EF0070E58D0004E3A0A002E58DA008E3A0200186
:20516000E58D200CE58D2010E58D9014E58D9018E58D901CE58D2020E28DE028E58DE02402
:20518000E59CC008E59CC000E1A01002E28C3008E1A00005EBFFCA85E598C000E59C1008B7
:2051A000E3500000E5CD903DE5DC000DE591E000E3A0A00FE5913004E1A0001AE1D120D8F8
:2051C000E5DCC00CE58D0038E58DE02CE58D3030E5CD2034E5CDC03C13A04F49E5D110097A
:2051E000E28D002CE5CD1035EBFFC20CE3500000E30F0C50E28DC04013A04F49E340000AFD
:20520000E28DA050E890400EE58C1000E58C2004E58C3008E58CE00CE59D1040E5DDC029D0
:20522000E5983000E1A02001E59DE044E7CC101FE1A0C68CE08C1001E1A016C1E7D526917C
:20524000E58D2040E5931010E2802010E2418001E7D8E018E58DE044E8924304E58A200011
:20526000E58A8004E58A9008E58AE00CE28DA060E59D2050E5DDE029E59D8058E1A01002C0
:20528000E7CC201FE08C2002E1A026C2E208807FE58D8058E7D51692E081900EE2802020ED
:2052A000E7C81019E58D1050E8924302E58A1000E58A8004E58A9008E58AE00CE28DA07032
:2052C000E59D2060E59D1060E5DDE029E59D8068E7CC201FE08C2002E1A026C2E208807FD3
:2052E000E58D8068E7D51692E081900EE2802030E7C81019E58D1060E8924302E58A100047
:20530000E58A8004E58A9008E58AE00CE28DA080E59D2070E59D1070E5DDE029E59D807850
:20532000E7CC201FE08C2002E1A026C2E208807FE58D8078E7D51692E081900EE28020400C
:20534000E7C81019E58D1070E8924302E58A1000E58A8004E58A9008E58AE00CE59D2084CA
:20536000E59D1080E59D8080E59DE084E7CC201FE7CC101FE08C2002E08C1001E1A096C2FB
:20538000E2802050E1A0A6C1E7D5E699E58DE084E7D5869AE58D8080E28D1090E892430424
:2053A000E5812000E5818004E5819008E581E00CE59D1090E59D2094E59D8090E59DE0944D
:2053C000E7CC101FE08C1001E1A0A6C1E7CC201FE08C2002E7D5869AE58D8090E280A06046
:2053E000E1A096C2E28D10A0E7D5E699E58DE094E89A4304E5812000E5818004E58190085D
:20540000E581E00CE59D20A0E5DDA029E1A01002E7CC201FE08C2002E1A026C2E7D516928D
:20542000E081200AE7C81012E58D10A0E5D3101AE351000005D3201B1A000004E59D10A86D
:20544000E7DF1392E58D10A8EA00000701A00000E5D3201AE59D10A8E1A02382E24220800F
:20546000E201107FE1821001E58D10A8E2802070E28D10B0E8924304E5812000E5818004CA
:20548000E5819008E581E00CE59D10B0E59D20B4E7CC101FE08C1001E7CC201FE59D80B021
:2054A000E1A0A6C1E08C2002E28D10C0E59DE0B4E7D5869AE1A096C2E280A080E58D80B048
:2054C000E7D5E699E58DE0B4E89A4304E5812000E5818004E5819008E581E00CE59D10C0B0
:2054E000E1A02001E7CC101FE08C1001E1A016C1E7D52691E58D20C0E5D3101DE59DE0C483
:20550000E2802090E2418001E28DA0D0E7D8E018E58DE0C4E8924304E58A2000E58A8004E6
:20552000E58A9008E58AE00CE59D20D0E1A01002E7CC201FE08C2002E1A0E6C2E5DDA029D0
:20554000E28020A0E7D5169EE081800AE28DA0E0E7C81018E58D10D0E8924302E58A100078
:20556000E58A8004E58A9008E58AE00CE59D10E0E1A02001E7CC101FE08C1001E1A016C10B
:20558000E7D52691E58D20E0E5931014E59DE0E4E28020B0E2418001E28DA0F0E7D8E018B8
:2055A000E58DE0E4E8924304E58A2000E58A8004E58A9008E58AE00CE59D10F0E59D20F4F8
:2055C000E7CC101FE7CC201FE08C1001E08C2002E59D80F0E1A0A6C1E28D1C01E59DE0F430
:2055E000E1A096C2E7D5869AE280A0C0E58D80F0E7D5E699E58DE0F4E89A4304E581200082
:20560000E5818004E5819008E581E00CE59D2100E1A01002E7CC201FE08C2002E1A0E6C271
:20562000E59DA104E7D5169EE58D1100E5D3101BE20A24FEE59D9108E1811002E58D110449
:20564000E5D3101AE5D3201CE209E07FE28DAE11E0821001E1A02381E28010D0E2428080FE
:20566000E188E00EE58DE108E8914304E58A2000E58A8004E58A9008E58AE00CE59D211021
:20568000E1A01002E7CC201FE08C2002E1A026C2E5DDE029E7D51692E081200EE59DE11855
:2056A000E7C81012E58D1110E5D3101AE5D3201CE20EE07FE28DAE12E0821001E1A023819A
:2056C000E28010E0E2428080E188E00EE58DE118E8914304E58A2000E58A8004E58A900849
:2056E000E58AE00CE59D2120E1A01002E7CC201FE08C2002E1A0E6C2E5DDA029E28020F053
:20570000E7D5169EE081800AE28DAE13E7C81018E58D1120E8924302E58A1000E58A800453
:20572000E58A9008E58AE00CE59D2130E1A01002E7CC201FE08C2002E1A0E6C2E5DDA0296D
:20574000E2802C01E7D5169EE081800AE28DAD05E7C81018E58D1130E8924302E58A100076
:20576000E58A8004E58A9008E58AE00CE59D2140E1A01002E7CC201FE08C2002E1A0E6C2B5
:20578000E5DDA029E2802E11E7D5169EE081800AE28DAE15E7C81018E58D1140E8924302F7
:2057A000E58A1000E58A8004E58A9008E58AE00CE59D2150E59D1154E7CC201FE7CC101F67
:2057C000E08C8002E59DA150E1A086C8E08CE001E59D9154E1A0E6CEE7D5A698E58DA15053
:2057E000E59D8158E7D5969EE58D9154E5D3101AE5D3201CE208E07FE28DAE16E082100142
:20580000E1A02381E2801E12E2428080E188E00EE58DE158E8914304E58A2000E58A800469
:20582000E58A9008E58AE00CE59D2160E1A01002E7CC201FE08C2002E1A0E6C2E5DDA0293C
:20584000E2802E13E7D5169EE081800AE28DAE17E7C81018E58D1160E8924302E58A10001E
:20586000E58A8004E58A9008E58AE00CE59D2174E59D1170E7CC201FE7CC101FE08C200257
:20588000E08C1001E1A096C2E59DE174E1A0A6C1E59D8170E2802D05E28D1D06E7D5E6991F
:2058A000E58DE174E7D5869AE58D8170E8924304E5812000E5818004E5819008E581E00C61
:2058C000E59D1180E59D2184E7CC101FE7CC201FE08C1001E08C2002E59D8180E1A0A6C144
:2058E000E28D1E19E59DE184E1A096C2E7D5869AE280AE15E58D8180E7D5E699E58DE184BC
:20590000E89A4304E5812000E5818004E5819008E581E00CE59D1194E59D2190E7CC101FC2
:20592000E7CC201FE08CE001E59D9194E08C8002E59DA190E1A0E6CEE1A086C8E7D5969EEC
:20594000E58D9194E7D5A698E58DA190E5D3101AE5D3201CE59D9198E28DAE1AE082800178
:20596000E2801E16E7DF9398E58D9198E8914304E58A2000E58A8004E58A9008E58AE00C61
:20598000E59D21A0E1A01002E7CC201FE08C2002E1A026C2E5DDE029E7D51692E081200E8A
:2059A000E59DE1A8E7C81012E58D11A0E5D31019E20EE07FE28DAE1BE1A02381E2801E17C4
:2059C000E2828080E188E00EE58DE1A8E8914304E58A2000E58A8004E58A9008E58AE00C6D
:2059E000E59D21B0E1A01002E7CC201FE08C2002E1A026C2E5DDE029E7D51692E081200E1A
:205A0000E7C81012E58D11B0E5D31018E28D9D07E1A02381E59DA1B8E282E080E2801D0646
:205A2000E20A307FE18E3003E58D31B8E891410CE5892000E5893004E5898008E589E00C88
:205A4000E5DD8028E59D21C0E301AFFFE30E3000E34FAC40E1A01002E1A08B88E340303FEF
:205A6000E7CC101FE3C8833FE00A2002E08C1001E28DAE1DE003E001E2801E19E18EE00266
:205A8000E188E00EE58DE1C0E8914304E58A2000E58A8004E58A9008E58AE00CE59D11D095
:205AA000E1A07407E2077C1FE59DE1D4E2800E1AE7CC101FE1A0200EE08C1001E1A086C1CF
:205AC000E7D5241FE7CCE01FE08CE00EE003900EE59D11D0E1892002E28DAE1EE187200286
:205AE000E58D21D4E7D51698E58D11D0E8904085E58A0000E58A2004E58A7008E58AE00C01
:205B0000E59D11E4E59D21E0E1A00001E1A09406E7CC201FE7D5041FE7CC101FE08C1001BE
:205B2000E0031001E1810000E2093C1FE28D1040E1830000E59D81E0E08CC002E1A0C6CC82
:205B4000E58D01E4E3A0201BE1A00005E7D5869CE58D81E0EBFFC861E350000013A04F4968
:205B6000E1A00004E28DDE1FE8BD87F000000000E1B0C00003A0001E0A00000FE3A000FF6B
:205B8000E5CC0010E3A00000E5CC0011E1A01000E1CC10BAE1CC10B8E1CC10B6E1CC10B49E
:205BA000E5CC0012E5CC000FE5CC000EE5CC000DE5CC000CE58C0000E12FFF1EE12FFF1E5D
:205BC000E52DE004E52D6004E52D5004E52D4004E30A6144E3406803E5D6C000E35C0000C3
:205BE00013A000201A00003BE3020270E340000DEBFFFD12E350000018BD8070E30CCD0445
:205C0000E3A0003AE3A01201E340C80301A00000E5AC1010E250000103A04000E58C100456
:205C2000E58C1008E58C100C1AFFFFF801A00000E6EF0074EBFFC909E2844001E3540003B7
:205C40008A000003E35000000AFFFFF8E3A00003EA00000FE3500000E3A040001A00000BEA
:205C6000E6EF0074EBFFC959E2844001E35400038A000003E35000000AFFFFF8E3A00003A8
:205C8000EA000003E3500000E30D52C40A000001E3A00003E8BD8070E3A04000E340580377
:205CA000E1A00005EBFFFFB1E2844001E3540017928550148A000002E35000000AFFFFF796
:205CC000E8BD8070E350000018BD8070E3A0C001E5C6C000E8BD8070E8BD8070000000005E
:205CE000E52DE004E52DB004E52DA004E52D9004E52D8004E52D7004E52D6004E52D500494
:205D0000E52D4004E30D4B28E24DDF41E3A08000E3404803E3500000E5CD8028E5DDC028D3
:205D200003A0801EE5CDC029E58400000A000175E5D0C010E35C00000A000172E5D00008A0
:205D4000E28D1028EBFFC791E1A0C004E59C2000E5D2C010E1A0110CE5DD0028E081C08CB8
:205D6000E58D00F8E28C1002E1A0A008E0810000E58DA000E6EF0070E58D0004E3A040021D
:205D8000E58D4008E3A0B001E58DB00CE58DB010E58DA014E58DA018E58DA01CE1A0900A1C
:205DA000E58D9020E28D7029E58D7024E592C00CE58D10FCE59CC000E1A01004E5D200085D
:205DC000E28C300CE1A0200BEBFFC778E3007210E28DC02CE30D9B28E340700BE350000000
:205DE000E3A06000E287A010E897000FE28DB03C13A08F49E3409803E58C0000E58C10047F
:205E0000E58C2008E58C300CE59D002CE59DC0F8E59D202CE7CC001FE1A0168CE081C00070
:205E2000E1A036CCE7D52693E58D202CE89A400DE58B0000E58B2004E58B3008E58BE00CD5
:205E4000E59D003CE599C000E1A02000E7CC001FE0810000E59D10F8E1A006C0E7D526902F
:205E6000E58D203CE5DC0010E350000013A000000A0000E1E58D00F4E1A05006E1A0A0054F
:205E8000E2810002E58D00F0E1A0968101A00000E59C000CE59C300CE59C100CE59C200C6E
:205EA000E5900000E5933004E58D00DCE5D11009E1D220D8E59C0000E58D30E0E59CC000B5
:205EC000E08A0000E5CD10E5E5CD20E4E08AC00CE5D00004E3A03000E5CD30EDE3A0E00126
:205EE000E5DCC005E1A0001EE5CDC0ECE58D00E8E28D00DCEBFFBEC9E30DCB28E28710208D
:205F0000E59DE0F0E340C803E350000013A08F49E08DB204E59C0000E28BC02CE08D2204F3
:205F2000E282202CE5903004E7C5E003E891480AE58C1000E58C3004E58CB008E58CE00C02
:205F4000E5921000E59DE0F4E59CB004E1A036A1E1A03683E0893003E08E3003E1A036C3E6
:205F6000E7D51693E5821000E5903000E79A3003E2433001E7D8B013E58CB004E590C000BA
:205F8000E08AC00CE5DCC006E35C00010592C0000A000006E35C00031592C000128710301B
:205FA0000592C00013CCC0011582C0001A000002E2871030E38CC001E582C000E282C01043
:205FC000E891400EE2844004E58C1000E58C2004E58C3008E58CE00CE59C2000E59DB0F869
:205FE000E1A016A2E1A03681E0893003E1A01686E0813003E1A036C3E7D52693E08B300257
:20600000E0863003E7C82013E58C2000E2873040E59CE008E28C2010E20EE07FE58CE008EC
:20602000E8935808E5823000E582B004E582C008E582E00CE592C000E1A036CCE1A036835D
:20604000E0893003E0813003E1A036C3E7D5C693E582C000E2873050E592E004E1A0C6CE01
:20606000E1A0C68CE089C00CE081C00CE1A0B6CCE282C010E7D5E69BE582E004E893480C5D
:20608000E58C2000E58C3004E58CB008E58CE00CE59C2000E1A036C2E1A03683E089300354
:2060A000E0813003E1A036C3E7D52693E58C2000E2873060E59CE008E28C2010E20EE07F7D
:2060C000E58CE008E8935808E5823000E582B004E582C008E582E00CE592C000E1A036CC9E
:2060E000E1A03683E0893003E0813003E1A036C3E7D5C693E582C000E592C004E1A036CCC2
:20610000E1A03683E0893003E0813003E1A036C3E7D5C693E582C004E5903000E08A300319
:20612000E5D33006E35300020592C0040A000004E35300030592C00413CCC0011582C00441
:206140001A000001E38CC001E582C004E592E008E2873070E282C010E20EE07FE582E0088F
:20616000E893480CE58C2000E58C3004E58CB008E58CE00CE59C2000E1A036C2E1A0368340
:20618000E0893003E0811003E1A016C1E7D52691E58C2000E59C1008E201107FE58C1008FF
:2061A000E284C002E5D00008E6EF207CE28D102CEBFFC6CAE30DCB28E340C803E350000060
:2061C000E59D00F0E59CC000E2800006E28AA008E59DE0F4E2855001E58D00F0E286600652
:2061E000E5DC1010E3A0400013A08F49E28E0903E1550001E58D00F43AFFFF24E08D120478
:20620000E284E001E08D2204E2870080E59D30F8E281102CE59D50FCE08D620EE8900E0140
:20622000E282402CE0853003E5810000E5819004E581A008E581B00CE2832001E594100057
:20624000E287B090E08D520EE286A02CE7D51692E5841000E28E9001E28710A0E89B00D446
:20626000E285502CE08DE209E58A2000E58A4004E58A6008E58A700CE28E002CE5952000A9
:20628000E283B002E08DA209E283E003E7D5269BE5852000E28A702CE8910072E301AFFFFB
:2062A000E34FAC40E5801000E5804004E5805008E580600CE30E2000E5DDB029E340203FE6
:2062C000E002168EE5970000E1A03B8BE3C3333FE00A0000E1810000E1830000E587000041
:2062E000E2896001E5DC0008E6EF2076E28D102CEBFFC67AE350000001A000080A000002E1
:20630000E3A00F49EA000000E1A00008E28DDF41E8BD8FF00000000000000000000000007C
:20632000E52DE004E52DB004E52DA004E52D9004E52D8004E52D7004E52D6004E52D50044D
:20634000E52D4004E30D7B2CE24DD024E3407803E350000015D0C00813A09000E587000000
:206360000A000059E35C00000A000058E3006528E30EA000E1A08009E340600BE340A03F7E
:20638000E35900001A000051E590C000E1A05188E08C0005E08C1005E1D0C0B4E1D140B40A
:2063A000E6EF107CE5D02006E1A0042CEBFFC5CBE3500000E6EFB47413A09F49E1A0100D0D
:2063C000E1A0000BEBFFC5F1E5970000E5902004E5DD1000E28DC004E7C81002E896400EEA
:2063E000E58C1000E58C2004E58C3008E58CE00CE59DC004E5DD1000E7CCC01FE59D200431
:20640000E1A01681E081C00CE1A0C6CCE7D5269CE58D2004E590C000E795C00CE59DE00829
:20642000E2865010E24C3001E28DC014E7D8E013E58DE008E895400DE58C0000E58C200416
:20644000E58C3008E58CE00CE59DC018E1A05404E59D0014E205EC1FE1A026ACE1A036A0D1
:20646000E1A02682E1A03683E0812002E7D5C41FE0813003E00A2002E59D401CE1A036C39F
:20648000E182C00CE3A02002E204107FE58D101CE18EC00CE58DC018E7D50693E58D0014B5
:2064A000E28D1004E1A0000BEBFFC60CE3500000E5970000E288800113A09F49E5D0C0085F
:2064C000E158000C3AFFFFADEA000000E3A0901EE1A00009E28DD024E8BD8FF00000000066
:2064E000E52DE004E52DB004E52DA004E52D9004E52D8004E52D7004E52D6004E52D50048C
:20650000E52D4004E30D5B30E24DD054E3405803E350000015D0C00913A08000E58500005B
:206520000A00007CE35C0000E30043B80A00007AE1A09008E1A06008E1A07008E340400BCB
:20654000E5D00008E1A0100DEBFFC590E595E000E59E1004E5DD0000E28DC004E7C600010D
:20656000E894000FE58C0000E58C1004E58C2008E58C300CE59DC004E5DD1000E59D0008B2
:20658000E7CCC01FE1A03681E7CC001FE083C00CE0830000E1A0B6CCE59D2004E1A0A6C03D
:2065A000E59D1008E284C010E28D0014E7D5269BE58D2004E7D5169AE58D1008E89C1406E1
:2065C000E5801000E5802004E580A008E580C00CE59DC014E1A006CCE1A00680E08300006C
:2065E000E1A016C0E5DDB000E7D5C691E28D1024E08C200BE284B020E7C8C012E58DC01488
:20660000E89B1405E5810000E5812004E581A008E581C00CE59DC024E1A006CCE1A00680EE
:20662000E0830000E1A006C0E5DD1000E284B030E7D5C690E08C2001E28D1034E58D902C18
:20664000E7C8C012E58DC024E89B1405E5810000E5812004E581A008E581C00CE59D0034E1
:20666000E59DC038E1A016A0E1A026ACE1A01681E1A02682E0831001E0832002E1A0B6C1E4
:20668000E2841040E1A0A6C2E7D5069BE28DB044E58D0034E7D5C69AE58DC038E8911403DF
:2066A000E58B0000E58B1004E58BA008E58BC00CE59DC044E1A006CCE1A00680E08300004F
:2066C000E1A006C0E7D5C690E58DC044E59E0000E59DC048E7970000E2400001E7D8C010AE
:2066E000E58DC048E5DE0008E3A02005E28D1004EBFFC57AE3500000E5950000E5D0C009D6
:2067000013A08F49E2866001E156000CE28770043AFFFF8AEA000000E3A0801EE1A00008AF
:20672000E28DD054E8BD8FF00000000000000000E1B0C00003A0001E0A000021E3A00000E2
:20674000E3A030FFE5CC302BE3A02001E1CC01BCE1A03000E5CC302DE3A01003E5CC302C0B
:20676000E5CC302AE5CC3029E5CC3028E5CC3026E5CC3025E5CC3027E5CC3024E5CC302FD1
:20678000E5CC302EE1CC01BAE1CC01B8E1CC01B6E1CC01B4E1CC01B2E1CC01B0E1CC00BE2D
:2067A000E1CC00BCE1CC00BAE1CC00B8E1CC00B6E1CC00B4E58C0000E5CC2030E1CC11BEF2
:2067C000E12FFF1EE12FFF1E0000000000000000E52DE004E52D7004E52D6004E52D500407
:2067E000E52D4004E52D3004E30A7150E3A04020E3407803E5D7C000E35C00001A000037C2
:20680000E3A01000E1A02001E301085CE340000DEBFFC766E3500000E3A0500013A04F4963
:2068200003A0400001A0000001A0000001A00000E6EF0075EBFFC795E2855001E3550014FE
:206840003AFFFFFAE3010CE0E340000DEBFFFD23E350000011A04000E3010D14E340000DA3
:20686000EBFFFEAEE350000011A04000E3010D28E340000DEBFFFF19E350000011A04000EF
:20688000E30B6644E354000003A050001A000013E340680301A0000001A0000001A0000098
:2068A000E1A00006EBFFFFA1E1A04000E2855001E35500238A000004E3540000E286603432
:2068C0000AFFFFF6E1A00004EA000005E3540000E3A0C0501A000001E5C7C000E8BD80F8D8
:2068E000E1A00004E8BD80F80000000000000000E1B0C00003A0001E012FFF1EE30C2B90ED
:20690000E3A00000E5CC0010E3402803E3510006E5CC000FE0821301E1CC00BAE1CC00B8A9
:20692000258C0004E5CC000EE5CC000D2A000000E58C1004E5CC0011E3A010FFE5CC00125F
:20694000E5CC0013E5CC000CE5CC0015E5CC0014E5CC0017E5CC0018E58C0000E5CC101652
:20696000E12FFF1E000000000000000000000000E52DE004E52D6004E52D5004E52D4004C2
:20698000E30A6138E3406803E5D6C000E35C000013A000201A00001CE3A01000E1A02001EB
:2069A000E3010B18E340000DEBFFCCB4E350000013A00F49030D54A418BD8070E3A0400068
:2069C000E340580301A0000001A0000001A00000E1A00005E6EF1074EBFFFFC4E284400123
:2069E000E354000B9285501C8A000002E35000000AFFFFF6E8BD8070E350000018BD807088
:206A0000E3A0C0A4E5C6C000E8BD8070E8BD8070E52DE004E52D4004E30201C0E340000DD8
:206A2000EBFFC252E350000003A040000A00000BE306C013E3A04F49E15C00001306C0112F
:206A4000115C00001A000005E1A03000E3A0208CE3A01033E3A00000EBFFEECCEAFFFFFFF6
:206A6000EBFFF922E350000011A04000E30200E0E340000DEBFFC3A9E35000000A0000075E
:206A8000E301300FE3A04F49E15300001A000003E3A00000E3A01033E3A02087EBFFEEBB61
:206AA000EBFFF946E350000011A04000EBFFFC43E350000011A04000EBFFFF44E3500000DC
:206AC00011A04000EBFFFFA9E350000011A04000E3A00000EBFFCCD5E3A00001EBFFCCD3F4
:206AE000E3A0000AEBFFACD5E3500000E3A0000B13A04F49EBFFACD1E3500000E3A0000D68
:206B000013A04F49EBFFACCDE350000013A04F49EBFFE91EEBFFCCD5E30FCC30E34FCFFFDF
:206B2000E30D0B50E3400803E59CC000E580C000EBFFEA3AE1A00004E8BD801000000000AE
:206B4000E30CCD10E340C803E52DE004E52D3004E59CC000E35C000003A0001E08BD8008B1
:206B6000E3A00080E58D0000E59C0020E5D00000E1DCC0B0E3A02002E2801001E3A0300052
:206B8000E1A0042CE6EF1071EBFFA9A8E350000003A0000013A00F49E8BD800800000000A5
:206BA000E30AC100E340C803E52DE004E52D4004E59CC000E35C0000E3A040000A0000039D
:206BC000E5DC0000EBFFEB21E350000011A04000EBFFFFDAE350000011A04000E1A000046E
:206BE000E8BD8010000000000000000000000000E52DE004E52D6004E52D5004E52D400438
:206C0000E301C9B9E24DD008E340C00DE3A06000E5CD6000E5DC5000E3A0406401A0000049
:206C2000E3010918E1A0200DE1A01005E340000DEBFFA9CEE5DDC000E35C00000A000004AB
:206C4000E3A00008E3A01001EBFFA95CE1A00006EA000002E254400103A000021AFFFFEF90
:206C6000E28DD008E8BD80700000000000000000E3500002A3A00022A12FFF1EE35100007D
:206C8000E30DCA000A000004E340C803E7DCC000E3A00000E5C1C000E12FFF1EE3A0001E04
:206CA000E12FFF1E000000000000000000000000E52DE004E52D4004E303C831E24DD00875
:206CC000E340C00DE3A04000E5CD4000E5DCC000E5DD0000E5CDC003E5CD0002E1A0100D05
:206CE000E3A00001EBFFFFE1E350000005DDC000035C000113A000211A00000AE301C9D498
:206D0000E340C00DE1A02004E30D1ACCE59C0000E28D3002E3401803EBFFCD54E35000006A
:206D200013A00F4901A00004E28DD008E8BD8010E30DCA77E340C803E52DE004E52D70048C
:206D4000E52D6004E52D5004E52D4004E52D3004E5DCC000E35C000013A00020030A4E10BD
:206D600018BD80F8E30FCC94E3404803E30D19B4E34FCFFFE3A0E000E3401803E5D4000DE2
:206D8000E35000000A000075E25000010A000063E25000010A000049E25000010A000033AB
:206DA000E25000010A000019E25000010594000813A000F118BD80F8E3042105E1A06300C7
:206DC000E3402410E0835692E1A05300E1A03003E0827592E0466003E3A07605E1A02002F6
:206DE000E5817030E08330A6E58C7014E0455002E1A032A3E08220A5E0633283E1A022A22E
:206E0000E1A052A3EA00005B01A0000001A00000E5940008E3012085E3402842E1A062807B
:206E2000E0835692E1A05280E1A03003E0827592E0466003E3A07805E1A02002E581703065
:206E4000E08330A6E58C7014E0455002E1A03223E08220A5E0633203E1A02222E1A052235D
:206E6000EA00004401A0000001A0000001A00000E5940008E3083889E3A06A05E3483888F7
:206E8000E5816030E1A02200E58C6014E1A07200E0825293E0853793E5D4400DE1A021A2C1
:206EA000E3A0305AE0627182E1A021A5E3540000E0060293E1A051A7EA00003201A0000061
:206EC000E5940008E3042925E3422492E1A06180E0835692E1A05180E1A03003E082759205
:206EE000E0466003E3A07C05E1A02002E5817030E08330A6E58C7014E0455002E1A03123E2
:206F0000E08220A5E0833083E1A02122E1A05123EA00001801A0000001A0000001A0000096
:206F2000E5940008E30A2AABE3A07050E34A2AAAE5817030E1A03100E58C7014E1A051004B
:206F4000E0865592E0832392E1A020A6E1A05123EA00000801A0000001A0000001A00000BB
:206F6000E5940008E3A02005E58C2014E1A0500EE5812030E1A02080E5D4400DE3A0305A7A
:206F8000E0060293E3540000E1A026A6E1A02682E1A066A6E2467001E28F6001E12FFF16AC
:206FA000FBB2F6F34778BF000A00001CE254400101A0E0A60A000017E25440010086208635
:206FC0000A000012E2544001006621860A00000DE2544001006622060A000008E25440016C
:206FE0001A00000EE28FE001E12FFF1EFBB2F2F34778BF00E0622282E1A0E2A2EA00000500
:20700000E1A0E222EA000003E1A0E1A2EA000001E1A0E122EAFFFFFFE155000E3A00000521
:20702000E1550006E30D2A8032800FAF31500006E30D0A843A000001E3A000F2E8BD80F838
:20704000E3402803E3400803E3570A01E582E000E58060002A000008E3A0600AE6FF0077E8
:20706000E58C0000E6FFE077E581E028E3A00000E58C6010E581602CE8BD80F8E3A0001FE0
:20708000E8BD80F8000000000000000000000000E52DE004E52D6004E52D5004E52D4004AB
:2070A000E3031810E3A02020E24DD028E1A06000E340100DE3A04000E28D0001E5CD400092
:2070C000FA006C86E30D5A75E3405803E356000003A0001E05C540000A00001BE28D0001EE
:2070E000E1A0100DEBFFCD1DE35000001A000014E28D0001E1A0100DEBFFCD18E5DDC0005E
:20710000E190C00C0AFFFFF9E35000001A00000CE1A00006E28D1001E3A02020FA006C6F39
:20712000E30D0A55E3A02020E28D1001E3400803FA006C6AE1A00004E3A0C001E5C5C0008C
:20714000EA000001E5C54000E3A000F9E28DD028E8BD8070000000000000000000000000E2
:20716000E30DCA44E340C803E52DE004E52D6004E52D5004E52D4004E3A06000E24DDF4AC0
:20718000E5DC0000E3A0C004E3500000E5CDC00013A00020E58D60041A00009FE30A0E1EC7
:2071A000E1A05006E3400803E5D00000E35000098A000094E30D4ACCE28F1004E3404803C2
:2071C000E791F100000B7254000B7248000B7240000B7234000B7228000B721C000B721077
:2071E000000B7204000B71F8000B71ECE3A0C00BE5C4C006EA000018E3A0C00AE5C4C006B7
:20720000EA000015E3A0C009E5C4C006EA000012E3A0C008E5C4C006EA00000FE3A0C007BB
:20722000E5C4C006EA00000CE3A0C006E5C4C006EA000009E3A0C005E5C4C006EA00000697
:20724000E5C4C006EA000004E3A0C003E5C4C006EA000001E3A0C002E5C4C006E28D0F42BD
:20726000EBFFFF8AE35000001A000066E28D0008EBFFEF72E3500000E5DDC0081A000061EE
:20728000E30D0A76E35C000115DDC009E3400803135C0003E5DDC03203A050F1E355000013
:2072A000E5C0C0001A00005BE35C000215DDC1231A000006E5DDC126E3A00002E5C40006E0
:2072C000E35C000003A0C00105C4C00BE5DDC123E35C00070A000003E35C00040A000038F9
:2072E000E3A00002EA00004CEBFFCD84E3500000E30D1A50E30D3A4CE5D4C012E3A02EFA5F
:20730000E5D40013E3403803E300E226E340180313A050F1E080C00CE5832000E6FFC07C51
:20732000E3550000E00C0C9EE581C0001A000039E1A0000DE28D1004EBFFCE60E30CC0101E
:20734000E15C0000E5DDC0321A000011E5DD0032E35C000215DDC0090A00000EE35C0001C9
:2073600015D400060A00000AE5DDC126E150000CDA000013E1A00006E28CC001E1A01000F0
:20738000E6EF207CE5CD2126EBFFCE70E35000001A00001CE5DD0032E3500002E5DDC12620
:2073A0000A00000AE5D41006E30D2A54E3402803E151000C03A010010A000003E151000CF1
:2073C000AA000002E3A000F5EA000013E5C21000E35000021A00000FE35C00001A00000D11
:2073E000EBFFCE82E3500000E3A050F11A000009E3A02001E1A00006E1A01000EBFFCE5372
:20740000E35000000A000001E3A000F1EA000002E3A000F6EA000000E1A00005E28DDF4A4D
:20742000E8BD8070000000000000000000000000E52DE004E52D5004E52D4004E52D3004BF
:20744000EBFFFE3AE350000018BD8038E30D0A77E30DCA78E3400803E340C803E3A05001B7
:20746000E5C05000E3A04000E5CC4000EBFFFF3BE30DCA45E24020F5E3500000E30D1A4488
:20748000E340C803E34018030A000004E352000188BD8038E5CC4000E5C14000E8BD80384B
:2074A000E5CC4000E5C15000E8BD803800000000E30DCA77E340C803E5DC0000E12FFF1E7B
:2074C000E30DCB4CE340C803E52DE004E52D4004E5DCC000E35C000008BD8010E350000023
:2074E00018BD8010E30BC640E340C803E1DC30B0E3530C030A000005E3A00000E3A0103E00
:20750000E3A020C7EBFFEC21E3A00003E8BD8010EBFFFFC6E1B0400008BD8010EBFFFFE3AE
:20752000E3500000E3A0101CE1A0300413A020C6E3A0000003A020C7EBFFEC14E1A000049F
:20754000E8BD8010000000000000000000000000E52DE004E52D6004E52D5004E52D4004CE
:20756000E30D6BC0E24DD008E3A04000E3406803E1A05004E5CD4000E5DDC000E5CDC001DC
:20758000E5D6C000E5DD0001E35C000CE5CD0002CA00000FE35C000C0A000015E35C00002C
:2075A0000A000013E25CC0020A000011E25CC0020A00000FE25CC0020A00000DE25CC00263
:2075C0000A00000BE25CC0020A00002CE5D6C000EA00003BE25CC00E0A000005E25CC003A4
:2075E0000A000012E25CC001125CC002125CC0021A000032E3A00001E1A0100DE28D200112
:20760000E28D3002EBFFCE95E5DDC000E5DD1001E5DD2002E180C00CE181C00CE192C00CA9
:2076200013A050F41A000025E5D6C000EA000024E3A00001E1A0100DE28D2001E28D300238
:20764000EBFFCE86E3500000E5DDC0001A00001AE35C0001E5DDC0011A000017E35C0000D0
:20766000E5DDC0021A000014E35C000013A050F41A000012E5D6C000EA00001101A00000DF
:20768000E1A00005E1A0100DE28D2001E28D3002EBFFCE72E5DDC000E190C00CE5DDC00129
:2076A0001A000005E35C0000E5DDC0020A000002E35C000005D6C0000A000001E3A050F430
:2076C000E5D6C000E35C001695D6C0008A000004E1A00005E28DD008E28CC001E5C6C000BA
:2076E000EA000002E1A00005E28DD008E5C64000E8BD807000000000000000000000000051
:20770000E30DCA44E340C803E5DCC000E35C000003A000F1012FFF1EE30DCA45E340C803EF
:20772000E5DCC000E35C00000A000000EAFFFF87E3A000F3E12FFF1E00000000000000006D
:20774000E52DE004E52D8004E52D7004E52D6004E52D5004E52D4004E3A06000E24DDF4AAA
:20776000E30D0A44E30D7A45E3A050F1E3400803E5CD6000E3407803E5DDC000E5CDC00185
:20778000E5DDC001E5CDC002E5D0C000E5DD0002E35C0000E5CD00030A000062E5D7C000DD
:2077A000E1A05006E1A04005E35C000013A000201A00005D01A0000001A0000001A00000C0
:2077C000E28D0002E1A0200DE28D1003E28D3001EBFFCE82E5DDC003E5DD2000E5DD1001F4
:2077E000E180C00CE182000CE514C3D0E1910000051403D01A00003C01A0000001A000006B
:20780000E040000CE3500F96351403D03AFFFFFBE5DDC002E195C00C0AFFFFE8E28D0F41A0
:20782000EBFFFE1AE35000001A00002FE28D0004EBFFEE02E3500000E5DDC02E1A00002A56
:20784000E35C00021A000009E5DDC122E28CC001E3A00001E6EF207CE1A01000EBFFCD3B78
:20786000E3500000EA00000601A0000001A00000E3A020FFE3A00001E1A01000EBFFCD3302
:20788000E35000001A000018E5CD6004E28D0004EBFFEE5AE3500000E5DDC02E1A000012B9
:2078A000E51483D0E35C0002E30DCA540A000009E340C803E5DCC000E35C00001A0000054D
:2078C000E3A00001EBFFCFA9E35000001A000006E3A0C001EA000006E1A00005EBFFCFA359
:2078E000E3500000E3A0C0010A000001E3A000F3EA00000DE5C7C000E3020710E514C3D0A5
:20790000E04CC008E150000C8514C3D08AFFFFFBEBFFFF7AE350000001A000050A0000023F
:20792000E3A000F4EA000000E1A00005E28DDF4AE8BD81F0000000000000000000000000B2
:20794000E52DE004E52D6004E52D5004E52D4004E30D5A44E3405803E5D5C000E35C00003A
:2079600003A000F108BD8070EBFFFF74E30D4A45E1B06000E34048030A00000CE1A03000BC
:20798000E3A020C6E3A0101DE3A00000EBFFEAFFE3A0C000E5C5C000E5C4C000E1A00006DB
:2079A000E8BD807001A0000001A0000001A00000E30FCC30E30D0A48E3A01001E34FCFFF8B
:2079C000E5C41000E3400803E59CC000E580C000E1A00006E8BD807000000000000000003E
:2079E000E1B0C0A0E52DE004E52D7004E52D6004E52D5004E52D4004E52D300413A0001FD0
:207A000018BD80F8E30FCC00E3A03001E3A0E000E34FCFFFE1A07280E1A04013E59C50002C
:207A2000E30DC9B4E3510000E1C55004E50E5400E340C803E51753F00A000050E3510001A8
:207A4000051E13F40A000035E3510002051E13F40A00001AE351000313A0001F1A00005CBA
:207A6000E51E13F4E1A00600E59C7020E59C301CE3C11A01E50E13F4E51E13F4E58C20182B
:207A8000E1801001E50E13F4E50E2394E3871008E51E6394E3C37A01E58C1020E18000072A
:207AA000E58C001CE0855006E50E5398E3A07008E50E7378E1A0000EE50E7380EA00004424
:207AC000E59C7020E1A00400E59C301CE3C11C01E50E13F4E51E13F4E58C2014E180100167
:207AE000E50E13F4E50E239CE3871004E51E639CE3C37C01E58C1020E1800007E58C001CA1
:207B0000E0855006E50E53A0E3A07004E50E7378E1A0000EE50E7380EA00002D01A00000C2
:207B2000E59C7020E1A00200E59C301CE3C11010E50E13F4E51E13F4E58C2010E180100109
:207B4000E50E13F4E50E23A4E3871002E51E63A4E3C37010E58C1020E1800007E58C001C2F
:207B6000E0855006E50E53A8E3A07002E50E7378E1A0000EE50E7380EA00001501A0000074
:207B8000E51E13F4E59C7020E59C601CE3C11001E50E13F4E51E13F4E58C200CE180100105
:207BA000E50E13F4E50E23ACE3871001E51E73ACE3C62001E58C1020E1800002E58C001C11
:207BC000E0855007E50E53B0E1A0000EE50E3378E50E3380E51EC400E184C00CE50EC40071
:207BE000E8BD80F8000000000000000000000000E52DE004E52D6004E52D5004E52D400440
:207C0000E1A05000EBFFE4E1E3550000E3A040000A000002EBFFFF49E350000011A0400087
:207C2000E30DCB50E340C803E30F5C30E34F5FFFE59C1000E304EDD3E595C000E300317641
:207C4000E3A02FFAE341E06201A0000001A00000E04C0001E08C609EE1A0C32CE00C0C923F
:207C6000E040C00CE153000C1595C0001AFFFFF7E3A00000E1A01000EBFFFF58E3500000D7
:207C800011A04000E3A00019EBFFA86CE350000013A04F49EBFFE5E1E1A00004E8BD807011
:207CA000E30DCA44E3A00000E340C803E5DCC000E35C0000E30DCA45012FFF1EE340C8035B
:207CC000E5DCC000E35C000013A00001E12FFF1EE52DE004E52D8004E52D7004E52D60047B
:207CE000E52D5004E52D4004E30F5C30E34F5FFFE3048E1FE300411FE24DDC01E5956000FD
:207D0000E1A0700401A0000001A0000001A00000EBFFFFE2E595C000E350000013A0400060
:207D2000E04CC006E158000C3A000001E15700040AFFFFF6E35400001A000041EBFFA7CBA9
:207D4000E350000113A00E121A00003EE3540000E30DCAD81A00003AE340C803E5DCC00038
:207D6000E08CC10CE28C6005E356000993A040019A000003E30CCCCDE34CCCCCE08C069C47
:207D8000E1A041ACE3A00000EBFFCEB8E3500000E08460061A000010EBFFA7B4E3500000E3
:207DA000059540001A00000CE595C00001A00000E04CC004E156000C8595C0008AFFFFFB58
:207DC000E3A00003EBFFCEA9E1A07000EBFFA7A7E3500001035700000A000001E3A00E1257
:207DE000EA000018E1A0000DEBFFEC94E35000001A000008E3A0C001E5CDC001E3A0C00337
:207E0000E5CDC000E1A0000DEBFFECFCE3500000E305CE880A000001E3000121EA0000091C
:207E2000E08C6006E595C00001A0000001A00000E04CC004E156000C8595C0008AFFFFFB64
:207E4000E3A04E12E1A00004E28DDC01E8BD81F0E52DE004E52D4004E24DDE12E28D0C0171
:207E6000EBFFFC8AE1B040001A000048E1A0000DEBFFEC72E3500000E5DDC11E0A000003A8
:207E8000E3A00000EBFFFF59E3000121EA000042E35C000325DDC0013A000009E35C000263
:207EA0001A000003E3A00001EBFFFF50E28DDE12EA00003AE3A00000EBFFFF4CE3A00E120A
:207EC000EA000035E35C0001E5DD00001A00000BE3500000E5DD002A1A000008E3500002E6
:207EE0000A000006E3A00001EBFFFF40E1B040001A000028EBFFFF75E28DDE12EA000027E4
:207F0000E35C0002E5DD00001A000003E350000305DD0001035000010A00000CE35C00017E
:207F2000E5DDC02A1A000011E35C0002E5DDC0001A00000EE35C0000E5DDC0011A00000B98
:207F4000E35C00001A000009EA00000C01A00000E3A0C002E5CDC001E3A0C000E5CDC000BB
:207F6000E1A0000DEBFFECA5E35000000A000003E3A00000EBFFFF1DE28DDE12EA000007DF
:207F8000E3A00001EBFFFF19E28DDE12EA000003E3A00000EBFFFF15E1A00004E28DDE12AA
:207FA000E8BD8010000000000000000000000000E30DCA44E340C803E52DE004E52D400454
:207FC000E1A04000E5DCC000E35C000003A000F1E30DCA4508BD8010E3A000F3E340C803D4
:207FE000E5DCC000E35C00000A00000FEBFFE467E35400000A000003E3A00001EBFFCE47AC
:20800000E1A04000EA000002E3A00000EBFFCE43E1A04000EBFFE475E354000013A00F49EF
:2080200018BD8010E3A00000E8BD8010E8BD8010E30DCA44E340C803E5DCC000E35C000042
:2080400003A000F1012FFF1EE30DCA45E30D0A46E340C803E3400803E5DCC000E35C000024
:2080600003A000F30A000003E3A0C001E5C0C000E3A00000E12FFF1EE12FFF1E00000000D7
:20808000E30DCB4CE340C803E52DE004E52D4004E24DDC01E5DCC000E35C00000A000021A8
:2080A000E35000000A000003E3A00000EBFFFECFE28DDC01EA000020EBFFFF64E1B04000D2
:2080C0001A000003E3A00001EBFFFFB8E28DDC01EA000019E1A0000DEBFFEBD8E3500000A1
:2080E0001A000005E3A0C003E5CDC001E3A0C000E5CDC000E1A0000DEBFFEC40E3A00000CC
:20810000E3A020C7E3A01030E1A03004EBFFE91FEBFFFEE2E35000000A000005EBFFFFC3D3
:20812000E1A00004EA000003E3A00000EBFFFEAFE1A04000E1A00004E28DDC01E8BD8010EC
:20814000E30DCC44E340C803E59C0000E12FFF1EE30DCC48E340C803E59C0000E12FFF1EE3
:20816000E30DCB4CE340C803E52DE004E52D6004E52D5004E52D4004E3A06000E24DD008F8
:20818000E5DCC000E1A04006E35C0000E58D60000A000020E3A00002E1A0100DEBFFA62B7E
:2081A000E3500000E30041221A00001AE59DC000E35C00001A000017E3A00003E1A0100D3C
:2081C000EBFFA622E3500000E59DC0001A000011E35C00001A00000FEBFFA6A4E1A05000E0
:2081E000EBFFA6AAE1A02000EBFFFFD4E1A01000EBFFFFD6E35500011A000006E352000009
:208200001A000004E190C00111A000041A000002E1A00006EA000000E1A00004E28DD00800
:20822000E8BD8070000000000000000000000000E52DE004E52D4004E24DDC01EBFFE35331
:20824000E1A0000DEBFFEB7DE1B040001A000005E30FC598E340C00CE58DC010E1A0000D40
:20826000EBFFEBE6E1A04000EBFFE46CE1A00004E28DDC01E8BD8010000000000000000042
:20828000E52DE004E52D7004E52D6004E52D5004E52D4004E52D3004E30A61A4E1A0400037
:2082A000E3A05020E3406803E5D6C000E35C00001A00008FEBFFE2D5E1B050001A00008CB2
:2082C000EBFFE322E350000011A05000E1A00004EBFFE93EE350000011A05000E30D00B809
:2082E000E3400803EBFFA56DE35000000A000007E30B3003E3A05F49E15300001A00000373
:20830000E3A00000E3A01033E3A02086EBFFE89FEBFFEA96E350000011A05000EBFFEB67A0
:20832000E30D4B4CE3404803E3500000E5D4C00011A05000E35C00001A000003E302024018
:20834000E340000DEBFFA67DEA000002E302021CE340000DEBFFA679E350000013A05F492A
:20836000EBFFEBD2E350000011A05000EBFFED67E350000011A05000EBFFEDF4E3500000B2
:2083800011A05000E3A00008EBFFA6ACE350000013A05F49EBFFEE09EBFFEE10E35000008B
:2083A00011A05000EBFFEE49E350000011A05000E3A00000EBFFEF89E350000011A050004E
:2083C000E3A00001EBFFEF85E350000011A05000EBFFEFA2E350000011A05000E301027082
:2083E000E340000DEBFFB5A9E30FCC30E34FCFFFE350000013A05F49E59C7000EBFFF017A7
:20840000E350000011A05000EBFFF038E350000011A05000EBFFF07DE350000011A0500057
:20842000EBFFF092E350000011A05000EBFFF0AFE350000011A05000E1A00007EBFFF21368
:20844000E350000011A05000EBFFF290E350000011A05000EBFFF96DE350000011A05000C4
:20846000EBFFF9CEE350000011A05000EBFFF9DFE350000011A05000EBFFFA0CE3500000FE
:2084800011A05000E1A00005EBFFFC0CE350000011A05000E1A00005EBFFFEF8E350000096
:2084A00011A05000EBFFFF2DE350000011A05000EBFFFF5EE5D4C000E350000011A050007D
:2084C000E35C00000A000006E35500000A000004E3A00000E3A020C7E3A01036E1A030059B
:2084E000EBFFE82AE3A0C0A7E5C6C000E1A00005E8BD80F8E1A00005E8BD80F800000000E5
:20850000E35000021350000103A00005012FFF1EE350000303A00006012FFF1EE35000046A
:2085200003A0C0070A000008E350000503A0C0080A000005E350000603A0C0090A0000025C
:20854000E350000713A0C00003A0C00AE1A0000CE12FFF1E00000000000000000000000047
:20856000E3500004E30DCC06E340C8039A000009E350000BE24000052A000006E302114E98
:20858000E6EF0070E340100DE1A00100E19100B0E1CC00B0E12FFF1EE30F0FFFE1CC00B0CB
:2085A000E12FFF1E000000000000000000000000E52DE004E52D8004E52D7004E52D600406
:2085C000E52D5004E52D4004E3095BBCE1A07001E1A04000E3405803E3A06021E5D5C564C4
:2085E000E35C00A31A000034E3A01080EBFFED3BE3A0C00CE1B060001A00002FE1085C84D4
:20860000E5D8C001E35C000D135C000CE30BC6401A000004E340C803E1DCC0B0E20CCCFF2F
:20862000E35C0C061A000003E1A00004E1A01007EBFFE4CEE1A06000E3560000E1A0C18433
:208640001A00001DE08CC104E085C00CE5DCC001E25CC0040A000018E25CC0070598C00871
:208660000A000006E25CC0010598C0080A00000DE25CC0010598C00813A0002518BD81F0ED
:20868000E35C00000A00000AE3540065E5CC70001A000009E1A00007EBFFFF98EBFFFFAF06
:2086A000E1A00006E8BD81F0E35C000015CC700018BD81F0E3A00003E8BD81F0E1A0000624
:2086C000E8BD81F0000000000000000000000000E52DE004E52D5004E52D4004E52D30048C
:2086E000E1A05000E1B0400108BD8038EBFFE227E300C950E346C800E1A00004E08C15056F
:20870000E3A02004FA0066F5EBFFE344E8BD8038E52DE004E52DB004E52DA004E52D9004D7
:20872000E52D8004E52D7004E52D6004E52D5004E52D4004E24DD014E1A04002E1A0800113
:20874000E1A05003E1A06000E5DDC03FE3031834E58DC00CE3A02004E1A0000DE340100DBE
:20876000E5DD703BFA0066DDE3099BBCE3409803E5D9C5E8E35C00A713A000261A0000DA30
:20878000E1A00006EBFFF0C1E3500000E58D00081A0000D4E3A0000CE1A0C009E10AC08612
:2087A000E5DA0001E350000E13A000251A0000CEE5DA0000E350000013A000201A0000CA4F
:2087C000E59A9004E35900000A000048E3A0B003E1B01008E1A0800BE3A06001E58D600453
:2087E000E3A00006059D000C0A00000EE3A05014E251103205D910010A000037E251103229
:208800000A000032E25110190A00002EE251107D0A00002AE25110FA0A000026E2511F7D58
:208820000A000022EA000012E2400001E350003F8A00000FE35400033A00000DE35400101A
:208840008A00000BE35500023A000009E3550008E24700018A000006E35000038A00000448
:20886000E1540005BA000002E1550007E1A00004CA000002E3A0001FEA00009B01A00000AC
:20888000E350000893A0800192401001E1A0600596EFB071E58D7004E59D500C9A00000D0F
:2088A000E3A0B008E2441008E6EF8071EA000009E1A05006EA000007E3A05002EA000005FA
:2088C000E3A05004EA000003E3A05008EA000001E3A0500AEAFFFFFFE5D91001E351000047
:2088E0000A000052E251000105DCC5700A000001E3A00003EA00007CE35C00A913A000C878
:208900001A000079E30F7C30E34F7FFFE5974000E5D90000E1A0100DEBFFFF6CE597C000CD
:20892000E1DD00B2E04CC004E1B007A0030041F31A00003BE154000C3A000064E1A0058B23
:20894000E1A01408E2452001E59DC004E2400B02E2811C07E1A0C30CE2000B0EE3085000B1
:20896000E2011C07E34F5FFFE24CC040E1810000E20CC0C0E202103FE18CC000E181C00CD5
:20898000E185C00CE1CDC0B0E2460001E200C007E1CDC0B2EBFFE17DE5D90000E300195043
:2089A000E3461800E59DC000E781C500E5D9C000E300B800E346B800E3001152E08BC50C8B
:2089C000E081C00CE1DC00B0E1850000E1CC00B0EBFFE292E597500001A0000001A00000CE
:2089E000E5D90000E1A0100DEBFFFF38E597C000E1DD00B2E04CC005E1B007A01A00000506
:208A0000E154000C3A000031E59D0008E3A0C0A1E5CAC000EA000034E35C0F7D3AFFFFEFBD
:208A2000EA00002AE35C0F7D3AFFFFB8EA000027E5D91000E30DCC20E340C803E1A021011B
:208A4000E0821081E7CC0001E3017F70E5D90000E1A0B185E5D91000E340700DE5D92000DB
:208A6000E1A04100E1A03101E1A0E102E0840080E0831081E08E2082E08C3000E08C20020B
:208A8000E5D98000E08C1001E08B0085E5C36001E1A03288E1C100B4E083C208E59D40049E
:208AA000E087000CE5C24002EBFFCC9CE3500000E303C0100A000009E040000CE3500001AC
:208AC0009A000002E25000031250C0031A000001E3A00031EA000004E3A00F49EA0000021C
:208AE000E3A0C0A1E5CAC000E59D0008E28DD014E8BD8FF000000000000000000000000022
:208B0000E3500000E3A0C0001A000006E30007FFE15000013A00000AE15000023A000008EB
:208B2000E1A0000CEA000009E350000113A0C01F1A000005E371021E9372021EE1A0000CAA
:208B40009A000002E3A0001FE12FFF1EE1A0000CE12FFF1E000000000000000000000000F0
:208B6000E52DE004E52D5004E52D4004E52D3004E3A0E000E3520001E59D4010E1A0500EB3
:208B8000E30823900A000008E308C39BE3402803E340C803E3540000E7D22001E08C13010F
:208BA0000A000017E3A0C040EA000017E3530000E30823931A000009E308345BE34028034E
:208BC000E3A0C018E3403803E3540000E7D22081E1013C810A00000AE3500000EA00000B70
:208BE000E3082394E308C4BBE3402803E340C803E3540000E7D22081E08C118113A0C00823
:208C00001A000001E3A0001EE8BD8038E350000003A0001F08BD8038E04C2002E152000048
:208C2000E08E1001BA000011E2411001E04CC00EE5F12001E352000013A0500002852001E5
:208C400006EF5072E1500005004EC0001A000003E3A00000E28CC001E5C4C000E8BD803884
:208C6000E25CC001E28E2001E6EFE0721AFFFFEFE3A0002AE8BD803800000000000000002C
:208C8000E350000003A0001E012FFF1EE30824D6E3A0CD05E3A01000E3402803E5F230056C
:208CA000E353000001C010B003A00000012FFF1EE25CC00115F23005E28110011AFFFFF74F
:208CC000E3A0002BE12FFF1E0000000000000000E3510001E52DE004E52D30041A00001F0F
:208CE000E1A0C6A2E3CCC01FE7E11852E1A0EAA2E5C0E004E181C00CE5C0C005E1A0E42216
:208D0000E5C02007E300C000E5C0E006E341CFFCE5DD100BE3510000000CC0031A00000769
:208D2000E7F11053E181C18CE38CC702E580C000E8BD800801A0000001A0000001A00000DC
:208D4000E00CC003E7F11053E181C18CE580C000E8BD800801A0000001A0000001A0000045
:208D6000E3A0E000E1A0C1A2E5C0C004E1A01282E381C008E5C0C005E1A02A83E5C0E007DE
:208D8000E3821702E5C0E006E5801000E8BD8008E350000113A000001A000004E3510000EF
:208DA00013A00002112FFF1EE3A00001E12FFF1EE12FFF1E000000000000000000000000C3
:208DC000E52DE004E52DB004E52DA004E52D9004E52D8004E52D7004E52D6004E52D500483
:208DE000E52D4004E1A05001E24DD03CE3550084D3098BBCE1A0A000E59DC064D3408803CC
:208E0000E58DC034E1A07003E5DDC06FE3A06000E58DC030C3A00022E59DC060E1A0900288
:208E2000E58DC038E1CD60B4D3A0C00CE5CD6006E5DDB06BCA0000D6E1038C85E5D3C001C4
:208E4000E35C000E13A000251A0000D1E35A000003A0001E0A0000CEE5D3C000E35C00A1D4
:208E600013A000211A0000CAE58D602CE1B0C0A9E58D602813A0001F1A0000C5E59D2034C1
:208E8000E59D1038E1A00007EBFFFF1CE1B040000593C0041A0000BDE35C00000A00001519
:208EA000E28D0006E58D0000E5DC1000E5DC2001E1A03009E3A00001EBFFFF28E1B04000F8
:208EC0001A0000B2E28D0004EBFFFF6CE1B04000E1A0C1851A0000ADE08CC105E088C00C39
:208EE000E59C8004E5D8C001E35C00000A000037E25CC0010A000001E3A00003EA0000A451
:208F0000E3590000E5DDC0061A000024E35C0010E5DDC0063A000003E3A06001E24CC01059
:208F2000E6EFB07CEA000000E5DDB006E59DC030E59D2038E58DC000E59D3034E28D0020DB
:208F4000E1A01007EBFFFF61EBFFE010E5D80000E28D7020E5DDC006E3001800E3461800D5
:208F6000E1A00500E080C18CE081C00CE28CC090E8970005E58C0000E58C2004E5D8C000CC
:208F8000E086C48CE081C08CE28CCE16E3A01001E1DC00B0E1800B11E1CC00B0EBFFE11F57
:208FA000E5D8C001E3A00001E35C00010A000038E5D8C000E3083390E5DD1006E3403803CC
:208FC000E308E39BEA00005E01A0000001A00000E5D8C000E5CDC008E59D1030E1A000075D
:208FE000EBFFFF6AE3590000E5CD000C1A000007E35B0000E5CD600A0A000008E3A0C00153
:20900000E58DC028EA00000501A0000001A00000E35B0000E3A0C001158DC02CE5CDC00A39
:20902000E5D8C000E59DE038E59DB034E59D702CE59D4028E3010F9CE5CD600BE1A0128CE0
:20904000E58DE010E340000DE58DB014E081C20CE5CD7018E5DD1006E790000CE58D001CF6
:20906000E281C001E5CDC009E5CD4019E28D0008EBFFCBFEE350000013A00F491A00004480
:20908000E5D8C001E3A00001E1A04006E35C00011A000026E308C393E359000015D810000D
:2090A000E340C80305D810001A000014E5DD2006E3A03018E308E45BE1022381E7DC3081CF
:2090C000E340E803E283B001E7CCB081E1DDC0B4E7CE0002E30824DBE5DDE006E3402803BF
:2090E000E1DD10B4E08CC10CE1CA10B0E082C00CEA00002101A0000001A0000001A000002E
:20910000E5DD2006E30834BBE08CC081E0821181E3403803E5DC2001E7C30001E28210018C
:20912000E5CC1001EA00000C01A0000001A00000E5D8C000E3083390E3403803E5DD1006D4
:20914000E308E39BE340E803E7DC2003E081130CE7CE0001E2821001E7CC1003E1DDC0B40F
:20916000E30824DBE3402803E1DD10B4E08CC10CE1CA10B0E082C00CE5DDE006E5CCE00228
:20918000E5CC0004E5CC9003E5CC5001E5CC0000E1A00004E28DD03CE8BD8FF000000000FF
:2091A000E52DE004E24DD014E59DE018E58DE000E59DE01CE58DE004E3A0C000E58DC00889
:2091C000E58DC00CEBFFFEFDE28DD014E8BD8000E30AC18CE340C803E5DCC000E35C00A666
:2091E00013A00021112FFF1EE3500000E30FCC300A000004E34FCFFFE59CC000E580C000A9
:20920000E3A00000E12FFF1EE3A0001EE12FFF1EE30AC1A4E340C803E5DCC000E35C00A729
:2092200013A00026112FFF1EE30DCB4DE340C803E5DC0000E3500000E30D0B4C1A0000119C
:20924000E3A01001E3400803E5CC1000E30BC640E340C803E5D00000E350000011DC00B024
:209260000A000008E2000CFFE3500C03E30D00B71A000004E3400803E5D00000E3500000D2
:2092800003A00C0501CC00B0E3A00000E12FFF1EE30F1C90E30D09D8E34F1FFFE305C9DAA3
:2092A000E3400803E34AC985E581C000E580C000E12FFF1E0000000000000000000000008D
:2092C000E52DE004E52D4004EBFFDF30E3A04000E30EC51AE504C364E30AC35CE504C3648A
:2092E000E5140364E15C000013A040F4EBFFE04BE1A00004E8BD801000000000000000001B
:20930000E52DE004E52DB004E52DA004E52D9004E52D8004E52D7004E52D6004E52D50043D
:20932000E52D4004E52D3004E30D6A77E3406803E5D6C000E35C000003A000F1130D7A78D2
:2093400008BD8FF8E30F4C30E3407803E30D5A7CE34F4FFFE3405803E5D7C000E35C000036
:209360001A000006EBFFFFC9E594C000E3A00001E5C70000E585C000E3A00000E8BD8FF8D9
:20938000EBFFDF82E30DCA48E594B000E340C803E5949000E595A000E59C8000EBFFDF93E9
:2093A000E30DCA80E04B000AE340C803E0491008E59CC000E15C0000E30DCA848A00001BAE
:2093C000E340C803E59CC000E15C0000E30DCA503A000016E5940000E340C803E5850000F6
:2093E000E59CC000E15C0001E30DCA442A00000AE340C803E5DCC000E35C0000E30DCA450F
:209400000A000003E340C803E5DCC000E35C00000A000001E3A040F8EA000005EBFFFFA74C
:20942000E1B040001A000002E1A00004EA000009E3A040F7E3A00000E3A0101EE3A020C76F
:20944000E1A03004EBFFE451E3A0C000E5C6C000E5C7C000E1A00004E8BD8FF8000000006D
:20946000E52DE004E52D3004EBFFFF68E350000018BD8008E30DCB4CE340C803E5DCC00059
:20948000E35C000008BD8008EBFFFF9CE8BD8008E52DE004E52D5004E52D4004E52D300496
:2094A000E1A04000E1A05001EBFFDEB8E3000800E1A0C504E3A01F55E3460800E08CC0858B
:2094C000E080C00CE19140BCEBFFDFD4E1A00004E8BD803800000000000000000000000073
:2094E000E52DE004E52D5004E52D4004E52D3004E1A04000E1A05001EBFFDEA4E30008008A
:20950000E1A0C504E3A01F56E3460800E08CC085E080C00CE19140BCEBFFDFC0E1A000047F
:20952000E8BD8038000000000000000000000000E52DE004E52D5004E52D4004E52D3004D6
:20954000E1A04000E1A05001EBFFDE90E300C800E346C800E1A00504E0800085E19C40B0A8
:20956000EBFFDFAEE1A00004E8BD803800000000E3031884E340100DE52DE004E52D700454
:20958000E52D6004E52D5004E52D4004E52D3004E3A07000E5D1C001E5CDC001E5D120029E
:2095A000E300C13FE5D11003E15C0000E5CD10032080C100E5CD2002E30814DBE5CD7000CC
:2095C0003A000008E3401803E081500CE5D5C000E35C000003A0002108BD80F8E35C000154
:2095E00005D5C0010A000001E3A00029E8BD80F8E3A0000CE309EBC0E5D51002E340E803FC
:20960000E16C008CE79E400CE35400000A00000AE5D4C001E35C00000A00002CE3A00003E0
:20962000E25CC00105D5C0031A00004BE35C00010A00001DE35C00000A000004E3A00003EF
:20964000E8BD80F801A0000001A0000001A00000E3510010E5D400002241C01031A05007B2
:2096600023A0500131A0600126EF607CE1A01005EBFFFF86E5D4C000E1A04000E1A0000CE7
:20968000E1A01005EBFFFF95E3A0C001E1A0C61CE110000C1A000026E114000C11A0000719
:2096A0001A000006E3A0002DEA000026E5D40000EBFFFF9EE350000001A000071A00002471
:2096C000E8BD80F801A0000001A0000001A00000E5D40000E3A0C030E16C0C80E3012F9CD6
:2096E000E340200DE2811001E792200CE1A0300DE6EF1071EBFFCAC5E350000005D5100354
:2097000013A00F4918BD80F8E5DDC002E1A00007E3510000E5DD10011A00000BE35C00007A
:20972000E5DDC0031A00000AE35C0000E5DDC0010A000001E3A00028E8BD80F8E35C0000AC
:2097400018BD80F8E3A0002DE8BD80F8E19CC00108BD80F8E3A00002E8BD80F8E8BD80F8B5
:20976000E5D0C001E31C0008E3A0C0001A00000BE5C1C009E5D0C000E1A0C18CE581C00C20
:20978000E5D0C001E591200CE182C2CCE581C00CEA00001A01A0000001A0000001A00000A7
:2097A000E3A0C001E30F3FE0E5C1C009E3403007E5D0C000E1A0CA8CE581C00CE5D0C00197
:2097C000E591200CE003C00CE182C68CE581C00CE5D0C001E591200CE20CC003E182C80C51
:2097E000E581C00CE5D02003E182C00CE581C00CE5D0C002E591200CE182C40CE581C00C80
:20980000E5D0C004E5C1C008E5D0C005E5C1C000E1D0C0B6E1C1C0B1E590C008E581C003E1
:20982000E5D0C00CE5C1C007E12FFF1E00000000E590C00CE581C00CE5D0C009E35C0001DC
:2098400013A0C00015C1C00903A0C00105C1C009E590C000E581C000E590C004E581C00445
:20986000E5D0C008E5C1C008E12FFF1E00000000E303C838E52DE004E52DB004E52DA00478
:20988000E52D9004E52D8004E52D7004E52D6004E52D5004E52D4004E340C00DE24DD024C1
:2098A000E1A04001E89C100EE58D1000E58D2004E58D3008E58DC00CE1A05000E28D0010F4
:2098C000E3031848E3A02010E340100DFA006283E1A0C005E300013FE150000C3A00000B85
:2098E000E30804DBE08CC10CE3400803E080C00CE5DC0000E350000003A000210A000090B9
:20990000E350000105DC0003035000000A000001E3A00029EA00008AE354000003A0001EB9
:209920000A000087E5DC0001E3A0100CE5DC9002E309EBC0E340E803E1600180E79E5000A6
:20994000E35500000A000004E5D5C001E35C00000A00005AE25CC0010A000004E3A0000310
:20996000EA00007701A0000001A0000001A00000E3590010E5D500002249C01033A060002F
:2099800023A0600131A0700926EF707CE1A01006EBFFFEBEE5D5C000E1A08000E1A0000C13
:2099A000E1A01006EBFFFECDE3A0C001E1A0B000E18BE008E1A0A71CE11A000E05D5C000AB
:2099C0001A00000DE3A00D06E308EF1CE340E803E160008CE0800209E08EC000E89C1007C5
:2099E000E28DD024E5840000E5841004E5842008E584C00CE3A0002DEA000052EBFFDD6342
:209A0000E5D58000E3000800E1A09209E3460800E089C508E080C00CE3A02010E28C1C0233
:209A2000E28D0010FA00622DE300C800E1A01508E5D50000E346C800E0812086E1A015008D
:209A4000E3A0E001E08C2002E0811086E3A03F55E1E0071EE3A0EF56E08CC001E6FF0070D6
:209A6000E18300B2E18E00BCEBFFDE6CE28D0010E1A01004EBFFFF39E5D5C000E3A00D062B
:209A8000E894004EE3088F1CE3408803E100908CE11B000AE088C000E58C1000E58C200477
:209AA000E58C3008E58C600C1A00001FE3A00000EA00002301A0000001A0000001A0000074
:209AC000E5D50000E3012F9CE1A0C280E340200DE08CC200E2891001E792200CE1A0300DFD
:209AE000E6EF1071EBFFCA11E1A01004E1A02000E1A0000DEBFFFF4DE3520000E303C00B6B
:209B00000A000007E052200C0A000007E25220010A000007E252C0070A000007E3A00F4978
:209B2000EA000007E3A00000EA000005E3A00028EA000003E3A0002DEA000001E3A00031DB
:209B4000EAFFFFFFE28DD024E8BD8FF000000000E52DE004E52D6004E52D5004E52D40046F
:209B6000E1A04000E1A05001E1A06002EBFFDD07E300C400E1A00084E3560000E346C800CB
:209B80001A000006E3550FFA83A05FFAE18C50B0EA00000701A0000001A0000001A00000A7
:209BA000E1A00084E3550EFA83A05EFAE3851A01E18C10B0EBFFDE19E8BD807000000000BF
:209BC000E3500085E52DE004E52D5004E52D4004E52D3004A3A00022A8BD8038E3091BBC90
:209BE000E3A0C00CE3401803E10C1C80E5DC0001E350000A059C400413A0002518BD803806
:209C0000E354000015DC000003A0000308BD8038E3500070E3A000211A000010E3A05000B5
:209C2000E5CC5000EBFFDCD9E300C600E346C800E5D40002E3A01001E1DC20B0E1C200115A
:209C4000E1CC00B0E5D40000E3A01FFAE1A02005EBFFFFBEEBFFDDF1E1A00005E8BD80386A
:209C6000E8BD8038000000000000000000000000E3A0C000E5C0C000E3E01000E5C0100156
:209C8000E5C01002E580C004E580C008E580C00CE580C010E580C014E580C018E12FFF1EAE
:209CA000E30A2E10E3402803E52DE004E52D7004E52D6004E52D5004E52D4004E52D300437
:209CC000E5D01000E5D2C013E15C0001D8BD80F8E3A0C024E3A030FFE5C03000E10C2C8162
:209CE000E5DCC1A9E082C00CE28C0014E5D0C000E24C3001E5C03000E30BC610E3A0000099
:209D0000E340C803E28CC03401A0000001A00000E5DC302BE35300FF028CC0340A000003D1
:209D2000E1510003B2433001B5CC302BE28CC034E2800001E5DC302BE35300FF028CC03454
:209D40000A000003E1510003B2433001B5CC302BE28CC034E2800001E5DC302BE35300FFA9
:209D6000028000010A000003E1510003B2433001B5CC302BE2800001E28CC034E350002400
:209D800025D2C0133AFFFFE1E1A00001E1A0E281E24CC001E15C0001E1A0C0009A00001E54
:209DA000E08E1101E1A0328CE083C10CE2813024E082100CE082C003E2813F63E28C1F6365
:209DC000E1A0E001E2833024E243C024E2800001E8BE00F0E2811024E48C4004E48C500457
:209DE000E48C6004E48C7004E8BE00F0E48C4004E48C5004E48C6004E48C7004E0DE40B235
:209E0000E0CC40B2E0DE40B2E0CC40B2E5D2C013E24CC001E150000C3AFFFFE8E5D2C013F6
:209E2000E24CC001E5C2C013E8BD80F800000000E52DE004E52D9004E52D8004E52D7004E4
:209E4000E52D6004E52D5004E52D4004E1A04000E1A00101E30D6B28EE010A10EEF70A0011
:209E6000E3406803EE300AC0EEF80A41E596C000E24DD014EE200A20E59C1004E5DC7008E7
:209E8000EEBC0AC0EE105A10E7D48001E15000050A000052E1B001251A000024E59CC000E2
:209EA000E08CC184E5DCC004E3A00001E1A01C10E3A02002E1A01381E58D1000E288C005D0
:209EC000E3A03000E6EF107CE1A00007EBFF9CD7E35000001A000065E3A04000E288C003E7
:209EE000E3A02002E1A00007E58D4000E6EF107CE1A03004EBFF9CCDE35000001A00005B72
:209F0000E3A0C080E2881001E58DC000E1A00007E3A02002E1A03004E6EF1071EBFF9CC350
:209F2000E35000001A000051E3A00000EA000051E59CC000E1A09184E089C00CE5DCC00434
:209F4000E3A04001E1A01C14E1A00007E1A01381E58D1000E288C005E3A02002E6EF107C38
:209F6000E3A03000EBFF9CB1E35000001A00003FE596C000E59CC000E089C00CE5DCC00435
:209F8000E1A01C14E1A00007E1A01381E58D1000E288C003E3A02002E6EF107CE3A030000B
:209FA000EBFF9CA2E35000001A000030E1A0C285E2881001E58DC000E1A00007E3A020025A
:209FC000E3A03000E6EF1071EBFF9C98E35000001A000026E3A00000EA00002601A00000B3
:209FE000E3A05000E288C005E3A02002E1A00007E58D5000E6EF107CE1A03005EBFF9C8B48
:20A00000E35000001A000019E596C000E59CC000E08CC184E5DCC004E3A00001E1A01C10F7
:20A02000E3A02002E1A01381E58D1000E288C003E1A03005E6EF107CE1A00007EBFF9C7B17
:20A04000E35000001A000009E288C001E1A00007E1A03005E3A02002E6EF107CE58D300099
:20A06000EBFF9C72E3500000E3A000000A000001E3A00F49EAFFFFFFE28DD014E8BD83F0FA
:20A08000E52DE004E52D4004E30D1B28E1A04000E3A0C000E3401803ED0D8A01E24DD00477
:20A0A000EEB08A40E5911000E24DD00CE351000003A0001EE58DC0040A000014E5D1001098
:20A0C000E1500004D3A00022DA000010E58DC000E591C004E5D10008E7D4100CE3A0200127
:20A0E000E28D3004EBFF9C51E350000013A00F491A000006E59DC004E3CCC4FEE58DC0049B
:20A10000E1A00004E28C1001EEB00A48EBFFFF47E28DD00CECBD8A01E8BD80100000000067
:20A12000E52DE004E52D6004E52D5004E52D4004E30D4B28E24DD008E1A05000E34048034E
:20A14000E594C000E35C000003A0001E0A000019E5DC0010E1500005D3A00022DA00001518
:20A16000E3A06000E58D6000E59C0004E7D50000E3A02002E2801005E5DC0008E1A030064D
:20A18000E6EF1071EBFF9C29E594C000E59C100CE59CC000E08CC185E5911000E5DCC004E6
:20A1A000E3A02001E350000001A00006E1A0CC12E581C01013A00F49E28DD008E8BD8070A5
:20A1C000E52DE004E52DA004E52D9004E52D8004E52D7004E52D6004E52D5004E52D4004DF
:20A1E000E3094BBCE3404803E5D4C594E35C005013A040261A000064E3500085A3A00022A9
:20A20000A8BD87F0E1A0C180E08CC100E084A00CE5DAC001E24CC008E35C000183A0002565
:20A2200093A0500C88BD87F0E1004580E5906004E5D0C000E5908008E35C0050E596900840
:20A2400013A0002118BD87F0EBFFDBD0E3A07000E5CA7000E599000CE5C97000EBFFFE8324
:20A26000E5C97004E3A0C024E5C97005E30A0E10E1C970B6E3400803E5897008E5D8102B4B
:20A28000E35100FFE1010C810A000009E5D111AAE35100FF0A000006E5D8202BE161058185
:20A2A000E10C0C82E7C47001E5DC01AAE1A01007EBFFDCD6E288002BEBFFFE78EBFFDBCBE2
:20A2C000E5D6C001E25CC0010A000010E25CC00113A0000318BD87F0E300C000E340C00062
:20A2E000E5D60000EE00CA10EBFFFF64E1A04000E5D60000EBFFFF89E350000001A00004C8
:20A300000A000022E8BD87F001A0000001A00000E5D60000E3011681E340100DE1A0C200FA
:20A32000E08CC180E7D1C00CE35C00010300C0000340C0000E00CA101EB70A00EBFFC94725
:20A34000E3500000E308C0070A000002E15C000013A04F491A000000E1A04007E5D60000E7
:20A36000EBFFB8CAE354000011A000041A000007E35000001308C007115C000001A000073A
:20A3800008BD87F0E3A00F49E8BD87F0E1A00004E8BD87F0000000000000000000000000E9
:20A3A000E52DE004E52D8004E52D7004E52D6004E52D5004E52D4004E30A5E10E1A020005D
:20A3C000E3405803E5D20000E5D5C017E15C0000D3A00000C3A0600CD8BD81F0E10C56806F
:20A3E000E3A030FFE5C23000E30D25F4E3402803E5DCC6A1E5C1C000E5D2C011E35C00FF29
:20A4000005D2C0250A000003E150000CB24CC001B5C2C011E5D2C025E35C00FF05D2C03985
:20A420000A000003E150000CB24CC001B5C2C025E5D2C039E35C00FF05D2C04D0A000003D8
:20A44000E150000CB24CC001B5C2C039E5D2C04DE35C00FF05D2C0610A000003E150000C4C
:20A46000B24CC001B5C2C04DE5D2C061E35C00FF05D2C0750A000003E150000CB24CC0016E
:20A48000B5C2C061E5D2C075E35C00FF05D2C0890A000003E150000CB24CC001B5C2C07525
:20A4A000E5D2C089E35C00FF05D2C09D0A000003E150000CB24CC001B5C2C089E5D2C09D4D
:20A4C000E35C00FF05D5C0170A000003E150000CB24CC001B5C2C09DE5D5C017E1A040005E
:20A4E000E1A02180E24CC001E15C0000E1A0C0049A000015E300E69CE0820100E1A0118C34
:20A50000E081110CE280000CE0851001E0850000E08E7001E08E100001A0000001A00000D5
:20A52000E287700CE1A02006E1A08001E247000CFA005F6AE5D5C017E2844001E24CC0016E
:20A54000E154000CE288100C3AFFFFF4E5D5C017E24CC001E5C5C017E3A00001E8BD81F06D
:20A56000E52DE004E52D9004E52D8004E52D7004E52D6004E52D5004E52D4004E52D3004AB
:20A58000E1A04000E3A05000E3540085E5CD5000A3A00022A8BD83F8E3096BBCE1A0C1844B
:20A5A000E08CC104E3406803E086000CE086C00CE5D00001E250000603A0700C0A000047DA
:20A5C000E2500001E24000010A000038E350000193A0000C9A000021E250C00213A00025E9
:20A5E000E3A0C00C18BD83F8E10C6C84E59C6004E5DC0000E3500020E59670041A00003E9F
:20A60000E1A00004E1A01005E5CC5000EBFFDBFFE1A04000EBFFDA5DE300C600E346C800DE
:20A62000E5D60002E3A01001E1DC20B0E1C20011E1CC00B0E5D60000E3A01FFAE1A020052E
:20A64000EBFFFD42EBFFDB75E5C75000E1A00004E8BD83F801A0000001A0000001A0000013
:20A66000E1006084E5901004E5D00000E3500020E59160081A000020E1A00004E1A0100551
:20A68000E5CC5000EBFFDBE1E1A04000E596000CE5C65000EBFFFD75E5C65005E1C650B6C7
:20A6A000E5865008E5C65004E1A00004E8BD83F8E3A0C00CE10C6C84E5DC0000E3500020F3
:20A6C0001A00000DE1A00004E1A01005E5CC1000EBFFDBCEE8BD83F801A0000001A0000082
:20A6E000E10C6784E59C8004E5DC0000E59C1008E3500020E598900C0A000004E3A0002105
:20A70000E8BD83F801A0000001A0000001A00000E5CC5000E2810011E1A0100DEBFFFF1F1B
:20A72000E35000000A000005E5DDC000E16C078CE5DD0000E1A01005E7C6500CEBFFDBB39C
:20A74000E1A00004E1A01005EBFFDBB0E35000001A000006E598C008E5DC0000E5DC10013E
:20A76000E1A02005EBFFDB71E350000013A00003E5C95000E8BD83F80000000000000000F6
:20A78000E3500085E52DE004E52D5004E52D4004E52D3004A3A00022A8BD8038E3091BBCC4
:20A7A000E3A0C00CE3401803E10C1C80E5DC0001E350000A059C400413A0002518BD80383A
:20A7C000E354000015DC000003A0000308BD8038E3500060E3A000211A00000FE3A05000FB
:20A7E000E5CC5000EBFFD9E9E300C600E346C800E5D40002E3A02001E1DC10B0E1C1001282
:20A80000E1CC00B0E5D40000E3A01EFAEBFFFCCFEBFFDB02E1A00005E8BD8038E8BD8038CB
:20A82000E52DE004E52D5004E52D4004E52D3004E1A04000E354000783A0001F88BD8038E2
:20A84000E3510000E3A0001E0A000014E3A05000E5C15026EBFFD9CDE284C01CE3A0331A74
:20A86000E1A0C22CE2441004E3A0E001E6EF007CE1D320BCE1A00080E2400326E1C2241EB9
:20A88000E1C320BCE201100FE1D020B0E1C2C11EE1C0C0B0EBFFDAE1E1A00005E8BD80389A
:20A8A000E8BD8038000000000000000000000000E52DE004E52D4004E3500000E1A04001FA
:20A8C0001354000003A0001E08BD8010E5D00001E3A01002EBFFC849E594C004E3A01000E5
:20A8E000E3500000E5C41010E3A0200813A00F4903A0000001A0000001A0000001A0000020
:20A90000E58C1000E2522001E58C1004E28CC00805C410111AFFFFF9E8BD80100000000076
:20A92000E30A2E10E3402803E52DE004E52D7004E52D6004E52D5004E52D4004E52D3004AA
:20A94000E5D01000E5D2C019E15C0001D8BD80F8E30DC4A4E3A030FFE5C03000E340C8038A
:20A96000E5DC0016E35000FF05DC00320A000003E1510000B2400001B5CC0016E5DC0032FF
:20A98000E35000FF05DC004E0A000003E1510000B2400001B5CC0032E5DC004EE35000FF30
:20A9A00005DC006A0A000003E1510000B2400001B5CC004EE5DC006AE35000FF05DC008687
:20A9C0000A000003E1510000B2400001B5CC006AE5DC0086E35000FF05DC00A20A00000351
:20A9E000E1510000B2400001B5CC0086E5DC00A2E35000FF05D2C0190A000003E1510000A7
:20AA0000B2400001B5CC00A2E5D2C019E1A00001E1A0E281E24CC001E15C0001E1A0C000BC
:20AA20009A000021E3007724E08E1101E1A0328CE083310CE2811024E0823003E0821001DF
:20AA4000E0873003E087100101A0000001A00000E1A0E001E2833024E243C024E28000011B
:20AA6000E8BE00F0E2811024E48C4004E48C5004E48C6004E48C7004E8BE00F0E48C40042F
:20AA8000E48C5004E48C6004E48C7004E0DE40B2E0CC40B2E0DE40B2E0CC40B2E5D2C0190E
:20AAA000E24CC001E150000C3AFFFFE8E5D2C019E24CC001E5C2C019E8BD80F8000000002E
:20AAC000E52DE004E52D5004E52D4004E52D3004E1B050001351000003A0001E08BD8038FB
:20AAE000E3A04000E5C14010EBFFD928E5D5C001E3002200E3A0031AE3462800E3A03C0280
:20AB0000E1A0C08CE3A01003E1D220B0E1C2CC11E183C0B0E3A01F81E5D5C001E300220256
:20AB2000E35C0003919010B29A000008E19020B1E24CC113E3A0300FE1A0C10CE1C2CC1378
:20AB4000E180C0B1EA00000501A0000001A00000E3A0300FE1A0C10CE1C1CC13E180C0B28E
:20AB6000E300C206E5D51001E3A02001E19C30B0E1C31112E18C10B0EBFFDA28E1A00004F9
:20AB8000E8BD8038000000000000000000000000E3A0C00CE3091BBCE3401803E10C1C807F
:20ABA000E52DE004E52D7004E52D6004E52D5004E52D4004E52D3004E3A04000E5DC10010C
:20ABC000E5CC4000E3510005059C50040A000007E59C1008E240C050E6EF007CEBFFFF0F31
:20ABE000E8BD80F801A0000001A0000001A00000E59C7008E5D50002E5956008E35000008B
:20AC00001A000004E595C00CE5DC0000E5DC1001E1A02004EBFFDA45E5D60000E5D6100108
:20AC2000E1A02004EBFFDA41E5D5C002E35C00001A000007E1A00005E1A01007EBFFFF1B6C
:20AC4000E1A04000E2870016EBFFFF34E1A00004E8BD80F8E35C000113A000031A000003E2
:20AC6000E1A00005E1A01007EBFFFF94E8BD80F8E8BD80F8000000000000000000000000FF
:20AC8000E3500085A3A00022A12FFF1EE3A0C00CE3091BBCE3401803E16C0C80E7D1C00CFD
:20ACA000E35C00421A000000EAFFFFB8E3A00021E12FFF1E00000000000000000000000088
:20ACC000E3A0C00CE3091BBCE3401803E10C1C80E52DE004E52D6004E52D5004E52D400473
:20ACE000E59C4004E59C5008E35400001355000003A0000308BD8070EBFFD8A4E300C600AD
:20AD0000E3A06000E1C560BCE346C800E5D40002E3A01001E1DC20B0E1C20011E1CC00B0B0
:20AD2000E5D40000E3A01FFAE1A02006EBFFFB87EBFFD9BAE1A00006E8BD80700000000012
:20AD4000E3A0C00CE52DE004E52D3004E16C0C80E3090BC0E3400803E790C00CE35C000028
:20AD60000A000008E59CC008E35C00000A000005E5DC0000E5DC1001E3A02000EBFFD9EB46
:20AD8000E350000008BD8008E3A00003E8BD8008E3A0C00CE52DE004E52D3004E16C0C801C
:20ADA000E3090BC0E3400803E790C00CE35C00000A000008E59CC008E35C00000A00000583
:20ADC000E5DC0000E5DC1001E3A02000EBFFD9D7E350000008BD8008E3A00003E8BD800870
:20ADE000E52DE004E52D8004E52D7004E52D6004E52D5004E52D4004E30A5E10E1A0100023
:20AE0000E3405803E5D10000E5D5C00FE15C0000D8BD81F0E3A0600EE10C5680E5DCC02AD3
:20AE2000E35C006305D5C0110A000008E35C006405D5C0121A000008E35C0000030DC350E0
:20AE40000A000006E24CC001E5C5C012EA000002E35C0000124CC00115C5C011E30DC3507F
:20AE6000E3A020FFE340C803E5C12000E28CC014E3A0100801A0000001A0000001A00000BC
:20AE8000E5DC2010E35200FF028CC0140A000003E1500002B2422001B5CC2010E28CC014E3
:20AEA000E2811001E5DC2010E35200FF028CC0140A000003E1500002B2422001B5CC201091
:20AEC000E28CC014E2811001E5DC2010E35200FF028CC0140A000003E1500002B2422001E0
:20AEE000B5CC2010E28CC014E2811001E5DC2010E35200FF028110010A000003E1500002F2
:20AF0000B2422001B5CC2010E2811001E28CC014E351001825D5C00F3AFFFFD8E1A04000CF
:20AF2000E1A02200E24CC001E15C0000E1A0C0049A000015E0420080E1A0120CE041C08CA0
:20AF4000E280100EE085000CE085C001E28C1020E280702001A0000001A0000001A0000067
:20AF6000E287700EE1A02006E1A08001E247000EFA005CDAE5D5C00FE2844001E24CC001BB
:20AF8000E154000CE288100E3AFFFFF4E5D5C00FE24CC001E5C5C00FE8BD81F000000000B5
:20AFA000E3091BBCE3A0C00CE3401803E10C1C80E52DE004E52D5004E52D4004E52D3004C0
:20AFC000E59C4008E59CC004E35C00000A000013E3540000159C10040A000010E59C500818
:20AFE000E35100000A00000DE35500000A00000BE5D10000E5D11001E3A02000EBFFD94B8B
:20B00000E35000001A000005E5D50000E5D51001E3A02000EBFFD945E1B050000A000001C2
:20B02000E3A00003E8BD8038E2840010EBFFFF6BE1A00005E8BD8038000000000000000080
:20B04000E52DE004E52D8004E52D7004E52D6004E52D5004E52D4004E30A5E10E1A01000C0
:20B06000E3405803E5D10000E5D5C010E15C0000D8BD81F0E3A0600EE10C5680E5DCC10C8D
:20B08000E35C006305D5C0110A000008E35C006405D5C0121A000008E35C0000030DC2C40B
:20B0A0000A000006E24CC001E5C5C012EA000002E35C0000124CC00115C5C011E30DC2C4AA
:20B0C000E3A020FFE340C803E5C12000E5DC1010E35100FF05DC10240A000003E1500001B2
:20B0E000B2411001B5CC1010E5DC1024E35100FF05DC10380A000003E1500001B241100117
:20B10000B5CC1024E5DC1038E35100FF05DC104C0A000003E1500001B2411001B5CC1038F5
:20B12000E5DC104CE35100FF05DC10600A000003E1500001B2411001B5CC104CE5DC10601D
:20B14000E35100FF05DC10740A000003E1500001B2411001B5CC1060E5DC1074E35100FFAB
:20B1600005DC10880A000003E1500001B2411001B5CC1074E5DC1088E35100FF05DC109CF5
:20B180000A000003E1500001B2411001B5CC1088E5DC109CE35100FF05D5C0100A000003FC
:20B1A000E1500001B2411001B5CC109CE5D5C010E1A04000E1A02200E24CC001E15C000012
:20B1C000E1A0C0049A000014E0420080E1A0120CE041C08CE280100EE085000CE085C001B7
:20B1E000E28C1C01E2807C0101A0000001A00000E287700EE1A02006E1A08001E247000EDC
:20B20000FA005C36E5D5C010E2844001E24CC001E154000CE288100E3AFFFFF4E5D5C01003
:20B22000E24CC001E5C5C010E8BD81F000000000E3091BBCE3A0C00CE3401803E10C1C80B6
:20B24000E52DE004E52D5004E52D4004E52D3004E59C4008E59CC004E35C00000A0000138C
:20B26000E3540000159C10040A000010E59C5008E35100000A00000DE35500000A00000B47
:20B28000E5D10000E5D11001E3A02000EBFFD8A7E35000001A000005E5D50000E5D510014E
:20B2A000E3A02001EBFFD8A1E1B050000A000001E3A00003E8BD8038E2840010EBFFFF5FFA
:20B2C000E1A00005E8BD80380000000000000000E309CBBCE340C803E5DC1588E351000197
:20B2E00013A00026112FFF1EE3500085A3A00022A12FFF1EE1A01180E0811100E08C10010D
:20B30000E5D11001E3510006CA00000FE351000603A0100C0A000035E2511001E2411001A3
:20B320000A000049E351000193A0100C9A00003FE251100203A0100C0A000014E2511001F7
:20B34000E3A0100C0A000031EA00000BE251100703A0100C0A00001DE251100303A0100CE9
:20B360000A000012E251100103A0100C0A000007E2511002E3A0100C0A000004E3A0002503
:20B38000E12FFF1E01A0000001A0000001A00000E10CC180E5DC0000E350000113A00021A6
:20B3A0001A000032E3A00000E5CC0000E12FFF1EE10CC180E5DC1000E35100011A00002A68
:20B3C000E3A01000E5CC1000EAFFFE3CE3A0100CE10CC180E5DC0000E350000113A0002160
:20B3E0001A000022E3A00000E5CC0000E12FFF1EE10CC180E5DC1000E35100011A00001A48
:20B40000E3A01000E5CC1000EAFFFE4CE3A0100CE10CC180E5DC1000E35100011A000012A6
:20B42000E3A01000E5CC1000EAFFFE58E3A0100CE10CC180E5DC1000E35100011A00000A82
:20B44000E3A01000E5CC1000EAFFFED4E3A0100CE10CC180E5DC1000E35100011A000002EE
:20B46000E3A01000E5CC1000EAFFFF70E3A00021E12FFF1E0000000000000000000000004F
:20B48000E3500085E52DE004E52D3004A3A00022A8BD8008E309CBBCE1A01180E08111006F
:20B4A000E340C803E08C1001E5D11001E2511001E24110010A00004DE351000193A0100C07
:20B4C0009A000042E251100303A0100C0A00002FE251100103A0100C0A000024E2511001DD
:20B4E000E24110010A000019E351000193A0100C9A00000EE251100213A00025E3A0100C0D
:20B5000018BD8008E10CC180E5DC1000E35100101A00003FE3A01000E5CC1000EBFFFDE710
:20B52000E8BD800801A0000001A0000001A00000E10CC180E5DC0000E350001003A0000026
:20B540001A000033E5CC0000E8BD800801A00000E3A0100CE10CC180E5DC0000E35000104E
:20B56000E3A000001A00002AE5CC0000E8BD8008E10CC180E5DC1000E35100101A000024A5
:20B58000E3A01000E5CC1000EBFFFDECE8BD8008E10CC180E5DC0000E59C1004E350001090
:20B5A0001A00001BE5910008E3A02000E5CC2000E5D01001E5D00000EBFFD7DCE350000019
:20B5C00008BD8008E3A00003E8BD800801A00000E10CC180E5DC1000E35100101A00000C61
:20B5E000E3A01000E5CC1000EBFFFE6CE8BD8008E3A0100CE10CC180E5DC1000E351001094
:20B600001A000003E3A01000E5CC1000EBFFFF07E8BD8008E3A00021E8BD800800000000CB
:20B62000E52DE004E52D3004E3A01A19E3E00000E3A02090EBFFDF41E309C100E340C00187
:20B64000E59CC000E15C000003A0000013A00092E8BD800800000000000000000000000057
:20B66000E52DE004E52D5004E52D4004E52D3004E1B04001E1A0500003A0001E08BD8038F1
:20B68000EBFFFFE6E350000018BD8038E3A0CA19E2451034E6EF1071E79CC101E584C00086
:20B6A000E8BD8038000000000000000000000000E30DCB28E340C803E52DE004E52D400410
:20B6C000E24DD008E59CC000E35C000003A0001E0A000010E5DC1010E1510000D3A0002260
:20B6E000DA00000CE3A04000E58D4000E59C1004E7D00001E3A02002E2801003E5DC0008BF
:20B70000E1A03004E6EF1071EBFF96C8E350000013A04F49E1A00004E28DD008E8BD801057
:20B72000E52DE004E52D4004E30DCB4CE1B04000E340C8030A000020E5DCC000E35C00000D
:20B7400015D4000003A0000508BD8010E350002C3A000002E3500033E30DCB4D9A0000035D
:20B76000E3A00006E8BD801001A0000001A00000E340C803E5DCC000E35C000013A0000761
:20B7800018BD8010E3A01040EBFFE0D4E350000018BD8010E5D4C000E3092BBCE3402803A1
:20B7A000E1A0118CE081C10CE7D2C00CE35C000008BD8010E3A00020E8BD8010E3A00000C9
:20B7C000E8BD8010000000000000000000000000E3520000E52DE004E52D5004E52D40044D
:20B7E000E52D3004E3A0C0000A00001BE3530000E30AEE100A000018E3A0400CE340E8037B
:20B80000E5DE5017E355000835C150002A000012E104E485E5D21000E5C31000E30036A1B5
:20B82000E0831004E5C406A0E5D20000E5C4C6A5E5C4C6A4E5C4C6A3E5C4C6A2E141C0B3AC
:20B84000E141C0B5E5C10000E3A0C001E5C4C6A6E5DE0017E2800001E5CE0017E1A0000CBE
:20B86000E8BD8038000000000000000000000000E52DE004E52DB004E52DA004E52D900453
:20B88000E52D8004E52D7004E52D6004E52D5004E52D4004E3095BBCE3405803E24DD014C6
:20B8A000E5D5C5E8E58D2008E58D100CE3A06000E5CD6004E58D6000E1A04000E35C00A787
:20B8C00013A000261A0000ECE3A01040EBFFE083E1B08000E1A0C1841A0000E6E08CC10461
:20B8E000E085700CE5D7C001E25CC00603A0C00C0A00008AE25CC001E24CC0010A00007378
:20B90000E35C000193A0C00C9A000034E3A08025E25CC002E3A0C00C1A0000D6E10C5C84E6
:20B92000E59C9004E5DC0000E59CA008E3500000E599C0041A000080E5D50570E35000A9EE
:20B9400013A000C81A0000CCE1A01006E3A05001E5CC6001E1A00004E5CC5000EBFFD72B97
:20B96000E1B080001A0000C3EBFFD588E59D000CE300C600E346C800E350000005D9000257
:20B980001A000006E1DC10B0E1C10015E1CC00B0EA00000601A0000001A0000001A0000023
:20B9A000E5D90002E1DC10B0E1810015E1CC00B0EBFFD69AE30FCC30E3A0B020E1A0000852
:20B9C000E34FCFFFE59CC000E28DD014E58AC000E5CA600EE5C7B000EA0000A801A00000F8
:20B9E000E1055C84E5959004E5D5C000E595A008E35C0000E59970081A00004FE1A00004B4
:20BA0000E1A0100DEBFFFF15E59DC000E1B080001A000098E35C00513A000001E35C00A5D6
:20BA20009A000002E3A00092EA00009301A00000E5876008E5C76001E5C76003E597000CBF
:20BA4000E3A0C002E5C7C004E5C76002E5C76005EBFFF886E5D7C004E59D0000E3A0100114
:20BA6000E5C71000E00C0C90E1C7C0B6E5D9C001E35C00021A000004E5D90000EBFFFF0BD4
:20BA8000E350000013A000031A00007BE1A00004E1A01006EBFFD6DDE30FCC30E1B0800070
:20BAA000E34FCFFF1A000073E5DA002CE59CC000E28DD014E58AC000E350000715CA602CA6
:20BAC000E3A0C020E5C5C000E1A00008EA00006BE3A0C00CE1005C84E5D0C000E590500869
:20BAE000E35C00001A000014E1A00004E1A01006EBFFD6C6E30FCC30E1B08000E34FCFFF38
:20BB00001A00005CE3A0E020E59CC000E28DD014E585C000E5C5600CE5C7E000EA0000578B
:20BB2000E1075C84E597A004E5D7C000E5979008E35C0000E59AB00C0A000001E3A0002065
:20BB4000EA00004DE59D0008EBFFFEF4E1B080001A000048E3A0C001E5CBC000E5CB600110
:20BB6000E1A00004E1A01006EBFFD6A8E59DC00CE1B080001A00003FE35C0000E59DC00800
:20BB80001A00000EE35C00001A00000CE59AC008E5DC0000E5DC1001E1A02006EBFFD66374
:20BBA000E350000013A080031A00000DE1A08000EA00000B01A0000001A0000001A000001C
:20BBC000E59AC008E5DC0000E5DC1001E3A02001EBFFD656E350000001A080000A00000073
:20BBE000E3A08003E1A00004E59D2008E2891011E28D3004EBFFFEF5E30F4C30E34F4FFF16
:20BC0000E3500000E594C000E5C9600CE589C0000A000011E5DDC004E1A0018CE080C10C94
:20BC2000E085C00CE5DD0004E1A01006E59C9008EBFFD676E594C000E1B0800005DD0004F7
:20BC4000E5C9600CE589C0001A00000AE3A0C00CE3A0E021E16C0C80E7C5E00CE3580000F9
:20BC600011A000081A000004E1A00008E3A0C020E5C7C000EA000000E1A00008E28DD014CF
:20BC8000E8BD8FF0000000000000000000000000E35000E8E52DE004E52D300423A0002244
:20BCA000330CCD1428BD8008E3520000E340C8030A00000AE08C3100E593E000E31E0201C7
:20BCC000E38EE2011A000003E583E000E3A03001E5C23000EA000001E3A03000E5C23000AB
:20BCE000E3510000179CC100E3A0000017DFC61F1581C000E8BD80080000000000000000BB
:20BD0000E52DE004E52D7004E52D6004E52D5004E52D4004E52D3004E3A04000E1A050019A
:20BD2000E1A07003E1A06002E1A02004E1A0100DE58D4000EBFFFFD5E3560000E1A00004BB
:20BD40001A00001AE357000013A0C0BB1A000008E3550000E3A0C06F1A000010E59D10007F
:20BD6000E3002199E15200013A000007E15C0001EA000008E3550000E59D10001A00000796
:20BD8000E30022AFE15200012A000001E3A0000CE8BD80F8E15C00013A00000EE8BD80F841
:20BDA000E59D1000E15C00018A000006E8BD80F8E3550000E59DC0001A000008E3001199DD
:20BDC000E35C00DF2A000001E3A0000BE8BD80F8E151000C98BD80F8E3A0000AE8BD80F8BA
:20BDE000E59DC000E35C009383A0000CE8BD80F8E52DE004E52D5004E52D4004E52D3004EB
:20BE0000E1A05000E1B0400108BD8038EBFFD45FE300C020E346C800E1A00004E08C11052A
:20BE2000E3A02004FA00592DEBFFD57CE8BD8038E52DE004E52D5004E52D4004E52D30044B
:20BE4000E1A05000E1B0400108BD8038EBFFD44FE300C090E346C800E08CC185E89C10014A
:20BE6000E5840000E584C004EBFFD56CE8BD8038E1A0C000E1A00001E52DE004E52D400495
:20BE8000E1B0400203A0001EE24DD0100A000015E25CC0080A000003E25CC0010A000009BB
:20BEA000E3A00025EA00000FE1A0100DEBFFFFCFE1DDC0B0E28DD010E3A00000E7E0C6DC22
:20BEC000E5C4C000EA000008E28D1008EBFFFFD7E59DC008E28DD010E3A00000E7E0CEDC33
:20BEE000E5C4C000EA000000E28DD010E8BD8010E3500000E3A0C0001A000004E3510000A3
:20BF000001A0000C0A000004E3A0000DE12FFF1EE351000003A0C00BE1A0000CE12FFF1E4D
:20BF2000E3500008E52DE004E52D300428BD8008E3A0C00CE30A3E10E300E69CE3403803D0
:20BF4000E16C0C80E352000FE083000CE5C016A6E08E0003118020BCE8BD800800000000E9
:20BF6000E52DE004E52DB004E52DA004E52D9004E52D8004E52D7004E52D6004E52D5004B1
:20BF8000E52D4004E52D3004E1A04000E1A09001E3540085E3A05000B1A00184E5CD5000CB
:20BFA000A3A00022A8BD8FF8E309CBBCE0800104E30F7C30E340C803E08C0000E34F7FFFB0
:20BFC000E5D00001E2400006E3500001E24000029A00009EE350000193A0000C9A000043A3
:20BFE000E250000213A0002503A0000C18BD8FF8E100C084E5D0C000E5908008E35C002034
:20C00000E59060041A000098EBFFD460E5D8000EE1B0C000E24CC0020A00002FE35C0002F1
:20C020009A000012E25CC00305D8C0100A000009E25CC00105D8C0100A000002E25CC001DC
:20C040000A000023EA000020E35C000A2A000003E3A06016EA000021E35C000A3A000001AB
:20C06000E3A06015EA00001DE3A06014EA00001BE350000201A060050A000008E5D60003BA
:20C08000E5D8100FE1A02005E3A03001EBFFFF1BE5D8C00FE1A06000E15C0009EA000001C8
:20C0A000E5D8C00FE15C00091597C0000A000002E588C000E3A0E002E5C8E00EE1A0000484
:20C0C000E1A01009EBFFD551EA000004E3A06003EA000002E3A06011EA000000E3A0601025
:20C0E000EBFFD442E1A00006E8BD8FF801A00000E106C084E5D6C000E596A008E35C0020C4
:20C10000E596B0041A000058EBFFD420E5DAC02CE1B0000CE24000020A000047E3500002AE
:20C120009A000016E250000305DAC02D0A00000BE250000105DAC02D0A000004E2500001F9
:20C140000A00003BE250C0010A000037EA000034E35C000A2A000003E3A06016EA000037B8
:20C16000E35C000A3A000001E3A06015EA000033E3A06014EA00003101A0000001A00000D2
:20C18000E35C000205DBC004E30B851BE34088031A00000AE5DA202AE3A0000AE1A06005DE
:20C1A000E16C008CE7D8C00CE35C000011A090051A000011E1520009EA00001001A0000094
:20C1C000E5D60001E5DB1003E1A0200DEBFFFF27E5DA202AE5DD1000E1A00002EBFFFF4388
:20C1E000E5DBC004E3A0100AE16C018CE7D8C00CE35C000011A09005E1A06000E152000917
:20C200001597C0000A000002E58AC000E3A0E002E5CAE02CE1A00004E1A01009EBFFD4FB7F
:20C22000EA000006E3A06003EA000004E3A06013EA000002E3A06011EA000000E3A0601087
:20C24000EBFFD3EAE1A00006E8BD8FF801A00000E3A0000CE106C084E5D6C000E5968008AB
:20C26000E35C0020E596A0040A000001E3A00021E8BD8FF8EBFFD3C5E5D8C00CE35C00001B
:20C2800003A060100A000046E25CC001E24CC0010A000036E35C000295D6C0019A000012F4
:20C2A000E25CC00305D8C00E0A000009E25CC00105D8C00E0A000002E25CC0010A000036CA
:20C2C000EA000033E35C000A2A000003E3A06016EA000033E35C000A3A000001E3A0601539
:20C2E000EA00002FE3A06014EA00002DE35C00060A00000AE5DA0000E5D8100DE3A0200181
:20C30000E1A03005EBFFFE7DE5D8C00DE1A06000E15C0009EA00000901A0000001A000001C
:20C32000E5DA0000E5D8100DE1A03005E1A02003EBFFFE72E5D8C00DE1A06000E15C0009FF
:20C340001597C0000A000002E588C000E3A0E001E5C8E00CE1A00004E1A01009EBFFD4ABB3
:20C36000EA00000F01A0000001A0000001A00000E5D8C00DE15C00091597C0001588C00048
:20C38000E1A00004E1A01009EBFFD4A0E3A0600FEA000003E3A06003EA000001E3A060117C
:20C3A000EAFFFFFFEBFFD391E5D80011E5D8100CE1A02006EBFFFED9E1A00002E8BD8FF88A
:20C3C000E52DE004E52D7004E52D6004E52D5004E52D4004E52D3004E3095BBCE3405803E8
:20C3E000E5D5C5E8E35C00A7E1A0400013A0002618BD80F8E3A01010EBFFDDB8E1B06000F6
:20C4000005D5C5701A000029E35C00A9E3A0C00C1A000025E10C5C84E5DC0001E350000A88
:20C42000059C700413A0002518BD80F8E59C0008E35700001350000015DCC00003A0000345
:20C4400008BD80F8E35C000013A0002018BD80F8E30FCC30E34FCFFFE59CC000E580C000EC
:20C46000E3A0C000E1C0C0BCE3A0E002E5C0E00EEBFFD2C6E300C600E346C800E5D700028A
:20C48000E3A01001E1DC20B0E1820011E1CC00B0EBFFD3E2E1A0C184E08CC104E3A0007021
:20C4A000E7C5000CE1A00006E8BD80F8E3A060C8E1A00006E8BD80F80000000000000000D1
:20C4C000E30AC044E340C803E59CC000E1DCC0B2E15C0001BA00000BE35C0000E30023F6CF
:20C4E0000A000008E0010192E28F2001E12FFF12FBB1FCFC4778BF00E35C0FFA326CCFFA32
:20C5000036FF107C3A000000E3A01000E3A02000EAFFF58E0000000000000000000000007E
:20C52000E52DE004E52D6004E52D5004E52D4004E1A06001E3091BBCE3500085E3A0C00C27
:20C54000A3A00022A8BD8070E3401803E10C1C80E5DC0001E350000A059C500413A000258E
:20C5600018BD8070E59C4008E35500001354000015DCC00003A0000308BD8070E35C0070D3
:20C5800013A000210307CD0118BD8070E15C000693A0001F98BD8070EBFFD2FCE5D4C00E11
:20C5A000E24CC002E35C00029A000014E25CC00305D4C0100A000006E25CC00105D4C0103A
:20C5C0001A000009E35C000A2A000003E3A04016EA000014E35C000A3A000001E3A040158F
:20C5E000EA000010E3A04014EA00000EE3A04003EA00000C01A0000001A0000001A00000D3
:20C60000E3020841E1A0C606E3490885E08C0C90E1A0C7ACE6FF107CE1C410BCE5D500004E
:20C62000EBFFFFA6E3A04000EBFFD2F0E1A00004E8BD8070000000000000000000000000E2
:20C64000E3500000E30DCB4C0A000012E340C803E5DCC000E35C000003A00005012FFF1EE1
:20C66000E30DCB4DE340C803E5DCC000E35C000013A00007112FFF1EE5D0C000E35C000039
:20C6800011D0C0B20A000003E3010D4CE150000C33A00006312FFF1EE3A00000E12FFF1EBA
:20C6A000E3500000E52DE004E52D400408BD8010E3043240E302E70FE340300FE28FC001DE
:20C6C000E12FFF1CFBB3FCF04778BF00E15E000CE3040DD3E3013387E34100623A00001394
:20C6E000E153000C308C3C902A000008E3A0EF7DE1A0C2ACE6FFC07CE3510000E00C0C9E77
:20C70000EA00001001A0000001A0000001A00000E08C3C90E3A0E0FAE1A0C22CE6FFC07C17
:20C72000E3510000E00C0C9EEA00000601A00000E3A0EFFAE08C3C90E3510000E1A0C32C56
:20C74000E6FFC07CE00C0C9E11C1C0B0E352000008BD8010E0831C90E3A0EFFAE1A0132324
:20C76000E6FF4071E00E0E94E15E000C11A012A30A00000FE3A03F7DE6FF1071E0010193AF
:20C78000E151000C01A0C08C1A000004E08C0C90E1A0C32CE5C2C000E8BD801001A000009B
:20C7A000E1A0C10CE08C0C90E1A0C32CE5C2C000E8BD8010E5C21000E8BD8010000000002B
:20C7C000E1500001D3A00000D12FFF1EE061C801E28F1001E12FFF11FBBCFCF04778BF00CA
:20C7E000E6FF007CE12FFF1E0000000000000000E52DE004E52D6004E52D5004E52D400483
:20C80000E1A04000E1A05002E1A06001E354002428BD8070EBFFD1DDE1A00224E3560000FA
:20C82000E204C00FE6EF00701A000008E3A02001E1A00080E2400326E354001BE1D010B029
:20C84000E1C1CC12E1C0C0B0EA00000701A00000E3A02001E1A00080E2400326E354001B73
:20C86000E1D010B0E181CC12E1C0C0B08244C01C9A00000EE3550000E6EFC07C1A00000742
:20C88000E3A0131AE1D100BCE1C0CC12E1C1C0BCEA00000601A0000001A0000001A000000A
:20C8A000E3A0131AE1D100BCE180CC12E1C1C0BCEBFFD2DAE8BD80700000000000000000D2
:20C8C000E30ACE18E340C803E59CC000E08CC080E28C0064E12FFF1E0000000000000000AB
:20C8E000E30ACE18E340C803E3A01FFAE59CC000E10CC081E28C0F69E12FFF1E0000000059
:20C90000E52DE004E52DA004E52D9004E52D8004E52D7004E52D6004E52D5004E52D400477
:20C92000E1A08000E1A05001E59D7024E357000008BD87F0E30A6E10E3406803E5D61013C1
:20C94000E351002428BD87F0E355000328BD87F0E59DC020E1A00002E5CC1000EBFFFFD726
:20C96000E3A0C024E1640C81E0849006E5890194E1A00003EBFFFFD9E300C1A9E084A006E4
:20C98000E300E1AAE08C3009E5C981A8E08EE00AE30081A6E084A006E14320BDE088C00A0E
:20C9A000E5C35000E3A02000E14320BBE1A01002E5CE1002E5C911ABE14320B9E30F1FFF0E
:20C9C000E1CC10B0E14320B7E589218CE5892190E5890198E5D70000E3500000014C10B2B0
:20C9E0000A000003E3A00F69E086C004E1D710B2E18010BCE3A0C0FFE0860005E5CEC0003E
:20CA0000E5D6C013E28CC001E5C6C013E5D0C014E28CC001E5C0C014E8BD87F0000000008E
:20CA2000E1A0C0A0E6FF007CE12FFF1E00000000E52DE004E52DB004E52DA004E52D90046F
:20CA4000E52D8004E52D7004E52D6004E52D5004E52D4004E3096BBCE3406803E24DD01CCC
:20CA6000E5D6C5E8E58D2010E58D3014E59DA040E3A04000E1CD40B8E5CD400AE1A050005E
:20CA8000E58D400CE1A0B001E35C00A713A000261A0000B2E3A01004EBFFDC10E35000007B
:20CAA00005D6C5941A0000ADE35C005005D6C5701A0000A9E35C00A913A000C81A0000A7F5
:20CAC000E1A0C185E08CC105E086C00CE5DCC001E24CC008E35C000183A000258A00009F02
:20CAE000E3A0C00CE1066C85E5969004E5D6C000E5967008E35C0000E599800813A000207A
:20CB00001A000096E35B00323A000001E35B0FFA9A000001E3A0001FEA000090E1A0000A31
:20CB2000EBFFFEC6E35000001A00008CE1A00005E28D100CEBFFFAC9E3500000E59DC00C2F
:20CB40001A000086E35C00513A000001E35C00A59A000002E3A00092EA00008001A00000CA
:20CB6000E1A0000BE28D1008E28D200AEBFFFECBE5D6C001E5D92003E35C00090282C01C51
:20CB800006EF207CE59DC014E35C00001A00000FE35A00001A00000DE1DD00B8E3A01003D6
:20CBA000EBFFFF06E1DDC0B8E1A0B000E1A0000CE3A01003EBFFFF01E5D9C001E58D00140D
:20CBC000E35C0001E58D40180A00000EEA00001BE1DD00B8E3A01064EBFFFEF8E1DDC0B8AB
:20CBE000E1A0B000E1A0000CE3A010C8EBFFFEF3E5D9C001E58D0014E3A03001E35C000148
:20CC0000E58D30181A00000DE5D9C000E3011681E340100DE1A0020CE080C18CE7D1C00C3A
:20CC2000E35C00001A000005E1A00002E1A02004E1A01002EBFFFEEDEA00000401A0000077
:20CC4000E3A01001E1A00002E1A02004EBFFFEE7E287C02BE58DC000E58DA004E5D91004DB
:20CC6000E1DD20B8E5DD300AE1A00005EBFFFF23E1DD00B8EBFFFF69E59DA014E59D3018C8
:20CC8000E3A01003E1C711BEE59DC010E1C7B0B8E1C7B0B4E1C740BCE1C740BEE1C741B036
:20CCA000E1C741B2E1C741B4E1C741B6E1C741B8E1C741BCE1C741BAE5C74024E5C7402E8A
:20CCC000E5C7402FE5874020E3A05001E5C75030E1C700BAE1C7A0B6E5C73029E5C7C02874
:20CCE000E3A01004E5C71027E5DDC00AE5C84001E5C84003E5C84002E598000CE5C8C00467
:20CD0000E5C84005E5884008EBFFF3D8E59DC00CE5DD000AE5C85000E00C0C90E1C8C0B6F9
:20CD2000E5D90002E1A01004EBFF9124E5D7C02CE30F0C30E34F0FFFE35C0007E3A0C05010
:20CD4000E5900000E28DD01CE587000015C7402CE1A00004E5C6C000EA000001E3A00026CB
:20CD6000E28DD01CE8BD8FF00000000000000000E52DE004E52D4004E1A04000EBFFD083EA
:20CD8000E5D4C02EE35C000011D4C1B60A00001DE35C006321D401BC3A000018E28C109670
:20CDA000E1510000E24CC0329A000011E15C000031D4C1B82A00000EE35C006421D401BA30
:20CDC0003A000008E28C1064E1510000E24CC0649A000007E15C0000E3A0C0002A0000045C
:20CDE000E1C4C1BEEA000007E3A0C003E1C4C1BEEA000004E3A0C00DE1C4C1BEEA00000167
:20CE0000E3A0C00FE1C4C1BEEBFFD184E1D401BEE8BD8010000000000000000000000000B4
:20CE2000E30DCB28E340C803E52DE004E52D8004E52D7004E52D6004E52D5004E52D4004DD
:20CE4000E3A04000E24DD008E59C2000E3A0501EE3520000E58D40040A000031E5D2C010C9
:20CE6000E15C0000D3A00022DA00002EEEB50AC0EEF1FA10EEF70A003A000007E30FCFFE93
:20CE8000EEB40AE0EEF1FA10E340C1FFD2418001CA000001E15C00082A000004E3A0001FC6
:20CEA000EA00002001A0000001A0000001A00000E592C004E5D26008E7D0700CEBFFF3DB40
:20CEC000E1B050001A000016E58D4000E1A00006E3A02001E1A01007E28D3004EBFF90D3DC
:20CEE000E35000001A00000CE59DC004E20CC4FEE188C00CE58DC004E58DC000E1A00006BF
:20CF0000E3A02001E1A01007E1A03004EBFF90C7E3500000E1A000050A000002E3A00F493F
:20CF2000EA000000E1A00005E28DD008E8BD81F0E52DE004E52D5004E52D4004E52D30042C
:20CF4000E1A04002E30F2F00E1A05001E344277FEE002A90E1D4C0B0EE00CA10E5D0C00143
:20CF6000EEB80A40E25CC001EE800A200A00000FE25CC00105D4C00413A0000318BD803832
:20CF8000E35C00000A000005E5D00000E1D410B2EBFFFFA2E1D4C0B2E1C5C0BCE8BD8038E6
:20CFA000E5D00000EBFFF435E8BD803801A00000E5D00000E3011681E340100DE1A0C200F8
:20CFC000E08CC180E7D1C00CE35C0001E5D4C0041EF70A001E300AC0E35C00001A000005CE
:20CFE000EBFFBE1EE3500000E308C0071A000009E3A00000EA00000BE1D410B2E5D4200596
:20D00000EBFFBE82E3500000E1D4C0B2E1C5C0BC0A000003E308C007E15C0000E3A00F4993
:20D020001A000001E3A00000E8BD8038E8BD8038E52DE004E52D5004E52D4004E52D3004A0
:20D04000E5D0102BE351002428BD8038E1D0C1BEE35C000005D0302B1A000020E3A0C024AB
:20D06000E30A2E10E3A05F67E3402803E1042C83E1D0E1B8E1D031B6E185E0B4E3A05E1A83
:20D08000E5D0E02BE1042C8EE1D0E1BCE185E0B4E30051A2E5D0E02BE1D041BAE10E2C8EFE
:20D0A000E18540BEE1A0E281E5D0002BE08EC101E300519EE082100CE3A04001E1A0C28041
:20D0C000E08CC100E18530B1E082C00CE5CC41ABE8BD803801A0000001A0000001A00000D1
:20D0E000E30A0FBBE1A0C281E3A0E000E08CC101E3400803E7C0E00CE8BD80380000000006
:20D10000E52DE004E52D9004E52D8004E52D7004E52D6004E52D5004E52D4004E24DD00C1A
:20D12000E3A05000E1CD50B2E1A07002E5CD5004E1A06001E5CD5005E1A04003E1CD70B0F8
:20D14000E1A0200DE59D8028EBFFFF78E1B090001A000015EBFFCF8DE5D6C027E35C00001F
:20D1600011A0C0051A000007E1A00006EBFFFEFFE3540000E1D651BCE1A09000E1D6C1BA6C
:20D180001A000003EA000003E3540000E3A0900F0A000000E1C450B0E358000011C8C0B0F9
:20D1A000E1A00006EBFFFFA1EBFFD09CE1C670B8E1A00009E28DD00CE8BD83F0000000004C
:20D1C000E309CBBCE340C803E52DE004E52D8004E52D7004E52D6004E52D5004E52D4004AA
:20D1E000E1A05003E24DD008E5DC3594E1A04001E1A06002E353005013A000261A0000723A
:20D20000E3500084C3A00022CA00006FE1A01180E0811100E08C1001E5D11001E241100896
:20D22000E351000183A000258A000067E3A0100CE100C180E5D0C000E5907008E35C0050CE
:20D24000E590800413A000211A00005FE5D7C028E35C000003E0C000004CC00406FF407C31
:20D26000E1D7C0B4E15C0004D5D80004CA00000FE3A0100AE30BE51BE340E803E16001805C
:20D28000E7DE0000E350000001D7C0B61A000007E30F0FFFE040000CE1500004E3E0000003
:20D2A0002A000003E040C00CE6FF407CEA000000E1A0400CEBFFCFB5E5D7C02CE35C0006A2
:20D2C000CA00000DE35C000605D7C02D0A000020E35C00000A000039E25CC002E24CC001CE
:20D2E0000A000036E35C00019A00002CE25CC00205D7C02D0A00001AEA00001FE25CC007ED
:20D300000A000021E25CC0010A00001DE25CC0010A000008E25CC0011A000017E1A00007F3
:20D32000EBFFFE92E1A04000E354000D1A000024E3A0401AEA000022E1A00007EBFFFE8B4C
:20D34000E1A04000E354000D1A00001DE3A04019EA00001BE35C000A2A000003E3A0401661
:20D36000EA000017E35C000A3A000001E3A04015EA000013E3A04014EA000011E3A04003BB
:20D38000EA00000FE3A04013EA00000DE3A04011EA00000B01A0000001A0000001A000001B
:20D3A000E58D5000E1A00008E1A02004E1A01007E1A03006EBFFFF51E1A04000EA00000049
:20D3C000E3A04010EBFFCF89E1A00004E28DD008E8BD81F000000000000000000000000056
:20D3E000E30AC044E340C803E59CC000E1DCC0B0E00C0C90E3010759E34D01B7E08C0C9024
:20D40000E3020841E1A0C0ACE3490885E7CBC01FE08C0C90E1A0C7ACE6FF007CE12FFF1E1D
:20D42000E3A0CD4DE00C0C91E3011759E34D11B7E08C1C91E3011154E1A0C6ACE151000CE7
:20D440008041C00CE3A0200186FF107C93A01000EAFFF1BE000000000000000000000000AF
:20D46000E52DE004E52D9004E52D8004E52D7004E52D6004E52D5004E52D4004E52D30047C
:20D48000E3095BBCE3405803E5D5C5E8E1A04000E35C00A713A00026E1A0700118BD83F8E2
:20D4A000E3A01008EBFFD98DE1B0600005D5C5701A000035E35C00A9E3A0C00C1A000031B0
:20D4C000E10C5C84E5DC0001E350000A059C800413A0002518BD83F8E59C9008E3580000DF
:20D4E0001359000003A0000308BD83F8E30003E7E1500007E30203292A000002E150000760
:20D5000085DCC0008A000001E3A0001FE8BD83F8E35C000013A0002018BD83F8E30FCC304D
:20D52000E34FCFFFE59CC000E589C000E3A00002E5C9000EE1A00007EBFFFFA8E1C900BCBC
:20D54000EBFFCE92E5D80000E1A01007EBFFFFB3E300C600E346C800E5D80002E3A01001A3
:20D56000E1DC20B0E1820011E1CC00B0EBFFCFABE1A0C184E08CC104E3A00060E7C5000C57
:20D58000E1A00006E8BD83F8E3A060C8E1A00006E8BD83F800000000000000000000000092
:20D5A000E52DE004E52D5004E52D4004E52D3004E1A04000E1A05001E35400078A00000315
:20D5C000E35500020A000003E35500030A000001E3A0001FE8BD8038EBFFCE6CE3A0331ACB
:20D5E000E3A00001E284201CE3550002E1D310BCE1A02222E244C004E1811410E1C310BCA6
:20D60000E20CC00FE6EF10720A000008E1A01081E2411326E1D120B0E1C2CC10E1C1C0B063
:20D62000EA00000701A0000001A0000001A00000E1A01081E2411326E1D120B0E182CC10E7
:20D64000E1C1C0B0EBFFCF75E3A00000E8BD8038E35100000A000023E3500000E30DCB4C0F
:20D660001A000020E340C803E5DCC000E35C000003A00005012FFF1EE30DCB4DE340C803D7
:20D68000E5DCC000E35C000013A00007112FFF1EE5910000E3022D00E3402131E35000641F
:20D6A0002591C0043A00000DE152000C3A00000BE15C0000259100083A000008E3500014A1
:20D6C0003A000006E591C00CE3091680E3401098E151000C215C0000E3A000002A00000211
:20D6E000E3A00006E12FFF1EE3A00000E12FFF1EE52DE004E52D7004E52D6004E52D50046C
:20D70000E52D4004E1A07000E24DD00CE3A04000E1B0500113570000E58D4000E58D400440
:20D7200003A0001E0A000018E3520002E5D7000113A0100203A01003EBFFBCB0E35000000E
:20D74000E1A0100DE30F3880E5D70001E28D200413A06F4901A06004E340300CEBFFBD4F6C
:20D76000E595C004E3A0000801A0000001A00000E58C4000E2500001E58C4004E28CC008CF
:20D7800005C5401101A000061AFFFFF8E28DD00CE8BD80F000000000000000000000000057
:20D7A000E30ACE18E340C803E52DE004E52D3004E30CEA00E59CC000E343EB9AE28F300105
:20D7C000E12FFF13FBBEF1F14778BF00E1A0210CE082C08CE28F2001E12FFF12FBB1FCFC5B
:20D7E0004778BF00E28CC001E00C0C90E6FF007CE8BD800800000000000000000000000066
:20D80000E52DE004E52D7004E52D6004E52D5004E52D4004E52D3004E1A07000E1B060032F
:20D82000E1A00001130A5E1008BD80F8E3405803E5D54019E354000628BD80F8E5C240008C
:20D84000E5961000EBFFFFD5E1A0C284E08CC104E085C00CE5CC7743E3A01001E5CC17444B
:20D86000E3E0E000E58CE738E58CE734E5961000E58C1724E5961004E58C1728E28C4E7344
:20D88000E5962008E3007742E58C272CE087C00CE596300CE1C401B0E14C00B4E3A0E00001
:20D8A000E5CCE000E5843000E5D5C019E28CC001E5C5C019E8BD80F80000000000000000DC
:20D8C000E52DE004E52D5004E52D4004E52D3004E1A05000E1B0400108BD8038EBFFCDABCE
:20D8E000E300C220E346C800E08CC185E89C1001E5840000E584C004EBFFCEC8E8BD8038B8
:20D90000E303C8D4E52DE004E52D6004E52D5004E52D4004E340C00DE1B04000E24DD00895
:20D92000E89C1001E1A05002E58D0000E58DC004E1A0600103A0001E0A00003FEBFFCD93A1
:20D94000E5D4C001E3002200E3A0031AE3462800E3A03C02E1A0C08CE3A01003E1D220B0B0
:20D96000E1C2CC11E183C0B0E3A01F81E5D4C001E3002202E35C0003919010B29A00000FE1
:20D98000E19020B1E24CC113E3A0300FE1A0C10CE3560002E1C2CC13E180C0B1E5D4C0012A
:20D9A000E19020B1E24CC113E1A0C10CE182CC15E180C0B1EA00000B01A0000001A0000088
:20D9C000E3A0300FE1A0C10CE3560002E1C1CC13E180C0B2E5D4C001E19010B2E1A0C10CAD
:20D9E000E181CC15E180C0B21300C2060A000007E5D41001E3A02001E19C30B0E1C3111293
:20DA0000E18C10B0EA00000701A0000001A00000E5D41001E300C206E3A02001E19C30B030
:20DA2000E1831112E18C10B0EBFFCE7CE5D40001E1A0100DEBFFFFA1E3A00000E28DD00852
:20DA4000E8BD8070000000000000000000000000E52DE004E52DB004E52DA004E52D900419
:20DA6000E52D8004E52D7004E52D6004E52D5004E52D4004E52D3004E1A08001E1A0A000EF
:20DA8000E1A09003E1A05002E59DC02CE58DC000E5DDB02BE1B0C0A8135800021A00006E74
:20DAA000E3550002135500031A00006BE3A0000CE309CBBCE340C803E100C08AE5D010015B
:20DAC000E351000515DCC5700A00000CE5900008E35C00A91A00004DE5C05025E24AC050AF
:20DAE000E5C08026E6EF007CE1A01002EBFFFEABE8BD8FF801A0000001A0000001A0000055
:20DB0000E5904008E249C001E5907004E35C000783A0001F88BD8FF8E5D70002E59D1000CF
:20DB2000EBFFFECAE1B06000059760081A00004BE35B00020A000005E35B0001E3A02000A8
:20DB40001A000008E3A02001EA00000601A00000E597C00CE5DC0000E5DC1001E3A02000F0
:20DB6000EBFFCE72E3A02000E5D60000E5D61001EBFFCE6EE5C4B012E3A0C000E5C4C01400
:20DB8000E5C4800FE5C4500EE5C49010E5D7C002E35C00000309CBBC1A000014E340C80391
:20DBA000E5DCC57CE35C00A413A0002618BD8FF8E1A01004E1A00007E1A02005EBFFFECBD5
:20DBC000E1A01009E1A06000E59D3000E2842016E1A0000AEBFFFF09E3560000E30FCC30D8
:20DBE0000A000016E1A00006EA00001D01A00000E35C000113A00003E309CBBC18BD8FF811
:20DC0000E340C803E5DCC570E35C00A90A000003E3A000C8E8BD8FF801A0000001A0000072
:20DC2000E1A01005E1A00007E1A02009EBFFFF33E30FCC30E1B06000E1A000061A00000878
:20DC4000E3A0E001E34FCFFFE1A00006E59CC000E584C000E5C4E00CE8BD8FF8E3A0601FAC
:20DC6000E1A00006E8BD8FF80000000000000000E52DE004E52D9004E52D8004E52D700439
:20DC8000E52D6004E52D5004E52D4004E3094BBCE3404803E24DD00CE1A09003E1A06000F1
:20DCA000E5D4C5E8E1A08002E5DD502BE1A07001E35C00A713A000261A000028E3A0100236
:20DCC000EBFFD786E3500000E3A0C00C1A000023E1044C86E5D4C000E35C000005D4C00135
:20DCE0001A00001DE35C0005135C000913A000251A00001AE5940004E1B010A50A00000751
:20DD0000E3550003035C00090A000004E355000205D0C002035C000013A0001F1A00000F27
:20DD2000E58D5000E59DC02CE58DC004E1A00006E1A01007E1A02008E1A03009EBFFFF43CF
:20DD4000E3500000128DD00C1A000005E3A0C042E28DD00CE5C4C000EA000001E3A000202F
:20DD6000E28DD00CE8BD83F00000000000000000E52DE004E52DA004E52D9004E52D800458
:20DD8000E52D7004E52D6004E52D5004E52D4004E309EBBCE3A0C00CE1A08003E340E803D7
:20DDA000E10CEC80E59D6020E1A09001E1A07002E59C5004E59C4008E355000013540000C6
:20DDC00003A0000308BD87F0E35900001A00000AE358006313580064135800651A00000E9C
:20DDE000E3A01001E1A00003EBFFD73CE1B0A0000A00000BE1A0000AEA00003DE3590003D7
:20DE00001A000005E3570002E3A0A0000A000004E3570001E3A0A0000A000001E3A0001F6B
:20DE2000E8BD87F0E5C48012E5C49011EBFFCC57E300C600E35700020300016DE346C800ED
:20DE400013A000000A000009E1C400BCE3A01001E5D50002E1DC20B0E1C20011E1CC00B0AD
:20DE6000EA00000801A0000001A0000001A00000E1C400BCE3A01001E5D50002E1DC20B08F
:20DE8000E1820011E1CC00B0EBFFCD64E30FCC30E3A09002E34FCFFFE3560000E59CC00019
:20DEA000E5C4900EE584C0001A000008E3A0C000E1A0000AE1C4C0B6E1C4C0B4E1C4C0BAAF
:20DEC000E1C4C0B8E8BD87F001A0000001A00000E1D6C0B4E1A0000AE1C4C0B8E1D6C0B6C7
:20DEE000E1C4C0BAE1D6C0B0E1C4C0B4E1D6C0B2E1C4C0B6E8BD87F0000000000000000063
:20DF0000E3A0C00CE52DE004E52D7004E52D6004E52D5004E52D4004E52D3004E16C0C80E5
:20DF2000E3090BC4E1A05003E1A06002E3400803E1A07001E790400CE354000003A00003AF
:20DF400008BD80F8E35700001A000009E356006313560064135600651A000008E3A010013A
:20DF6000E1A00002EBFFD6DDE35000000A000007E8BD80F8E3570003E3A000000A00000353
:20DF8000E3A0001FE8BD80F801A0000001A00000E3550000E5C46010E3A0C000E5C4700FC4
:20DFA0001A000006E1C4C0B8E1C4C0BAE1C4C0B4E1C4C0B6E8BD80F801A0000001A0000072
:20DFC000E1D5C0B4E1C4C0B8E1D5C0B6E1C4C0BAE1D5C0B0E1C4C0B4E1D5C0B2E1C4C0B62D
:20DFE000E8BD80F8000000000000000000000000E52DE004E52D9004E52D8004E52D70044C
:20E00000E52D6004E52D5004E52D4004E52D3004E309EBBCE3A0C00CE1A09002E340E80385
:20E02000E10CEC80E59D6020E1A08001E1A07003E59C5004E59C4008E35500000A00001C93
:20E04000E35400000A00001AE35800001A00000AE357006313570064135700651A00000FA3
:20E06000E3A01001E1A00003EBFFD69CE350000018BD83F8E35800000A000002E358000324
:20E08000E3A0001F1A000033E35900020595C0080A000004E35900010595C0080A00000139
:20E0A000E3A0001FE8BD83F8E35C000015C470101A000001E3A00003E8BD83F8E359000207
:20E0C000E5C4800F0A000009E5DC0000E5DC1001E3A02000EBFFCD15E350000013A000030A
:20E0E0001A000008E3560000EA00000701A00000E5DC0000E5DC1001E3A02001EBFFCD0B3A
:20E10000E350000013A00003E356000011D6C0B40A00000AE1C4C0B8E1D6C0B6E1C4C0BA05
:20E12000E1D6C0B0E1C4C0B4E1D6C0B2E1C4C0B6E8BD83F801A0000001A0000001A0000058
:20E14000E3A0C000E1C4C0B8E1C4C0BAE1C4C0B4E1C4C0B6E8BD83F8E8BD83F800000000CC
:20E16000E52DE004E52D8004E52D7004E52D6004E52D5004E52D4004E309EBBCE3A0C00C79
:20E18000E1A08002E340E803E10CEC80E1A07001E1A06003E59C5004E59C4008E355000069
:20E1A0000A000024E35400000A000022E35700001A00000AE3560063135600641356006539
:20E1C0001A00000EE3A01001E1A00003EBFFD643E350000018BD81F0E35700000A0000013E
:20E1E000E35700031A000005E35800020595C0080A000004E35800010595C0080A0000016D
:20E20000E3A0001FE8BD81F0E35C000015C460130A000008E3580002E5C470120A00000730
:20E22000E5DC0000E5DC1001E3A02000EBFFCCBFE350000008BD81F0E3A00003E8BD81F02E
:20E24000E5DC0000E5DC1001E3A02001EBFFCCB7E350000013A00003E8BD81F0000000001B
:20E26000E3530000E52DE004E52D30040A00003AE30DCB4CE340C803E5DCC000E35C000033
:20E2800003A00005E30DCB4D08BD8008E340C803E5DCC000E35C000005D3E00013A0000761
:20E2A00018BD8008E35E000425D3C0013A00002CE35C00608A00002AE15C000EBA0000281D
:20E2C000E3510002E1A0C1800A000025E309EBBDE08CC100E340E803E7DEC00CE25CC001B8
:20E2E000E24CC0010A000012E35C000195D3C0028A00001BE35C00FF1A000005E35200630F
:20E300000A000015E35200640A000013E35100001A000011E35C00083A000011E35C0017E1
:20E320008A00000FE15C00001A000004E3A00006EA00000CE5D3C002E35C00FF1A00000890
:20E34000E35200630A000004E35200640A000002E351000003A000060A000002E3A0000006
:20E36000E8BD8008E3A00006E8BD800800000000E52DE004E52D7004E52D6004E52D500462
:20E38000E52D4004E52D3004E30AEE10E340E803E59D401CE354000008BD80F8E5DE500F74
:20E3A000E3A0C00EE355001028BD80F8E59D7018E106EC85E3510001E286C020E5C750008C
:20E3C000E30F7FFFE5C60028E3A05000E5D40002E5C6202BE5C6002C030621A8E5CC300AE2
:20E3E0000308051FE1C652B2034501EBE1CC50B0E1C672B6E1C672B40A00000EE252000278
:20E400000A000006E2500001130123881A000007E308051FE3A02C7DE34501EBEA0000059B
:20E42000E308051FE30227D8E34501EBEA000001E308051FE34501EBE351000005CC500969
:20E440000A00001EE251100103A010020A00000FE2511002E3A010011A000022E5CC1009A3
:20E46000E5D41001E0010192E0815190E1A012A1E1CC10B0E5D41000E0010192E08011903D
:20E48000E1A002A0E1CC00B2EA00001601A00000E5CC1009E5D41001E0010192E08151900F
:20E4A000E1A012A1E1CC10B0E5D41000E0010192E0801190E1A002A0E1CC00B2EA00000908
:20E4C000E5D41001E0010192E0815190E1A012A1E1CC10B0E5D41000E0010192E0801190DD
:20E4E000E1A002A0E1CC00B2E5DEC00FE3530063E28CC001E5CEC00F0A000005E353006415
:20E5000018BD80F8E5DEC012E28CC001E5CEC012E8BD80F8E5DEC011E28CC001E5CEC01101
:20E52000E8BD80F8000000000000000000000000E52DE004E52DB004E52DA004E52D9004A6
:20E54000E52D8004E52D7004E52D6004E52D5004E52D4004E1A08000E3090BBCE3A0C00C6A
:20E56000E3400803E1A07002E24DD014E10C0C88E1A05001E1A06003E59D0038E58D000CF8
:20E58000E59C9004E59C4008E3590000E58DC008E59DB03C0A000056E35400000A000054C4
:20E5A000E35500001599C0041A000009E356006313560064135600651A00001DE3A010018C
:20E5C000E1A00003EBFFD545E1B0A0000599C0041A000071E5999008E35C00000A000044F2
:20E5E000E35900000A000042E35500010A000033E3550003135500001A00000DE357000118
:20E600000A00001EE3570002E59D00081A000002E5D00001E35000020A000008E3570003B6
:20E62000E59D00081A000002E5D00001E35000030A000002E28DD014E3A0001FEA00005805
:20E64000E5DC0000E5DC1001E3A02000EBFFCBB7E35000001A000026E5D90000E5D9100118
:20E66000E3A02001EBFFCBB1E35000001A000020E1A0A000EA00002101A0000001A00000B5
:20E68000E5DC0000E5DC1001E3A02000EBFFCBA7E35000001A000016E5D90000E5D91001F8
:20E6A000E3A02000EBFFCBA1E35000001A000010E1A0A000EA00001101A0000001A00000A6
:20E6C000E5DC0000E5DC1001E3A02000EBFFCB97E35000001A000006E5D90000E5D91001D8
:20E6E000E3A02000EBFFCB91E3500000E1A0A0000A000002E3A00003EA00002801A0000098
:20E70000E5C4500DE5C4700EE5C4600FE3A09000E1A01005E284C010E5C49011E1A0000802
:20E72000E58DC000E1A02007E59D500CE1A03006E58D5004EBFFFF0DE30FCC30E34FCFFFC0
:20E74000E3550000E59CC000E584C00015C4900C03A0C00105C4C00CE35B000011DBC0B40B
:20E760001A000006E1C490B6E28DD014E1C490B4E1A0000AE1C490BAE1C490B8EA000008F9
:20E78000E1C4C0B8E1DBC0B6E1C4C0BAE1DBC0B0E1C4C0B4E1DBC0B2E1C4C0B6E1A0000AF2
:20E7A000E28DD014E8BD8FF00000000000000000E52DE004E52D7004E52D6004E52D50048A
:20E7C000E52D4004E52D3004E30AEE10E340E803E59D4018E354000008BD80F8E5DEC010C3
:20E7E000E35C000828BD80F8E300610AE1A0520CE5C3C000E045508CE30F3FFFE08E5005EC
:20E80000E0867005E3510000E5C5210C03A0100EE5C70000E3A06000E14730B4E3000102D0
:20E82000E14730B2E28E5C01E14730B6E14760BAE080300EE14760B8E308051FE34501EBB0
:20E840000A000026E251100103A0100E0A000013E2511002E3A0100E1A00002EE3A0600154
:20E86000E161018CE08EC001E5CC610BE301C388E5D46001E166068CE0867690E1A062A666
:20E88000E18560B1E5D44000E16C048CE08C0C90E1A0C2ACE183C0B1EA00001E01A00000B6
:20E8A000E3A06002E161018CE08EC001E5CC610BE306C1A8E5D46001E166068CE0867690A7
:20E8C000E1A062A6E18560B1E5D44000E16C048CE08C0C90E1A0C2ACE183C0B1EA00000D9F
:20E8E000E161018CE08EC001E5CC610BE301C388E5D46001E166068CE0867690E1A062A6E6
:20E90000E18560B1E5D44000E16C048CE08C0C90E1A0C2ACE183C0B1E5DEC010E3520063B3
:20E92000E28CC001E5CEC0100A000005E352006418BD80F8E5DEC012E28CC001E5CEC012E7
:20E94000E8BD80F8E5DEC011E28CC001E5CEC011E8BD80F800000000000000000000000036
:20E96000E52DE004E52DB004E52DA004E52D9004E52D8004E52D7004E52D6004E52D500487
:20E98000E52D4004E52D3004E1A09000E3090BBCE3A0C00CE3400803E59D8028E1A070027D
:20E9A000E10C0C89E1A06001E1A0A003E59C5004E59C4008E35500000A00004DE35400006B
:20E9C0000A00004BE35600001595C0041A000009E357006313570064135700651A000012B2
:20E9E000E3A01001E1A00002EBFFD43CE1B0B0000595C0041A000065E5955008E35C0000D7
:20EA00000A00003BE35500000A000039E35600010A00002AE35600000A000018E356000331
:20EA20000A000016E35600020A000004E3A0001FE8BD8FF801A0000001A0000001A00000BC
:20EA4000E5DC0000E5DC1001E3A02000EBFFCAB7E35000001A000026E5D50000E5D510011D
:20EA6000E3A02000EBFFCAB1E35000001A000020E1A0B000EA00002101A0000001A00000A3
:20EA8000E5DC0000E5DC1001E3A02000EBFFCAA7E35000001A000016E5D50000E5D51001FD
:20EAA000E3A02001EBFFCAA1E35000001A000010E1A0B000EA00001101A0000001A0000092
:20EAC000E5DC0000E5DC1001E3A02000EBFFCA97E35000001A000006E5D50000E5D51001DD
:20EAE000E3A02001EBFFCA91E3500000E1A0B0000A000002E3A00003E8BD8FF801A000006A
:20EB0000E5C4600DE3A05000E5C4700FE1A00009E1A01006E2843010E5C45011E1A020076B
:20EB2000E58DA000EBFFFF21E30FCC30E34FCFFFE35A0000E59CC000E584C00015C4500CEF
:20EB400003A0C00105C4C00CE358000001C450B61A000006E1C450B8E1A0000BE1C450BAAE
:20EB6000E1C450B4E8BD8FF801A0000001A00000E1D8C0B4E1C4C0B8E1D8C0B6E1C4C0BAE6
:20EB8000E1D8C0B0E1C4C0B4E1D8C0B2E1C4C0B6E1A0000BE8BD8FF8000000000000000035
:20EBA000E52DE004E52DA004E52D9004E52D8004E52D7004E52D6004E52D5004E52D4004B5
:20EBC000E3096BBCE24DD008E1A05001E3406803E1A08002E1A04000E59DA02CE1A07003B5
:20EBE000E5D6C5E8E5DD902BE35C00A713A000261A0000CEE30DCC08E340C803E354007828
:20EC0000E5DCC0000A000006E3A01001EBFFD3B3E350000005D6C5880A000005E28DD008AE
:20EC2000EA0000C3E35C000003A000220A0000BFE5D6C588E35C0001E1A0C1841A0000BA78
:20EC4000E08CC104E086C00CE5DCC001E35C0006CA00000FE35C000603A0C00C0A0000579C
:20EC6000E25CC001E24CC0010A000094E35C000193A0C00C9A000075E25CC00203A0C00C4B
:20EC80000A00000DE25CC001E3A0C00C0A00005FEA000018E25CC00703A0C00C0A000037EF
:20ECA000E25CC00305D6C5700A00001CE25CC001125CC002E3A0C00C1A00000EE10C6C849A
:20ECC000E5DC0000E350000005DC00011A000080E35000041A000009E35400600A000007C2
:20ECE000E35400780A000005E35400610A000003E35400620A000001E3A00025EA00008BF0
:20ED0000E355000303A00001028DD00805CC000003A000000A000086E3A0001FEA0000839A
:20ED2000E35C00A913A000C81A000080E3A0C00CE1066C84E5D6C000E35C00001A00006478
:20ED4000E3A0C000E58DC000E1A00004E1A02007E1A01005E1A03009EBFFFC04E3500000A4
:20ED6000128DD0081A000072E3A0C001E28DD008E5C6C000EA00006E01A0000001A0000000
:20ED8000E1066C84E5D6C000E35C00001A000050E1A00004E1A01005E1A02009E3A0300000
:20EDA000EBFFFC56E3500000128DD0081A000060E3A0C001E28DD008E5C6C000EA00005CB7
:20EDC000E1066C84E5D6C000E35C00001A000040E3A0C000E58DC000E1A00004E1A02007A6
:20EDE000E1A01005E1A03009EBFFFC80E3500000128DD0081A00004EE3A0C001E28DD008C0
:20EE0000E5C6C000EA00004A01A0000001A00000E1066C84E5D6C000E35C00001A00002C3A
:20EE2000E1A00004E1A02007E1A01005E1A03009EBFFFCCAE3500000128DD0081A00003CA5
:20EE4000E3A0C001E28DD008E5C6C000EA000038E1066C84E5D6C000E35C00001A00001CD3
:20EE6000E1A00004E1A01005E1A02009E1A0300AEBFFFCFAE35000001A00002CE58DA000A7
:20EE8000E3A0C000E58DC004E1A00004E1A03002E1A02008EBFFFDA5E3500000128DD008E2
:20EEA0001A000023E3A0C001E28DD008E5C6C000EA00001F01A0000001A0000001A0000033
:20EEC000E3A0C00CE1066C84E5D6C000E35C00000A000002E3A00020EA00001401A0000004
:20EEE000E1A00004E1A01005E1A02009E1A0300AEBFFFCDAE35000001A00000CE3A0C00036
:20EF0000E58DC000E1A00004E1A0300AEBFFFE93E3500000128DD0081A000005E3A0C001F7
:20EF2000E28DD008E5C6C000EA000001E3A00026E28DD008E8BD87F0000000000000000028
:20EF4000E52DE004E52D8004E52D7004E52D6004E52D5004E52D4004E3096BBCE3406803CC
:20EF6000E5D6C5E8E1A04000E1A05002E24DD008E35C00A7E1A070011A0000FEE3A01020EB
:20EF8000EBFFD2D6E35000001A000109E355000011D510B00A000017E3510C7D91D500B2B4
:20EFA0008A00000FE3500C7D91D5C0B48A00000CE3073CFFE24C2001E153000221D520B616
:20EFC0003A000007E35200000A000005E3520C7D8A000003E1500001A152000CA15C000033
:20EFE000AA000001E3A00023EA0000F1E3550000E1A0C1841A000002E30252D4E1A0C184FA
:20F00000E340500DE08CC104E086C00CE5DCC001E25CC001E24CC0010A0000CCE35C000187
:20F0200093A0C00C9A0000A5E25CC00303A0C00C0A000066E25CC00103A0C00C0A000047F3
:20F04000E25CC001E24CC0010A000030E35C000193A0C00C9A000021E3A00025E25CC002E6
:20F06000E3A0C00C1A0000D2E1086C84E5D8C000E35C000005D6C5881A0000BAE35C000184
:20F0800005D6C5701A0000BBE35C00A91A00005AE357000203A020010A000002E3570001E8
:20F0A00013A0200003A02002E58D5000E1A00004E3A01003E3A030FFEBFFFB2CE3500000E5
:20F0C000128DD0081A0000BBE3A0C010E28DD008E5C8C000EA0000B701A0000001A00000FA
:20F0E000E10C6C84E5DC0000E350000005D605701A00009CE35000A9E3A000101A00003E72
:20F10000E5CC0000E28DD008E3A00000EA0000A9E3A0C00CE1076C84E5D7C000E35C0000FF
:20F1200005D6C5881A00008FE35C00011A000091E1A00004E3A020FFE3A01003E1A03005A0
:20F14000EBFFFB6EE3500000128DD0081A000099E3A0C010E28DD008E5C7C000EA0000957A
:20F16000E1086C84E5D8C000E35C000005D6C5881A00007CE35C00011A00007EE357000228
:20F1800003A020010A000002E357000113A0200003A02002E58D5000E1A00004E3A01003EF
:20F1A000E3A030FFEBFFFB91E3500000128DD0081A000080E3A0C010E28DD008E5C8C000DC
:20F1C000EA00007C01A0000001A0000001A00000E1056C84E5D5C000E5958004E35C000059
:20F1E0001A000060E5D8C002E35C000105D6C5701A000003E35C00A90A000001E3A000C86B
:20F20000EA00006BE35700020A000010E357000113A0001F1A000066E598C008E5DC0000B0
:20F22000E5DC1001E3A02001EBFFC8C0E350000005D8C0021A00000DE1A04000E35C0001EC
:20F240000A00000FEA00001801A0000001A00000E598C008E5DC0000E5DC1001E3A02000D6
:20F26000EBFFC8B2E350000005D8C0020A000001E3A00003EA00004EE1A04000E35C00018E
:20F280001A000009EBFFC741E5D80001E300C200E346C800E3A01003E1A00080E1DC20B0E1
:20F2A000E1C20011E1CC00B0EBFFC85CE3A0C010E1A00004E5C5C000EA00003D01A0000025
:20F2C000E1076C84E5D7C000E35C000005D6C5881A000024E35C000105D7C0011A00002519
:20F2E000E35C00030A000009E3A01003E3A0C000E58DC000E1A00004E3A02002E3A030FFD2
:20F30000E58D5004EBFFFC89E3500000EA000008E3A01003E3A0C000E58DC000E1A0000403
:20F32000E1A02001E3A030FFE58D5004EBFFFC7FE3500000128DD0081A00001EE3A0C01019
:20F34000E28DD008E5C7C000EA00001A01A00000E3A0C00CE1056C84E5D5C000E35C000077
:20F3600005D6C5880A000001E3A00020EA000010E35C00010A000001E3A00026EA00000CD3
:20F38000E1A00004E3A03000E3A020FFE3A01002E58D3000EBFFFD71E3500000128DD0085A
:20F3A0001A000004E3A0C010E28DD008E5C5C000EA000000E28DD008E8BD81F000000000E4
:20F3C000E30AC170E340C803E59CC000E35C000015DC1004E3A000001351000011DC00B018
:20F3E000E12FFF1E000000000000000000000000E3093BBCE3A0C00CE3403803E1003C80B3
:20F40000E52DE004E52D9004E52D8004E52D7004E52D6004E52D5004E52D4004E3A060001F
:20F42000E24DD00CE1A04001E1A07002E5908004E5905008E3580000E58D6000E58D600463
:20F440000A000053E35500000A000051E35400000A00004FE3570000158460000A00004CA3
:20F46000E5C76000E5D5000EE250000203A060100A00005FE250000105D500121A00005C73
:20F48000E1003C80E5D5C011E35C0000E59010041A00003DE3510000159000080A00003A00
:20F4A000E35000000A000038E5D00000EBFFE413E5D1C000E1A09000E1A0000CE1A0200686
:20F4C000E28D1004EBFFF1F1E5D80003E1A0100DE1A02007EBFFF1EDE5D5C012E30D0C0681
:20F4E000E3400803E35C0065159DC0041A00000FE59DC004E1D000B0E150000C2A00001974
:20F50000E3590000159D00000A000016E3A01EC2E0000099E0000091E28F1001E12FFF11EE
:20F52000FBB0FCFC4778BF00E584C000EA00000FE3000E27E150000C2A00000AE3590000C3
:20F54000E59D00000A000007E30719D9E0000091E28F1001E12FFF11FBB0FCFC4778BF0008
:20F56000E584C000EA000001E594C000E3A06012E35C0C7D91A000069A00001EE1A000060B
:20F58000E3A0CC7DE584C000EA00001AE35C00030A000001E3A00003EA000016E5D80003DF
:20F5A000E1A0100DEBFFF1B9EBFFFF84E350000003A000120A00000FE59DC000E30010284E
:20F5C000E3401002E00C0C91E28F1001E12FFF11FBBCFCF04778BF00E35C0C7DE584C000B9
:20F5E0009A000003E1A00006E3A0CC7DE584C000EA000000E1A00006E28DD00CE8BD83F01E
:20F60000E3093BBCE3A0C00CE3403803E1003C80E52DE004E52D9004E52D8004E52D700405
:20F62000E52D6004E52D5004E52D4004E3A06000E24DD00CE1A04001E1A07002E5908004FC
:20F64000E5905008E3580000E58D6000E58D60040A000053E35500000A000051E3540000D3
:20F660000A00004FE3570000158460000A00004CE5C76000E5D5000CE250000203A060108F
:20F680000A00005FE250000105D500101A00005CE1003C80E5D5C00FE35C0000E590100480
:20F6A0001A00003DE3510000159000080A00003AE35000000A000038E5D00000EBFFE38F48
:20F6C000E5D1C000E1A09000E1A0000CE1A02006E28D1004EBFFF16DE5D80000E1A0100D49
:20F6E000E1A02007EBFFF169E5D5C010E30D0C06E3400803E35C0065159DC0041A00000F21
:20F70000E59DC004E1D000B0E150000C2A000019E3590000159D00000A000016E301145864
:20F72000E0000099E0000091E28F1001E12FFF11FBB0FCFC4778BF00E584C000EA00000FFA
:20F74000E3000E27E150000C2A00000AE3590000E59D00000A000007E30C1C75E000009160
:20F76000E28F1001E12FFF11FBB0FCFC4778BF00E584C000EA000001E594C000E3A0601284
:20F78000E35C0C7D91A000069A00001EE1A00006E3A0CC7DE584C000EA00001AE35C0003F0
:20F7A0000A000001E3A00003EA000016E5D80000E1A0100DEBFFF135EBFFFF00E350000031
:20F7C00003A000120A00000FE59DC000E3051B60E3401003E00C0C91E28F1001E12FFF1155
:20F7E000FBBCFCF04778BF00E35C0C7DE584C0009A000003E1A00006E3A0CC7DE584C000DE
:20F80000EA000000E1A00006E28DD00CE8BD83F0E3093BBCE3A0C00CE3403803E1003C80E7
:20F82000E52DE004E52D9004E52D8004E52D7004E52D6004E52D5004E52D4004E3A050000B
:20F84000E24DD00CE1A04001E1A07002E5908004E5906008E3580000E58D5000E58D50044F
:20F860000A000004E35600001354000013570000158450001A000001E3A00003EA00005E9E
:20F88000E5C75000E5D60013E1003C80E5D6C012E35C0000E59010041A00003DE351000021
:20F8A000159000080A00003AE35000000A000038E5D00000EBFFE311E5D1C000E1A09000C8
:20F8C000E1A0000CE1A02005E28D1004EBFFF0EFE5D80004E1A0100DE1A02007EBFFF0EBDD
:20F8E000E5D6C013E30D0C06E3400803E35C0065159DC0041A00000FE59DC004E1D000B060
:20F90000E150000C2A000019E3590000159D00000A000016E3A01EC2E0000099E00000910C
:20F92000E28F1001E12FFF11FBB0FCFC4778BF00E584C000EA00000FE3000E27E150000C8D
:20F940002A00000AE3590000E59D00000A000007E30719D9E0000091E28F1001E12FFF11B5
:20F96000FBB0FCFC4778BF00E584C000EA000001E594C000E3A05012E35C0C7D91A0000536
:20F980009A00001DE1A00005E3A0CC7DE584C000EA000019E35C000313A050031A000015BB
:20F9A000E5D80004E1A0100DEBFFF0B8EBFFFE83E350000003A000120A00000FE59DC000A8
:20F9C000E3001028E3401002E00C0C91E28F1001E12FFF11FBBCFCF04778BF00E35C0C7DC3
:20F9E000E584C0009A000003E1A00005E3A0CC7DE584C000EA000000E1A00005E28DD00C0B
:20FA0000E8BD83F0000000000000000000000000E3500010E52DE004E52D300428BD8008E2
:20FA2000E3530000E30AEE3416FFC072E3A0200EE340E803030FCFFFE100E280E353000022
:20FA4000E1C0C0B0030FCFFF16FFC071E1C0C0B2E8BD80080000000000000000000000002F
:20FA6000E52DE004E52DA004E52D9004E52D8004E52D7004E52D6004E52D5004E52D4004E6
:20FA8000E1A09001E1A08000E3090BBCE24DD008E3A06000E3400803E5D9C00FE1A0500624
:20FAA000E58D6000E1A04002E58D6004E1A0118CE1A07003E081C10CE080C00CE5D9000DA4
:20FAC000E3500000E59C10041A000088E3510000159CC0080A000085E35C00000A000083B4
:20FAE000E35700000A000081E35400000A00007FE5DC0000EBFFE281E5D1C000E1A0A000DC
:20FB0000E1A0000CE1A02005E28D1004EBFFF05FE5D80000E1A0100DE1A02007EBFFF05BBE
:20FB2000E5D9C00FE30D0C06E3400803E35C0065159DC0041A00002FE59DC004E1D000B0FE
:20FB4000E150000C2A00005EE35A000015D9000E0A00005BE3500001059D00000A00001B47
:20FB6000E3500002059D00000A00000CE3500003E59D00001A00002EE3001D05E3A05C7D37
:20FB8000E000009AE0000091E28F1001E12FFF11FBB0F1FC4778BF00E5841000EA00004A15
:20FBA000E30013E7E30257D8E000009AE0000091E28F1001E12FFF11FBB0F1FC4778BF00B1
:20FBC000E5841000EA00004001A0000001A00000E30011D9E3015388E000009AE0000091C9
:20FBE000E28F1001E12FFF11FBB0F1FC4778BF00E5841000EA000034E3000E27E150000C61
:20FC00002A00002FE35A000015D9000E0A00002CE3500001059D00000A000020E3500002E7
:20FC2000059D00000A000011E3500003E59D00000A000002E5941000E3A06003EA000022C8
:20FC4000E30812D5E3A05C7DE0000091E28F1001E12FFF11FBB0F1FC4778BF00E5841000D4
:20FC6000EA00001901A0000001A0000001A00000E3021738E30257D8E0000091E28F100163
:20FC8000E12FFF11FBB0F1FC4778BF00E5841000EA00000D01A0000001A0000001A00000DB
:20FCA000E3011296E3015388E0000091E28F1001E12FFF11FBB0F1FC4778BF00E584100057
:20FCC000EA000001E5941000E3A06012E1550001E59D200031A0100535841000E5D9001065
:20FCE000E5D73000EBFFFF49E1A00006EA000066E35000030A000025E350000113A00003C0
:20FD00001A000061E5D80000E1A0100DE1A02003EBFFEFDEEBFFFDA9E35000000594100046
:20FD20001A000006E3A06012E351000011A010051A00000FEA00000F01A0000001A0000050
:20FD4000E59DC000E30B1207E30651A8E3401001E00C0C91E28F1001E12FFF11FBBCF1F081
:20FD60004778BF00E1550001E58410002A000001E1A01005E5841000E5D90010E5D7300061
:20FD8000E59D2000EBFFFF21E1A00006EA00003EE5D80000E1A0100DE1A02003EBFFEFBB75
:20FDA000EBFFFD86E350000015D9C00E0A00002CE35C0001059DC0000A000020E35C0002A4
:20FDC000059DC0000A000011E35C00031594100013A060031A000024E59DC000E30215EC2F
:20FDE000E3A05C7DE3401002E00C0C91E28F1001E12FFF11FBBCF1F04778BF00E5841000B8
:20FE0000EA00001901A0000001A0000001A00000E30A14D8E30257D8E00C0C91E28F100104
:20FE2000E12FFF11FBBCF1F04778BF00E5841000EA00000D01A0000001A0000001A0000039
:20FE4000E3041E20E3015388E00C0C91E28F1001E12FFF11FBBCF1F04778BF00E584100004
:20FE6000EA000001E5941000E3A06012E1550001E59D200031A0100535841000E5D90010C3
:20FE8000E5D73000EBFFFEE1E1A00006E28DD008E8BD87F0000000000000000000000000C3
:20FEA000E52DE004E52D3004E3093BBCE1A0C001E3A0100CE3403803E1013180E5910004D7
:20FEC000E5911008E3500000E1A030000A000004E3510000135C000013520000E3A0000017
:20FEE0001A000002E3A00003E8BD800801A00000E58C0000E5C20000E5D1E00CE35E000295
:20FF000093A000109A000017E25EE0030A000007E25EE00205D1C0120A00000DE25EC001D7
:20FF200005D1C0120A000006E8BD800801A00000E1A00003E1A03002E1A0200CEBFFFEC7A8
:20FF4000E8BD8008E35C000A2A000004E3A00016E8BD8008E35C000A33A0001438BD80088A
:20FF6000E3A00015E8BD8008E8BD800800000000E52DE004E52D4004E3500008E5DDC00B7B
:20FF800028BD8010E3A0E00EE30A4F14E3404803E1004E80E35C0000030F1FFF16FF107109
:20FFA000E35C0000E1C010B216FFC072030FCFFFE1C0C0B0E5DDC00FE35C0000030FCFFFB7
:20FFC00016FFC073E1C0C0B4E8BD801000000000E52DE004E52DA004E52D9004E52D8004A7
:20FFE000E52D7004E52D6004E52D5004E52D4004E309EBBCE3A0300CE1A04001E340E80327
:02000004000CEE
:20000000E101E380E3A0C000E24DD018E1A0600CE1A08002E5917004E58D600CE35700004F
:20002000E5DD000FE5CD0008E58D6010E58DC014E59150080A000070E35500000A00006E15
:20004000E35400000A00006CE35800001584C0000A000069E5C80000E5D5C00CE35C000278
:2000600093A060109A0000DCE25CC00305D5C00F0A00000EE25CC00205D5C0120A000006E9
:20008000E25CC00105D5C0121A0000D3E35C000A2A000004E3A00016EA0000D0E35C000AB5
:2000A00033A000143A0000CDE3A00015EA0000CBE100E38CE5D5C00DE35C0000E5909004E6
:2000C0001A000047E3590000159000080A000044E35000000A000042E5D00000EBFFE10782
:2000E000E5D7C000E1A0A000E1A0000CE28D1014EBFFEEE6E5D70001E28D2008E28D1010A2
:20010000EBFFEEE2E5D90000E28D100CE1A02006EBFFEEDEE5D5C00FE30D0C06E3400803C6
:20012000E35C0065159DC00C1A00000FE59DC00CE1D000B0E150000C2A000019E35A000008
:20014000159D00140A000016E30011D9E000009AE0000091E28F1001E12FFF11FBB0F1FCC7
:200160004778BF00E5841000EA00000FE3000E27E150000C2A00000AE35A0000E59D001433
:200180000A000007E3011296E0000091E28F1001E12FFF11FBB0F1FC4778BF00E584100020
:2001A000EA000001E5941000E3A06012E301C388E15C000131A0100C35841000E5D8C00036
:2001C000E58DC000E5DDC008E58DC004E59D2014E59D3010E5D50010EBFFFF64E1A0000617
:2001E000EA00007EE35C00030A000051E35C00010A000022E35C00020A000001E3A00003BC
:20020000EA000076E5D70000E28D1014EBFFEE9FE5D70001E28D1010E28D2008EBFFEE9B62
:20022000E59DC010E3000FCCE150000C23A000122A00006AE59DC014E3011316E3010001C0
:20024000E040E00CE001019CE308C6A0E28F0001E12FFF10FBB1F0FE4778BF00E5840000B1
:20026000E340C001E15C000021A000062A00005BE584C000E28DD018E1A00006EA000058C8
:20028000E5D70000E28D1014EBFFEE80E5D70001E28D1010E28D2008EBFFEE7CEBFFFC4753
:2002A000E3500000E59D10140A000005E59DC010E30B2207E3402001E15C00019041C00CCE
:2002C0009A000006E5941000E306C1A8E3A06012E15C0001330611A83A00000AEA00000A46
:2002E000E306E1A8E00C0C92E28F1001E12FFF11FBBCF1F04778BF00E15E0001E584100091
:200300002A000001E30611A8E5841000E5D8C000E58DC000E5DDC008E58DC004E5D500105E
:20032000E59D2014E59D3010EBFFFF10E1A00006EA00002AE5D70000E28D1014EBFFEE5337
:20034000E5D70001E28D1010E28D2008EBFFEE4FEBFFFC1AE3500000059410001A00000796
:20036000E301C388E3A06012E15C0001330113883A00000EEA00000E01A0000001A00000CA
:20038000E59DC014E3041E20E3012388E00C0C91E28F1001E12FFF11FBBCF1F04778BF0012
:2003A000E1520001E58410002A000001E3011388E5841000E5D8C000E58DC000E5DDC00834
:2003C000E58DC004E5D50010E59D2014E59D3010EBFFFEE6E1A00006EA000000E1A00006DF
:2003E000E28DD018E8BD87F00000000000000000E309CBBCE340C803E52DE004E52D7004AD
:20040000E52D6004E52D5004E52D4004E52D3004E1A07001E3A06000E5DC1588E1A040026E
:20042000E58D6000E351000113A0002618BD80F8E3500085A3A00022A8BD80F8E35700005B
:200440001354000003A0001E08BD80F8E1A01180E0811100E08C1001E5D11001E25110012B
:20046000E24110010A000071E351000193A0100C9A000066E251100203A0100C0A00003704
:20048000E2511001E24110010A00002CE351000193A0100C9A000021E251100403A0100C69
:2004A0000A000016E25110011251100213A00025E3A0100C18BD80F8E10CC180E59C500898
:2004C000E5DCC000E35C00011A000060E35500000A00004CEBFFC32DE5D5C001E5C4C00095
:2004E000E1D5C0B2E587C000E5C56001EBFFC33FE1A00006E8BD80F801A0000001A00000CB
:20050000E1610180E7DCC001E35C00011A00004FE1A01007EBFFFBB5E8BD80F801A00000FB
:20052000E1610180E7DCC001E35C00011A000047E1A01007EBFFFC31E8BD80F801A0000066
:20054000E3A0100CE1610180E7DCC001E35C00011A00003EE1A01007EBFFFCACE8BD80F8D6
:20056000E10CC180E5DC1000E59C5008E35100011A000036E35000600A000017E3500078BF
:200580000A000015E59CC004E5DC0000E1A0100DEBFFEDBEEBFFFB89E35000000587600076
:2005A0000A00000AE59DC000E3051B60E3401003E00C0C91E28F1001E12FFF11FBBCFCF07E
:2005C0004778BF00E587C000E1A00006E8BD80F8E5C46000E3A00012E8BD80F8E3550000DA
:2005E0000A000008EBFFC2E9E5D5C004E5C4C000E1D5C0B0E587C000E5C56004EBFFC2FB66
:20060000E1A00006E8BD80F8E3A00003E8BD80F8E1610180E7DCC001E35C00011A00000BE7
:20062000E1A01007EBFFFE1DE8BD80F801A00000E3A0100CE1610180E7DCC001E35C000139
:200640001A000002E1A01007EBFFFE60E8BD80F8E3A00021E8BD80F80000000000000000C0
:20066000E52DE004E52D8004E52D7004E52D6004E52D5004E52D4004E1A06003E24DD0084B
:20068000E1A07001E1B05002E3A04000E3A0C003E58D40000A000022E35600000A0000203B
:2006A000E2500002E24000010A00001AE35000038A00001BEBFFFB41E1B0800005C64000A2
:2006C00003A0001201C540B00A000016E1A0100DE1A00007E1A02006EBFFED6CE59DC0003D
:2006E000E3000028E3400002E28DD008E00C0C90E28F0001E12FFF10FBBCFCF84778BF0041
:20070000E35C0C7D91C5C0B083A0CC7D81C5C0B0E1A00004EA000004E5C64000E3A0C01078
:20072000E1C540B0E1A0000CE28DD008E8BD81F0E3500085A3A00022A12FFF1EE3510000FB
:200740001352000003A0001E012FFF1EE3093BBCE3A0C00CE3403803E10C3C80E5DC00012B
:20076000E350000A13A00025112FFF1EE59C3004E3530000159C00081350000003A000035A
:20078000012FFF1EE5DCC000E35C00701A000005E5D3C003E5D0000EE1A03002E1A020012A
:2007A000E1A0100CEAFFFFADE3A00021E12FFF1EE52DE004E52D6004E52D5004E52D40040E
:2007C000E1A04000E1A05001E1A06002EBFFC26FE35600001284C0020284C001E1DC00D023
:2007E000E35000004A000008E3500006E0840100AA000005E3A04001E3E0E000E590000447
:20080000E5850000E5CCE000EA000000E3A04000EBFFC276E1A00004E8BD807000000000F4
:20082000E3500024212FFF1EE3520000E3A0C024012FFF1EE30A3FB6E16C0C80E3403803F2
:20084000E18310BCE12FFF1E0000000000000000E309CBBCE340C803E52DE004E52DB0041E
:20086000E52DA004E52D9004E52D8004E52D7004E52D6004E52D5004E52D4004E52D300488
:20088000E1A06002E1A05001E5DC2594E3A04000E58D4000E352005013A0002618BD8FF8FA
:2008A000E3500084C3A00022C8BD8FF8E35500001356000003A0001E08BD8FF8E1A0118030
:2008C000E0811100E08C1001E5D11001E2411008E351000183A00025E3A0100C88BD8FF83F
:2008E000E100C180E5908004E5D0C000E590B008E35C0050E598700813A0002118BD8FF887
:20090000E5D7C003E35C000013A0009218BD8FF8E597000CE1A0100DE1A02004EBFFFFA321
:20092000E1A0A000EBFFFAA5E350000003A0901211A09004E35A00000A00001CE3500000BA
:2009400015D7C0020A000019E35C0000059820081A000016E59DC000E1D210B6E151000C99
:20096000258D40002A000006E5D22004E04CC001E28F1001E12FFF11FBBCFCF24778BF00C8
:20098000E58DC000E59DC000E307173DE1A0200AE00C0C91E28F1001E12FFF11FBBCFCF02C
:2009A0004778BF00E1C5C0B0E5C62000EA000003E1C540B0E5C64000E5C74002E5D62000A1
:2009C000E5DB002BE1D510B0EBFFFF94E1A00009E8BD8FF800000000000000000000000083
:2009E000E52DE004E52D9004E52D8004E52D7004E52D6004E52D5004E52D4004E52D3004C7
:200A0000E3500085A3A04022E1A07001E1A05002E3A06000E58D6000AA0000E1E35700003A
:200A20001355000003A0001E08BD83F8E309CBBCE1A01180E30144A8E0811100E340C80398
:200A4000E08C1001E3404002E5D11001E251100603A0100C0A000099E2511001E2411001CA
:200A60000A000062E351000193A0100C9A000023E2511002E3A0100C1A0000C0E10CC180DD
:200A8000E5DC0000E59C8008E35000201A0000B7E59CC004E59CC004E5DC0002E1A0100D7D
:200AA000EBFFEC7AE5D8C00FE35C0000E59DC0000A000090E3000349E150000C9A000093A6
:200AC000EBFFFA3EE3500000E59DC0000A000096E00C0C94E1A04006E28F1001E12FFF11EA
:200AE000FBBCFCF04778BF00E6FF007CE1C700B0EA0000A401A0000001A0000001A00000AB
:200B0000E100C180E5D0C000E5909004E35C00201A000096E599C008E5DC0003E3500000E9
:200B20001A00002EE59C000CE1A0100DE1A02006EBFFFF1EE1A08000EBFFFA20E35000005C
:200B400003A0401211A04006E35800001599C0080A00001BE5DC2004E352000001C760B0E1
:200B60000A000018E350000011DC10B60A000014E59DC000E151000C258D60002A0000058E
:200B8000E04CC001E28F1001E12FFF11FBBCFCF24778BF00E58DC000E59DC000E307173DF1
:200BA000E00C0C91E28F1001E12FFF11FBBCFCF04778BF00E1C7C0B0E5C58000E1D700B03F
:200BC000EA000070E1C760B0E5C56000E1D700B0EA00006C01A0000001A0000001A0000058
:200BE000E1D700B0E301CD4CE3A04092EA000066E3A0100CE100C180E5D0C000E5904008F8
:200C0000E35C0020E59080041A000058EBFFC15FE5D4C00CE35C0002E24CC0039A0000208F
:200C2000E35C00048A00001CE5D80000E1A0100DE1A02005EBFFEC15E5D4C00DE1A0400692
:200C4000E35C0000E59DC0000A000011E35C00932A00000FEBFFF9D9E350000005C56000D4
:200C600003A0401201C760B00A000010E59DC000E3061E6CE3401019E00C0C91E28F100181
:200C8000E12FFF11FBBCFCF04778BF00E1C7C0B0EA000006E1C760B0EA000004E3A040039F
:200CA000EA000002E5C56000E1A04006E1C760B0EBFFC14EE1D700B0EA00003201A00000A1
:200CC000E10CC180E5DC0000E59C8008E35000201A000026E59CC004E59CC00CE5DC000234
:200CE000E1A0100DEBFFEBE9E5D8C00DE35C0000E59DC0001A000002E1A00006E1C700B092
:200D0000E8BD83F8E3000349E150000C8A000002E1A00006E1C700B0E8BD83F8EBFFF9A732
:200D2000E3500000E59DC0001A000004E5C56000E1C760B0E3A00012E8BD83F801A0000008
:200D4000E00C0C94E1A04006E28F1001E12FFF11FBBCFCF04778BF00E6FF007CE1C700B0C4
:200D6000E301CD4CE15C0000EA00000801A00000E1D700B0E301CD4CE3A04021EA00000271
:200D8000E1D700B0E3A04025E301CD4CE15C000021A000042A000003E1C7C0B0E1A000043A
:200DA000E8BD83F8E1A00004E8BD83F800000000E3500085A3A00022A12FFF1EE351000030
:200DC0001352000003A0001E012FFF1EE3093BBCE3A0C00CE3403803E10C3C80E5DC0001A5
:200DE000E350000A13A00025112FFF1EE59C3004E3530000159C00081350000003A00003D4
:200E0000012FFF1EE5DCC000E35C00601A000005E5D3C003E5D0000EE1A03002E1A02001B3
:200E2000E1A0100CEAFFFE0DE3A00021E12FFF1EE52DE004E52D8004E52D7004E52D6004C8
:200E4000E52D5004E52D4004E303C8E4E24DD008E1A05001E340C00DE3500007E59D80201F
:200E6000E1A04003E59D7024E1A06002E89C100283A0001FE58D1000E58DC0048A00004A51
:200E8000E3550000135600001354000003A0001E0A000045E1A0100DEBFFEBE4E59D10044D
:200EA000E59D2000E59D0000E3C114FFE59DC000E3C224FFE1A00FA0E3500001E7E0CF5CF7
:200EC0000A000031E35C000105D5C0261A00002CE3A00000E35C000005D5C0250A000009FD
:200EE000E25CC00105D5C0250A000002E25CC0010A000016EA000010E35C00030A000003C0
:200F0000E041C002EA000007E35C00030A000004E5842000EE001A10E28FC094EEB80B4056
:200F2000EA00000EE041C002E584C000EE001A10E28FC07CEEB80B40EA000008E3A000037F
:200F4000EA00001201A0000001A0000001A00000E5841000EE001A10E28FC054EEB80B40AB
:200F6000E3580000ED9C1B00EE810B00EEBC0BC0EE10CA10E586C0000A000004E5C80000E5
:200F8000EA000002E3A00065EA000000E3A00066E3570000159DC0000A000003E28DD008AA
:200FA000E7E0CEDCE5C7C000EA000000E28DD008E8BD81F041CDCD650000000000000000CD
:200FC000E1A0C000E35C002D23A0000033A00069E35C00E183A00068E12FFF1E000000008D
:200FE000E1B0C0001352000013530000E52DE004E52D8004E52D7004E52D6004E52D5004E7
:20100000E52D400403A0001E08BD81F0E35100088A000002E3510000E3A0E0001A00000307
:20102000E3A0001FE8BD81F001A0000001A00000E59C6000E3A04000E1A0000EE1A05004AE
:20104000E1A07000E1A0800101A0000001A00000E0944006E59C6004E28CC008E0AEE00711
:20106000E0955006E2488001E0A00007E3580000159C60001AFFFFF5E1A0C324E18CCD0E6A
:20108000E1A04325E28FE001E12FFF1EFBBCFCF14778BF00E582C000E1840D00E28FC001FB
:2010A000E12FFF1CFBB0F8F14778BF00E5838000E3A00000E8BD81F0000000000000000072
:2010C000E52DE004E52DB004E52DA004E52D9004E52D8004E52D7004E52D6004E52D500400
:2010E000E52D4004E1A07002E24DD024E1A04001E1B06000E1A05003E59DC04CE58DC01825
:20110000E59D0048E3A0C000E58DC000E58DC004E58DC008E58DC00CE58DC010E58DC0145A
:20112000E58D001C0A0000EAE35400000A0000E8E35700000A0000E6E35500000A0000E4B4
:20114000E5D60001E28D1004E1A0200DEBFFAF0BE3500000E3A09F491A0000CCE59D0004F4
:20116000E30FCFFEE340C1FFE15C0000E59D00003A0000C2E15C00003A0000C0E30F388031
:20118000E28D1014E5D60001E28D2010E340300CEBFFAEC2E3500000E3A0C0001A00000F09
:2011A000E59D0014E59D1010E5D4A011E0410000E5D41010E1A02140E0800EA2E1A001C05F
:2011C000E6EF2070E1A00002E041300AE15300022A00001BE041200AEA00001901A0000062
:2011E000E3051008E15100001305C0090A000007E15C00000A00009EE59DC018E3A09F4921
:20120000EA0000A301A0000001A0000001A00000E59D1010E59D0014E5D4A011E04100009B
:20122000E5D41010E1A02140E041E00AE0800EA2E35E0008E1A001C0E6EF007023A020081D
:201240003041200AE1B030000A000017E35200000A000015E59D8014E243E001E594900494
:20126000E088E18EE28EE008E042800C01A00000E53EB008E789B18AE5D4A011E25330019A
:2012800012588001E28CC001E089B18AE59EA004E28AA080E58BA004E5D4A011E28AA00152
:2012A000E5C4A011E6EFA07A1AFFFFF0E35000082A00001AE152000CE59DE0149A000017F8
:2012C000E5943004E042200CE3A0C008E28EE040E53E800801A0000001A0000001A00000AA
:2012E000E783818AE5D48011E24CC001E59EB004E150000CE0839188E28B8080E5898004F1
:20130000E5D48011E2888001E5C48011E6EFA0782A000002E2522001153E80081AFFFFEF0E
:20132000E151000AE59DC01CCA000051E35C00000A000028E35100000A000024E5D4100F4D
:20134000E3A00000E28C2004E1A0C00001A00000E3510000059410040A000010E251100157
:20136000059410040A000009E2511001158200001A000010E5941004E081118CE591100493
:20138000E1A01321E5821000EA00000A01A00000E791118CE1A01321E5821000EA0000055C
:2013A000E081118CE5913000E5911004E0411003E1A01321E5821000E5D41010E28CC00197
:2013C000E2822004E15C000135D4100F3AFFFFDFE59DC01CE5CC1000E3A08000E28D200C4B
:2013E000E5940004E28D3008E5C48011EBFFFEFBE59DC008E1B09000159DC0181A00002479
:20140000E35C0000058780000A000006E30C1A00E3431B9AE28F0001E12FFF10FBB1F0FC64
:201420004778BF00E5870000E5D4000FE3500000059D000C0A00000BE2500001059DC00C63
:201440000A000006E250000111A0C00813A090031585C0001A00000DE585C000EA00000BEA
:20146000E585C000EA000009E04CC000E585C000EA000006E59DC018E3A09065EA00000489
:20148000E59DC018E3A09066E35C0000EA000001E59DC018E35C00000A00000EE5D6C00122
:2014A000E30119D8E340100DE1A0020CE080C10CE191C0BCE1A0042CE6EF107CEBFFAE675C
:2014C000E59DC018E28DD024E5CC0000E1A00009EA000002E3A0901EE1A00009E28DD0240A
:2014E000E8BD8FF0000000000000000000000000E3500006E52DE004E52D300428BD8008E6
:20150000E353006508BD8008E3A0C024E30BE544E340E803E10CEC80E3530000E3A0E00164
:2015200013E01000E3530000E5CCE00E13E02000E58C1000E58C2004E8BD8008000000007D
:20154000E52DE004E52D8004E52D7004E52D6004E52D5004E52D4004E303C8DCE24DD008B6
:20156000E1A04001E340C00DE3500000E59D8020E1A06002E59D7024E1A05003E89C100201
:20158000E58D1000E58DC0040A00005FE35400000A00005DE35600000A00005BE3550000B6
:2015A00015D4C0100A000058E35C000003A000030A000056E5D00001E1A0100DEBFFF0BFDE
:2015C000E59D0004E59DC000E3C024FEE59D0000E3CC14FEE59DC000EE011A10E1A00FA0B0
:2015E000EE002A10E3500001E3A00066E7E0CF5CEEB80B40EEB81B410A00003CE35C00013B
:2016000005D4C0101A000037EE02CA10EEB82B42EE322B02EE800B02EE811B02EEB50BC031
:20162000EEF1FA10CEB40BC1DA00002CEEF1FA10A5D4C00FBA000029E3A00000E35C000097
:2016400005D4C00E0A00000BE25CC00105D4C00E0A000003E25CC0010EBC1BC00A0000135A
:20166000EA00001EE35C00030EBC1BC10A000005EE301B41EA000009E35C00030E301B4122
:201680000A000006EEBC1BC1EE11CA10E585C000EA00000801A0000001A0000001A00000DC
:2016A000EEBC1BC1EE11CA10E585C000EA000001EE11CA10E585C000E28FC058E3580000EF
:2016C000ED9C1B00EE810B00EEBC0BC0EE10CA10E586C000E5C4001115C80000EA000003F0
:2016E000E3A00003EA000001E3A00065EAFFFFFFE3570000159DC0000A000004E28DD008A9
:20170000E7E0CEDCE5C7C000EA000001E3A0001EE28DD008E8BD81F041CDCD6500000000C3
:20172000E52DE004E52DA004E52D9004E52D8004E52D7004E52D6004E52D5004E52D400409
:20174000E1A07003E24DD010E3500084C3A00022E3A04000E58D4008E1A05002E59D8030C8
:20176000E1A06001CA000066E35600001355000003A0001E0A000062E3A0100CE309CBBC77
:20178000E340C803E101C180E5D12000E352004213A000211A00005AE1A02180E0822100FE
:2017A000E08CC002E5DCC001E25CC0050591A0040A00000EE25CC0041A000050E58D8000C6
:2017C000E240C050E58D7004E1A02006E5911008E6EF007CE1A03005EBFFFD94E28DD010EB
:2017E000EA00004801A0000001A0000001A00000E5919008E5DAC002E35C000005D9C01256
:201800001A000032E35C000205D9C00C1A00001FE24CC001E35C000193A040109A00001BF1
:20182000E25CC0020A000011E25CC00205D9C0150A000006E25CC00105D9C0151A000009F5
:20184000E35C000A2A000003E3A04016EA00000FE35C000A3A000001E3A04015EA00000BEF
:20186000E3A04014EA000009E3A04003EA000007E5DA0004E28D1008E1A02004EBFFE90322
:20188000E59D0008EBFFFDCDE1A04000EAFFFFFFE58D8000E1A0000AE1A01009E1A02006A4
:2018A000E1A03005E58D7004EBFFFE04E3540000E5961000E1A03000E595200001A04000B2
:2018C000E5D90016EBFFFF09E1A00004EA00000CE5DAC002E35C00011A000008E58D8000F2
:2018E000E1A0000AE1A01009E1A02006E1A03005E58D7004EBFFFF11E28DD010EA0000014C
:20190000E3A00003E28DD010E8BD87F000000000E35200001351000003A00003012FFF1E4A
:20192000E1D1C0B6E15C000033A0000C312FFF1EE1D1C0B4E15C000093A0000093A0C0015C
:2019400095C2C000912FFF1EE1D1C0B2E15C000033A0000E312FFF1EE1D1C0B0E15C000075
:2019600083A0000B93A0000095C20000E12FFF1EE52DE004E52D5004E52D4004E3A040000D
:20198000E24DD014E1B0500103A0001EE58D4000E5DDC003E5CDC0040A000091E350008591
:2019A000A3A00022AA00008EE309CBBCE1A01180E340C803E0811100E08C1001E5D1100161
:2019C000E2511001E24110010A000070E351000193A0100C9A00005DE2511003E241100120
:2019E0000A00003AE3510001E24110029A000023E351000193A0100C9A000014E251100205
:201A000013A000251A000076E3A0100CE104C180E5D4C000E35C00101A000061E1A0100DB8
:201A2000E28D2004EBFFF671E35000001A00006CE594C008E59D0000E28C1004E1A020051E
:201A4000EBFFFFB2E28DD014EA00006601A00000E10CC180E5DC0000E35000101A0000500B
:201A6000E59C1004E5DC0001E5D11003E1A02005EBFFE8FEE28DD014EA00005A01A0000098
:201A8000E3A0100CE104C180E5D4C000E35C00101A000043E1A0100DE28D2004EBFFF6D774
:201AA000E35000001A00004EE594C008E59D0000E28C1004E1A02005EBFFFF94E28DD014D0
:201AC000EA00004801A0000001A0000001A00000E3A0100CE10CC180E5DC0000E59CC0041E
:201AE000E35000101A00002EE5DC0002E350000015DC00021A000007E5DC0003E1A01005F7
:201B0000EBFF95C6E350000013A00F491A000034E1A00004EA000032E35000011A000008FD
:201B2000E5DC0001E28D1008EBFFEF64E59DC008E28DD014E1A00004E7E0CEDCE5C5C00022
:201B4000EA000028E3A00003EA00002501A00000E104C180E5D4C000E35C00101A00001025
:201B6000E1A0100DE28D2004EBFFF8CCE35000001A00001BE594C008E59D0000E28C1004D9
:201B8000E1A02005EBFFFF61E28DD014EA000015E3A0100CE1610180E7DCC001E35C0010CE
:201BA0000A000001E3A00021EA00000DE1A0100DE28D2004EBFFF905E3500000E59DC000F1
:201BC0001A000007E30310D4E151000C33A0C001328DD01435C5C0003A000002E5C54000C5
:201BE000EAFFFFFFE28DD014E8BD803000000000E52DE004E52D4004E5D0C008E35C000846
:201C000095D020098A000013E35200010590200C0A00000DE35200000590200C1A00000D6E
:201C2000E30037FFE1530002E1A031A23A000009E5C13000E1A02282E5C12001E3A0E00099
:201C4000E5C1E003E5C1E002EA00000EE372021EE1A036A29A000001E3A0001FE8BD80103B
:201C6000E7E1E852E3C3301FE18E3003E1A04AA2E5C14000E3833008E5C13001E1A0E4227C
:201C8000E5C12003E5C1E002E5C1C004E5D0C000E5C1C005E1D0C0B1E1C1C0B6E590C00337
:201CA000E581C008E5D0C007E3A00000E5C1C00CE8BD801000000000000000000000000050
:201CC000E5D0C009E35C000103A0C0010A000005E35C000013A0001F112FFF1EE3A0C00022
:201CE000E5C1C009EA000000E5C1C009E590C00CE581C00CE590C000E581C000E590C00415
:201D0000E581C004E5D0C008E3A00000E5C1C008E12FFF1E000000000000000000000000FE
:201D2000E303C858E52DE004E52D7004E52D6004E52D5004E52D4004E340C00DE24DD024DC
:201D4000E1A04001E89C100EE58D1000E58D2004E58D3008E58DC00CE1A05000E28D0010CF
:201D6000E3031868E3A02010E340100DFA00415BE1A00005E300C13FE15C00003A00000B89
:201D8000E30814DBE080C100E3401803E081100CE5D1C000E35C000003A000210A00005CAE
:201DA000E35C000105D1C003035C00010A000001E3A00029EA000056E354000003A0001EFB
:201DC0000A000053E5D1C001E3093BBCE3A0200CE3403803E10C328CE59C2004E3520000BA
:201DE00015DCC0000A000009E5D16002E3A05021E35C00A1E5D270001A000044E5D2C00136
:201E0000E35C00000A00001DE25CC0010A000001E3A00003EA00003EEBFFDDD4E1A0500038
:201E2000E35500020A000039E1A00004E28D1010EBFFFF6EE1B050001A000034EBFFBC5392
:201E4000E1A0C507E3004800E28D1010E3464800E08CC206E084C00CE28C0010E3A0200E77
:201E6000FA00411EE1A0C507E08CC086E3A00008E18400BCEBFFBD69E1A00005EA000024BA
:201E8000E1A00004E1A0100DEBFFFF8CE1B050001A00001EE5D2C000E3011F9CE1A0028C6C
:201EA000E340100DE080C20CE1A00007E2863001E791200CE6EF1073E1A0300DEBFFACA3A0
:201EC000E3500000E303C00A0A000006E050000C0A000006E25000030A000006E250C00686
:201EE0000A000006EA000007E3A00000EA000008E3A00002EA000006E3A0001FEA00000467
:201F0000E3A00031EA000002E3A00F49EA000000E1A00005E28DD024E8BD80F0000000005E
:201F2000E30F1C00E30DC9B4E34F1FFFE340C803E5911000E59C0000E150000113A00003F9
:201F4000112FFF1EE59C0004E30F1C18E34F1FFFE5911000E1500001E30F1C381A000041D0
:201F6000E59C0008E34F1FFFE5911000E1500001E30F1C541A00003BE59C000CE34F1FFF3C
:201F8000E5911000E1500001E30F1C5C1A000035E59C0010E34F1FFFE5911000E150000137
:201FA000E30F1C641A00002FE59C0014E34F1FFFE5911000E1500001E30F1C6C1A0000290C
:201FC000E59C0018E34F1FFFE5911000E1500001E30F1C0C1A000023E59C001CE34F1FFF1C
:201FE000E5911000E1500001E30F1C801A00001DE59C0020E34F1FFFE5911000E1500001BB
:20200000E30F1C901A000017E59C0024E34F1FFFE5911000E1500001E30F1C941A00001177
:20202000E59C0028E34F1FFFE5911000E1500001E30F1CA41A00000BE59C002CE34F1FFF1B
:20204000E5911000E1500001E30F0CA81A000005E59CC030E34F0FFFE5900000E15C0000A0
:20206000E3A000000A000001E3A00003E12FFF1EE12FFF1E000000000000000000000000F2
:20208000E52DE004E52D3004EBFFBC40EBFFFFA3E35000000A000004E1A03000E3A0208A73
:2020A000E3A01034E3A00000EBFFC138EBFFBC4FE3010270E340000DEBFFAD3CE350000072
:2020C0000A00000FE3500D810A000008E1A03000E3A0208CE3A01034E3A00000EBFFC12B14
:2020E000EA00000701A0000001A0000001A00000E3A00000E3A02089E3A01034E3A03D8155
:20210000EBFFC122EBFFADB5E350000008BD8008E1A03000E3A0208CE3A01034E3A00000FC
:20212000EBFFC11AE8BD80080000000000000000E52DE004E52DB004E52DA004E52D900495
:20214000E52D8004E52D7004E52D6004E52D5004E52D4004E52D3004E30A4E10E340480332
:20216000E5D4C018E35C000008BD8FF8E30A7E28E2846013E30DBC09E3407803E3A05000B1
:20218000E340B803E5F60001E30089C4E3009176E3A0AE1701A0000001A0000001A0000040
:2021A000E3500000E1A001850A000018E0800085E0841000E5D1170CE35100001A00001330
:2021C000E5DBC000E3001704E0800004E35C0001E0810000119AC0B40199C0B411D000B0BE
:2021E00001D000B0104C3000004C3000E3A01017E285C06DE3730E7DE3A00000E6EF207C43
:20220000A1580003A3A00001EBFFC0E0E5D7C000E2855001E155000C35F600013AFFFFDF3B
:20222000E8BD8FF8000000000000000000000000E52DE004E52D7004E52D6004E52D50041A
:20224000E52D4004E52D3004E3A07000E1A04001E1A06003E1A05002E1A02007E1A0100D30
:20226000E58D7000EBFFE689E1A00007E1B0CF861A000009E31600020300C1991300C2AFB6
:20228000E354000008BD80F8E59D1000E15C00019A000006E3A00001EA000007E3540000AE
:2022A00008BD80F8E59DC000E35C009383A00001E355000598BD80F8E3A00001E8BD80F8FE
:2022C000E52DE004E52D6004E52D5004E52D4004E1A04001E1A01180E309CBBCE08111001D
:2022E000E3A05000E340C803E1A06002E08C1001E24DD008E5D11001E58D5000E2511006E4
:2023000003A0100C0A000025E251100413A000251A000046E3A0100CE10CC180E5DC0000C2
:20232000E35000201A000021E59CC004E5DC0003E1A0100DEBFFE655EBFFF420E350000012
:202340001A000006E3A00012E1A0C005E356000015C65000EA00000C01A0000001A00000E6
:20236000E59DC000E3001028E3401002E00C0C91E28F1001E12FFF11FBBCFCF04778BF007F
:20238000E35C0C7DE1A000058A000023E1C4C0B0EA00002601A0000001A0000001A000003A
:2023A000E10CC180E5DC0000E35000200A000003E3A00021EA00001D01A0000001A00000E1
:2023C000E59CC004E5DC0000E1A0100DEBFFE62FEBFFF3FAE35000001A000004E3560000F9
:2023E00015C65000E3A00012E1A0C005EA00000EE59DC000E3051B60E3401003E00C0C917B
:20240000E28F1001E12FFF11FBBCFCF04778BF00E35C0C7DE1A000059A000003E1A0000588
:20242000E3A0CC7DE1C4C0B0EA000000E1C4C0B0E28DD008E8BD80700000000000000000E0
:20244000E3090BBCE52DE004E52D8004E52D7004E52D6004E52D5004E52D4004E340080357
:20246000E30A8E10E2807E42E3A04000E2800E51E300E70CE280000CE3003442E24DD00887
:20248000E3A0C06DE340880301A0000001A00000E5901008E5D11000E3510000E1A0118CF7
:2024A0000A000008E081108CE0411003E0881001E08E1001E5D12000E3520000015110B8BC
:2024C00003A0400101CD10B0E28CC001E35C006F8A000005E280000CE35400000AFFFFEB86
:2024E000E1DDC0B0E3A00F5DEA000050E3540000E2476F9F1A00004BE3A05024E5F6C00C14
:20250000E35C00200596C0081A000013E5DC000CE350000305DCC00D1A00000FE35C0000B3
:202520000A00000DE596C004E3A02000E5DC0000E3A01001E1A03002EBFFFF3CE350000042
:202540001A000005E1A0100DE6EF0075E3A02000EBFFFF5AE350000003A04001E2855001BF
:20256000E355002B8A000005E354000005F6C00C0AFFFFE2E1DDC0B0E3A00F5DEA00002B4F
:20258000E3540000E247600C1A000026E3A05058E5F6C00C01A0000001A0000001A000007A
:2025A000E35C00200596C0081A000013E5DC000EE350000305DCC00F1A00000FE35C00000F
:2025C0000A00000DE596C004E3A01001E5DC0003E3A02000E3A03002EBFFFF14E3500000C5
:2025E0001A000005E1A0100DE6EF0075E3A02000EBFFFF32E350000003A04001E285500147
:20260000E355005F8A000005E354000005F6C00C0AFFFFE2E1DDC0B0E3A00F5DEA000003A2
:20262000E35400000A000014E3A00F5DE1DDC0B0E19000B8E15C0000E1DDC0B0AA000009E1
:20264000E040C00CE6FF307CE3530D7DE304CA383A000002E15C000323A000012A000003E7
:20266000E3A00000EA000001E3A03000E1A00003E3A0100BE3A02070EBFFBFC4E28DD00850
:20268000E8BD81F0000000000000000000000000E52DE004E52DB004E52DA004E52D90040C
:2026A000E52D8004E52D7004E52D6004E52D5004E52D4004E52D3004E30A4E10E3404803CD
:2026C000E5D40018E350000008BD8FF8E3A05000E2848C07E1A07005E300170BE3002706D3
:2026E000E1A09007E5F8C00AE3A0A001E0816004E082B00401A0000001A0000001A0000039
:20270000E35C00001085000B0A000022E3002708E085C004E301E676E082C00CE1D010B094
:20272000E15E000131DC20B02A000003E301309AE153000285C690008A00000DE1DC20B06C
:20274000E301309AE1530001E1A0300E9A000006E153000235C6A0002A000003E1DC20B0AC
:20276000E1D010B0E1A0000AEA000004E1A00009EA000002E1D010B0E1A0000AE1DC20B070
:20278000E247C03DE1823801E6EF207CE3A01018EBFFBF7EE5D40018E2877001E157000051
:2027A00035F8C00AE285500AE286600A3AFFFFD3E8BD8FF800000000000000000000000058
:2027C000E52DE004E52D4004E24DD008E3A0000FE1A0100DE3A04001E5CD4000EBFF928FB5
:2027E000E5DDC000E3A0101AE3A0207BE35C0000E5DD300013A0000001A00004EBFFBF63F7
:20280000E28DD008E8BD80100000000000000000E52DE004E52DB004E52DA004E52D900424
:20282000E52D8004E52D7004E52D6004E52D5004E52D4004E52D3004E30A6E10E34068030B
:20284000E5D6C010E35C000008BD8FF8E1A04006E30F5FFFE1A0A004E1A0B005E3A000016C
:20286000E30A7FC8E3A0800001A0000001A00000E350000008BD8FF8E300910AE1A01088C9
:20288000E061E208E08E2004E0891002E5D13000E1A09183E0893103E3099BC4E3409803DF
:2028A000E7993003E5D3300CE3530003A5D13001BA00003FE3530001908E20049A00001B6A
:2028C000E253C002E282CF411A000034E2823F42E30C2CCDE1DC00B0E34C2CCCE15B0000A2
:2028E000E08020920A000005E1D3E0B0E1A001A0E280000AE150000E23A000012A000000B8
:20290000E3A00000E1A0200BE1CC20B0E1D330B0E5D12000E3A01002EBFFBF1CE5D6C010BC
:20292000EA00002301A0000001A0000001A00000E300E3B9E282CF41E2823F42E1DC00B062
:20294000E155000011D320B00A000009E3A09FFAE000009EE0020299E087E000E15E0002DB
:20296000E08720023A000002E150000293A000019A000000E3A00000E1CC50B0E5D120008B
:20298000E1D330B0E3A01002EBFFBF00E5D6C010EA00000701A0000001A0000001A0000006
:2029A000E3A00000E3A01002E3A020C7EBFFBEF7E5DAC010E2888001E158000C3AFFFFAB54
:2029C000E8BD8FF8000000000000000000000000E30DCBF2E340C803E5DCC000E35C000070
:2029E00003A00021012FFF1EE350000C23A0001F212FFF1EE3510000E30DCBDA0A00000461
:202A0000E340C803E7DCC000E3A00000E5C1C000E12FFF1EE3A0001EE12FFF1E0000000061
:202A2000E30F1C30E30A0E10E3042E20E34F1FFFE3400803E52DE004E52DB004E52DA00428
:202A4000E52D9004E52D8004E52D7004E52D6004E52D5004E52D4004E5911000E24DD00CF1
:202A6000E590C184E3A06000E5CD6004E041C00CE152000CE301CE908A0000D7E1A0A006AD
:202A8000E340C00DE1A0800AE24C0009E58D0008E3A0900101A0000001A0000001A0000093
:202AA000E59D4008E28D1004E5F40009E58D4008EBFFFFC6E5D45002E1A07006E355000044
:202AC0000A00005401A0000001A0000001A00000E3011E90E0880088E0870000E340100D8C
:202AE000E3590000E1A020011087C08715DD4004E0800080E1A0E002108AC00C13A0304414
:202B00001088A1880A000043E08E0000E2809003E081100AE082C00CE5D92000E5D11001F6
:202B2000E5DCC003E3520000E00C0004E16B03810A000007E1B02F821A00000501A0000009
:202B4000E1B0C0ACE1A000A00A000001E1B02F8C0AFFFFFAE3510001E30A1E100A0000079D
:202B6000E3401803E5D11188E351000111A040001A000010E28C4001EA00000E01A0000030
:202B8000E30A1E10E1A04006E3401803E5D11188E35100000A000004E3A04001EA000002D4
:202BA000E1A0C0ACE1A000A0E1814084E1B01F8CE20010011AFFFFF9E5D90001E1A0100D44
:202BC000E1A02006EBFFE431E3010E08E08BC104E59D3000E340000DE080C00CE1DC00B0AA
:202BE000E150000391DCC0B28A000002E15C000323A000012A000000E1A00006E5D92002A1
:202C0000E3A01004EBFFBE61E1A09000E2555001E28770011AFFFFADE2888001E3580007AF
:202C20008A000004E3590000E28AA0091AFFFF9BE28DD00CEA000069E35900000A000066B8
:202C4000E3A00005E28D1004EBFFFF60E5DDC004E1B0C3ACE30ACE10E340C803E1A050060A
:202C6000E1A04006E5DD7004E3A00042E5DCC188E1A02006E1A0100D13A04001E35C000010
:202C800013A05001EBFFE401E59D3000E1A0C227E20CC004E18CC185E18CC084E3014E08F5
:202CA000E340400DE084010CE28CC001E1D004B4E084C10CE150000391DCC4B68A000002C3
:202CC000E15C000323A000012A000000E1A00006E3A01004E3A020C2EBFFBE2CE35000003C
:202CE0000A00003DE3A00003E28D1004EBFFFF37E5DDC004E1B0C3ACE30ACE10E340C80325
:202D0000E1A05006E3A00002E1A07006E5DCC188E28D1004E5DD900413A05001E35C00003A
:202D200013A07001EBFFFF29E5DD8004E1A0100DE3A00052E1A02006EBFFE3D4E59D3000AA
:202D4000E1A0C229E20CC004E18CC187E18CC085E2080001E180C00CE084C10CE28CC04433
:202D6000E1DC00B0E150000391DCC0B28A000002E15C000323A000012A000000E1A0000692
:202D8000E3A01004E3A020BCEBFFBE00E3500000E30ACE100A000010E340C803E5DCC18885
:202DA000E35C0000E30ACE101A000003E3A00001E340C803E5CC0188EA000002E30ACE1089
:202DC000E340C803E5CC6188E5DC2188E3A00002E3A01010EBFFB9D5EBFFBCFCE28DD00C74
:202DE000E8BD8FF0000000000000000000000000E52DE004E52DB004E52DA004E52D900497
:202E0000E52D8004E52D7004E52D6004E52D5004E52D4004E52D3004E30A6E10E3097BC488
:202E2000E3A00001E3406803E1A04006E3407803E5D61010E35100000A000025E30F5FFF8D
:202E4000E3A08000E300A106E300B10A01A00000E1A0C088E06C3208E083C004E08BC00CF9
:202E6000E35000000A00001AE5DC2000E1A0E182E08EE102E797E00EE5DEE00CE35E000386
:202E8000A0830004BA00000FE08A9000E1D930B0E1550003115C00BA0A000005E15000030B
:202EA000A15CC0B8BA000002E15C0003D3A00001DA000000E3A00000E3A01005EBFFBDB3DE
:202EC000E1C950B0E5D61010E2888001E15800013AFFFFDEE5D4C00FE35C000008BD8FF81F
:202EE000E30F5FFFE3A0800001A0000001A00000E350000008BD8FF8E1A01208E04110886A
:202F0000E0841001E2819020E5D92008E1A01182E0811102E7971001E5D1100CE351000323
:202F2000A1D930B6BA00000DE155000311D9C0B00A000005E15C0003A1D9C0B2BA000002E0
:202F4000E15C0003D3A00001DA000000E3A00000E3A01005EBFFBD8DE1C950B6E5D6C00F5A
:202F6000E2888001E158000C3AFFFFE0E8BD8FF8E30ACF88E340C803E1DC30B0E300C7C79D
:202F8000E15C0003E300C88B8A000002E15C000323A000012A000000E3A00000E3A01009E2
:202FA000E3A02079EAFFBD790000000000000000E30ACF8AE340C803E1DC30B0E300C479E5
:202FC000E15C0003E300C4E78A000002E15C000323A000012A000000E3A00000E3A0100A49
:202FE000E3A0207AEAFFBD690000000000000000E30ACF80E340C803E1DC30B0E308C2DC55
:20300000E3530EFA3A000002E15C000323A000012A000000E3A00000E3A01006E3A02060E9
:20302000EAFFBD5A000000000000000000000000E30ACF82E340C803E1DC30B0E301C6A875
:20304000E15C0003E305C7E48A000002E15C000323A000012A000000E3A00000E3A01007C6
:20306000E3A02078EAFFBD490000000000000000E52DE004E52D8004E52D7004E52D6004BE
:20308000E52D5004E52D4004E30A5E20E3A04000E3405803E30A8F8EE3006FFEE3007E27E6
:2030A000E3408803E5F5C00101A0000001A00000E35C0000E1A0C0840A00000BE19830BC07
:2030C000E157000383A000008A000003E156000323A000012A000000E3A00000E284C063D1
:2030E000E6EF207CE3A01008EBFFBD28E2844001E354000235F5C0013AFFFFECE8BD81F0F0
:20310000E52DE004E52DB004E52DA004E52D9004E52D8004E52D7004E52D6004E52D50049F
:20312000E52D4004E52D3004E30A5E10E3405803E5D5C017E35C000008BD8FF8E3A09000EB
:20314000E3A00001E1A04009E300669CE300769EE3A08003E304BE2001A0000001A0000038
:20316000E350000008BD8FF8E1A0C189E08CC109E08C1005E2812E6AE5D23005E353000031
:2031800005D230061A000034E5D22000E3530002AA000026E35300010086A0011A00002E4F
:2031A000E0871001E1DAC0B0E35C000011D1C0B00A000016E28CC001E6FFC07CE1C1C0B059
:2031C000E5951008E1A03101E0831081E28F3001E12FFF13FBBBF1F14778BF00E281100168
:2031E000E151000C8A00001CE1A00004E3A01012E3A0300FEBFFBCE5E5D5C017E2899001E7
:20320000EA00001701A0000001A0000001A00000E1C140B0E1DA30B0E3A00001E3A0101274
:20322000EBFFBCDAE1CA80B0EA00000B01A00000E085000CE08CC005E086A00CE18740B091
:20324000E1DA30B0E353000011A00004E3A0101203A00001EBFFBCCDE1CA80B0E5D5C017C0
:20326000E2899001E159000C3AFFFFBCE8BD8FF8E52DE004E52DB004E52DA004E52D9004D4
:20328000E52D8004E52D7004E52D6004E52D5004E52D4004E52D3004E30A4E10E3404803E1
:2032A000E5D43013E353000008BD8FF8E30F5C30E3A07000E1A08007E34F5FFFE3A0000103
:2032C000E1A0B00401A0000001A0000001A00000E350000008BD8FF8E309EBC4E1A0C287F2
:2032E000E08CC107E08C1004E2816F63E340E803E08CA004E5D6201CE1A01182E081110248
:20330000E79EE001E5DA11A8E5DE902CE3590003A5D6901DBA000047E3A0A00AE1094A89FE
:20332000E5D9970CE359000005D6901F1A000041E359000001DE10BA1A000018E594C008B3
:20334000E301A388E1A0E181E08E1081E08A1001E594A01CE28F9001E12FFF19FBB1FCFCFE
:203360004778BF00E28CC002E15C000A959510008A000030E596C000E596E008E041C00CD9
:20338000E15E000C2A00002BE1A00008E3A0100EE3E03000EBFFBC7DE5D43013EA00002542
:2033A000E30021A2E08C0004E0822000E08CA004E28A0E1AE15230B6E1D220B0E283E0648C
:2033C000E15E0002E24330643A000010E08CC004E1530002E28CCF678A00000CE1DC30B26A
:2033E000E1D0C0B0E2830096E150000CE24300323A000003E150000C91A0300893A0000106
:203400009A000005E1A00008E18C3802EA000002E1D0C0B0E1A00008E18C3802E1A02001FE
:20342000E3A0100EEBFFBC59E595C000E586C000E5C6801FE5DB3013E2877001E157000325
:203440003AFFFFA2E8BD8FF80000000000000000E52DE004E52DB004E52DA004E52D90044E
:20346000E52D8004E52D7004E52D6004E52D5004E52D4004E52D3004E30A4E10E3404803FF
:20348000E5D41013E351000008BD8FF8E30FAC30E3A00001E30F5FFFE34FAFFFE3A060006B
:2034A000E2849F6901A0000001A0000001A00000E350000008BD8FF8E1A02005E1A0C286CD
:2034C000E08CC106E08C3004E199E0BCE152000E12837E190A000028E309BBC4E084C00CC9
:2034E000E340B803E5D72018E5DCC1A8E1A08182E0888102E79B8008E5D8802CE3580003B0
:20350000A30081A6BA00001CE0888003E1D830B0E1550003059A30001A00000CE597C0001D
:20352000E597E008E043C00CE15E000C2A000012E3A00000E3A0100FE1A03005EBFFBC131D
:20354000E5D41013EA00000C01A0000001A00000E3A00000E15E0003E3A0100FE1A0200C43
:20356000A3A00001EBFFBC09E59AC000E1A0B004E587C000E1C850B0E5DB1013E286600163
:20358000E15600013AFFFFC9E8BD8FF800000000E52DE004E52DB004E52DA004E52D9004AE
:2035A000E52D8004E52D7004E52D6004E52D5004E52D4004E52D3004E30A4E10E3404803BE
:2035C000E5D4C019E35C000008BD8FF8E3A07000E3A00001E1A09007E30F5FFFE3E0B0007C
:2035E000E350000008BD8FF8E3001724E1A0C287E08CA107E08AC004E081600CE5D630204A
:20360000E35300000596C0100A00003CE25310011A00004AE5D6101EE300273EE082800CFA
:20362000E35100001A000011E1D8C0B0E24CC001E6FFC07CE35C0000E1C8C0B01A0000433D
:20364000E3A01013E5D6201FE1A00009E1A0300BEBFFBBCEE3A01D1DE084C00AE191C0BC38
:20366000E1C8C0B0EA00003901A0000001A00000E596C010E08A0004E280AD1DE37C000187
:20368000159600040A000012E150000C259600003A00000FE150000C9596C0148A00000C4C
:2036A000E37C00011596000C0A000006E150000C259600083A000003E150000C93A0000135
:2036C00091A030099A000004E1A00009E38C3202EA000001E1A00009E38C3101E5D6201FA5
:2036E000E3A01013EBFFBBA9E586B010E586B014E1DAC0B0E1C8C0B0E5C6901EEA000013E2
:20370000E155000C159600040A000005E150000C259600003A000002E150000C93A0000104
:203720009A000000E1A00009E5D6201FE38C3102E3A01013EBFFBB95E5865010EA00000331
:20374000E1A00009E3A01013E3A020C7EBFFBB8FE5D4C019E2877001E157000C3AFFFF9F14
:20376000E8BD8FF8000000000000000000000000E52DE004E52DA004E52D9004E52D800435
:20378000E52D7004E52D6004E52D5004E52D4004E30A4E10E3404803E5D4C019E35C0000E7
:2037A00008BD87F0E309ABC4E3A00001E30F5FFFE340A803E3A06000E300873CE3A0900C28
:2037C000E350000008BD87F0E1A01286E0813106E0841003E5D12743E1610982E79A1001D3
:2037E000E5D1E012E35E000205D1100C1A000012E3510003A083C004BA00000FE088700CF5
:20380000E1D730B0E155000303A000000A000006E353002D33A000003A000003E35300E19A
:2038200093A000019A000000E3A00000E3A01014EBFFBB56E1C750B0E5D4C019E286600192
:20384000E156000C3AFFFFDDE8BD87F000000000E30ACF8CE340C803E1DC30B0E300C30A71
:20386000E3530FAA3A000002E15C000323A000012A000000E3A00000E3A01015E3A02075AC
:20388000EAFFBB42000000000000000000000000E52DE004E52D3004E301050CE340000DE1
:2038A000EBFFA95EE35000000A000004E1A03000E3A020C8E3A01034E3A00000EBFFBB3398
:2038C000E302021CE340000DEBFFA95CE35000000A000004E1A03000E3A02085E3A01034E5
:2038E000E3A00000EBFFBB29EBFFB628E30D00B8E3400803EBFFA991E35000000A00000474
:20390000E1A03000E3A02086E3A01034E3A00000EBFFBB1EE3010DF4E340000DEBFFAAF720
:20392000E35000000A000004E1A03000E3A0208BE3A01034E3A00000EBFFBB14EBFFB62B99
:20394000E30200E0E340000DEBFFABD0E35000000A000004E1A03000E3A02087E3A010342A
:20396000E3A00000EBFFBB09E3010894E340000DEBFFABEAE35000000A000004E1A03000F5
:20398000E3A02088E3A01034E3A00000EBFFBAFFE3010918E340000DEBFFABE0E350000032
:2039A00008BD8008E1A03000E3A02088E3A01034E3A00000EBFFBAF5E8BD800800000000CE
:2039C000E30B0640E3400803E52DE004E52D3004E3A0CC09E1C0C0B0E3A00000EBFF9FA331
:2039E000E3A00002E3A01401EBFFAC9CEBFFD18FEBFFBA72E8BD80080000000000000000EB
:203A0000E30A0E2CE3400803E52DE004E52D5004E52D4004E52D3004E30B5640E30D40B7EE
:203A2000E590C000E3405803E3404803E28CC001E1D530B0E580C000E253CC060A00004B1F
:203A4000E25CC0010A00003CE25CC0010A000031E25CC0010A00001FE25CC0010A000011A5
:203A6000E25CC0010A000007E3A00000E3A0103EE3A020C7EBFFBAC5E5D4C000E35C000057
:203A80001A000042E8BD8038EBFFF97CE5D40000E1D5C0B0E3500000E20CCCFFE1C5C0B02D
:203AA0001A00003AE8BD8038EBFFF9A0EBFFFA63EBFFFAF6EBFFFB41E1D5C0B0E5D40000AC
:203AC000E20CCCFFE38CC005E1C5C0B0E35000001A00002EE8BD8038EBFFFB4CEBFFFBCF26
:203AE000EBFFFCC2EBFFFD21EBFFFD30EBFFFD3FEBFFFD4EEBFFFD5DE1D5C0B0E5D4000081
:203B0000E20CCCFFE38CC004E1C5C0B0E35000001A00001EE8BD8038EBFFFD78E1D5C0B056
:203B2000E5D40000E20CCCFFE38CC003E1C5C0B0E35000001A000015E8BD8038EBFFFDCB5A
:203B4000EBFFFE42EBFFFE91EBFFFF08EBFFFF3FE1D5C0B0E5D40000E20CCCFFE3500000DE
:203B6000E38CC002E1C5C0B01A000008E8BD8038EBFFFF46E5D40000E1D5C0B0E35000003E
:203B8000E20CCCFFE38CC001E1C5C0B008BD8038EBFFFF8AE8BD80380000000000000000D9
:203BA000E30BC640E340C803E1DCC0B0E20CCCFFE35C0C06112FFF1EEAFFFF90E12FFF1EEA
:203BC000E30AC1A4E3A00026E340C803E52DE004E52D3004E5DCC000E35C00A71A0000023D
:203BE000EBFFFFEEE3A00000E8BD8008E8BD8008E30AC18CE340C803E5DCC000E35C00A683
:203C000013A00000112FFF1EE30FCC30E34FCFFFE59CC000E04C0000E12FFF1E000000000C
:203C2000E3A01000E301050CE340000DEBFF748DE1B040001A000015EBFFB288E30201F8DF
:203C4000E340000DEBFFB311EBFFB360EBFFB3F7EBFFB41EE1A00004EB003E6CE3A000009C
:203C6000E3A020C7E3A01041E1A03000EBFFBA47EBFFAC1601A0000001A0000001A00000DB
:203C8000EAFFFFFE01A0000001A0000001A00000EAFFFFFEEE160F12E1A00E00E3A0100826
:203CA000EE061F12EE162F51E2022001E1800112E2811001E351000C3AFFFFF8E12FFF1ED1
:203CC000E3A01008F57FF04FEE061F12EE162F51E1A03130E7C02013EE062F51E281100149
:203CE000E351000C3AFFFFF7F57FF06FE1A01E20EE061F12E12FFF1E000000000000000071
:203D0000E30DCC50E340C803E52DE004E52D4004E59CC000E25CC0010A000002E25CC00112
:203D20000A000002EA000007E3A00000E8BD8010EBFFFFD7E1A04000E3C40C0FEBFFFFDFC3
:203D4000E1A00004E8BD8010EBFFFFD1E1A04000E3C40C01EBFFFFD9E1A00004E8BD8010FE
:203D6000EAFFFFFEE3A0100BF57FF04FEE061F12EE162F51E1A03130E7C02013EE062F5133
:203D8000E2411001E35100082AFFFFF7F57FF06FE1A01E20EE061F12E12FFF1E00000000B0
:203DA000E30DCC50E340C803E59CC000E35C0001012FFF1EEAFFFFEAE12FFF1EE92D100F07
:203DC000E20D2004E04DD002E92D4004EEF8CA10E92D1000EEF1CA10E92D1000ED2D0B107D
:203DE000EBFFFFC6E1A08000EBFFAC5CE1A00008EBFFFFEAECBD0B10E8BD1000EEE1CA10A3
:203E0000E8BD1000EEE8CA10E8BD4004E08DD002E8BD100FE25EF00400000000000000001D
:203E2000E52DE004E52D4004EBFFFFB4E1A04000EBFFAD1AE1A00004EBFFFFD8E8BD8010AC
:203E4000E52DE004E52DC004E52D3004E52D2004E52D1004E52D0004EEF8CA10E52DC00448
:203E6000EEF1CA10E52DC004ED0D7B02ED0D6B04ED0D5B06ED0D4B08ED0D3B0AED0D2B0CBB
:203E8000ED0D1B0EED0D0B10E24DD040EBFFFFE3ECBD0B10E8BD1000EEE1CA10E8BD100008
:203EA000EEE8CA10E8BD500FE25EF00400000000E30DCB28E340C803E52DE004E52D5004ED
:203EC000E52D4004E52D3004E59CC000E3A05000E58D5000E59C2004E7D00002E1A0400150
:203EE000E1A03004E2801004E5DC0008E3A02002E6EF1071EBFF74CDE35000000594C0001C
:203F000013A00F4918BD8038E1A00005E1A0C2ACE584C000E8BD803800000000000000000E
:203F2000E52DE004E52D5004E52D4004E52D3004E1A04000E1A05001E3A00000E58D000001
:203F4000E5D4C001E25CC0010A00000CE25CC00118BD8038E5D40000E1A0100DEBFFFFD333
:203F6000E59DC000E35C000001D5C0BC058DC000E350000005D410010A000006E8BD803892
:203F8000E5D40000E1A0100DEBFFAD54E350000018BD8038E5D41001E1D500BCE59DC000A1
:203FA000E1A00080E1A0C0ACE351000105D41000E6FF0070E6FFC07C1A000007E3013681C3
:203FC000E1A02201E0821181E340300DE7D31001E351000001C5C0BE0A000002E040C00CAE
:203FE000E6FFC07CE1C5C0BEE1C501B0E8BD8038E30BC640E340C803E52DE004E52DB0042A
:20400000E52DA004E52D9004E52D8004E52D7004E52D6004E52D5004E52D4004E3A0600C07
:20402000E24DD014E1DCC0B0E20CCCFFE35C0C06E309CBBC1A0000D2E340C803E101C680C1
:20404000E5D12000E3520050E1A021801A0000CCE0820100E08C0000E5907008E590B00418
:20406000E5D7C02CE35C0003135C0004135C00091A0000C3E1D780BEE30D5B54E34058037B
:20408000E358006321D7A1B03A000010E24AC0C7E15C000825D7C0273A00000CE35C00008F
:2040A00005D7902C0A00000DE5D7902CE24CC001E5C7C027E359000915D7C0271A00000B1A
:2040C000E5D7C02FEA00001901A0000001A00000E1D7A1B0E3A0C004E5C7C027E5D7902C95
:2040E000E359000905D7C02F0A000010E5D7C027E35C000291D7C1BE8A000015E35C0000ED
:20410000E30BCD940A00000DE340C803E5DCC000E35C000005D700240A000009E5D7002498
:20412000EA00000C01A0000001A0000001A00000E5D50000E150000C15D700241A00000580
:20414000E5D70024E3A0C000E35000000A000004EA000082E5D70024E3A0C001E350000038
:204160001A00007EE35C000005D1C0011A00007BE5DB4003E35C00080A000020E35C000980
:20418000E30000901A000023E3460800E0800184E28DC008E284E01CE8900003E6EF407EB2
:2041A000E58C0000E58C1004E59DC008E59D0008E1A00820E7DFC61FE7CC001FE180C00CE2
:2041C000E1CDC0B0E59DC00CE59D000CE1A00820E7DFC61FE7CC001FE180C00CE1CDC0B272
:2041E000E1DDC0B0E7CEC01FE35C090211DDC0B01A00000DE3590009EA00001101A000004D
:20420000E300C020E346C800E1A0000DE08C1104E3A02004FA003831E1DDC0B0E7CEC01F0F
:20422000E35C090211DDC0B00A000004E31C090111DD00B213A0100115C7102E1A00001A0D
:20424000E359000911DDC0B00A00000CE31C0A0215D5C0000A000005E35C000011C761BEAB
:204260001A00000BE3A0C00DE1C7C1BEEA000008E3A0C00BE1C7C1BEEA00000501A00000AB
:20428000E1DDC0B0E31C0A0211C761BE03A0C00A01C7C1BEE3A0C000E3A01001E1CDC0B243
:2042A000E1CDC0B0E1DD00B2E5C7C02EE1DDC0B0E7DF061FE1A03180E7DFC61FE1A0218CB2
:2042C000E082C08CE1C7C1BCE0830080E1C701BAE5DBC001E35C00011A00000AE5DBC00060
:2042E000E3012681E340200DE1A0020CE080C18CE30F0C30E34F0FFFE7D2C00CE35C000075
:2043000001A0C2240A000006E1D7C1BCE1D701BAE040C00CE1C7C1BCE30F0C30E1A0C224B8
:20432000E34F0FFFE1C781B6E300300EE1C7A1B8E3463800E5900000E1A0C08CE58700200D
:20434000E204200FE28DD014E1A02211E18320BCE5C71024EA00000B01A0000001A00000EA
:20436000E1C781B2E1C7A1B4E1A0000BE1A01007EBFFFEEAE5D5C000E3A00000E5C70024A2
:20438000E5C7C02FE28DD014E8BD8FF000000000E52DE004E52DB004E52DA004E52D9004F3
:2043A000E52D8004E52D7004E52D6004E52D5004E52D4004E52D3004E30DA0B5E340A80356
:2043C000E5DAC000E25CC001030ACE230A00005FE25CC0010A000069E25CC00118BD8FF82B
:2043E000E5DAC001E30A4E10E3404803E1A0028CE080C10CE08C0004E2808F6BE08CE0042C
:20440000E5D8C000E5DE91A8E35C0000E5DEB1A91A000037E3097E20E3A05001E3A0603401
:20442000E3407803E5F7C00C01A0000001A00000E35C0050135C00201A000026E597C00456
:20444000E5D70001E5DC1003E1A0200DEBFFDE87E1590006E5DDC0000A000010E35C0000B3
:204460001084C0060A00001BE5DCC7D8E35C00001A000018E3A0100CE3A00000E1A0200920
:20448000E1A03006EBFFB841E5C85000E2866001E3560057EA00001101A0000001A00000EF
:2044A000E5DDC000E35C0000E3A0C00A1A000009E10C4C8BE5DCC70CE35C00001A00000515
:2044C000E3A0100CE3A00000E1A02009E3A030FDEBFFB82EE5C85000E2866001E35600573A
:2044E00095D8C0008A000002E35C000005F7C00C0AFFFFCEE3A0C00CE1600C89E309EBC06A
:20450000E340E803E79EC000E5DC0002E3A01000EBFF732AE5DAC001E5D40013E28CC001F0
:20452000E6EFC07CE150000CC5CAC001C3A0E002C5CAE000D3A0C000C8BD8FF8E5CAC0017A
:20454000E3A0E004E5CAE000E8BD8FF801A00000E340C803E5DCC000E35C000003A0C00483
:2045600005CAC00008BD8FF8E3A0C002E5CAC000E8BD8FF801A0000001A0000001A000009D
:20458000E5DAC001E30A1FB8E3401803E1A0028CE080C10CE7D1C00CE3A0E00CE1600E8C8F
:2045A000E309BBC0E340B803E79BC000E5DC0002E3A01001EBFF7301E3A0C003E5CAC0000A
:2045C000E8BD8FF8000000000000000000000000E52DE004E52D5004E52D4004E52D3004B7
:2045E000E30D48EDE3A05000E3404803E5CD5000E5D4C000E24CC001E35C000888BD8038A7
:20460000E28F0000E790F10C000C483C000C47E4000C4794000C4764000C4718000C46E4AF
:20462000000C4694000C4664000C462CE3A0000FE1A0100DEBFF8AF9E5DDC000E35C000002
:20464000E5D4300003A0C00A05C4C00008BD8038E1A00005E3A01019E3A0207BEBFFB7CB42
:20466000E8BD8038E3A0000FE1A0100DEBFF8AEBE5DDC000E35C00011A00005FE3A0004050
:20468000E3A01001EBFF72CDE3A0C009E5C4C000E8BD8038E3A0000FE1A0100DEBFF8ADFC8
:2046A000E5DDC000E35C0000E5D430001A000007E3A00040E1A01005EBFF72C0E3A0C0086F
:2046C000E5C4C000E8BD803801A0000001A00000E1A00005E3A01019E3A0207BEBFFB7AB36
:2046E000E8BD8038E3A0000FE1A0100DEBFF8ACBE5DDC000E35C00011A00003FE3A010043C
:20470000E3A00040E3A02001EBFFAB78E3A0C007E5C4C000E8BD8038E3A0000FE1A0100DE5
:20472000EBFF8ABEE5DDC000E35C0000E5D430001A000006E3A01003E3A00040E3A0200180
:20474000EBFFAB6AE3A0C006E5C4C000E8BD8038E1A00005E3A01019E3A0207BEBFFB78BCF
:20476000E8BD8038E3A0000FE1A0100DEBFF8AABE5DDC000E35C00011A00001FE3A00041CE
:20478000E3A01001EBFF728DE3A0C005E5C4C000E8BD8038E3A0000FE1A0100DEBFF8A9F4B
:2047A000E5DDC000E35C0000E5D430001A000007E3A00041E1A01005EBFF7280E3A0C004B1
:2047C000E5C4C000E8BD803801A0000001A00000E1A00005E3A01019E3A0207BEBFFB76B75
:2047E000E8BD8038E3A0000FE1A0100DEBFF8A8BE5DDC000E35C00010A000008E3A01019AD
:20480000E5D43000E1A00005E3A0207BEBFFB75FE8BD803801A0000001A0000001A00000CB
:20482000E3A01004E3A00041E3A02001EBFFAB2FE3A0C003E5C4C000E8BD8038E3A0000F17
:20484000E1A0100DEBFF8A75E5DDC000E35C0000E5D430001A000009E3A01003E3A00041AA
:20486000E3A02001EBFFAB21E3A0C002E5C4C000E8BD803801A0000001A0000001A00000F0
:20488000E1A00005E3A01019E3A0207BEBFFB73FE8BD80380000000000000000000000008B
:2048A000E30BC640E3000509E340C803E1DCC0B0E150000CE30005050A000002E150000C85
:2048C000112FFF1EEAFFFEB1EAFFFF40E12FFF1EE52DE004E52D9004E52D8004E52D7004D6
:2048E000E52D6004E52D5004E52D4004E52D3004E3A04000E58D4000EBFFFD00E30F6E2064
:20490000E34F6FFFE3A07B01E1A09000E1A00004E1A0100DE5867000EBFFAAE0E59DC00033
:20492000E3008C18E1A05004E340800DE35C00000A00002401A0000001A0000001A000001B
:20494000E35C00090A000015E35C0021359DC0003A000007E35C00211A000008E1A00004B6
:20496000E3A0208CE3A01040E1A03000EBFFB707EA00000BE7D8000CE35000FF1A000005CB
:20498000E3A0103FE5DD3003E1A00004E3A0208CEBFFB6FEEA000002EBFFFD94EA000000AD
:2049A000EBFFFFBEE5867000E1A00004E1A0100DEBFFAABAE59DC000E2850001E6EF5070C5
:2049C000E35C00001A000002E35500158A000002EA000006E35500163AFFFFD8E1A00004D0
:2049E000E3A0208CE3A01040E1A03000EBFFB6E7E3A07B02E3A00001E1A0100DE586700080
:204A0000EBFFAAA6E59DC000E3008C39E1A05004E340800DE35C00000A00001F01A00000E4
:204A2000E35C0021359DC0003A000007E35C00211A000008E1A00004E3A0208CE3A010403A
:204A4000E3A03001EBFFB6D1EA00000AE7D8000CE35000FF1A000006E5DDC003E1A0000416
:204A6000E3A0103FE38C3C01E3A0208CEBFFB6C7EA000000EBFFFD5DE5867000E3A0000195
:204A8000E1A0100DEBFFAA85E59DC000E2850001E6EF5070E35C00001A000002E35500107D
:204AA0008A000002EA000006E35500113AFFFFDBE1A00004E3A0208CE3A01040E3A03001E3
:204AC000EBFFB6B2E1A00009EBFFFCB4E8BD83F8E92D100FE20D2004E04DD002E92D40049F
:204AE000EEF8CA10E92D1000EEF1CA10E92D1000ED2D0B10EBFFFF75ECBD0B10E8BD1000E5
:204B0000EEE1CA10E8BD1000EEE8CA10E8BD4004E08DD002E8BD100FE25EF0040000000067
:204B2000E52DE004E52DB004E52DA004E52D9004E52D8004E52D7004E52D6004E52D500465
:204B4000E52D4004E30DAC4CE24DD00CE3A04000E340A803E5CD4005E5DAC000E24CC00116
:204B6000E35C00098A0002B9E30A5E10E3097BBCE28F1008E3405803E3407803E791F10C10
:204B8000000C5520000C54F4000C5470000C52AC000C50F4000C5028000C4E40000C4C8020
:204BA000000C4BA8000C5640E350000105DAC0031A0002A6E28CC001E6EFC07CE35C002815
:204BC000E5CAC0033A0002A1E5D5C018E2858013E35C000015F8C0010A00008EE1A0600470
:204BE000E300B14FE300970C01A0000001A00000E35C00000A00001AE3090BC0E286706DAB
:204C0000E3400803E1A0C187E08CC107E790C00CE5DC0001E1A0100DE1A02004EBFFDC1B40
:204C2000E59D3000E1A0C186E08CC086E15B0003E085C00C2A00000AE089C00CE5DC0000AE
:204C4000E350000005DCC0011A000005E35C00001A000003E1A00004E3A0101BE6EF207765
:204C6000EBFFB64AE5D5C018E2866001E156000C35F8C0013AFFFFDDE3A0C00AEA0000660C
:204C8000E350000105D5C0131A000270E2859F61E35C000011A080040A00001901A0000008
:204CA000E5F96024E1A0C186E08CC106E087C00CE59C1004E5DC0001E5D11003E28D2004B1
:204CC000EBFFDC6AE5DDC004E1A02006E35C0000E085C0020A000006E5DCC7D8E35C000062
:204CE0001A000003E5DD3004E1A00004E3A0101BEBFFB626E5D5C013E2888001E158000CEB
:204D00003AFFFFE6E5D5C017E35C0000E300C6940A00003DE300614FE08CB005E1A0900458
:204D2000E5FB800CE1A0C188E08CC108E087C00CE59CC004E5DC0000E1A0100DE1A020048C
:204D4000EBFFDBD2E59D3000E1A02008E085C002E35300BA2156000335DCC7D82A00000AEC
:204D6000E35C000005DBC0041A000007E35C000005DBC0051A000004E35C00001A000002D2
:204D8000E1A00004E3A0101BEBFFB600E5DB8001E1A0C188E08CC108E087C00CE59CC00488
:204DA000E5DC0000E1A0100DE1A02004EBFFDBB7E59D3000E1A02008E082C005E35300BA01
:204DC00021560003E28CCE6D2A00000BE5DC0108E350000005DCC0001A000007E35C00007D
:204DE00005DBC0051A000004E35C00001A000002E1A00004E3A0101BEBFFB5E4E5D5C0174E
:204E0000E2899001E159000C3AFFFFC4E5D5C013E35C00001A000005E3A0C00AE5CAC000AD
:204E2000EA00020A01A0000001A0000001A00000E3A0C009E28DD00CE5CAC000EA000204A3
:204E4000E350000105D5C0171A000200E35C0000E300C6940A000040E300814FE08C9005D7
:204E6000E1A0B00401A0000001A0000001A00000E5F9600CE1A0C186E08CC106E087C00CA2
:204E8000E59CC004E5DC0000E1A0100DE1A02004EBFFDB7EE59D3000E1A02006E085C00206
:204EA000E35300BA2158000335DCC7D82A00000AE35C000005D9C0041A000007E35C000061
:204EC00005D9C0051A000004E35C00001A000002E1A00004E3A0101BEBFFB5ACE5D9600119
:204EE000E1A0C186E08CC106E087C00CE59CC004E5DC0000E1A0100DE1A02004EBFFDB6313
:204F0000E59D3000E1A02006E082C005E35300BA21580003E28CCE6D2A00000BE5DC0108FD
:204F2000E350000005DCC0001A000007E35C000005D9C0051A000004E35C00001A00000221
:204F4000E1A00004E3A0101BEBFFB590E5D5C017E28BB001E15B000C3AFFFFC4E5D5C0186A
:204F6000E2858013E35C000015F8C0010A000025E1A06004E300970CE300B14F01A000000C
:204F8000E35C00000A00001AE3090BC0E286706DE3400803E1A0C187E08CC107E790C00C44
:204FA000E5DC0001E1A0100DE1A02004EBFFDB37E59D3000E1A0C186E08CC086E15B000385
:204FC000E085C00C9A00000AE089C00CE5DC0000E350000005DCC0011A000005E35C0000D3
:204FE0001A000003E1A00004E3A0101BE6EF2077EBFFB566E5D5C018E2866001E156000C52
:2050000035F8C0013AFFFFDDE3A0C008E3A0E001E5CAC001E3A0B002E5CAE002E28DD00C5D
:20502000E5CAB000EA00018AE35000021A000187E1A00004EBFFCBDDE3A00071E3A0100126
:20504000EBFFB24AE5D5C013E2859F6AE35C000013096BC00A00000FE1A08004E3A0B00C8A
:20506000E340680301A0000001A0000001A00000E4D9C024E16C0B8CE796C00CE5DC00022E
:20508000E1A01004EBFF704DE5D5C013E2888001E158000C3AFFFFF5E5D5C017E2856E6A1A
:2050A000E35C000011A080040A00000CE3A0900CE4D6C00CE10C798CE59CC004E59CC00445
:2050C000E5DC0000E5DC1001E1A02004EBFFB117E5D5C017E2888001E158000C3AFFFFF3FA
:2050E000EBFFB43AE3A0C007E28DD00CE5CAC000EA000157E350000105D5C0131A00015343
:20510000E2859F61E35C000011A080040A000018E5F96024E1A0C186E08CC106E087C00C02
:20512000E59C1004E5DC0001E5D11003E28D2004EBFFDB4EE5DDC004E1A02006E35C00003D
:20514000E085C0020A000006E5DCC7D8E35C00001A000003E5DD3004E1A00004E3A0101B33
:20516000EBFFB50AE5D5C013E2888001E158000C3AFFFFE6E5D5C017E35C0000E300C6949E
:205180000A000042E3A0B001E08C9005E1A08004E5F9600CE1A0C186E08CC106E087C00C11
:2051A000E59CC004E5DC0000E1A0100DE1A02004EBFFDAB6E59D3000E1A02006E085C002AC
:2051C000E35300253A000002E085C002E35300DF9A00000BE5DCC7D8E35C000005D9C00416
:2051E0001A000007E35C000005D9C0051A000004E35C00001A000002E1A00004E3A0101B00
:20520000EBFFB4E2E5D96001E1A0C186E08CC106E087C00CE59CC004E5DC0000E1A0100D1D
:20522000E1A02004EBFFDA99E59D3000E1A02006E0826005E35300253A000003E0826005ED
:20524000E35300DF95D5C0179A00000DE5D6C7D8E35C000005D6C6D01A000008E35C0000E6
:2052600005D9C0051A000005E35C00001A000003E1A00004E3A0101BEBFFB4C4E5C6B6D04A
:20528000E5D5C017E2888001E158000C3AFFFFBFE3A0B002E3A0E001E5CAB000E3A0C00615
:2052A000E5CAC001E5CAE002EA0000E8E35000011A0000E6E3A0000FE28D1005EBFF87D789
:2052C000E5DDC005E35C00001A000004E3A0101BE5DD3005E1A00004E3A0207BEBFFB4AB59
:2052E000E5D5C017E35C0000E300C6940A00003FE3A06001E08CB005E1A0900401A000009D
:20530000E5FB800CE1A0C188E08CC108E087C00CE59CC004E5DC0000E1A0100DE1A02004A6
:20532000EBFFDA5AE59D3000E1A02008E085C002E353004A9A00000CE5DCC7D8E35C000008
:2053400005DBC0041A000008E35C000005DBC0051A000005E35C00001A000003E1A00004A3
:20536000E3A0101BEBFFB489E5CB6004E5DB8001E1A0C188E08CC108E087C00CE59CC0048C
:20538000E5DC0000E1A0100DE1A02004EBFFDA3FE59D3000E1A02008E082C005E353004A04
:2053A00095D5C0179A00000EE5DC07D8E28C8E6DE350000005D8C0001A000008E35C0000CA
:2053C00005DBC0051A000005E35C00001A000003E1A00004E3A0101BEBFFB46CE5C8600063
:2053E000E5D5C017E2899001E159000C3AFFFFC3E3A00071E1A01004EBFFB15CE3A01004C8
:20540000E3A00041E3A02001EBFFA838E5D5C013E2858F6AE3A07001E35C000013096BC0F3
:205420000A00000CE3A0900CE340680301A00000E4D8C024E16C098CE796C00CE5DC00027A
:20544000E1A01007EBFF6F5DE5D5C013E2844001E154000C3AFFFFF5E5CA7002E3A0E002D6
:20546000E5CAE000E3A0C005E5CAC001EA000077E35000011A000075E3A01003E3A0004167
:20548000E3A02001EBFFA819E5D5C017E2856E6AE35C000013A0800C0A00000C01A00000B8
:2054A000E4D6C00CE10C788CE59CC004E59CC004E5DC0000E5DC1001E3A02001EBFFB01BFF
:2054C000E5D5C017E2844001E154000C3AFFFFF3EBFFB33EE3A0C004E3A0B001E5CAC00162
:2054E000E3A09002E5CAB002E28DD00CE5CA9000EA000057E350000205DAC0021A00005328
:20550000E35C000015DAC0010A000050E5CA4002E28DD00CE5CAC000EA00004D01A00000BF
:20552000E5D5C017E5D50013E190C00C15D5C0180A00003EE2858013E35C00000A0000255E
:20554000E1A06004E300970CE300B14FE5F8C001E35C00000A00001AE3090BC0E286706D00
:20556000E3400803E1A0C187E08CC107E790C00CE5DC0001E1A0100DE1A02004EBFFD9C332
:20558000E59D3000E1A0C186E08CC086E15B0003E085C00C9A00000AE089C00CE5DC0000D5
:2055A000E350000005DCC0011A000005E35C00001A000003E1A00004E3A0101BE6EF2077FC
:2055C000EBFFB3F2E5D5C018E2866001E156000C35F8C0013AFFFFDDE3A0000FE28D100585
:2055E000EBFF870EE5DDC005E35C00000A000004E3A0101BE5DD3005E1A00004E3A0207B10
:20560000EBFFB3E2E3A0C003E3A0E001E5CAC001E3A0B002E5CAE002E28DD00CE5CAB00081
:20562000EA00000B01A0000001A0000001A00000E3A0C00BE28DD00CE5CAC000EA0000049C
:20564000E3A00001EBFFCA59E3A0C00BE5CAC000E28DD00CE8BD8FF000000000000000008D
:20566000E52DE004E52DB004E52DA004E52D9004E52D8004E52D7004E52D6004E52D50041A
:20568000E52D4004E30D9BBAE3095BBCE3409803E3405803E2851F69E5D9C000E24DD00CB8
:2056A000E25CC06005F1200C0A000129E30A4E10E25CC001E34048030A0000D4E25CC001A1
:2056C000E30ACE271A00015AE3000694E340C803E0806004E5DCC000E35C000005D9C003E3
:2056E0000A00007BE3A0A000E1A0800A01A00000E5F6700CE3A0C00CE10C5C87E59CC0049B
:20570000E5DC0000E28D1004E1A02008EBFFD95FE5D92003E59DC004E1520007059DC004B3
:205720000A00002FE35C006F8084C0079A000063E5DCC7D8E35C000115D6C0010A00005F05
:20574000E084C00CE5DCC6D0E35C000005D6C0051A00005AE35C000005D6C0021A00005722
:20576000E35C000005D6C0041A000054E35C00001A000007E1A03002E1A00008E3A010109E
:20578000E1A02007EBFFB381E5D92003E3A0C001E5C6C004E1A0C182E08CC102E085C00C8B
:2057A000E59CB008E5DBC011E3A0000CE10C408CE5DCC6A4E35C00001A000040E3A0101070
:2057C000E1A00008E1A03007EBFFB370E5DBC011E3A0000CE3A07001E10C408CE5CC76A4E3
:2057E000EA000036E35C0070E084C0072A000013E5DCC7D8E35C000215D6C0010A00000F0C
:20580000E084C00CE5DCC6D0E35C000005D6C0051A00000AE35C000005D6C0041A000007FF
:20582000E35C00001A000005E1A00008E3A01010E3A030FDEBFFB355E3A0C001E5C6C00489
:20584000E5D67001E3A0C00CE10C5C87E59CC004E3A00001E5C60002E5DC0000E28D100443
:20586000E1A02008EBFFD909E59DC004E35C006F85D6C0039A000011E35C000015D6C00507
:205880000A00000EE35C00000087C0041A00000BE28CBE6DE5DBC000E35C00001A000007C8
:2058A000E3A01010E5D93003E1A00008E1A02007EBFFB336E3A0C001E5CBC000E5C680036E
:2058C000E5D4C017E28AA001E15A000C25D9C0033AFFFF86E3A02000E1A0018CE080010C47
:2058E000E0850000E5900008E5D01011E28C0001E35100FF1A00001BE350002BE1A01180A9
:205900008A000017E0811100E0851001E241100CE5F1300C01A0000001A0000001A00000CA
:20592000E3530020059130081A000002E5D33011E35300FF0A000007E3520000E280000150
:205940001A000007E350002C35F1300C3AFFFFF3E3A00024EA000003E3A02001E6EFC070FD
:20596000E5C9C003E3A00024E35200001A000017E350002BE1A011808A000098E0811100A5
:20598000E0851001E241100CE5F1300C01A00000E3530020059130081A000003E5D3301165
:2059A000E35300FF16EFC0701A000007E3520000E28000011A000005E350002C35F1300CE4
:2059C0003AFFFFF2E3A0C070EA000085E5C9C003E1A0018CE080C10CE085C00CE59CC00459
:2059E000E59CC004E5DC1001E5DC0000E3A02001EBFFAECEEBFFB1F5E3A0C061E28DD00C46
:205A0000E5C9C000EA00008B01A0000001A00000E3A0600CE2858F99E3A07034E5F8C00C13
:205A2000E35C0050135C00201A000036E598C004E5D80001E5DC1003E1A0200DEBFFD90BA9
:205A4000E5DDC000E35C0000E084C0070A00002DE5DCC7D8E35C000005D920031A00002940
:205A6000E598A008E1A0C182E08CC102E085C00CE1A00182E0800102E59CC008E0850000C8
:205A8000E590B008E5DCC011E35C00FFE10C468C0A00000AE5DCC6A4E35C00001A000007AB
:205AA000E3A00000E3A01010E1A03007EBFFB2B7E5DBC011E10C468CE3A00001E5CC06A486
:205AC000E5DAC02BE3A00024E35C00FFE10C408C0A00000CE5DCC1ACE35C00001A000009D8
:205AE000E1A01006E5D93003E3A00000E6EF2077EBFFB2A6E5DAC02BE3A00024E10C408CE3
:205B0000E3A0B001E5CCB1ACE2877001E357005835F8C00C3AFFFFC1E5D9C003E1A0018C56
:205B2000E080C10CE085C00CE59CC004E59CC004E5DC1001E5DC0000E3A02000EBFFAE7B34
:205B4000EBFFB1A2E3A0C062E28DD00CE5C9C000EA000038E3A0C000E3A0002401A00000FD
:205B6000E3520020059120081A000003E5D22011E35200FF05C900030A000020E35C00009F
:205B8000E28000011A00001DE350002C35F1200C3AFFFFF2E35C0000E2851F691A00001731
:205BA000E3A00024E5F1200C01A0000001A00000E3520020059120081A000002E5D22011E3
:205BC000E35200FF1A000008E35C0000E28000011A00000AE350002C35F1200C3AFFFFF3CD
:205BE000E3A0C070E5C9C000EA000011E5C90003EA00000201A0000001A0000001A0000009
:205C0000E5D9C003E1A0018CE080C10CE085C00CE59CC004E59CC004E5DC1001E5DC00007A
:205C2000E3A02001EBFFAE41EBFFB168E3A0C061E5C9C000E28DD00CE8BD8FF00000000063
:205C4000E52DE004E52DB004E52DA004E52D9004E52D8004E52D7004E52D6004E52D500434
:205C6000E52D4004E30D8BBAE3090FD0E3408803E3400803E24DD00CE5D8C000E25CC0501C
:205C800005F0100C0A00009EE30A4E10E25CC001E3095BBCE3404803E34058030A00005FA9
:205CA000E25CC001E30ACE271A0000BDE340C803E5DCC000E35C0000E300C6940A0000280F
:205CC000E3A06000E08C7004E3A0B00CE3A0A001E5F7900CE16C0B89E3090BC0E340080360
:205CE000E790C00CE5DC0000E28D1004E3A02000EBFFD7E6E59DC004E35C006FE084C009B2
:205D00009A000013E5DCC7D8E35C000115D7C0010A00000FE084C00CE5DCC6D0E35C0000AA
:205D200005D7C0051A00000AE35C000005D7C0041A000007E35C00001A000005E3A010109D
:205D4000E5D83003E3A00000E1A02009EBFFB20FE5C7A004E5D4C017E2866001E156000C8F
:205D60003AFFFFDAE5D80003E280C001E35C005FE1A0118C8A000022E081210CE3A01000A5
:205D8000E0852002E242200CE5F2300C01A00000E353002006EF007C0A000007E35100006C
:205DA000E28CC0011A000005E35C006035F2300C3AFFFFF6E3A0B020EA000012E5C8000366
:205DC000E1A0C180E08CC100E085C00CE59C4004EBFFAC6EE300C600E346C800E5D4000186
:205DE000E3A01001E1DC20B0E1820011E1CC00B0EBFFAD8AE3A0C051E28DD00CE5C8C00044
:205E0000EA000068E3A0B020E5C8B000E3A0E001E5C8E002E3A0C060E5C8C001EA00006032
:205E2000E30ACE23E2846F61E340C803E5DCC000E35C000013A0B0010A00001FE3A0A00CE4
:205E4000E3A0900001A0000001A0000001A00000E5F67024E10C5A87E59C1004E5DC0001B8
:205E6000E5D11003E1A0200DEBFFD800E5DDC000E35C0000E084C0070A00000BE5DCC7D888
:205E8000E35C000005D6C0041A000007E35C00001A000005E1A0100AE5D83003E3A0000097
:205EA000E1A02007EBFFB1B9E5C6B004E5D4C013E2899001E159000C3AFFFFE4E5D8C0031D
:205EC000E1A0018CE080C10CE085C00CE59C4004EBFFAC2EE300C600E346C800E5D4000179
:205EE000E3A01001E1DC20B0E1C20011E1CC00B0EBFFAD4AE3A0C052E28DD00CE5C8C00042
:205F0000EA000028E3A0C058E3A0200001A00000E351002005C8C0030A000010E35200005D
:205F2000E28CC0011A00000DE35C006035F0100C3AFFFFF6E3A0B020E3A0E001E5C8B000E9
:205F4000E3A0C060E5C8E002E28DD00CE5C8C001EA00001401A0000001A0000001A0000075
:205F6000E5D8C003E3091BC0E3401803E1A0018CE080C10CE791400CEBFFAC04E300C6005A
:205F8000E346C800E5D40001E3A01001E1DC20B0E1820011E1CC00B0EBFFAD20E3A0C05119
:205FA000E5C8C000E28DD00CE8BD8FF000000000E52DE004E52DB004E52DA004E52D9004ED
:205FC000E52D8004E52D7004E52D6004E52D5004E52D4004E30D8BBAE3094BBCE30A5E10F0
:205FE000E3408803E3404803E2841F81E5D8C000E24DD00CE3405803E25CC03005F1200C29
:206000000A00021EE25CC001030ACE230A0001A7E25CC00105D5C0171A00027FE3000694DF
:20602000E35C0000E08070051A000008E5D50013E5D82003E3500000130001A91A0000AEC5
:20604000E1A0C004E1A01182E0811102EA00011CE3A0A00001A0000001A0000001A0000066
:20606000E5F7900CE3A0C00CE5D76001E10C4C89E3A0000CE1014086E59CC004E591B004D4
:20608000E5DC0000E3A02000E28D1004EBFFD6FFE5D82003E5D7C001E152000CE59DC00478
:2060A0000A000056E35C0F41E085C0092A000024E5DCC7D8E35C000215D7C0030A000020FB
:2060C000E35C000005D7C0051A00001DE35C000005D7C0041A00001AE35C00001A00000736
:2060E000E1A03002E3A00000E3A01010E1A02009EBFFB126E5D82003E3A0C001E5C7C004C8
:20610000E1A0C182E08CC102E7D4C00CE35C00210085C0021A00000AE5DCC6D0E35C0000A4
:206120001A000007E3A00000E3A01010E1A03009EBFFB116E5D8C003E085C00CE3A0000178
:20614000E5CC06D0E5DB0000E28D1004E3A02000EBFFD6CEE59DC004E35C0F413086900524
:206160002A00005CE5D9C7D8E35C000215D7C0030A000058E35C000005D7C0051A0000559B
:20618000E35C000005D9C6D01A000052E5D82003E35C00001A000007E1A03002E3A000006A
:2061A000E3A01010E1A02006EBFFB0F8E5D82003E3A0C001E5C9C6D0E1A0C182E08CC102A8
:2061C000E7D4C00CE35C00210085C0021A000041E5DCC6D0E35C00001A00003EE3A00000C5
:2061E000E3A01010E1A03006EBFFB0E8E5D8C003E3A00001E085C00CE5CC06D0EA000035E8
:20620000E59DC004E35C0F41E085C0099A00000FE5DCC7D8E35C000115D7C0050A00000B6C
:20622000E35C000005D7C0041A000008E35C00001A000006E3A00000E3A01011E1A020092D
:20624000E1A03000EBFFB0D1E3A0C001E5C7C004E5DB0000E28D1004E3A02000EBFFD68B3D
:20626000E59DC004E0869005E35C0F4185D9C6D09A00000EE35C000005D7C0051A00000BAD
:20628000E35C00001A000013E3A01010E3A00000E1A02006E3A030FEEBFFB0BCE3A0C0017A
:2062A000E5C9C6D0EA00000B01A0000001A00000E5D7C005E35C0000E3A0C00C1A00000535
:2062C000E3A00001E10C4C86E5C70003E1A0E000E59CC008E5CCE00DE5D5C017E28AA001E6
:2062E000E15A000C25D500133AFFFF5CE5D82003E3500000130001A90A00006EE3A090005B
:20630000E0807005E1A0C182E08CC102E5D76001E15200060A000035E7D4C00CE35C00203A
:206320000A000001E15200062A00005AE35600FF0A000058E3A0C00CE10C4C86E59CC004A8
:20634000E5DC0000E28D1004E3A02000EBFFD64FE59DC004E35C0F413086A0052A00004CA1
:20636000E5DAC7D8E35C000215DAC6D00A000048E5D82003E35C00001A000007E1A03002B4
:20638000E3A00000E3A01010E1A02006EBFFB07FE5D82003E3A0C001E5CAC6D0E1A0C182EA
:2063A000E08CC102E7D4C00CE35C00210085C0021A000038E5DCC6D0E35C00001A00003549
:2063C000E3A00000E3A01010E1A03006EBFFB06FE5D82003E3A00001E085C002E5CC06D0C5
:2063E000EA00002C01A0000001A0000001A00000E3A0C00CE10B4C86E59BC004E5DC000092
:20640000E28D1004E3A02000EBFFD620E59DC004E35C0F41E086C0059A000009E28CAE6D4A
:20642000E5DAC000E35C000005D7C0001A000018E3A0000AE10C508CE5DCC70CE35C0000A7
:206440000A00000AE085C006E5DCC6D0E35C0000059BC0081A00000EE5D82003E3A0000173
:20646000E5CC000DEA00000B01A0000001A00000E3A01010E3A00000E1A02006E3A030FEA9
:20648000EBFFB042E5D82003E3A0C001E5CAC000EA000000E5D82003E5D50013E2877024F9
:2064A000E2899001E159000035D76001E1A0C182E08CC1023AFFFF95E1A01182E1A0C00420
:2064C000E0811102E2823001E3530033E7DCE001E1A07183E3A010008A000010E087710329
:2064E000E0847007E247700C01A0000001A00000E5F7900CE15E000906EF20730A00002860
:20650000E1A0E182E08EE102E3510000028330011A000024E3530034E7DCE00E3AFFFFF3D8
:20652000E2843F81E35E00201A00000CE3A0C02CE5F3E00C01A0000001A0000001A0000098
:20654000E35E00210A00000DE3510000E28CC0011A000014E35C003435F3E00C3AFFFFF77B
:20656000E3A0C040E5C8C000E3A00007E3A01001EBFF6B12E28DD00CEA00012801A00000A7
:20658000E6EF207CE5C82003E1A0C182E08CC102E084300CE3A0C001E5D3E000E35E0021E9
:2065A000EA000006E5C82003E1A0C182E08CC102E084300CE5D3E000E3A0C001E35E00214A
:2065C0001A00002EE5D5B017E1A0E001E30046A1E1A0700101A0000001A0000001A00000F1
:2065E000E1A09187E0899107E0859009E0849009E15B00079A00000BE5D9A000E152000A83
:2066000005D990041A000002E3A0E001E359000011A0C001E35E0000E28770010AFFFFEFC8
:20662000E35C0000EA000016E35E0000E1A040011A00001201A0000001A0000001A0000009
:20664000E1A07284E0877104E0857007E15000049A00000AE5D771AAE15200070085E006B6
:206660001A000003E5DE76D0E3A0E001E357000011A0C001E35E0000E28440010AFFFFEF05
:20668000E35C00000A0000E2E593C004E59CC004E5DC0000E5DC1001E3A02001EBFFABA3DF
:2066A000EBFFAECAE3A0C031EA0000DA01A00000E340C803E2856F61E5DCC000E35C0000BA
:2066C00013A0B00C1A00000AE5D8C003E1A0018CE080010CE1A0118CE081C10CE7D4000025
:2066E000E084C00CE35000211A00005AE3A0C032EA000060E3A0A00001A0000001A000007E
:20670000E5F67024E10C4B87E59C1004E5DC0001E5D11003E1A0200DE5D69002EBFFD5D39E
:20672000E5D82003E1520009E1A0C1820A00002FE08CC102E7D4C00CE35C00200A0000021F
:20674000E152000925D5C0132A000036E35900FFE5DDC0000A000032E35C00000085C0074C
:206760001A00002FE5DCC7D8E35C000005D6C0041A00002BE35C00001A000007E1A030023A
:20678000E3A00000E1A0100BE1A02007EBFFAF7FE5D82003E3A0C001E5C6C004E1A0C182C3
:2067A000E08CC102E7D4C00CE35C00210085C0021A00001BE5DCC6D0E35C00001A0000187F
:2067C000E3A00000E3A01010E1A03007EBFFAF6FE5D8C003E3A00001E085C00CE5CC06D017
:2067E000EA00000F01A0000001A0000001A00000E5DDC000E35C000015D6C0040A0000083B
:20680000E35C00001A000006E3A00000E3A0100DE1A02007E1A03000EBFFAF5CE3A0C00164
:20682000E5C6C004E5D5C013E28AA001E15A000C25D8C0033AFFFFB1E1A0018CE080010CE4
:20684000E1A0118CE081C10CE7D40000E084C00CE35000210A000006E59CC004E59CC00413
:20686000E5DC0000E5DC1001E3A02000EBFFAB2FEBFFAE56E3A0C032E5C8C000EA000066FE
:20688000E3A0C02CE3A0000001A0000001A00000E352002005C8C0030A000020E350000082
:2068A000E28CC0011A00001DE35C003435F1200C3AFFFFF6E3500000E2841F811A00001715
:2068C000E3A0C02CE5F1200C01A0000001A00000E35200210A00000FE3500000E28CC00134
:2068E0001A00000EE35C003435F1200C3AFFFFF7E3A0C050E5C8C001E3A0C020E5C8C000AB
:20690000E3A00007E3A01001E5C81002EBFF6A2BE28DD00CEA000041E5C8C003EAFFFFFF4E
:20692000E5D81003E3A02001E1A0C181E08CC101E084300CE5D3C000E35C00211A00002B35
:20694000E5D57017E1A0C000E1A0E000E30096A1E1A0418CE084410CE0854004E0894004E5
:20696000E157000C9A00000BE5D46000E151000605D440041A000002E3A0E001E354000009
:2069800011A02000E35E0000E28CC0010AFFFFEFE3520000EA000016E35E000005D56013FC
:2069A0001A000012E1A04000E1A0C00501A00000E1A05284E0855104E08C5005E1560004F6
:2069C0009A00000AE5D551AAE1510005008CE0051A000003E5DE56D0E3A0E001E355000014
:2069E00011A02000E35E0000E28440010AFFFFEFE35200000A000006E593C004E59CC00421
:206A0000E5DC0000E5DC1001E3A02001EBFFAAC7EBFFADEEE3A0C031E5C8C000E28DD00C33
:206A2000E8BD8FF0000000000000000000000000E30DCBBAE340C803E5DC1000E3C1100F3B
:206A4000E2511010030A1E100A00002CE25110100A00001FE25110100A00001AE25110102C
:206A60000A000009E25110100A000004E251C010112FFF1EE3500001112FFF1EEAFFFAF7D7
:206A8000E3500001112FFF1EEAFFFC6CE350000105DC0004112FFF1EE2800001E6EF0070F6
:206AA000E3500005E5CC0004312FFF1EE3A03001E3A02020E5CC3002E3A00050E5CC20006E
:206AC000E5CC0001E12FFF1EE3500001112FFF1EEAFFFD36E350000205DC0002112FFF1EB5
:206AE000E350000015DC0001012FFF1EE5CC0000E3A03000E5CC3002E12FFF1E01A000000F
:206B0000E3401803E5D10017E5D11013E191000003A0007005CC0000012FFF1EE3A030013A
:206B2000E3A02020E5CC3002E3A00030E5CC2000E5CC0001E12FFF1E00000000000000004C
:206B4000E52DE004E52DB004E52DA004E52D9004E52D8004E52D7004E52D6004E52D500425
:206B6000E52D4004E52D3004E30BB642E340B803E5DBC000E25CC004030ACE1F0A000067C8
:206B8000E25CC00118BD8FF8E30A5E10E3A0A000E1A0700AE3405803E1A04005E3A0000159
:206BA000E5D5300FE35300000A00005201A00000E1A0C207E04CC087E084100CE281802C5D
:206BC000E350000011A022070A00004AE5D8C000E0422087E0849002E35C00FFE3A0200C2B
:206BE0000A000041E309EBC4E162028CE340E803E79E2002E3A0E00EE5D22010E35200FF9D
:206C0000E1024E820A000031E282202AE5D2E002E35E00FF05D1E0291A00002CE287600110
:206C2000E35E000005D1E02A1A00000CE5D22000E2876001E152000E1A000008E5D120280B
:206C4000E3A00000E1A0300CE3A01003EBFFAE4FE1A0C005E3A00000E5DC300FEA000022A2
:206C6000E15600033A000005E3500000028770010A00001EE28AA002EA00001B01A0000092
:206C8000E1A0C206E04CC086E084C00CE28CC028E350000015D820000A000013E5DC100481
:206CA000E15100021A000006E5D92028E5DC3000E3A00000E3A01003EBFFAE34E5D5300FAB
:206CC000E3A00000E2866001EAFFFFE401A00000E3A00000E5D92028E1A0300CE3A010031F
:206CE000EBFFAE2AE5D5300FE3A00000E2877001E15700033AFFFFADE153000A0A00001AFA
:206D0000E3A00000E3A01003E3A02087EBFFAE1FE3A0C006EA00001501A0000001A00000EF
:206D2000E340C803E5DC3000E35300000A00000EE1B0CF83E3A0C0001A000004E5CBC00171
:206D4000E3A0E005E5CBE000E8BD8FF801A00000E3A00000E3A01003E3A02087EBFFAE0B88
:206D6000E3A0C006E5CBC000E8BD8FF8E3A0C006E5CBC000E8BD8FF8000000000000000049
:206D8000E52DE004E52DB004E52DA004E52D9004E52D8004E52D7004E52D6004E52D5004E3
:206DA000E52D4004E30BB642E24DD00CE30C7CCDE340B803E30A6E10E34C7CCCE3A04000D1
:206DC000E3406803E5DBC000E58D4000E58D4004E25CC001030ACE200A000164E1A020062D
:206DE000E25CC00105DBC0010A00007CE25CC00105DBC0011A0001ABE28CC001E6EFC07CC7
:206E0000E35C000A25D2C0103A000070E5CB4001E35C0000E1A0C0020A000067E3A06001F0
:206E2000E28C90FCE1A0A004E5F9500E01A00000E3090BC0E1A0C185E5D93001E08CC105B7
:206E4000E3400803E3530001E790800C9A00002BE253C0021A00004DE5D80000E1A0100D4C
:206E6000E1A02004EBFFD389E5D80001E28D1004E1A02004EBFFD385E59D3004E300CFCDCA
:206E8000E15C0003E59DC0008A000004E08C0C97E1A0C1ACE28CC00AE15C00039A000007CC
:206EA000E5D9C003E35C00001A000004E1A00004E1A01006E1A02005EBFFADB4E5C96003D6
:206EC000E598C004E5DC0000E5DC1001E1A02004EBFFA996E598C008E5DC0000E5DC100138
:206EE000E1A02006EBFFA991E30ACE10E28AA001E340C803EA00002C01A0000001A00000A9
:206F0000E5D80000E1A0100DE1A02004EBFFD35FE5D80001E28D1004E1A02004EBFFD35B57
:206F2000E59D3004E300CFCDE15C0003E59DC0003A000004E08C0C97E1A0C1ACE28CC00A27
:206F4000E15C00032A000007E5D9C003E35C00001A000004E1A00004E1A01006E1A0200520
:206F6000EBFFAD8AE5C96003E598C004E5DC0000E5DC1001E1A02004EBFFA96CE30ACE109C
:206F8000E28AA001E340C803EA00000701A00000E1A01006E1A00004E3A020C7EBFFAD7BCC
:206FA000E30ACE10E28AA001E340C803E5DCC010E15A000C35F9500E3AFFFF9CEBFFAC83BA
:206FC000E3A0C004E28DD00CE5CBC000EA000136E5CBC001EA00013301A0000001A00000BD
:206FE000E1A05007E28CC001E6EF107CE351000AE1A03FC12A000049E5CB1001E3A0E000D3
:20700000E0030395E023319EE0A3E195E1A03123E6FF3073E0833103E153000105D210100A
:207020001A000120E1A05006E3510000E28580FC0A000037E1A07004E3A09001E5F8600E92
:20704000E3090BBCE1A0C186E5D83001E08CC106E3400803E080C00CE3530001E59CB004CE
:20706000E59CA0089A000025E253C0021A00001FE5DB0000E1A0100DE1A02004EBFFD30335
:20708000E59DC000E3000FAFE150000C2A00001BE59BC004E5DC0000E5DC1001E1A020040F
:2070A000EBFFA922E5D8C003E35C00001A000005E1A00004E59D3000E1A01009E1A02006C5
:2070C000EBFFAD32E5C89003E30FEC30E3A0C005E5CAC00CE34FEFFFE59EC000E58AC00044
:2070E000EA00000601A0000001A0000001A00000E1A00004E1A01009E3A020C7EBFFAD237A
:20710000E5D5C010E2877001E157000C35F8600E3AFFFFCAEBFFAC2DE28DD00CEA0000E250
:20712000E5D61010E1A0C006E5CB4001E28C80FCE35100000A000088E3A05001E1A09004A3
:20714000E5F8600E01A0000001A0000001A00000E3090BBCE1A0C186E5D83001E08CC10665
:20716000E3400803E080C00CE3530001E59C7004E59CA0089A000039E253C0021A00006B11
:20718000E5D70000E1A0100DE1A02004EBFFD2BFE5D70001E28D1004E1A02004EBFFD2BB19
:2071A000E59DC004E3000FCDE30C1CCDE150000CE59D0000E34C1CCC3A000010E0801091D1
:2071C000E1A001A0E280000AE150000C3A00000BE597C004E5DC0000E5DC1001E1A0200526
:2071E000EBFFA8D2E597C008E5DC0000E5DC1001E1A02004EBFFA8CDE30ACE10EA0000504B
:20720000E597C004E5DC0000E5DC1001E1A02004EBFFA8C6E5D8C003E35C00001A000005C0
:20722000E1A00004E59D3004E1A01005E1A02006EBFFACD6E5C85003E30FEC30E3A0C00514
:20724000E5CAC00CE34FEFFFE59EC000E58AC000EA00003A01A0000001A0000001A000001A
:20726000E5D70000E1A0100DE1A02004EBFFD287E5D70001E28D1004E1A02004EBFFD283A8
:20728000E59DC004E3000FCDE30C1CCDE150000CE59D0000E34C1CCC8A000010E0801091A0
:2072A000E1A001A0E280000AE150000C8A00000BE597C004E5DC0000E5DC1001E1A02005F5
:2072C000EBFFA89AE597C008E5DC0000E5DC1001E1A02005EBFFA895E30ACE10EA00001811
:2072E000E597C008E5DC0000E5DC1001E1A02005EBFFA88EE5D8C003E35C00001A00000F09
:20730000E1A00004E59D3004E1A01005E1A02006EBFFAC9EE5C85003E30ACE10E340C80308
:20732000EA00000801A0000001A0000001A00000E1A00004E1A01005E3A020C7EBFFAC93CA
:20734000E30ACE10E340C803E2899001E5DCC010E159000C35F8600E3AFFFF7CEBFFAB9B22
:20736000E3A0C003E28DD00CE5CBC000EA00004EE340C803E28670FCE5DCC000E35C000052
:2073800003A0C00405CBC0000A000046E1A09004E3A0A001E5F7500E01A0000001A00000F1
:2073A000E3090BC0E1A0C185E5D73001E08CC105E3400803E3530001E790800C9A00002B03
:2073C000E253C0021A000021E5D80000E1A0100DE1A02004EBFFD22DE5D80001E28D100451
:2073E000E1A02004EBFFD229E59DC000E30C0CCDE59D3004E34C0CCCE08C0C90E1A0C1AC46
:20740000E28CC00AE15C000385D7C0039A000007E35C00001A00001AE1A00004E1A0100AA1
:20742000E1A02005EBFFAC59E5C7A003EA000014E598C004E5DC0000E5DC1001E1A0200AEB
:20744000EBFFA83AE5D6C010E2899001EA00000EE1A00004E1A0100AE3A020C7EBFFAC4B76
:20746000E5D6C010E2899001EA00000701A00000E598C008E5DC0000E5DC1001E1A0200476
:20748000EBFFA82AE5D6C010E2899001E159000C35F7500E3AFFFFC1EBFFAB4CE5CB40010E
:2074A000E3A0C002E5CBC000E28DD00CE8BD8FF0E52DE004E52DB004E52DA004E52D900490
:2074C000E52D8004E52D7004E52D6004E52D5004E52D4004E30CB3EDE24DD00CE30A6E1059
:2074E000E340B803E3A09000E3406803E58D9000E5DBC000E25CC00105D6C0180A0000745B
:20750000E25CC0010A00005DE25CC00105DBC0011A0000A4E28CC001E6EFC07CE35C000325
:2075200025D600183A000053E5DB4002E59DC000E1500004E58DC004E284506DE5CBC00168
:207540009A00003FE3090BB0E1A01185E3A07001E081C105E3400803E080A00C01A000009E
:20756000E28AA00CE59AC004E5DC0001E1A0100DE1A02009EBFFD1C5E5DBC002E15C000463
:20758000E59DC0000A000015E300014FE150000C31A0C1842A000024E08CC084E086800C14
:2075A000E5D8C70CE35C000005D8C70D1A00001EE35C00001A00001CE3A01016E1A000096B
:2075C000E6EF2075E1A03007EBFFABF0E5C8770DEA00001501A0000001A0000001A00000F1
:2075E000E59DC000E300014FE150000CE1A0C1849A00000DE08CC084E086800CE5D8C70C3A
:20760000E35C000005D8C70D1A000007E35C00001A000005E1A00009E3A01016E6EF20755E
:20762000E1A03000EBFFABD9E5C8770DE5D60018E2844001E2855001E154000025DB400251
:207640003AFFFFC6E284C001E6EF407CE1500004C5CB4002C3A0C002C5CBC000CA000051DD
:20766000E59DC004E3A0E004E5CBC002E28DD00CE5CBE000EA00004CE5CBC001EA00004936
:20768000E5DBC002E30B151CE3401803E1A0018CE080008CE7D10000E35000001A00000804
:2076A000E3092BC0E1A0018CE3402803E300151CE080C10CE081C00CE792C00CE5DC000023
:2076C000EBFFA862E3A0C003E28DD00CE5CBC000EA000035E1A04006E35C00000A00002F57
:2076E000E5D4C013E30A60CCE3406803E35C000011A050090A000029E3A0706DE3A0A00157
:20770000E286600CE596C004E5DC0001E1A0100DE1A02009EBFFD15DE59DC000E300014FBF
:20772000E150000CE1A0C1852A000013E08CC085E084C00CE5DC070CE3500000E300070D29
:207740001A00000DE080800CE5D8C000E35C00000084C0051A000008E5DCC014E35C00001B
:207760000A000004E3A01016E1A00009E6EF2077E1A0300AEBFFAB85E5C8A000E5D4C018A9
:20778000E2855001E2877001E155000C3AFFFFDBE3A0C002E28DD00CE5CBC000EA00000216
:2077A000E3A0C004E5CBC000E28DD00CE8BD8FF0E30BC640E3000503E340C803E1DCC0B0A9
:2077C000E150000CE30005060A000010E150000CE30005070A00000CE150000CE3000504F9
:2077E0000A000008E150000CE30005080A000003E150000C112FFF1EE3A00002EAFFF4C77A
:20780000E3A00002EAFFFC89EAFFFCCCEAFFFD5BEAFFFF26E12FFF1E000000000000000048
:20782000E30BC640E3000504E340C803E1DCC0B0E150000CE30005080A000003E150000CD6
:20784000112FFF1EE3A00001EAFFF4B4E3A00001EAFFFC76E12FFF1E0000000000000000AA
:20786000E52DE004E52D5004E52D4004E52D3004E3A04000E58D4000EBFFF120E1A0100D02
:20788000E1A05000E3A00001EBFF9F3CE59DC000E35C00010A000009E35C00090A000005E2
:2078A000E1A00004E3A0208CE3A0103FE3A03001EBFFAB36EA000002EBFFFFBCEA00000048
:2078C000EBFFFFD6E1A00005EBFFF134E8BD8038E52DE004E52DC004E52D3004E52D2004AF
:2078E000E52D1004E52D0004EEF8CA10E52DC004EEF1CA10E52DC004ED0D7B02ED0D6B0447
:20790000ED0D5B06ED0D4B08ED0D3B0AED0D2B0CED0D1B0EED0D0B10E24DD040EBFFFFCF20
:20792000ECBD0B10E8BD1000EEE1CA10E8BD1000EEE8CA10E8BD500FE25EF0040000000088
:20794000E1D0C0D1E35C0005A3A0C001A5C0C000A3A0C000B28CC001B6AFC07CE080210C48
:20796000E5821004E5C0C002E5C0C001E12FFF1EE3510000E52DE004E52DB004E52DA004EC
:20798000E52D9004E52D8004E52D7004E52D6004E52D5004E52D4004E24DD00C0A00003EA0
:2079A000E309C90CE1A09001E3A05001E340C803E1A04000E08CC200E3A0B000E24C601072
:2079C000E5F6C01001A0000001A0000001A00000E35C00000A00002CE596A00CE1A0100DDF
:2079E000E6EF0074E28D2004EBFFD0A8E59DC000E2867008E3001BD8E2860004E151000CA7
:207A0000E28680053A000009E35C0050E5DD10042A00000AE5C65002E351000015971000B0
:207A20001A00000BE5D0C000EA00000F01A00000E309190CE3401803E0811204E5C1500155
:207A4000E5DD1004E351000005D0C0000A000006E5971000E08CC001E587C000E5D8C00015
:207A6000E28CC001E5C8C000E5D0C000E5D80000E15C0000CA000004E5971000E1A0000A16
:207A8000EBFFFFAEE587B000E5C8B000E259900115F6C010E28440011AFFFFCCE28DD00C59
:207AA000E8BD8FF0000000000000000000000000E081C000E15C0000E52DE004E52D7004C8
:207AC000E52D6004E52D5004E52D4004E52D300498BD80F8E309CB89E0800080E1A040017F
:207AE000E340C803E3005349E08C6000E3A07000E5F6C00301A0000001A0000001A00000D9
:207B0000E35C00000A00000DE5D60002E1A0100DE1A02007EBFFD05DE59DC000E155000C71
:207B200035D6C0012A000004E35C00FFAA000003E28CC001E5C6C001EA000000E5C67001BF
:207B4000E254400115F6C0031AFFFFECE8BD80F8E52DE004E52D4004E30C484CE340480382
:207B6000E5D4C000E35C000003A000020A00000BE30E0500E34F0FF7E590C004E3CCC402B7
:207B8000E580C004E3A0C801E580C010E3A00005EBFF9E8AE3A00000E5C40000E8BD801040
:207BA000E8BD8010000000000000000000000000E52DE004E52D8004E52D7004E52D600408
:207BC000E52D5004E52D4004E1A04000E3A05000E1A07001E1A06002E5D4C208E35C0001BD
:207BE000159402000A000002E594C204E15C00000A000029E594C204E5940200E26C8C0289
:207C0000E15C00003A00000FE156000831A08002E35800000A00000BE1A00001E084100CFA
:207C2000E1A02008FA0029ADE594C204E1A05008E085C00CE584C204E35C0C0203A0C000A3
:207C40000584C204E0466005E35600001594C2040A00000EE5941200E041000CE15600009B
:207C6000E041800C31A08006E35800000A000007E084100CE0870005E1A02008FA00299765
:207C8000E594C204E088C00CE584C204E0885005E355000013A0C00015C4C208E1A00005B1
:207CA000E8BD81F0000000000000000000000000E52DE004E52D6004E52D5004E52D400486
:207CC000E1A06000E1B05001E24DD0080A000027E3560000E30C484C0A000024E340480351
:207CE000E5D4C000E35C00001A000020EBFFA527E30EC53BE34FCFF7E58DC000E3A0000539
:207D0000E1A02005E3A01001E1A03006EBFF7BBBE30DC734E340C803E58C60A0E1CC5BB050
:207D2000E1A06000EBFFA531E3A00005E3A01010EBFF791EE35600001A00000CE3A000050F
:207D4000EBFF7D56E3500000E30EC5001A000007E3A00801E34FCFF7E3A01001E5C410008B
:207D6000E58C000CE59C0004E3800402E58C0004E28DD008E8BD8070000000000000000047
:207D8000E30CC84CE340C803E52DE004E52D4004E5DCC000E35C000018BD8010E30C480C3E
:207DA000E30C03F0E3404803E3A02040E3400803E1A01004EBFFFF7DE1B0C00008BD8010C1
:207DC000E6FF107CE1A00004EBFFFFB8E8BD8010E52DE004E52D6004E52D5004E52D4004AF
:207DE000E24DD008E3A05000E1CD50B0EBFFEFC3E1A0100DE1A06000E3A00010EBFF796B7F
:207E0000E1DDC0B0E1B0CF8CE1DDC0B01A000004E1A04005E31C00021A00000CE1DDC0B0E1
:207E2000EA000012E1A00005E3A01010EBFF78DFE1A00005E3A01014EBFFFECCE1DDC0B0CD
:207E4000E3A04001E31C0002E1DDC0B00A000007E3A00001E3A01010EBFF78D4E1A000053B
:207E6000E3A01008EBFFFF11E1DDC0B0E3844002E31C00040A000006E3A00002E3A010105B
:207E8000EBFF78CAE3A00014E1A01000EBFFFEB7E3844004E1DDC0B0E31C00080A000006FF
:207EA000E3A00003E3A01010EBFF78C0E3A00008E1A01000EBFFFEFDE3844008E1DDC0B099
:207EC000E31C00200A000007E3A00005E3A01010EBFF78B6EBFFFF1DE3500000E38440202F
:207EE0001A000000EBFFFFA5E1DDC0B0E35C00000A000006E35400001A000004E3A0103F36
:207F0000E1DD30B0E1A00005E3A0208BEBFFA99FE1A00006EBFFEFA1E28DD008E8BD807000
:207F2000E52DE004E52DC004E52D3004E52D2004E52D1004E52D0004EEF8CA10E52DC00427
:207F4000EEF1CA10E52DC004ED0D7B02ED0D6B04ED0D5B06ED0D4B08ED0D3B0AED0D2B0C9A
:207F6000ED0D1B0EED0D0B10E24DD040EBFFFF97ECBD0B10E8BD1000EEE1CA10E8BD100033
:207F8000EEE8CA10E8BD500FE25EF00400000000E52DE004E52D4004E30AE16CE340E80365
:207FA000E59EC000E35C000003A000000A00001AE5DCC000E30C1D14E3401803E081010C2B
:207FC000E791C10CE5903030E5902060E7DFC61FE5901090E59040C0E7DF361FE083300CA3
:207FE000E590C0F0E7DF261FE0823003E5902120E7DF161FE0811003E5903150E7DF461F76
:20800000E7DFC61FE0841001E7DF261FE08CC001E7DF361FE082C00CE083000CE59EC00409
:20802000E35C000013A0E00111CC00B015CCE004E8BD8010000000000000000000000000E6
:20804000E3090BBCE3400803E52DE004E52D6004E52D5004E52D4004E24DD008E590C48453
:20806000E3A04000E58D4004E5905488E35C0000E5DD6007E5CD60000A000010E5DC0000E1
:20808000E28D1004E1A0200DEBFFCF00EBFFDCCBE350000005CD60000A00000EE59DC004A2
:2080A000E3051B60E3401003E00C0C91E28F1001E12FFF11FBBCFCF04778BF00E6FF407C3A
:2080C000E5DDC000E30A0F80E3400803E35C000011A0C0041A000005E30A0F80E30FCFFF65
:2080E000E3400803EA00000101A0000001A00000E3550000028DD008E1C0C0B00A00000566
:20810000E1DDC0B6E5DD0000E28DD008E1C5C0B2E5C50004E1C540B0E8BD80700000000031
:20812000E52DE004E52D5004E52D4004E52D3004E3094FD0E3404803E284400CE3A0500841
:20814000E5D4C000E5940004E35C0070E59410080A000003E35C0020135C0001135C00108E
:208160001A000008E5D1C00EE24CC002E35C00029A000001E25CC0051A000002E5D00000B9
:20818000E1D110BCEBFFD0CDE284400CE25550011AFFFFEAE8BD8038000000000000000041
:2081A000E52DE004E24DDF49E28D0020EBFFABA3E3500000E5DDC04A1A00001AE35C000237
:2081C000E30DCA540A00000AE340C803E5DCC000E35C00001A000006E1A0000DEBFFA41F74
:2081E000E3500000E5DDC01B1A00000EE35C00050A000002E3A00002EA00000A01A000001D
:20820000E3A0C002E5CDC020E28D0020EBFFABFBE35000001A000003EBFFA3DCEBFF9CFF2A
:20822000EBFFA3F2E3A00000E28DDF49E8BD8000E30AC044E301070CE340C803E52DE004B4
:20824000E52D5004E52D4004E52D3004E30D5B9DE30D4B9EE59CC000E3405803E34048032E
:20826000E1DCC0B0E150000C95D500008A00000AE5D4C000E35000001A000008E35C000089
:2082800008BD8038E3A0000EE3A01001EBFF63CBE3A0C000E5C4C000E8BD8038E5D4C000A2
:2082A000E35C00000A000015E25CC0010A00000DE25CC0010A000002E25CC0010A0000072F
:2082C000E8BD8038EBFF9CC9E5D5C000E35C0000E3A0C0030A000009E5C4C000E8BD80381A
:2082E000EBFFFFAEE8BD8038E3A0000EE3A01000EBFF63B2E3A0C002E5C4C000E8BD80385C
:20830000E3A0C001E5C4C000E8BD803800000000E3091BBCE3401803E52DE004E52D8004C6
:20832000E52D7004E52D6004E52D5004E52D4004E24DD010E591C5A4E3A05000E58D500002
:20834000E59185C8E59165A8E35C0000E5DD0003E5CD00040A000005E5DC0000E1A0100DAF
:20836000E28D2004EBFFCE49EBFFDC14E1A07000E5DD0004E30DCC08E1A04005E340C80360
:20838000E5DCC000E35C00011A000003E35000011A000001E35800001A000030E35C0002EA
:2083A000E5DDC0041A000061E30A0F82E35C0001E30FCFFF1A00005FE3570000E59DC00049
:2083C0000A00005AE3040E20E300ECE4E000009CE28F1001E12FFF11FBB0F1F74778BF0042
:2083E000E15E00018300C2579A000050E15C0001230FCFFF2A00004EE30801B5E241CF96D8
:20840000E30230F4E3410B4EE3A0EF4BE340300DE08C2C90E1A0C2ACE28C4001E6FF207C72
:20842000E1A0508CE1A0C084E00E0E92E19320B5E3A05001E193C0BCE041100EE2411F9668
:20844000E042C00CE00C0C91E08C0C90E1A0C2ACE042C00CE6FF407CEA00003201A0000062
:20846000E1A02004E5D80000E28D1008E58D2008EBFFCE06E59D0008E3002708E59DC000DD
:20848000E3A010E1E15C0000E0010197E002029C0A000026E30180CCE040E00CE042100193
:2084A000E28F2001E12FFF12FBB1F1FE4778BF00E15800018300C3839A00001CE15C0001F9
:2084C000230FCFFF2A00001AE308051FE241CFE1E3A04064E34501EBE302E108E3A0500199
:2084E000E08C2C90E340E00DE1A0C2ACE28C3001E1A03083E1A0208CE00C0C94E19E20B278
:20850000E04CC001E19E10B3E28CCFFAE6FFC07CE0412002E00C0C92E08C0C90E1A0C2AC10
:20852000E041C00CE6FF407CE1A0C004EA000000E30FCFFFE30A0F82E3400803E3560000D9
:20854000028DD010E1C0C0B00A000004E1DDC0B2E28DD010E1C6C0B2E1C640B0E5C650045F
:20856000E8BD81F0000000000000000000000000E30AC100E340C803E52DE004E24DD00C48
:20858000E59CC000E3A00000E58D0004E35C0000E5DD0007E5CD00000A00000FE5DC00010C
:2085A000E28D1004E1A0200DEBFFCDB8EBFFDB83E35000000A00000CE59DC004E30618A0A3
:2085C000E3401006E00C0C91E28F1001E12FFF11FBBCFCF04778BF00E6FFC07CE5DD000033
:2085E000E3500000E30A0F841A000001E30A0F84E30FCFFFE3400803E28DD00CE1C0C0B0E3
:20860000E8BD8000000000000000000000000000E30DCC09E340C803E52DE004E52D400436
:20862000E30A4F86E24DD008E5DCC000E3404803E35C0001E30AC1F01A00001BE3A00000EC
:20864000E340C803E58D0004E5DD0007E59CC000E5CD0000E35C00000A00000FE5DC0000E1
:20866000E28D1004E1A0200DEBFFCD88EBFFDB53E35000000A00000CE59DC004E3051B6080
:20868000E3401003E00C0C91E28F1001E12FFF11FBBCFCF04778BF00E6FFC07CE5DD000075
:2086A000E350000011C4C0B01A000001E30FCFFFE1C4C0B0E28DD008E8BD801000000000D6
:2086C000E30AC178E340C803E52DE004E24DD00CE59CC000E3A00000E58D0004E35C00000C
:2086E000E5DD0007E5CD00000A000018E5DC0000E28D1004E1A0200DEBFFCD64EBFFDB2FDC
:20870000E3500000E5DDC0000A000010E35C0000E59DC0040A00000DE3041E20E28DD00C7E
:20872000E00C0C91E28F1001E12FFF11FBBCFCF04778BF00E30A0F8AE6FFC07CE340080318
:20874000EA00000601A0000001A0000001A00000E30A0F8AE28DD00CE30FCFFFE340080387
:20876000E1C0C0B0E8BD80000000000000000000E30AC16CE340C803E52DE004E24DD00CBA
:20878000E59CC000E3A00000E58D0004E35C0000E5DD0007E5CD00000A000003E5DC000017
:2087A000E28D1004E1A0200DEBFFCD38E5DDC000E30A0F88E3400803E35C000011DDC0B6C2
:2087C000030FCFFFE1C0C0B0E28DD00CE8BD8000E52DE004E52DB004E52DA004E52D900420
:2087E000E52D8004E52D7004E52D6004E52D5004E52D4004E24DD00CE3A04000E58D4004A7
:20880000EBFFDAEEE30A5E10E30A60CCE1A0B000E3405803E3406803E286600CE5D5C0188F
:20882000E35C00001300C7040A00002DE5967008E08CA005E596C004E1A08004E1A0900487
:20884000E35C0000E5CD40000A00000FE5DC0001E28D1004E1A0200DEBFFCD0CE35B0000DA
:2088600005CD40000A00000CE59DC004E3050B60E3400003E00C0C90E28F0001E12FFF10F8
:20888000FBBCFCFB4778BF00E6FF907CE5DDC000E35C000011A0C0091A000004E30FCFFFA2
:2088A000EA00000201A0000001A0000001A00000E3570000E0CAC0BA15DDC000E286600C05
:2088C00015C7C001E2888001E5D5C01811C790B2E158000C3596C00431A0900435967008E8
:2088E0003AFFFFD6E28DD00CE8BD8FF000000000E52DE004E52D9004E52D8004E52D700443
:20890000E52D6004E52D5004E52D4004E24DD00CE30A4064E3A05000E3404803E58D500086
:20892000E5CD5004E5942000E5947004EBFFDAA3E3520000E1A09005E1A060000A00000E00
:20894000E5D20000E1A0100DE28D2004EBFFCCCFE356000005CD50040A00000DE59DC000F2
:20896000E3050218E00C0C90E28F0001E12FFF10FBBCFCF64778BF00E6FF907CE5DDC0043E
:20898000E30A8F8EE3408803E35C000011DDC0B21A000006E30A8F8EE30FCFFFE3408803E8
:2089A000EA00000201A0000001A0000001A00000E3570000E58D5000E1C8C0B015DDC0041D
:2089C00015C7C00111C790B2E594C00CE1A09005E5947010E35C0000E5CD50040A00000E2F
:2089E000E5DC0000E1A0100DE28D2004EBFFCCA7E356000005CD50040A00000BE59DC00072
:208A0000E3050218E00C0C90E28F0001E12FFF10FBBCFCF64778BF00E6FF907CE5DDC0049D
:208A2000E35C000011DDC0B21A00000CE3570000E58D5000E30FCFFFE1C8C0B215DDC004E4
:208A400015C7C00111C790B2E594C018E594701CE1A04005E35C0000EA00000A01A000006F
:208A6000E3570000E1C8C0B215DDC004E58D500011C790B215C7C001E594C018E594701C1C
:208A8000E1A04005E35C0000E5CD50040A00000EE5DC0000E1A0100DE28D2004EBFFCC7B90
:208AA000E356000005CD50040A000007E59DC000E3A00CA5E00C0C90E28F0001E12FFF10B7
:208AC000FBBCFCF64778BF00E6FF407CE357000015DDC004E28DD00C15C7C00111C740B22C
:208AE000E8BD83F0000000000000000000000000E30AC13CE340C803E52DE004E24DD00C85
:208B0000E59CC000E3A00000E58D0004E35C0000E5DD0007E5CD00000A000003E5DC000093
:208B2000E28D1004E1A0200DEBFFCC58E5DDC000E30A0F8CE3400803E35C000011DDC0B61B
:208B4000030FCFFFE1C0C0B0E28DD00CE8BD8000E52DE004E52DB004E52DA004E52D90049C
:208B6000E52D8004E52D7004E52D6004E52D5004E52D4004E30A5E10E24DD00CE3405803C3
:208B8000E2859C07E5D5C018E35C000013A070000A00002CE5F9000AE1A06007E300A7083F
:208BA000E1A04006E300B70601A0000001A00000E35000000A00001EE58D4004E5DDC00772
:208BC000E58D4008E1A08086E5CDC001E28D2001E5DD1001E288C012E5CD1000E6EF007C2F
:208BE000E28D1008EBFFDE01E288C013E28D1004E6EF007CE1A0200DEBFFDDFCE087000537
:208C0000E5DDC001E08B1000E08A2000E35C0000E5DD000011DDC0BA030FCFFFE350000050
:208C2000E1C1C0B011DDC0B6030FCFFFE1C2C0B0E5D5C018E2866001E156000C35F9000AF5
:208C4000E287700A3AFFFFD9E28DD00CE8BD8FF0E52DE004E52D3004EBFFFDACEBFFFE43B7
:208C6000EBFFFE6AEBFFFE95EBFFFEC0EBFFFED7EBFFFF1EEBFFFF9DEBFFFFB4E8BD800867
:208C8000E52DE004E52D6004E52D5004E52D4004E30D5A44E30D4A45E3405803E3404803B3
:208CA000E5D5C000E35C000015D4C0000A000043E35C000003A000F3130D0A4608BD80700B
:208CC000E30DCA48E3400803E30D2A4CE340C803E30D1A7CE3402803E5D03000E340180319
:208CE000E59C0000E3530000E592200013A0000015C50000E30F3C3015C40000E34F3FFFF2
:208D0000E591100018BD8070E5936000E593E000E0460000E1520000E04E10018A00001C9A
:208D2000E30D2A50E3402803E5922000E1520000E30D0A843A000016E5932000E34008031D
:208D4000E58C2000E30DCA77E340C803E5900000E150000135DCC0002A000008E35C00007A
:208D6000E30DCA780A000003E340C803E5DCC000E35C00000A000001E3A060F8EA00000531
:208D8000EBFFBA5EE1B060001A000002E1A00006EA00000CE3A060F7E3A00000E3A0101E39
:208DA000E3A020C6E1A03006EBFFA5F8E3A0C000E5C5C000E5C4C000E1A00006E8BD8070DA
:208DC000E3A060F1E1A00006E8BD807000000000E308C90CE34FCCF7E59C0000E12FFF1E40
:208DE000E30F2C30E34F2FFFE3083980E34F3CF7E5921000E592C00001A0000001A00000BC
:208E0000E5930000E04CC001E1B00FA0E30003E71A000004E150000C330001333A000005DF
:208E2000E3A00000E12FFF1EE35C0FFA3592C0003AFFFFF2E3000133E12FFF1E0000000045
:208E4000E52DE004E52D6004E52D5004E52D4004E1A06001E1B04002E1A050000A00001446
:208E6000EBFFFFDEE350000018BD8070E206001FE205C01FE3085900E1A00A80E34F5CF792
:208E8000E180C80CE38CC102E585C080EBFFFFD3E350000018BD8070E595C080E31C020250
:208EA0001595C08011C4C0B018BD8070E3A00F4DE8BD8070E3A0001EE8BD80700000000014
:208EC000E52DE004E52D5004E52D4004E52D3004E3A0C000E1CDC0B0E1A04001E3A01010D4
:208EE000E1A05002E1A0200DEBFFFFD4E350000018BD8038E1DDC0B0E31C001003A0000292
:208F00000A000020E3540000E1DDC0B01A00000BE3550000E1DDC0B00A000010E3A0001E7C
:208F2000E31C0004E3A0C0010A000012E3A0C002EA00001201A0000001A0000001A00000AA
:208F4000E31C000213A0C00103A0C00211C4C0B001C4C0B0E3550000E1DDC0B01A0000013C
:208F6000E3A0001EE8BD8038E31C0004E3A0C0021A000002E3A0C001E1C5C0B0E8BD8038D8
:208F8000E1C5C0B0E8BD8038E8BD803800000000E308C000E34FCCF7E59C1160E201190271
:208FA000E1500001159C1160012FFF1EE3C11902E58C1160E59C1160E1800001E58C016049
:208FC000E12FFF1E000000000000000000000000E308C000E34FCCF7E59C1160E2011001DE
:208FE000E1500001159C1160012FFF1EE3C11001E58C1160E59C1160E1800001E58C016013
:20900000E12FFF1E000000000000000000000000E30AC1D4E340C803E52DE004E52D700437
:20902000E52D6004E52D5004E52D4004E52D3004E3A05002E3A07000E5DCC000E1CD50B2BF
:20904000E35C00ADE1CD70B01A000038EBFFFF5FE1A0C000E30D0B80E30D6B82E3400803F5
:20906000E3A04001E3406803E5D00000E5D61000E11C001405C670000300013208BD80F85F
:20908000E351000011A00007E30DCB8118BD80F8E340C803E5DCC000E24CC001E35C0001BD
:2090A0009A000004E25CC00201CD50B00A00000FE3000132E8BD80F8E1A0100DE28D2002C9
:2090C000EBFFFF7EE1DDC0B0E1B050001A000018E35C00020A000008E1A00007EBFFFFAB79
:2090E000E1DDC0B2E35C00021A000008EA00000AE1DDC0B0E1A05007E1CDC0B2E3A0090235
:20910000EBFFFFA2E1DDC0B2E35C00020A000002E1A00007EBFFFFADEA000001E1A00004B9
:20912000EBFFFFAAE5C64000E1A00005E8BD80F8E3A05021E1A00005E8BD80F80000000077
:20914000E308C660E34FCCF7E78C1100E12FFF1EE308C620E34FCCF7E78C0101E12FFF1EF0
:20916000E308C094E34FCCF7E58C0000E12FFF1EE52DE004E52D9004E52D8004E52D700465
:20918000E52D6004E52D5004E52D4004E52D3004E1A04001E1B0900003A0601E0A000070D9
:2091A000E35400001599C010135C000003A0001E08BD83F8E5940008E3A0800001A0000065
:2091C000E594C008E3580000E6FF507CE1A068201A000014E355003B9A000014E594C004CD
:2091E000E1A00009E086100CE3A0200EFA00243BE245100EE594C004E286300EE6FF2071BB
:20920000E5990010E08C1003FA002434E3A0C080E0850008E584C008E3A06000E594C00C66
:20922000E6FF8070EA000012E35500001A000003E3A06E13EA00001301A0000001A00000C5
:20924000E5990010E5941004E248C00EE1A02005E080000CE0861001FA002420E3A0C08071
:20926000E584C008E594C00CE0850008E3A06000E6FF8070E3CCC102E584C00CE594C00C67
:20928000E7CFC01FE584C00CE3560000E1A070041A000005E5974000E597C00CE35400007C
:2092A00003A06E13E38CC202E587C00CE597C00CE31C0101130D5B741A000004E356000090
:2092C000059400080AFFFFBDE1A00006EA000025E3405803E35600000597000C11A000067C
:2092E000E595C0081A00001FE3C00101E587000CE248E00EE1C9E1B4E3A08000E35C00003D
:20930000E587800003A00E1308BD83F8E35600001A000013E5950004E5857008E58C000026
:20932000E5854004E1A01007E1A00008EBFFFF83E597C00CE31C02010A000005E597C00C51
:20934000E3CCC201E587C00CE5950004E1A01008EBFFFF7EE3A00001EBFFFF80E1A0000671
:20936000E8BD83F8E1A00006E8BD83F800000000E30AC1D4E340C803E5DCC000E35C00AD49
:2093800013A00021112FFF1EE35000001590C010135C000003A0001E012FFF1EE1D0C1B451
:2093A000E30015DCE151000C13A0001F112FFF1EE308C0A4E34FCCF7E59CC000E1B0CF8CFB
:2093C00003A00002012FFF1EE30DCB78E340C803E59C1000E35100000A00000A01A0000000
:2093E000E591C00CE31C02020591C00C1A000002E1B0CFAC0A000000EAFFFF5CE5911000CA
:20940000E35100001AFFFFF5E3A00E13E12FFF1EE52DE004E52D5004E52D4004E52D300442
:20942000E3A04000E1B050000A000015E595C010E35C000011D5C0BC0A000011E35C0B0217
:209440001A00000FE3A02006E30A1DB6E3401803FA002455E6AFC070E35C00001A000008A3
:20946000E595C010E30A1DC4E3A02004E28C0010E3401803FA00244CE6AFC070E35C000003
:2094800003A04001E1A00004E8BD803800000000E52DE004E52D8004E52D7004E52D60047E
:2094A000E52D5004E52D4004E1A0C000E3A00000E301EDB7E305569BE3A04001E1A0600026
:2094C000E340E4C1E1A03004E3465088E1A0200EE025763C01A0000001A0000001A00000C5
:2094E000E2077001E3510000E1800617E1A050A51A000004E11C0614102E50051A00000503
:20950000E2866001EA000004E3570000028660010A000001E02E5005E2866001E351000006
:20952000E1A0763CE0278005E2088001E0257007E1800618E2077001E1A050A51A00000418
:20954000E11C0614102E50051A000005E2866001EA000004E3570000028660010A0000015D
:20956000E02E5005E2866001E3510000E1A0763CE0278005E2088001E0257007E180061866
:20958000E2077001E1A050A51A000004E11C0613102250051A000005E2866001EA0000046A
:2095A000E3570000028660010A000001E0225005E2866001E3510000E1A0763CE02780056A
:2095C000E2088001E0257007E1800618E2077001E1A050A51A000004E11C0613102250059A
:2095E0001A000005E2866001EA000004E3570000028660010A000001E0225005E286600147
:20960000E3560020E025763C3AFFFFB4E8BD81F0E3500000E52DE004E52D400415D0C00014
:2096200003A0000008BD8010E5D04001E5D03002E5D0E003E184440CE5D01004E5D0C006C4
:20964000E18E3403E5D02005E0834004E5D0E007E5D03009E1822401E5D01008E18EE40CA5
:20966000E5D0C00AE0824004E5D0200BE08E4004E5D0E00DE1833401E5D0100CE182240C94
:20968000E5D0C00EE0834004E5D0300FE0824004E5D02011E18EE401E5D01010E183340C53
:2096A000E5D0C012E08EE004E5D04013E1821401E083200EE184C40CE081E002E08CC00E0E
:2096C000EA00000401A0000001A0000001A00000E1A0C82CE080C00CE1B0082C11A0C80CCE
:2096E0001AFFFFFAE1E0C00CE6FF007CE8BD8010E3500000E52DE004E52D7004E52D600410
:20970000E52D5004E52D4004E52D30041290601403A0000008BD80F8E3510000E3A0C000DA
:209720000A000023E3510002E1A0200CE2817001E1A0E147DA000013E1A0300601A0000057
:20974000E2824001E151000415D3400103A04000E4D35002E2822002E1845405E282400130
:20976000E151000415D34001E085C00CE4D3500203A04000E25EE001E2822002E184440518
:20978000E084C00C1AFFFFEDE3170002128230010A000007E086E002E151000303A0200082
:2097A00010862002E5DE300015D22001E1822403E082C00CE5D0E00CE5D0200EE5D0500DA8
:2097C000E5D0400FE5D03010E185540EE5D07011E085C00CE5D06012E1844402E5D0E013E7
:2097E000E084C00CE1873403E083C00CE18E0406E080C00CE081C00CE28CC011EA0000016F
:20980000E1A0C82CE080C00CE1B0082C11A0C80C1AFFFFFAE1E0C00CE6FF007CE8BD80F840
:20982000E52DE004E52D8004E52D7004E52D6004E52D5004E52D4004E30A4DECE1A07000CD
:20984000E24DD008E30A57D4E3404803E3570D1783A0001FE3405803E58450108A00004FBB
:20986000E3A06000E3A0C045E5C5C000E2850002E5C56001E287C01CE1C4C1B4E2841014B6
:20988000E5C56002E3A02002E5C56003FA002293E5C56004E5C56005E5C56006E5C560071D
:2098A000E3A0C0FFE5C5C008E30A1E04E3A0C011E285000CE5C5C009E3A02004E5C5600AF0
:2098C000E3401803E5C5600BFA002284E30A1DC8E3A02004E2850010E3401803FA00227FCC
:2098E000E1A00005EBFFFF49E1A0C000E1CDC0B0E3A02002E1A0100DE285000AFA0022770A
:20990000E30A8DD0E3408803E3A02002E2850014E1A01008FA002271E3A02002E2850016E7
:20992000E1A01008FA00226DE287C008E1CDC0B0E1A0100DE2850018E3A02002FA00226771
:20994000E5C5601AE1DD10B0E1A00005E5C5601BEBFFFF66E1A0C000E1CDC0B0E3A0200267
:20996000E1A0100DE285001AFA00225CE30A1DBCE3A02006E1A00004E3401803FA002257AB
:20998000E30A1DB0E3A02006E2840006E3401803FA002252E3A0CB02E1C4C0BCE1A0000654
:2099A000E28DD008E8BD81F00000000000000000E30AC1D4E340C803E52DE004E52D30049E
:2099C000E5DCC000E35C00AD13A0002118BD8008EBFFFD8EE3500000E308C6001A00000472
:2099E000E3A00000E34FCCF7E59CC000E35C00000A000001E3A00002E8BD8008E8BD800885
:209A0000E308C640E34FCCF7E78C1100E12FFF1EE52DE004E52D4004E30D4B68E340480352
:209A2000E594C008E1A0100CE591000CE1B00FA01591000C0A00002201A0000001A0000066
:209A4000E31002020591000C1A00001DE3100101059110001A00000701A0000001A0000038
:209A6000E351000008BD8010E591000CE3100101059110000AFFFFF9E59C000CE3C001020C
:209A8000E58C000CE591C00CE3CCC101E581C00CE591C000E35C00000594C0001591C00030
:209AA000E584C008E3A00000EBFFFFD4E594C008E1A0100CE591000CE1B00FA01591000CE3
:209AC0001AFFFFDEE3A00002EBFFFDA4E8BD8010E308C600E34FCCF7E78C0101E12FFF1E03
:209AE000E52DE004E52DB004E52DA004E52D9004E52D8004E52D7004E52D6004E52D500456
:209B0000E52D4004E52D3004E1A04001E1B0A0000A00006DE3540000159AC0100A00006A15
:209B2000E35C000011A0800103A0001E08BD8FF8E3A09000E588900CE1DAC1B4E35C002EEE
:209B40002598000C3A000003E28C100EE1810000E588000CEA000002E594000CE380003C88
:209B6000E584000CE594000CE1A0B009E1A0600BE380020AE584000C01A0000001A000009F
:209B8000E04CC00BE28CC00EE6FF507CE355008023A05080E35B00001A000014E5940004AD
:209BA000E1A0100AE3A0200EFA0021CCE355000E9A000014E594C004E245000EE6FF207097
:209BC000E59A1010E28C000EFA0021C4E1DAC1B4E35C002E3A000010E5845008E1A07004EE
:209BE000EA00001701A0000001A0000001A00000E59A1010E24BC00EE5940004E081100CED
:209C0000E1A02005FA0021B5E1DAC1B4E1A07004E35C002E258450082A000009E594C004CB
:209C2000E265003CE6FF2070E085000CE1A01009FA002237E1DAC1B4E1A07004E3A0503C9A
:209C4000E5845008E085000BE5974000E6FFB070E30D5B68E28C000EE35400000300613117
:209C6000E3405803E150000B9A000003E35600000AFFFFC2E1A00006EA000015E3560000CB
:209C8000E595C0041A000011E597000CE1A01009E35C0000E5854000E3800101E587000C73
:209CA000E58710001A000002E1A00008EBFFFF87EA000002E1A00008E58C8000EBFFFF8341
:209CC000E5857004E1A00006E8BD8FF8E3A0601EE1A00006E8BD8FF800000000000000003F
:209CE000E30AC1D4E340C803E52DE004E52D4004E1A04000E5DCC000E35C00AD13A00021A6
:209D000018BD8010E354000003A0001E08BD8010EBFFFCBEE350000013000132E308C08445
:209D200018BD8010E34FCCF7E59CC000E1B0CF8C0A000000EBFFFF35E308C600E34FCCF7CE
:209D4000E59CC000E35C000001D4C1B413A0000218BD8010E28C000EE1A0C3A0E6FFC07C9E
:209D6000E1B00C80128CC00116FFC07CE35C000D83A0001FE30DCB6888BD8010E340C803A2
:209D8000E59C1000E3510000030001310A000002E1A00004EBFFFF51E8BD8010E8BD801094
:209DA000E52DE004E52D3004EBFFFE9CE350000018BD8008EBFFFEFDE350000018BD8008DE
:209DC000E30A0DECE3400803EBFFFFC4E8BD8008E3500000E52DE004E52D7004E52D600470
:209DE000E52D5004E52D4004E52D3004E1A04001E1A060020A00004EE35400000A00004CD7
:209E0000E356000015D0C0000A000049E35C001A13A0001F18BD80F8E5D0C006E30D5C587A
:209E2000E3405803E35C000005D010011A000025E35100FF1A000023E5D02002E5D0100331
:209E4000E5D0C004E1A02C02E5D00005E1821801E181C40CE180000CE3A01000EBFFFD8B00
:209E6000E30A7E04E3407803E5D7C003E5850000E08C0000E3A01001EBFFFD84E3A0C01A24
:209E8000E5C4C000E5C40005E3A05000E5C45006E1A01420E5C41004E5D71003E1A0C8202F
:209EA000E5C4C003E1A0EC20E5C4E002E3A00007E5C41001EBFFFFB9E350000018BD80F8B8
:209EC000E5C65000E8BD80F8E35C0001E30A1E071A000015E5D0C001E3401803E59550006B
:209EE000E5D14000E154000C1A00000FE5D02002E5D01003E5D0C004E1A02C02E5D0000581
:209F0000E1821801E181C40CE180000CE3A01000EBFFFD5EE040C084E155000C03A0C00144
:209F200005C6C00001A0000108BD80F8E3A00F4EE8BD80F8E3A0001EE8BD80F800000000FC
:209F4000E3500000E52DE004E52D40040A000013E5904010E35400000A000010E2801006D7
:209F6000E3A02006E30A0DBCE3400803FA0020DBE30A0DC8E3A02004E284100CE340080346
:209F8000FA0020D6E30A0DD0E3A02002E2841016E3400803FA0020D1E3A00000E8BD801005
:209FA000E3A0001EE8BD80100000000000000000E52DE004E52DB004E52DA004E52D9004B3
:209FC000E52D8004E52D7004E52D6004E52D5004E52D4004E52D3004E3A08003E1B0B000A6
:209FE000E3A09000E30ACDD3E5CD80001A000003E340C803E5DCC000E35C00000A00008238
:20A00000E30AADD2E30A7E0CE30F5C30E340A803E30A4DD4E3407803E30A6DFCE34F5FFF7F
:20A02000E5DAC000E3404803E5970000E3406803E25C10010A00004CE30CC6C0E2511001CB
:20A04000E30A7E08E340C02DE34078030A00000BE251000113A0C0011A000081E5951000FD
:20A06000E5970000E0410000E15C0000E3A0C0013A000007E1A00009EA00007C01A00000F0
:20A08000E5951000E0410000E15C000033A0C0012A000002E5CAC000E3000137E8BD8FF862
:20A0A000EBFFFBDAE350000013A0C0011300013215CAC00018BD8FF8E3590000E30ACDD330
:20A0C0001A000069E340C803E5DCC000E35C00000A00000AE300C5DCE1C4C1B4E30AC1F8F7
:20A0E000E340C803E584C010E1A00004EBFFFC9FE1B090001A00005CEA00000401A0000009
:20A10000E1A00004E1A0100BE3A02018FA002073E1A00004EBFFFCBDE35000001594C01002
:20A120000A00002EE35C0000159600000A000036E35000000A000034E280101CE28C001C34
:20A14000E1A0200DEBFFFF21E5DDC000E1B090001A000045E35C00010595C0001A00003958
:20A16000E5CA8000E587C000E8BD8FF8EBFFFBA7E35000001300013218BD8FF8E3590000BB
:20A18000E30ACDD31A000038E340C803E5DCC000E35C00000A000009E300C5DCE1C4C1B481
:20A1A000E30AC1F8E340C803E584C010E1A00004EBFFFC6EE1B090001A00002BEA000003A6
:20A1C000E1A00004E1A0100BE3A02018FA002043E1A00004EBFFFC8DE35000001A00000100
:20A1E000E3000136E8BD8FF8E1A00004EBFFFF53E1B090000594C0101A00001BE35C00005A
:20A2000015960000135000001A000004E3A0001EE8BD8FF801A0000001A0000001A0000062
:20A22000E280101CE28C001CE1A0200DEBFFFEE7E5DDC000E1B090001A00000BE35C000082
:20A240000595C0000A000001E3A00F4EE8BD8FF8E587C000E3A00002E5CA0000E1A00009A3
:20A26000E8BD8FF8E5CAC000E3009136E1A00009E8BD8FF8000000000000000000000000E3
:20A28000E52DE004E52D4004E24DD020E1A0000DEBFF9BF2E1B04000E30D0BC01A00001D8B
:20A2A000E30DCBD8E3400803E340C803E5D01000E5DC2000E5DD000EE251100C0282100195
:20A2C0000A00000DE2511002024210010A000005E2511004028210010A000007E25110028C
:20A2E000E24210011A000008E150000113A040F41A000005E5CC0000EA000004E1500001FE
:20A3000005CC00000A000001E3A040F4E5CC0000E35400000A000004E3A00000E3A020C6C8
:20A32000E3A0101EE1A03004EBFFA098E1A00004E28DD020E8BD801000000000000000007C
:20A34000E306C590E30015C9E04CC000E6FFC07CE00C0C91E3010759E34D01B7E08C0C9034
:20A36000E1A0C6ACE6FF007CE12FFF1E00000000E52DE004E52D7004E52D6004E52D500404
:20A38000E52D4004E52D3004E1A07000E1A04001E1A05002E3A02001E3A06000E597000C8C
:20A3A000E1A0100DE58D6000EBFFD900E350000015D700040A00001BE59DC000E3500000AD
:20A3C00011D710B60A000017E151000C258D60002A000005E04CC001E28F1001E12FFF11A0
:20A3E000FBBCFCF04778BF00E58DC000E304C844E1A00006E15C0005E59DC0003A000003CF
:20A40000E3001898E151000C3A000004E8BD80F8E59DC000E300167FE151000C28BD80F8BB
:20A42000E3A00001E8BD80F8E1A00004E8BD80F8E308CBB3E00C0C90E3010C29E34007AEF7
:20A44000E08C0C90E1A0C72CE28CC015E35C0A0183A0CA018A000003E35C006B2A000001A3
:20A46000E3A0C06BEAFFFFFFE6FF007CE12FFF1EE306CBDFE0020090E340C001E3A0301B02
:20A48000E000009CE30FCFFFE0200293E30826A0E04CC001E3402001E28F1001E12FFF1167
:20A4A000FBB0F0F24778BF00E00C0C90E3080001E3480000E08C0C90E1A0C7ACE6FF007C95
:20A4C000E12FFF1E000000000000000000000000E52DE004E52D9004E52D8004E52D700497
:20A4E000E52D6004E52D5004E52D4004E52D3004E1A08000E1A06002E3A07000E1A040014B
:20A50000E3A02001E1A05003E598000CE1A0100DE58D7000EBFFD8A5E350000015D800042F
:20A520000A000060E350000011D490B20A00005DE59DC000E359000011D810B60A00005960
:20A54000E151000C258D70002A000005E04CC001E28F1001E12FFF11FBBCFCF04778BF00BC
:20A56000E58DC000E1D4C0B0E06CC80CE28F0001E12FFF10FBBCFCF94778BF00E6FF107C38
:20A58000E1A00001EBFFFFA9E1DDC0B2E1A06000E1A0000CEBFFFFB5E300C9C4E15C0009B5
:20A5A000E301C3888A00001CE15C000991D4C0BC8A000012E3041844E151000CE59DC00040
:20A5C0003A000006E3001898E151000C33A070013A000014E156000CEA00001301A00000F7
:20A5E000E59DC000E300167FE151000C33A070013A00000CE156000CEA00000B01A0000000
:20A60000E59DC000E3001325E151000C33A070013A000004E156000CEA000003E59DC000AB
:20A62000E35C0FA183A07001E156000CE1D4C0BE33A07001E15C0000E5D4C010B3A0700153
:20A64000E35C000001D4C0B41A000017E35C006325D400113A000014E3500000030FCC3006
:20A660000A000006E355000011D400B60A000002E24CC032E15C000083A07001E30FCC300C
:20A68000E5940008E34FCFFFE2892032E59CC000E04CC000E15C008291A000079A000003BB
:20A6A000E3A00001E8BD83F8E1A07006E1A00007E8BD83F800000000000000000000000057
:20A6C000E52DE004E52D7004E52D6004E52D5004E52D4004E52D3004E1A07001E1A04000D3
:20A6E000E1A05002E1A06003EBFF9A28E1D4C1B0E1D401B4E150000C01D400BE1A00000479
:20A70000E1D411B2E0810000E1A000A0E1C500B0EA000001E1D400BEE1C500B0E1C5C0B21D
:20A72000E1D4C1B6E1C5C0B4E1D4C1BCE1C5C0B6E5D4C02EE5C5C011E594C020E585C008D8
:20A74000E5D4C027E5C5C010EBFF9B34E1A01005E5D43030E1A00007E1A02006EBFFFF5B04
:20A76000E8BD80F8000000000000000000000000E52DE004E52D5004E52D4004E1A0400049
:20A78000E24DD014E3A02000E1A05001E1A0100DE3A00FFAE1CD20B0EBFFC7C0E1DD00B0AA
:20A7A000EBFFC89EE5CD200DE3A0C001E1CDC0B8E1A01005E5CDC00CE1A03000E1A00004B6
:20A7C000E28D2008E1CD30BAEBFFC9D8E28DD014E8BD803000000000000000000000000017
:20A7E000E52DE004E52D9004E52D8004E52D7004E52D6004E52D5004E52D4004E30D5B28FC
:20A80000E24DD014E3A0601EE3405803E595C000E35C00000A000029E5DC1010E1510000E7
:20A82000D3A00022DA000026E59C1000E59C2004E1A09180E0891001E5D11004E7D080023E
:20A84000E3A04001E5DC7008E1A01114E3A03000E1A01381E58D1000E288C005E3A0200237
:20A86000E6EF107CE1A00007EBFF5A70E595C000E59CC000E089C00CE5DCC004E3500000D3
:20A88000E2881003E3A02002E1A0CC14E3A03000E1A0C38CE58DC000E1A0000713A06F498D
:20A8A00003A06000E6EF1071EBFF5A60E350000001A000060A000002E3A00F49EA000000F0
:20A8C000E1A00006E28DD014E8BD83F000000000E52DE004E52DB004E52DA004E52D90046E
:20A8E000E52D8004E52D7004E52D6004E52D5004E52D4004E3097BBCE3407803E597C5A860
:20A90000E24DD02CE1DC00B0E1CD01B4EBFFFE8BE287BF99E3A06024E1CD01B6E3A05000C9
:20A92000E5FBC00CE58D6028E3A0403401A00000E35C005001A0C1840A0000CCE35C00202F
:20A94000059B80081A0001CAE59B9004E30B0640E3400803E5D8C02CE599A008E35C000066
:20A96000E1D000B00A000077E25CC002E30F0C300A00006AE25CC0010A00003CE25CC0010F
:20A980000A000016E30F0C30E25CC001E24CC0020A000006E35C00019A000095E5D9C00479
:20A9A000EA00009701A0000001A0000001A00000E598C000E34F0FFFE309E680E340E098C9
:20A9C000E5900000E040C00CE15E000C25D9C0042A00008BE3A0C006E5C8C02CEA00008701
:20A9E000E1A0C184E08CC104E087C00CE5D91003E5DC0001E28D2004EBFFC51CE5D8C02A95
:20AA0000E35C0000E5DDC0040A000001E35C00000A000036E5DAC001E35C00001A000033DB
:20AA2000E1DD21B4E1A0000AE3A01001EBFFFE4FE3500000E30F0C300A00003FE598C00046
:20AA4000E34F0FFFE308E6A0E340E001E5900000E040C00CE15E000C3A000024E5D9C004B5
:20AA6000EA00006701A0000001A0000001A00000E1A0C184E08CC104E087C00CE5D91003A7
:20AA8000E5DC0001E28D2004EBFFC4F8E5D8C02AE35C0000E5DDC0040A000001E35C000005
:20AAA0000A000012E5DAC001E35C00001A00000FE1DD21B4E1A0000AE1A01005EBFFFE2BCB
:20AAC000E3500000E30FEC300A00004CE3A0C004E34FEFFFE5C8C02CE59EC000E588C0006F
:20AAE000EA00004601A0000001A0000001A00000E3A0C005E5C8C02CE6EF0074E1A0100583
:20AB0000EBFF9AC2E30FCC30E34FCFFFE59CC000E588C000EA00003901A0000001A000002E
:20AB2000E598C000E34F0FFFE5900000E040C00CE35C0FFA95D9C0049A000031E3A0C003AC
:20AB4000E5C8C02CEA00002DE200CCFFE35C0C061A00002AE1A0C005E58DC000E5D90005C8
:20AB6000E1A0200CE1A0100DEBFFC448E59DC000E35C005133A0C0013A000002E35C00A50E
:20AB8000E3A0C0019A000000E5CAC003E5D9C004E30A1E10E3A0000AE3401803E100108C80
:20ABA000E28CC06DE6EFC07CE5D0070CE350000003A0000C1A00000BE30FEC30E10C708C23
:20ABC000E34FEFFFE59CC008E5DCC000E35C000013A0C0020A000003E5C8C02CE59EC000EE
:20ABE000E588C000EA000005E3A0C008E5C8C02CEA000002E6EF0074E1A01005EBFF9A8383
:20AC0000E5D9C004E3A0000AE30A1E10E3401803E10C108CE5DCC70BE35C000015D8C02C98
:20AC20000A000113E35C0002135C0003135C000405D8C02A1A00010EE6EF0074E35C000058
:20AC4000E30FCC300A000004E3A01002E34FCFFFE59CC000E588C000E5C8102CE1A0100576
:20AC6000EBFF9A6AE2566001EA00010201A00000E30B0640E08CC104E087C00CE3400803F9
:20AC8000E59C9008E59CA004E1D000B0E5D9C02CE59A8008E35C00000200CCFF0A000089C5
:20ACA000E25CC0020A0000CDE25CC00105D8C0010A000067E25CC00105D8C0010A00004BBD
:20ACC000E30F0C30E25CC001E24CC0020A00003BE35C00019A0000B9E25CC002030F0C3031
:20ACE0000A000006E25CC0010A0000B4E5DAC004EA0000C901A0000001A0000001A000006E
:20AD0000E30BCD98E34F0FFFE302E710E340C803E5900000E59CC000E040C00CE15E000CE9
:20AD20002A0000A6EBFF9899E30BCD94E340C803E1A00005E5CC0000E30DCB54E340C803B7
:20AD4000E3A0800AE5C9802CE1A0E005E5CCE000E1A0100EE3A00007EBFF5918E5D9002B28
:20AD6000E59DC028E35000FF130A1E100A00000DE3401803E10C1C80E5DC81AAE35800FFE8
:20AD80000A000008E1A00008E1A01005EBFF9A1FE1A0C188E08CC108E087C00CE59CC00864
:20ADA000E3A0000AE5CC000CEBFF999CE5DAC004EA00009901A0000001A0000001A0000041
:20ADC000E599C000E34F0FFFE309E680E340E098E5900000E040C00CE15E000C25DAC00499
:20ADE0002A00008DE3A0C006E5C9C02CEA000089E35C00001A000029E1A00009E1A01008A1
:20AE0000E28D2008E3A03001EBFFFE2CE3500000E30F0C300A00000BE599C000E34F0FFFDF
:20AE2000E308E6A0E340E001E5900000E040C00CE15E000C3A000019E5DAC004E3A0000A8E
:20AE4000E30A1E10EA000076E3A0C003E5C9C02CEA000070E35C00001A000010E1A000094A
:20AE6000E1A01008E28D2008E1A03005EBFFFE13E3500000E30FEC300A000066E3A0C004F9
:20AE8000E34FEFFFE5C9C02CE59EC000E589C000EA00006001A0000001A0000001A000005A
:20AEA000E3A0C005E5C9C02CE1A0000AE1A01009EBFFFE2EE30FCC30E34FCFFFE59CC00046
:20AEC000E589C000EA000053E35C0C061A000051E1A0C005E58DC000E5DA0005E1A0200C62
:20AEE000E1A0100DEBFFC369E59DC000E35C005133A0C0013A000002E35C00A5E3A0C001D4
:20AF00009A000000E5C8C003E5DAC001E35C00010A000006E5DA0000EBFFFE30E5DAC004FD
:20AF2000E3A0000AE30A1E10EA00000501A00000E5DA0000EBFF91D5E5DAC004E3A0000ABA
:20AF4000E30A1E10E3401803E100108CE28CC06DE6EFC07CE5D0070CE350000003A0000CC5
:20AF60001A000013E10C708CE59CC008E5DCC000E35C00000A00000EE1D900B8E1D9C0BAF4
:20AF8000E3A01001E5CD1024E1CD02B0E28D2020E1CDC2B2E1A0E001E5CDE025E1A0000A62
:20AFA000E1A01009EBFFC7E1E3A0C003E5C9C02CEA000018E3A0C008E5C9C02CEA0000159F
:20AFC000E1A0000AE1A01009EBFFFDE8E5DAC004EA00001101A0000001A0000001A000001C
:20AFE000E1D900B4E1D9C0BAE3A01001E5CD1024E1CD02B0E28D2020E1CDC2B2E1A0E001A2
:20B00000E5CDE025E1A0000AE1A01009EBFFC7C7E3A0C003E5C9C02CE5DAC004E3A0000AEC
:20B02000E30A1E10E3401803E10C108CE5DCC70BE35C000015D9C02C0A00000DE35C000329
:20B04000135C00041A00000AE1D9C0B4E1CD52B2E5CD5024E5CD5025E1CDC2B0E1A0100972
:20B06000E1A0000AE28D2020EBFFC7B0E1D9C0B4E1C9C0B8E256600115FBC00CE2844001C9
:20B080001AFFFE2AE28DD02CE8BD8FF000000000E52DE004E52D5004E52D4004E30317F041
:20B0A000E24DD024E3A02020E340100DE3A04000E28D0001E5CD4000FA001C88E28D000137
:20B0C000E1A0100DEBFF7D25E30D5A75E3405803E350000005DDC00013A00F4915C540000F
:20B0E0001A00000CE35C00000A000008E30D0A55E3A02020E28D1001E3400803FA001C778C
:20B10000E1A00004E3A0C001E5C5C000EA000001E5C54000E3A00002E28DD024E8BD8030EA
:20B12000EAFFE226000000000000000000000000E30DCB30E340C803E52DE004E52D6004D9
:20B14000E52D5004E52D4004E3A04000E24DD008E59C1000E3510000E58D400403A0001E2D
:20B1600015D1C0090A000026E15C0000D3A00022DA000023E591C004E7D0500CE5D16008B6
:20B18000E28D3004E1A02004E285C004E58D4000E6EF107CE1A00006EBFF5824E350000009
:20B1A0001A000015E59DC004E3CCC001E58DC004E2851002E58DC000E1A00006E3A020029D
:20B1C000E1A03004E6EF1071EBFF5818E35000001A000009E3A0C080E58DC000E1A0000638
:20B1E000E3A02002E1A01005E1A03004EBFF580FE3500000E1A000040A000001E3A00F4970
:20B20000EAFFFFFFE28DD008E8BD807000000000E52DE004E52D4004E3094BBCE3404803BE
:20B22000E594C4ACE5DC1000E3A00063EBFF99CFE594C4B8E5DC1000E3A00064EBFF99CB21
:20B24000E594C4C4E5DC1000E3A00065EBFF99C7E594C524E5DC1000E3A0006DEBFF99C381
:20B26000E594C530E5DC1000E3A0006EEBFF99BFE594C53CE5DC1000E3A0006FEBFF99BBE1
:20B28000E594C554E5DC1000E3A00071EBFF99B7E8BD8010000000000000000000000000E8
:20B2A000E30DC8EDE340C803E5DCC000E35C000A03A0000113A00000E12FFF1E00000000AD
:20B2C000E30DCC4CE340C803E5DCC000E35C000B03A0000113A00000E12FFF1E0000000029
:20B2E000E30BC642E340C803E5DCC000E35C000603A0000113A00000E12FFF1E0000000020
:20B30000E30BC642E340C803E5DCC000E35C000403A0000113A00000E12FFF1E0000000001
:20B32000E30DC0B5E340C803E5DCC000E35C000403A0000113A00000E12FFF1E0000000072
:20B34000E30DCBBAE340C803E5DCC000E35C007003A0000113A00000E12FFF1E00000000D6
:20B36000E30CC3EDE340C803E5DCC000E35C000403A0000113A00000E12FFF1E00000000F8
:20B38000E52DE004E52DA004E52D9004E52D8004E52D7004E52D6004E52D5004E52D40040D
:20B3A000E3097E20E3A06034E3A05001E30091AAE3407803E30A4E10E24DD008E3A08024E3
:20B3C000E3404803E5F7C00C01A0000001A00000E35C0050135C00200597A0081A00002574
:20B3E000E5DAC02BE35C00FF1084C0060A000021E5DCC7D8E35C00001A00001EE597C004C9
:20B40000E5D70001E5DC1003E1A0200DEBFFC297E5DAC02BE10C488CE089C00CE5DC000049
:20B42000E35000FFE5DD00000A000009E35000001A000010E3A00000E3A0100CE3A030FDD6
:20B44000E6EF2076E5CC5002EBFF9C50E2866001EA000009E5DD0000E35000000A000005E8
:20B46000E3A00000E6EF2076E5CC5002E3A0100DE1A03000EBFF9C45E2866001E356005865
:20B4800035F7C00C3AFFFFD1E28DD008E8BD87F0E52DE004E52DB004E52DA004E52D900430
:20B4A000E52D8004E52D7004E52D6004E52D5004E52D4004E52D3004E3A05001E3096D606B
:20B4C000E3A07024E3406803E30A4E10E3A0A000E3A0B00CE3404803E5F6C00C01A0000064
:20B4E000E35C0020135C00211A00002FE596C004E5968008E5DC0000E1A0100DE1A0200AC8
:20B50000EBFFC1E2E59DC000E0870004E30017D8E0849007E35C0F41E08100003A00000FEB
:20B52000E3001199E151000C308400072A000007E5D6C000E3A030FEE35C0021E5C057D8F4
:20B540001A00000CEA00000E01A0000001A00000E5C0A000E2877001E3570034EA00001400
:20B56000E5D6C000E3A01002E3A030FDE35C0021E5C010000A000002E5D8C011E35C00FF1E
:20B580000A000009E3A01010E1A0000AE6EF2077EBFF9BFEE5D6C000E35C002115D8C011E2
:20B5A000110C4B8C05C956D015CC56A4E2877001E357003435F6C00C3AFFFFC8E8BD8FF85D
:20B5C000E52DE004E52DB004E52DA004E52D9004E52D8004E52D7004E52D6004E52D50045B
:20B5E000E52D4004E52D3004E3095E20E3A08001E3A06034E300A7D8E3405803E30A4E10FF
:20B60000E3A07000E3A09024E3404803E5F5C00CE35C0050135C00201A000018E595C0045E
:20B62000E5D50001E595B008E5DC1003E1A0200DEBFFC20EE5DD0000E086C004E08AC00CBF
:20B64000E35000000A00000CE5CC8000E5DBC02BE35C00FF0A000009E10C498CE1A000072A
:20B66000E3A0100CE3A030FEE6EF2076E5CC81ACEBFF9BC6E2866001EA000001E5CC700011
:20B68000E2866001E356005835F5C00C3AFFFFDFE8BD8FF800000000000000000000000017
:20B6A000E30DCB30E340C803E52DE004E52D6004E52D5004E52D4004E3A04000E24DD008BF
:20B6C000E59C2000E3520000E58D400403A0001E15D2C0090A000031E15C0000D3A0002260
:20B6E000DA00002EE592C004E5D26008E7D0500CE1A0E0A1E1A03004E24E1001E58D10005B
:20B70000E285C001E3A02001E6EF107CE1A00006EBFF56C6E35000001A00001EE285C004D9
:20B72000E58D4000E1A00006E1A02004E6EF107CE28D3004EBFF56BDE35000001A000015C8
:20B74000E59DC004E38CC001E58DC004E2851002E58DC000E1A00006E3A02002E1A03004B1
:20B76000E6EF1071EBFF56B1E35000001A000009E3A0C080E58DC000E1A00006E3A020020B
:20B78000E1A01005E1A03004EBFF56A8E3500000E1A000040A000001E3A00F49EAFFFFFFF1
:20B7A000E28DD008E8BD80700000000000000000E52DE004E52D5004E52D4004E52D3004B5
:20B7C000E30B5640E30D40B7E3405803E3404803E1D530B0E243CC05E35C000A8A00000FA4
:20B7E000E28F0000E790F10C000CBA18000CB9E4000CB9C0000CB994000CB968000CB93CD1
:20B80000000CB910000CB8E4000CB8B8000CB88C000CB84001A0000001A0000001A00000F8
:20B82000E3A00000E3A0103EE3A020C7EBFF9B57E5D4C000E35C00001A00008EE8BD8038B1
:20B84000EBFF9652E3A0000CEBFF8FD4EBFF9667E3A00000EBFFFE35E30DCB54E340C803B6
:20B86000E3A00007E3A01000E5CC1000EBFF5653EBFFFE66E5D4C000E3A00C06E1C500B0A5
:20B88000E35C00001A00007BE8BD8038EBFFFE83E3500000E5D4C0000A000074E1D500B07C
:20B8A000E35C0000E2000CFFE380000AE1C500B01A000070E8BD8038EBFFFE80E350000017
:20B8C000E5D4C0000A000069E1D500B0E35C0000E2000CFFE3800009E1C500B01A000065A9
:20B8E000E8BD8038EBFFFE7DE3500000E5D4C0000A00005EE1D500B0E35C0000E2000CFFE0
:20B90000E3800008E1C500B01A00005AE8BD8038EBFFFE7AE3500000E5D4C0000A0000532A
:20B92000E1D500B0E35C0000E2000CFFE3800007E1C500B01A00004FE8BD8038EBFFFE7790
:20B94000E3500000E5D4C0000A000048E1D500B0E35C0000E2000CFFE3800006E1C500B098
:20B960001A000044E8BD8038EBFFFE74E3500000E5D4C0000A00003DE1D500B0E35C000018
:20B98000E2000CFFE3800005E1C500B01A000039E8BD8038EBFFFE71E3500000E5D4C00047
:20B9A0000A000032E1D500B0E35C0000E2000CFFE3800004E1C500B01A00002EE8BD803857
:20B9C000EBFFFE6EE1D5C0B0E5D40000E20CCCFFE38CC003E1C5C0B0E35000001A000025BF
:20B9E000E8BD8038EBFFFEA9EBFFFEF4E3A00007E3A01000EBFF55F1E1D5C0B0E5D4000051
:20BA0000E20CCCFFE3500000E38CC002E1C5C0B01A000018E8BD8038E3A0000CEBFF59078B
:20BA2000E3A00000E3A01064EBFFFF1CE3A00071E3A01001EBFF97CDE3A00063E3A0100137
:20BA4000EBFF97CAE3A00064E3A01001EBFF97C7E3A00007E3A01001EBFF55D8E1D5C0B07D
:20BA6000E20C0CFFE5D4C000E3800001E1C500B0E35C000008BD8038EBFFDFD0E8BD8038E8
:20BA8000E30BC640E340C803E52DE004E52D4004E30D40B7E1DC30B0E3404803E213CCFFC6
:20BAA0000A000015E25CCC030A000013E25CCC020A000010E25CCC010A00000FE25CCC03E6
:20BAC0000A000007E3A00000E3A0103EE3A020C7EBFF9AAEE5D4C000E35C00001A0000098A
:20BAE000E8BD8010EBFFFD8DE5D4C000E35C00001A000004E8BD8010EBFFFF2CE5D4C00004
:20BB0000E35C000008BD8010EBFFDFACE8BD8010E52DE004E52D4004E30317D0E24DD028A7
:20BB2000E3A02020E340100DE3A04000E28D0001E5CD4000FA0019E9E28D0001E1A0100DD3
:20BB4000EBFF7A86E3500000E28DD02813A00F4901A00004E8BD801000000000000000007C
:20BB6000E52DE004E52D7004E52D6004E52D5004E52D4004E52D3004E3A07000E1A040011C
:20BB8000E1A06003E1A05002E1A02007E1A0100DE58D7000EBFFC03DE1B0CF851A00000ED2
:20BBA000E3540000E304C8440A00001CE15C0006E59DC0003A000003E35C0F8D8A000015F9
:20BBC000E1A00007EA000016E59DC000E35C0F698A000010E1A00007EA000011E354000090
:20BBE000E59DC0000A00000DE3040844E35C00932A00000AE15000063A000003E35C002ED2
:20BC00008A000004E1A00007EA000005E35C0022E1A000079A000002E3A00001E8BD80F8F9
:20BC2000E1A00007E8BD80F80000000000000000E309CBBCE52DE004E52DB004E52DA0047A
:20BC4000E52D9004E52D8004E52D7004E52D6004E52D5004E52D4004E52D3004E340C803BC
:20BC6000E28C9F69E3A08010E3A04024E59CA5A8E3A0B001E5F9C00C01A0000001A0000066
:20BC8000E3090BBCE35C002001A0C1840A00001BE35C00210A000017E35C0001135C001047
:20BCA000E1A0C1841A0000AEE3090BBCE08CC104E30F1C30E3400803E080C00CE34F1FFF2A
:20BCC000E59CC008E5DC000CE3500002059C00001A0000A3E5911000E302E710E041000038
:20BCE000E15E00002A00009EE3A00003E2588001E5CC000CEA00009BE3090BBCE1A0C18441
:20BD0000E30BE640E08CC104E3400803E080200CE340E803E5D2C001E5920004E35C0007DD
:20BD2000E5925008E1DE10B00A000004E590C00CE3A07000E5DC2001E5DC6002EA00000282
:20BD4000E1A0700BE3A02000E5D06000E5D5C00CE35C00000201CCFF0A000074E25CC0011F
:20BD6000030F0C300A000065E25CC001030F0C300A000056E25CC0010A000030E25CC00121
:20BD80000A000016E30F0C30E25CC001E24CC0020A000006E35C00019A00006EE25CC0030D
:20BDA0000A00006CE2588001EA00006E01A00000E595C000E34F0FFFE304E240E340E00FC4
:20BDC000E5900000E040C00CE15E000C2A000064E3A0C006E2588001E5C5C00CEA00006164
:20BDE000E5D00000E5D5100DE1A03007EBFFD90FE35000001A000029E5D5100DE1DA30B045
:20BE0000E1A00006E1A02007EBFFFF54E3500000E30F0C300A000034E595C000E34F0FFF9D
:20BE2000E308E6A0E340E001E5900000E040C00CE15E000C3A000019E2588001EA000049A0
:20BE4000E5D00000E5D5100DE1A03007EBFFD8F7E35000001A000011E5D5100DE1DA30B015
:20BE6000E1A00006E1A02007EBFFFF3CE3500000130FEC300A00003AE3A0C004E34FEFFF52
:20BE8000E5C5C00CE2588001E2844001E59EC000E585C000EA00003401A0000001A00000FD
:20BEA000E3A0C005E5C5C00CE6EF0074E3A01000EBFF95D6E30FCC30E2588001E34FCFFFEA
:20BEC000E2844001E59CC000E585C000EA000026E595C000E34F0FFFE30CE350E59000002F
:20BEE000E040C00CE15E000C2A00001DE2844001E3A0C003E2588001E5C5C00CEA00001AA2
:20BF0000E595C000E34F0FFFE302E710E5900000E040C00CE15E000C2A000011E28440013D
:20BF2000E3A0C002E2588001E5C5C00CEA00000EE35C0C06E30FCC301A000009E5C5B00CCB
:20BF4000E34FCFFFE2588001E2844001E59CC000E585C000EA000004E6EF0074E3A010004A
:20BF6000EBFF95AAE2588001E284400115F9C00C1AFFFF42E8BD8FF80000000000000000D6
:20BF8000E52DE004E52DB004E52DA004E52D9004E52D8004E52D7004E52D6004E52D500491
:20BFA000E52D4004E52D3004E309CBBCE3A04018E340C803E3A0900CE28CBF45E30F5C309A
:20BFC000E3A0A000E3006265E34F5FFF01A00000E5FBC00CE3090BBCE35C004201A0C1849D
:20BFE0000A000007E35C00430A000003E35C0040135C0041135C00441A000070E3090BBC82
:20C00000E1A0C184E08CC104E3400803E080000CE5907008E5908004E5D7C00CE25CC00122
:20C0200005D7C0120A000059E25CC0010597C0000A00002AE25CC00105D7C0120A00000C9D
:20C04000E25CC002059500001A00005CE597C000E304E240E340E00FE040C00CE15E000C42
:20C060002A000056E3A0C006E2599001E5C7C00CEA000053E35C00021A000050E5D800040A
:20C08000E1A0100DE1A0200AEBFFBF00E59DC000E156000C35D7C0142A000034E28CC001BC
:20C0A000E5C7C014E5D7C014E35C00019A000043E598C00CE3A00005E5C7000CE5DC1001F8
:20C0C000E5DC0000E1A0200AEBFF9518E1A0C005E2599001E59CC000E587C000EA000038BC
:20C0E000E5950000E308E6A0E340E001E040C00CE15E000CE3040E203A000020E150000C6E
:20C1000035D7C0122A00002DE35C00021A00002BE5D80004E1A0100DE1A0200AEBFFBEDBD7
:20C12000E59DC000E156000C35D7C0142A00000FE28CC001E5C7C014E5D7C014E35C0001E2
:20C140009A00001EE598C00CE3A00005E5C7000CE5DC1001E5DC0000E1A0200AEBFF94F3EF
:20C16000E595C000E2599001E587C000EA000014E5C7A014EA00001101A0000001A00000F2
:20C18000E3A0C003E2599001E5C7C00CEA00000CE35C00021A000004E598C00CE5DC0000B6
:20C1A000E5DC1001E3A02001EBFF94E0E1A0E005E3A0C002E5C7C00CE59EC000E587C00019
:20C1C000E2599001E28440011AFFFF80E8BD8FF8E52DE004E52DB004E52DA004E52D900410
:20C1E000E52D8004E52D7004E52D6004E52D5004E52D4004E52D3004E309CBBCE30F6C30AA
:20C20000E340C803E3A0B001E24C900CE3A04000E34F6FFFE1A05006E1A0A004E5F9C00C29
:20C22000E3090BBCE35C0001135C0010E1A0C1841A000058E30BE640E3400803E08CC104E1
:20C24000E080100CE340E803E5917008E1DE00B0E5918004E5D7C00CE35C00000A00004BE1
:20C26000E25CC00105D7C00D0A00003AE25CC001059500000A00002DE25CC00105D7C00D5A
:20C280000A00000DE25CC002059600001A000041E597C000E304E240E340E00FE040C00C4E
:20C2A000E15E000C228440012A00003BE3A0C006E2844001E5C7C00CEA000037E35C00011E
:20C2C0001A000034E5D80000E1A0100DE1A0200AEBFFBE6EE59DC000E3000FAFE150000CD4
:20C2E00035D7C0112A00000EE28CC001E5C7C011E5D7C011E35C00019A000026E598C004AF
:20C30000E3A00005E5C7000CE5DC1001E5DC0000EBFF9486E596C000E2844001E587C00038
:20C32000EA00001DE5C7A011EA00001A01A00000E597C000E304EE20E040C00CE15E000C8C
:20C34000228440012A000014E3A0C003E2844001E5C7C00CEA000010E35C00011A000004FB
:20C36000E598C004E5DC0000E5DC1001E1A0200BEBFF946EE3A0C002E2844001E5C7C00CED
:20C38000E3540018E595C000E587C000EA000003E3500C06A5C7B00CE2844001E354001898
:20C3A00035F9C00C3AFFFF9DE8BD8FF800000000E52DE004E52D5004E52D4004E52D30048A
:20C3C000E3A05000E1A04001E1A0100DE1A02005E58D5000EBFFBE2DE59DC000E308000AB6
:20C3E000E00C0C90E3020841E3490885E08C0C90E1A0C7ACE15C00043044C00C204CC00421
:20C40000E300153C36FFC07CE1A0000526FFC07CE151000C33A00001E8BD80380000000021
:20C42000E52DE004E52DB004E52DA004E52D9004E52D8004E52D7004E52D6004E52D5004EC
:20C44000E52D4004E52D3004E3090BBCE3A09008E3400803E3001414E3A04058E3A0A000FB
:20C46000E0817000E590B5A8E287700C01A00000E5976004E5D7C000E5975008E35C0060C4
:20C48000E59680040A00007EE35C007005D5C00E0A00007CE35C0020E30B06400A00000B90
:20C4A000E35C0001135C001005D5C00E1A0000C0E30F0C30E35C0002E34F0FFF0A0000B3CF
:20C4C000E2599001EA0000BB01A0000001A00000E5D5C00EE3400803E35C0000E1D000B053
:20C4E0000A000056E25CC002E30F0C300A000047E25CC0010A000025E25CC0010A0000071F
:20C50000E30F0C30E25CC001E34F0FFF0A000069E25CC0020A000055E2599001EA0000A581
:20C52000E5D60003E5D5100FE5D82001E3A03002EBFFD73EE35000001A000028E5D800029E
:20C54000E5D5100FE1DB30B0E1A0200AEBFFFD83E3500000E30F0C300A000093E595C00019
:20C56000E34F0FFFE308E6A0E340E001E5900000E040C00CE15E000C3A000018E25990013C
:20C58000EA00008C01A0000001A0000001A00000E5D60003E5D5100FE5D82001E3A0300218
:20C5A000EBFFD722E35000001A00000CE5D80002E5D5100FE1DB30B0E1A0200AEBFFFD6712
:20C5C000E3500000E30FEC301A000067E2599001EA00007801A0000001A0000001A0000088
:20C5E000E3A0C005E5C5C00EE6EF0074E1A0100AEBFF9406E30FCC30E2599001E34FCFFF59
:20C60000E2844001E59CC000E585C000EA00006AE595C000E34F0FFFE30CE350E5900000A3
:20C62000E040C00CE15E000CE3A0C0033A00005FE2599001EA00005F01A0000001A000008D
:20C64000E30FEC30E200CCFFE35C0C06E34FEFFF1A000057E3A0C002E2599001E5C5C00EB4
:20C66000E2844001E59EC000E585C000EA000052E6EF0074E1A0100AEBFF93E4E259900159
:20C68000EA00004CE5D5C00EE30F0C30E25CC002E34F0FFF0A00003DE25CC0010A00002CF2
:20C6A000E25CC0010A00000EE30F0C30E25CC001E34F0FFF1A00003EE595C000E304E2405B
:20C6C000E340E00FE5900000E040C00CE15E000C2A000037E3A0C006E2599001E5C5C00EAE
:20C6E000EA000034E5D60003E1D510BCEBFFFF2FE3500000E30F0C300A00002BE595C000F4
:20C70000E34F0FFFE308E6A0E340E001E5900000E040C00CE15E000C2A000025E3A0C00521
:20C72000E5C5C00EE5D60000E3A01EFAE3A02001EBFFB506E1C5A0BCE30FCC30E34FCFFFF2
:20C74000E2599001E2844001E59CC000E585C000EA000019E5D60003E1D510BCEBFFFF13BC
:20C76000E3500000E30FEC300A000011E3A0C004E34FEFFFE5C5C00EE2599001E28440010B
:20C78000E59EC000E585C000EA00000B01A00000E595C000E308E6A0E340E001E590000072
:20C7A000E040C00CE15E000C2A000001E3A0C003E5C5C00EE2599001E2844001E287700C01
:20C7C0001AFFFF2AE8BD8FF80000000000000000E3A0C319E1A00080E19C00B0E12FFF1E31
:20C7E000E52DE004E52D3004E1A02000EBFFFFF7E1A01000E1A00002EBFFFFF4E201C040A8
:20C80000E2000040E15C00000A00000CE311002003A0000208BD8008E1A00002EBFFFFEB46
:20C82000E1A01000E1A00002EBFFFFE8E201C040E2000040E15C00001300010F1A00000193
:20C84000E3A00000E8BD8008E8BD800800000000E3A02319E1A0C080E18210BCE12FFF1E1F
:20C86000E3A00000E3A01030EAFFFFF800000000E3A00000E3A010B0EAFFFFF400000000F0
:20C88000E52DE004E52D4004E30D4AC8E3404803E5D4C000E35C000315D4C000135C000405
:20C8A000E30DCA941A000009E340C803E59CC000E35C00001A000003E3A00801EBFFFFC740
:20C8C000E5D4C000EA000002E3A00000EBFFFFC3E5D4C000E25C10010A00002BE251100183
:20C8E0000A00000AE30DCA8AE2511001E340C8030A000018E25110010A000009E251C00141
:20C9000003A000000A000024E3A00003EA00001DEBFFFFD2E3A0C004E5C4C000E3A00000CB
:20C92000E8BD8010E35000000A00001AE3500002E30D0A881A000012E3A01001E3400803C6
:20C94000E3A0E002E1CCE0B0E5C01000E3A00000E5C40000E8BD8010E35000000300E111F7
:20C960001A000004E1CCE0B0E3A00005E5C40000E3A00000E8BD8010E3500002E3A00000BB
:20C980000A000005E3A00003E8BD8010EBFFFFB7E3A0C003E5C4C000E3A00000E8BD8010C6
:20C9A000E30DCAB8E340C803E59C0000E59CC008E2800C02E150000C81A0000CE12FFF1E46
:20C9C000E52DE004E52D9004E52D8004E52D7004E52D6004E52D5004E52D4004E52D300427
:20C9E000E30D5AB8E3405803E1A04000E5957000E3A00000E5956004EBFFFF78E350000017
:20CA000005D5C00C13A0000318BD83F8E35C000010D7C0B20A000002E4C6C001E3A01000C8
:20CA2000E5C5100CE5951008E3A0C000E151000405D5100D1A000001E351000013A0C0016B
:20CA4000E3C73007E35C000012444002E157000312833008E153000491A0100381A0100465
:20CA6000E1510007E3C480079A00001BE0412007E3520004E1A01142E7E090D2BA00000F53
:20CA8000E2477004E246600401A0000001A00000E1F720B4E1A0E422E5E6E004E251100105
:20CAA000E5C62001E1D720B2E5C62003E1A02422E5C620021AFFFFF5E2866004E287700408
:20CAC000E3590000DA000004E0D710B2E1A02421E5C62000E5C61001E2866002E158000370
:20CAE000E04810039A000033E281100FE1A0E241E246600801A0000001A0000001A0000095
:20CB0000E8B30006E1A09C21E5E69008E1A09821E1580003E5C69001E2877008E5C620076E
:20CB2000E1A09421E5C69002E1A09001E5C69003E1A09C22E1899401E5C69004E1A098227A
:20CB4000E1899801E5C69005E1A09422E1891C01E5C61006E286600888B300069A00001553
:20CB6000E5C62007E1A09C21E5C69000E25EE001E1A09821E5C69001E2877008E1A09421BC
:20CB8000E5C69002E1A09001E5C69003E1A09C22E1899401E5C69004E1A09822E18998014D
:20CBA000E5C69005E1A09422E1891C01E5C610061AFFFFD2E2866008E1540007E044200775
:20CBC0009A000019E3520004E1A01142E7E0E0D2BA00000EE2477004E246600401A000008A
:20CBE000E1F720B4E1A03422E5E63004E2511001E5C62001E1D720B2E5C62003E1A0242284
:20CC0000E5C620021AFFFFF5E2866004E2877004E35E0000DA000004E0D710B2E1A0242133
:20CC2000E5C62000E5C61001E2866002E35C000010D7C0B211A0C42C15C6C000E5857000F5
:20CC4000E5856004E8BD83F80000000000000000E52DE004E52D3004E3000555E3A010AA30
:20CC6000EBFFFEFAE30002AAE3A01055EBFFFEF7E3000555E3A010F0EBFFFEF4E8BD8008B3
:20CC8000E52DE004E52D4004E30D4AB4E3404803E5D4C000E35C00000A000019EBFFFF3FE9
:20CCA000EBFFFF46E30DCA88E30D1A8AE3500000E30D2AB8E340C803E34018031A00000B19
:20CCC000E3402803E5920008E5922000E1500002E3A000001A00000AE5C40000E5CC0000BC
:20CCE000E1C100B0E8BD801001A0000001A00000E3A02000E5C42000E1C100B0E5CC2000DC
:20CD0000EBFFFFD2E3A00000E8BD801000000000E30DCA9CE340C803E59C0010E350000098
:20CD20000A00000FE1DCC1B4E1D010B0E20CC080E2012080E15C0002E20120200A00000812
:20CD4000E2011002E191100203A00002012FFF1EE1D000B0E2000080E15C00001300010F45
:20CD60001A000001E3A00000E12FFF1EE12FFF1EE30DCA9CE340C803E59C0000E59CC008AD
:20CD8000E2800020E3C0001FE150000C81A0000CE12FFF1E000000000000000000000000B8
:20CDA000E52DE004E52D4004E1A03000E3000555E1A04001E3A010AAEBFFFEA4E30002AA1F
:20CDC000E3A01055EBFFFEA1E3A0C025E1C3C0B0E244C001E1C3C0B0E8BD80100000000036
:20CDE000E52DE004E52D3004E3A0C029E1C0C0B0E3A00000EBFFFE79E350000203A00000BE
:20CE00001300010FE8BD80080000000000000000E52DE004E52D7004E52D6004E52D50046A
:20CE2000E52D4004E52D3004E30D4A9CE3404803E5947000E1A05000E045C007E1A0C0CC5F
:20CE4000E5946004E6FF107CE1A00007EBFFFFD3E5D4C00CE35C000003A0C0000A00000609
:20CE6000E5D4C00EE3A0E000E4D60001E180C40CE6FFC07CE0C7C0B2E5C4E00CE59410087C
:20CE8000E3A00000E151000505D4100D1A000001E351000013A00001E35000001245500203
:20CEA000E1550007E04530079A00001FE3530004E1A01143E7E020D3BA000012E5D6C00010
:20CEC000E247700401A0000001A0000001A00000E5D63001E183C40CE1E7C0B4E5D6C002F9
:20CEE000E2511001E5D63003E2866004E1A0C40CE18CE003E1C7E0B2E183C00C15D6C0007E
:20CF00001AFFFFF2E2877004E3520000C5D6C000DA000005E5D62001E2866002E1A0140C74
:20CF2000E182C001E1811002E0C710B2E350000014D6C0010A000003E5D4000FE180C40C0C
:20CF4000E6FFC07CE0C7C0B2E1C4C1B4E247C002E584C010E5940000EBFFFFA0E58460048A
:20CF6000E5847000E8BD80F80000000000000000E52DE004E52DA004E52D9004E52D8004D3
:20CF8000E52D7004E52D6004E52D5004E52D4004E30DAAB8E340A803E1A05000E3A0000065
:20CFA000E59A4000EBFFFE0DE350000005DAC00C13A0000318BD87F0E35C0000059AC00837
:20CFC0000A00000BE1D4C0B0E30D2AAAE3A01000E3402803E5CA100CE6EFC07CE35C00FF58
:20CFE000E0D4C0B21300010EE1A0C42CE5C2C000E59AC008E3A09000E15C000505DAC00DC9
:20D000001A000001E35C000013A09001E3C4E007E359000001A0100512451002E154000E46
:20D02000128EE008E15E000191A0C00E81A0C001E15C0004E3C150079A000017E04CC0046A
:20D04000E35C0004E1A0214CE7E060DCBA00000BE30FCFFFE0D430B201A0000001A000003F
:20D06000E15C000300D430B21A00000AE15C00031A000008E252200110D430B21AFFFFF70A
:20D08000E3560000C0D4C0B2DA000003E30F2FFFE152000C0A000000E300010EE155000ED5
:20D0A0009A00001DE045200EE28FCC01E3520010E7E081D2E1A07242BA00000E01A000002B
:20D0C000E89C000CE8BE0060E155000201560003089C000C1A00000FE8BE0060E155000211
:20D0E00001560003E28440081A00000AE2577001E28440081AFFFFF1E3580000C89C000CF8
:20D10000DA000005E8BE0060E155000201560003028440080A000000E300010EE151000498
:20D12000E041C0049A000014E35C0004E1A0114CE7E030DCBA000009E30FCFFFE0D420B25F
:20D14000E15C000200D420B21A00000AE15C00021A000008E251100110D420B21AFFFFF75C
:20D16000E3530000C0D4C0B2DA000003E30F1FFFE151000C0A000000E300010EE359000010
:20D18000058A40000A000008E1D4C0B0E30D1AABE3401803E1A0C42CE35C00FFE0D4C0B2C1
:20D1A000E5C1C0001300010EE58A4000E8BD87F0FFFFFFFFFFFFFFFF000000000000000024
:20D1C000E52DE004E52D8004E52D7004E52D6004E52D5004E52D4004E30D8A99E30D7A8C02
:20D1E000E30D5A88E3408803E30D6A8AE3407803E3A04000E3405803E5D80000E3406803A1
:20D20000E597C000E2500001E28CC001E587C0000A00002FE250000113A040031A00004088
:20D22000E35C00019A000007EBFFFE88E1A0C006E1A00004E5C80000E5C50000E3A01E11C8
:20D24000E1CC10B0E8BD81F0EBFFFEB0E3500000030D0A9C1A000016E3400803E590C0082F
:20D26000E5900000E15C000001A000041A000003E5C80000E5C50000E1C600B0E8BD81F076
:20D28000EBFFFEBAEBFFFEE1E350000001A000040A000005E5C84000E1C600B0EBFFFE6BA5
:20D2A000E5C54000E1A00004E8BD81F0E5870000E8BD81F0E35000020A000019E1C600B0B8
:20D2C000EBFFFE62E1A00004E5C80000E5C50000E8BD81F0EBFFFDB1EBFFFF24E30D2AB89B
:20D2E000E1B0C000E3402803E5921000E59200080A000004E1C6C0B0E1A00004E5C8000032
:20D30000E5C50000E8BD81F0E1500001E1A000041A000003E5870000E3A0C002E5C8C0005B
:20D32000E8BD81F0E1A00004E8BD81F000000000E52DE004E52D3004E3000555E3A010AA86
:20D34000EBFFFD42E30002AAE3A01055EBFFFD3FE3000555E3A01080EBFFFD3CE3A010AA57
:20D36000EBFFFD3AE3A01055E30002AAEBFFFD37E3000555E3A01010EBFFFD34E8BD8008CF
:20D38000E52DE004E52D3004E1A02000EBFFFD0FE1A01000E1A00002EBFFFD0CE150000181
:20D3A00003A0000008BD8008E31100080300010F13A00002E8BD800800000000000000008C
:20D3C000E52DE004E52D7004E52D6004E52D5004E52D4004E52D3004E30D6A8CE30D7A9871
:20D3E000E30207CAE3406803E30D5A8AE3407803E30D4A88E3400009E596C000E3405803D0
:20D40000E3404803E28CC001E150000CE586C0003A00002EE5D7C000E25CC0010A00000F0B
:20D42000E25CC00113A0000318BD80F8E3A00000EBFFFCEAE1A06000E35600020A00002B46
:20D44000E35600000A000000EBFFFE00E1C560B0E3A00000E5C70000E5C40000E8BD80F8F6
:20D46000E3A00000EBFFFCDDE35000000A000006EBFFFDF6E3A00000E5C70000E3A0C003D1
:20D48000E1C5C0B0E5C40000E8BD80F8EBFFFFA7E3A00000EBFFFFB9E3500002E3A0000043
:20D4A0001A000003E5860000E3A0C002E5C7C000E8BD80F8EBFFFDE5E3A00000E5C700001B
:20D4C000E3A0C003E1C5C0B0E5C40000E8BD80F8EBFFFDDEE30DCA98E3A07E11E340C80313
:20D4E000E1C570B0E3A00000E5C40000E5CC0000E3A00000E8BD80F80000000000000000E9
:20D50000E52DE004E52D3004E3A010AAE1A03000E3000555EBFFFCCDE30002AAE3A010557A
:20D52000EBFFFCCAE3000555E3A01080EBFFFCC7E3A010AAEBFFFCC5E3A01055E30002AADF
:20D54000EBFFFCC2E1A00003E3A01030EBFFFCBFE8BD80080000000000000000000000000A
:20D56000E52DE004E52D9004E52D8004E52D7004E52D6004E52D5004E52D4004E52D30047B
:20D58000E30D9A90E30D6A8CE30D7A94E3409803E30D5A8AE3406803E30D4A88E34078030D
:20D5A000E5D91000E3405803E596C000E3404803E5970000E2511001E3A08000E28CC00184
:20D5C000E586C0000A00002FE25110010A00001CE2510001E30003F21A00003AE150000CE0
:20D5E0002A000006EBFFFD99E1A00008E5C90000E3A0CE11E1C5C0B0E5C40000E8BD83F803
:20D60000E1A00008EBFFFC75E1B06000E1A000081A000003E5C90000E5C40000E1C500B0E2
:20D62000E8BD83F8E35600020A000027EBFFFD87E1A00008E5C90000E1C560B0E5C400005A
:20D64000E8BD83F8E35C00019A00001FEBFFFF4BE3500002E1A000081A000003E586000037
:20D66000E3A0C003E5C9C000E8BD83F8EBFFFD77E1A00008E5C90000E3A0C003E1C5C0B0E5
:20D68000E5C40000E8BD83F8EBFFFC54E35000000A000006EBFFFD6DE1A00008E5C90000B9
:20D6A000E3A0C003E1C5C0B0E5C40000E8BD83F8E5970000EBFFFF91E3A0C002E5C9C0009C
:20D6C000E1A00008E8BD83F8E3A08003E1A00008E8BD83F8000000000000000000000000F2
:20D6E000E30D2A88E52DE004E52D3004E30D1A90E3402803E30D0A99E3401803E3A0C00050
:20D70000E3400803E5C2C000E30D2A98E3402803E5C1C000E30D1A9CE3401803E5C2C000C3
:20D72000E5C0C000E5C1C00CE5C1C00DE5C1C00EE30D2AB8E5C1C00FE3A00319E5810000DF
:20D74000E3402803E5810008E5810010E30D3A8AE5820000E3403803E5C2C00DE5C2C00C37
:20D76000E1A0000CE1C300B0E1C101B4E30DEA8CE5810004E340E803E5820004E30D3A946A
:20D78000E30D1AB4E3403803E58E0000E3401803E5820008E5830000E5C1C000E8BD800852
:20D7A000E30AC1E0E340C803E52DE004E52D4004E5DCC000E35C00AC13A00021E30DCA881F
:20D7C00018BD8010E340C803E5DCC000E35C00000A00000AE25CC0010A000018E25CC00102
:20D7E0000A000013E25CC0010A00000EE25CC0010A000009E25CC0010A000004EA000001EB
:20D80000E3A00000E8BD8010E3A04003EA000010EBFFFC1AE1A04000EA00000AEBFFFD17DD
:20D82000E1A04000EA000007EBFFFE64E1A04000EA000004EBFFFEE1E1A04000EA000001C6
:20D84000EBFFFF46E1A04000E3540003E1A000041A000002EBFFFCFDEBFFFFA0E1A000040C
:20D86000E8BD8010000000000000000000000000E52DE004E52D5004E52D4004E52D30047B
:20D88000E30E3400E30DCC0CE34F3FF7E340C803E5931028E59C0000E7E21851E3500000AF
:20D8A000E28120010A000010E59C5000E30EE464E3A00000E34FEFF7E1A0100201A00000F1
:20D8C000E0404002E3740001059340080384480205834008E2511001E4DE4001E7C54000DA
:20D8E000E2800001159C50001AFFFFF4E30D2C10E30DEC12E30D0C11E3A0CC42E3402803B2
:20D90000E3A01001E3400803E583C01CE340E803E5C21000E3A05000E5C05000E1CE50B0C5
:20D92000E8BD8038000000000000000000000000E30E0400E34F0FF7E30D3C10E3403803C3
:20D94000E590C004E30D1C11E3A02001E5C32000E3CCC080E580C004E3401803E590C00476
:20D96000E3A02000E5C12000E38CC080E580C004E12FFF1E00000000000000000000000039
:20D98000E30DCC10E340C803E52DE004E52D3004E5DCC000E35C000018BD8008E30F1C3036
:20D9A000E30DCC11E30D0C1CE340C803E5DCC000E35C000008BD8008E30DCC18E34F1FFF63
:20D9C000E3400803E340C803E5911000E5900000E59CC000E0410000E15C000028BD800824
:20D9E000EBFFFFD2E30D0C12E3400803E3A0CF43E1C0C0B0E8BD800800000000000000005D
:20DA0000E52DE004E52D3004E30E3400E30DCC12E34F3FF7E340C803E593001CE1B01FA09D
:20DA20001A00003EE31001011A000038E31002021A000032E31002011A00002CE3100302D0
:20DA40001A000026E31003011A000020E31004021A00001AE3100401E00012C01A00001351
:20DA6000E3110C02E00011401A00000EE30D2C10E00001C1E3100C01E30D0C110A00002A3C
:20DA8000E3A0EC29E3402803E583E01CE3400803E3A01001E5C21000E3A02000E5C020005B
:20DAA000E1CC20B0EA000020EBFFFF70EA00001EE300010BE1CC00B0EBFFFF9CEA00001AA9
:20DAC000E300010AE1CC00B0EBFFFF98EA000016E3000109E1CC00B0EBFFFF94EA000012B7
:20DAE000E3A00F42E1CC00B0EBFFFF90EA00000EE3000107E1CC00B0EBFFFF8CEA00000AD3
:20DB0000E3000106E1CC00B0EBFFFF88EA000006E3000105E1CC00B0EBFFFF84EA000002BE
:20DB2000E3A00F41E1CC00B0EBFFFF80EBFFFF93E8BD8008000000000000000000000000A3
:20DB4000E52DE004E52D6004E52D5004E52D4004E24DD028E30318BCE3A04000E340100DB9
:20DB6000E1CD40BCE5CD400EE1A06000E8B1400DE28DC010E48C0004E48C2004E48C300449
:20DB8000E48CE004E8910003E58C0000E58C1004E1A00006E28D2004E58D4008E28D100864
:20DBA000E58D4004EBFF90D5E350000013A0001F1A00003BE59DC004E59CC004E35C00003C
:20DBC00003A0001E0A000036E59DC008E5DC0000E30159D0E340500DE5DC1001E79501005D
:20DBE000E28D200EEBFF4DE1E3500000E5DDC00E1A000029E35C000003A000020A00002854
:20DC0000E1A00006E28D1010EBFF90E8E5DDC018E35C00100A000011E35C00081A00001E09
:20DC2000E59DC004E59CC004E58DC000E59DC008E1A0000CE5902004E5DCC000E5D0100170
:20DC4000E1D220B0E795010CE28D300CEBFF874BE35000001A000010E1A00004EA00001075
:20DC6000E59DC004E59CC004E58DC000E59DC008E1A0000CE5902004E5DCC000E5D0100130
:20DC8000E1D220B0E795010CE28D300CEBFF7227E3500000E1A000040A000001E3A00F49AC
:20DCA000EAFFFFFFE28DD028E8BD807000000000E52DE004E52D9004E52D8004E52D7004C9
:20DCC000E52D6004E52D5004E52D4004E52D3004E3016994E340600DE286600CE3A04000C4
:20DCE000E30D9A04E3409803E5D6C008E0895204E3A08001E1A0700401A0000001A000005B
:20DD0000E35C000005D5C00B1A000006E35C00000A000004E6EF0074EBFFFF88E3500000C5
:20DD200005C5800A05C5700BE286600CE2844001E354000435D6C0083089520421A00007EA
:20DD40003AFFFFEEE8BD83F80000000000000000E350000383A0001F812FFF1EE351000004
:20DD60001352000003A0001E012FFF1EE30DCA04E340C803E08CC200E5DC000AE5C20000E4
:20DD8000E5DC200BE3A00000E5CC000AE352000015C1000003A0C00105C1C000E12FFF1E37
:20DDA000E350000383A0001F812FFF1EE351000003A0001E012FFF1EE30DCA04E340C80330
:20DDC000E08CC200E5DC000CE350000005DCC00B035C000003A0C00103A0000005C1C0007D
:20DDE00013A0000015C10000E12FFF1E00000000E303C8A4E340C00DE52DE004E52D5004CF
:20DE0000E52D4004E24DD01CE8BC401CE1A0100DE3500003E4812004E4813004E4814004F2
:20DE2000E481E004E89C1004E5812000E581C0048A00001FE30DCA04E340C803E08C52003E
:20DE4000E595C004E35C00001595C000135C000003A0001E0A000022E30119A0E1A0C18020
:20DE6000E340100DE08CC100E081C00CE5DC1000E30129D0E340200DE7921101E5DCC001FD
:20DE8000E5911004E08CC10CE081C00CE1A0100DE5DC4004EBFF9045E5DDC008E1C540B808
:20DEA000E35C00080A000005E35C0010E1A040840A000002E3A0001FEA00000901A0000036
:20DEC000E5950004E3A010FFE1A02004FA001190E5950000E3A01000E1A02004FA00118CA9
:20DEE000E3A00000E28DD01CE8BD803000000000E52DE004E52D4004E1A04000E3A000005F
:20DF0000EBFFFFBAE30DC862E340C803E3A00000E1A01000E5CC4000EBFF8D74E8BD801031
:20DF2000E52DE004E52D5004E52D4004E52D3004E1A04000E3A05000E1A00005E1A0100D31
:20DF4000E5CD5000EBFFFF95E5DDC000E35C000003A0000208BD8038E3540000E30DC8610E
:20DF60000A000002E340C803E5DCC000E5C4C000E1A00005E8BD80380000000000000000DA
:20DF8000E35000038A000017E35100000A000015E30129A0E1A0C180E30139D0E08CC100CE
:20DFA000E340200DE082C00CE340300DE5DC2000E5DCC001E7932102E08CC10CE5922004AF
:20DFC000E082C00CE5DCC004E15C0001E1A0C200BA000004E30D0A0CE3400803E18010BCEE
:20DFE000E3A00000E12FFF1EE3A0001FE12FFF1EE52DE004E52DA004E52D9004E52D8004BA
:20E00000E52D7004E52D6004E52D5004E52D4004E30D98EBE24DD008E3A04000E34098034D
:20E02000E3A08002E5CD4000E5DDC000E5CDC001E5DD0001E5D9C000E5CD0002E5DD00023B
:20E04000E25CC001E5CD00030A000071E30D5854E25CC001E30D685AE30D7850E34058030E
:20E06000E3406803E34078030A000033E25CC00113A080031A000072E3A00001E28D100172
:20E08000E1A0200DEBFFFF31E5DDC001E35C0000E5DDC0000A000065E35C00000A00006359
:20E0A000E3A00001E28D1002EBFFFF3CE5DDC002E35C00000A000054E30DC848E340C80327
:20E0C000E5950000E59CC000E30D1867E1D620B0E08C0000E3401803FA001080E595C00021
:20E0E000E1D600B0E080C00CE585C000E597C000E5950000E15C0000930DC8589A0000070F
:20E10000E3A00005EBFFFF79E1A00008E28DD008E5C90000EA00005001A0000001A000001B
:20E12000E1A00004E340C803E28DD008E5CC4000E5C94000E1C640B0EA000047E28D00030C
:20E14000EBFFFF76E3500000E5DDC0031A000037E30D084CE1B0CF8CE34008030A000003EC
:20E16000E3A00005EBFFFF61E1A00008EA000039E595C000E1D000B0E080C00CE6FFA07C59
:20E18000E20AC03FE26CC040E1C6C0B0E5970000E595C000E1D610B0E040C00CE15C0001D8
:20E1A0003595C0002A000002E5970000E040C00CE1C6C0B0E3A00001EBFFFF0CE30DC8A851
:20E1C000E340C803E1D600B0E1A0142AE5CC1001E3A05003E5CCA002E2800003E5CC5000DA
:20E1E000E6FF1070E3A00001EBFFFF64E3A00001E1A01004EBFF8CBDE350000005C950004C
:20E20000028DD00801A000080A000013E3A0803DEA00000BE3A00005EBFFFF34E3500000C4
:20E2200001A0000805C900000A00000AE1A08000E3580002E30DC8581A000002E1A0000860
:20E24000EA000004E30DC858E1A00008E340C803E5CC4000E5C94000E28DD008E8BD87F007
:20E26000E52DE004E52DA004E52D9004E52D8004E52D7004E52D6004E52D5004E52D4004FE
:20E28000E30D98ECE24DD008E3A05000E3409803E30D8844E3A04002E5CD5003E34088033E
:20E2A000E5DDC003E5CDC002E5DD0002E5D9C000E5CD0001E5DD0001E25CC001E5CD0000FC
:20E2C0000A000081E25CC0010A00005AE30D7840E25CC001E30D685AE3407803E3406803CB
:20E2E0000A00001CE25CC00113A040031A000082E3A00001E28D1001E28D2002EBFFFE9357
:20E30000E5DDC001E35C0000E5DDC0020A000075E35C00000A000073E597C000E1D600B0D9
:20E32000E080C00CE587C000E1A0100DE3A00001EBFFFE9AE5DDC000E35C00000A00003BDB
:20E34000E3A00005EBFFFEE9E1A00004E28DD008E5C90000EA00006CE1A00005EBFFFEEF37
:20E36000E3500000E30D08381A00005EE597C000E3400803E1D000B0E080C00CE6FFA07CCA
:20E38000E30DC83CE20A003FE340C803E2600040E1C600B0E59C1000E5970000E1D620B003
:20E3A000E0410000E1500002359700002A000002E59CC000E04CC000E1C6C0B0E3A0000149
:20E3C000EBFFFE8AE30D08A8E3400803E30D1834E597C000E3401803E5C0A002E5C040001B
:20E3E000E5911000E1A0342AE5C03001E1D620B0E081100CE2800003FA000FB8E1D6C0B091
:20E40000E28CC003E6FF107CE3A00001EBFFFEDBE3A00001E1A01005EBFF8C34E35000001C
:20E4200003A0C00401A0000405C9C0000A000035E3A0403DEA000030E28D0003EBFFFEB7D8
:20E44000E3500000E5DDC0031A000026E1B0CF8CE30DC83C0A000005E3A00005EBFFFEA3C2
:20E46000E1A00004EA00002701A0000001A00000E30D0840E340C803E3400803E59CC0002F
:20E48000E5900000E15C0000930DC85A9A000007E3A00006EBFFFE95E1A00004E3A0C00396
:20E4A000E5C9C000EA00001701A0000001A00000E1A00005E340C803E5C80000E28DD00843
:20E4C000E5C90000E1CC00B0EA00000FE3A00005EBFFFE86E350000001A0000405C900009C
:20E4E0000A000008E1A04000E354000215C850001A000002E1A00004EA000002E5C8500059
:20E50000E5C95000E1A00004E28DD008E8BD87F0E30AC114E340C803E52DE004E52D400419
:20E52000E5DCC000E35C00A218BD8010E30DC844E30D485CE340C803E3404803E5DCC000A7
:20E54000E35C0000E30DC8581A000006E340C803E5DCC000E35C000008BD8010EBFFFEA3BE
:20E56000E1C400B0E8BD8010EBFFFF3CE1C400B0E8BD801000000000000000000000000062
:20E58000E351000003A0001E012FFF1EE1A0C220E6EF207CE352000AE200C00F2A00000645
:20E5A000E35C000AE3A0000A2A000003E10CC082E5C1C000E3A00000E12FFF1EE3A0001F71
:20E5C000E12FFF1E000000000000000000000000E52DE004E52D9004E52D8004E52D700456
:20E5E000E52D6004E52D5004E52D4004E52D3004E30A01B0E3A05000E30D4990E34008033B
:20E60000E5CD5000E3404803E5DDC000E5CDC001E5D0C000E5DD0001E35C00A5E5CD0002C5
:20E620001A0000BEE5D4C000E30D6991E3406803E35C00001A000079E5D6C000E35C000085
:20E6400001A0000508BD83F8E3A00003E28D1001E1A0200DEBFFFDBDE5DDC000E1A0400534
:20E66000E35C0000130D89E90A00004FE30DC994E3408803E30D799CE340C803E30D39A4B5
:20E68000E3407803E5D80000E3403803E59C1000E30DC9B2E1B023A0E340C8031A00002742
:20E6A000E1A09004E5CC9000EBFFFFB4E30DC998E340C803E1A04000E5D80001E59C100018
:20E6C000EBFFFFAEE3500000E597100011A04000E5D80002EBFFFFA9E30DC9A0E340C8035B
:20E6E000E3500000E59C100011A04000E5D80003EBFFFFA2E3500000E593100011A040006E
:20E70000E5D80005EBFFFF9DE30DC9A8E340C803E3500000E59C100011A04000E5D80006EA
:20E72000EBFFFF96E350000005C690000A00001EE1A04000EA00001B01A0000001A000009C
:20E74000E3A00001E1A09005E5CC0000E30DC998E340C803E351000015C14000E59CC000A4
:20E76000E35C000015CC9000E597C000E35C000015CC9000E30DC9A0E340C803E59CC00075
:20E78000E35C000015CC9000E593C000E35C000015CC9000E30DC9A8E340C803E59CC00051
:20E7A000E35C000015CC9000E5C69000E3A00003E28D1002EBFFFD79E5DDC002E35C000044
:20E7C00015D6C000135C00001A000003E35400001A00000FE3A00002E8BD83F8E3A0000377
:20E7E000EBFFFD82E30D09F0E3400803E3A0C092E5C0C000E3A01004E3A00003EBFFFDDF7C
:20E80000E3A00003E1A01005EBFF8B38E354000008BD83F8E3A00003E8BD83F801A0000071
:20E82000E3A00003E28D1001E1A0200DEBFFFD47E5DDC001E35C0000E5DDC0000A000005A3
:20E84000E35C0000130DC9B20A000002E5C45000E340C803E5CC5000E3A00003E28D1002E3
:20E86000EBFFFD4EE5DDC002E35C000015D4C0000A000028E35C00000A000026E3A00003D0
:20E88000EBFFFD5AE30D09AEE30DC9ACE30D19ADE340C803E30D79B1E3400803E30D99AF07
:20E8A000E3401803E30D89B0E3407803E5DC4000E3409803E5D03000E3408803E5D1E0006B
:20E8C000E30DC9F0E5D70000E340C803E5D92000E5D81000E5CC0007E3A06012E5CC60007C
:20E8E000E5CC1006E5CCE002E3A090FFE5CC9005E5CC2004E5CC4001E5CC3003E3A0000335
:20E90000E3A01004EBFFFD9DE3A00003E1A01005EBFF8AF6E8BD83F8E3A00002E8BD83F891
:20E92000E3A00021E8BD83F80000000000000000E52DE004E52D8004E52D7004E52D60048B
:20E94000E52D5004E52D4004E3015994E340500DE285500CE3A04000E30D8A04E3408803F8
:20E96000E5D5C008E0886204E1A0700401A00000E35C000005D6C00C1A000005E35C00006D
:20E980000A000003E6EF0074EBFF8DA8E350000005C6700CE285500CE2844001E3540004E3
:20E9A00035D5C0083088620421A000073AFFFFEFE8BD81F000000000000000000000000062
:20E9C000E52DE004E52D5004E52D4004E52D3004EBFFD4CAE1A05000EBFFE56CEBFFE59745
:20E9E000EBFFE5CEEBFFE611E30D49F8E3404803E5D4C000E1B00F8C1A000001EBFFE893D5
:20EA0000E5D4C000E35C00098A000029E28F0000E790F10C000CEAAC000CEAA0000CEA94DB
:20EA2000000CEA88000CEA3C000CEA7C000CEA70000CEA60000CEA50000CEA3CEBFFE88F1F
:20EA4000E3A00000EBFFED59E5D4C000EA000018EBFFEE0AEBFFEF9DE5D4C000EA000014B9
:20EA6000EBFFF18AEBFFF405E5D4C000EA000010EBFFF426E5D4C000EA00000DEBFFF46B1E
:20EA8000E5D4C000EA00000AEBFFEF90E5D4C000EA000007EBFFF539E5D4C000EA000004B7
:20EAA000EBFFF5CAE5D4C000EA000001EBFFF65BE5D4C000E28CC001E6EFC07CE35C000A0C
:20EAC00035D4C00023A0C00025C4C000328CC00135C4C000EBFFFB31EBFFFBC8EBFF892BA8
:20EAE000EBFFFC72EBFFFE89EBFFFEB8EBFFFF8FEBFF8A4AE30F0C88E34F0FFFE3A0C0016D
:20EB0000E580C000E1A00005EBFFD4A4E8BD8038E52DE004E52DC004E52D3004E52D200443
:20EB2000E52D1004E52D0004EEF8CA10E52DC004EEF1CA10E52DC004ED0D7B02ED0D6B0494
:20EB4000ED0D5B06ED0D4B08ED0D3B0AED0D2B0CED0D1B0EED0D0B10E24DD040EBFFFF97A6
:20EB6000ECBD0B10E8BD1000EEE1CA10E8BD1000EEE8CA10E8BD500FE25EF00400000000D6
:20EB8000E52DE004E52D3004EBFFD45CE30E1500E30CC808E34F1FF7E340C803E591201C72
:20EBA000E312030113A0204A1A000010E312040213A020481A000009E31204010581201C20
:20EBC0000A00000DE3A02049E1CC20B0E3A0C401E581C01CEA00000801A0000001A00000F7
:20EBE000E1CC20B0E3A0C402E581C01CEA000002E1CC20B0E3A0C301E581C01CEBFFD467F6
:20EC0000E8BD8008000000000000000000000000E52DE004E52DC004E52D3004E52D20047F
:20EC2000E52D1004E52D0004EEF8CA10E52DC004EEF1CA10E52DC004ED0D7B02ED0D6B0493
:20EC4000ED0D5B06ED0D4B08ED0D3B0AED0D2B0CED0D1B0EED0D0B10E24DD040EBFFFFC775
:20EC6000ECBD0B10E8BD1000EEE1CA10E8BD1000EEE8CA10E8BD500FE25EF00400000000D5
:20EC8000E52DE004E52D8004E52D7004E52D6004E52D5004E52D4004E1A04000E3A050009C
:20ECA000E1A07001E1A06002E594C200E5940204E150000C05D412081A000001E351000046
:20ECC0001A000029E150000CE26C8C028A00000FE156000831A08002E35800000A00000B5D
:20ECE000E1A01007E084000CE1A02008FA000D7BE594C200E1A05008E085C00CE584C20071
:20ED0000E35C0C0203A0C0000584C200E0466005E3560000E59402040A00000DE040800CF2
:20ED2000E156000831A08006E35800000A000008E0871005E084000CE1A02008FA000D67ED
:20ED4000E594C200E5940204E088C00CE584C200E0885005E150000C11A000051A000003CD
:20ED6000E355000013A0C00115C4C208E1A00005E8BD81F0000000000000000000000000A8
:20ED8000E303191AE52DE004E52D7004E52D6004E52D5004E52D4004E303091EE340100D5F
:20EDA000E340000DE24DD01CE1D120B0E1D000B0E3A0C000E1CDC0B4E58DC008E58DC00C48
:20EDC000E58DC010E1CDC1B4E1CD01BAE1CD21B6E1DD10B4E1CD11B8E3A00002E28D1004DF
:20EDE000EBFF5D72E1DDC0B4E31C00400A000049EBFF8866E3A00006EBFF81F0E3A07003E4
:20EE0000E28D0008E28D1010EBFF82E8E59DC008E30C4808E30C5850E30E6537E31C0040AC
:20EE2000E3405803E34F6FF7E34048031A000022E28D000CE28D1010E28D2014EBFF82E712
:20EE4000E59DC00CE156000C1A000008E28D000CE28D1010E28D2018EBFF82E0E59D000C74
:20EE6000E1A0C006E15C0000E1DDC1B40A000005E3001868E3A02004E28D0014E34F1FF8F6
:20EE8000FA000D16E1DDC1B4E35C00402A00000CE30C05FCE26C7040E1A02007E1A0100541
:20EEA000E3400803EBFFFF75E15700009A000006E3A0C046E1C4C0B0EA000003E2577001B9
:20EEC0001AFFFFCEE3A0C04BE1C4C0B0E58D5000E3A00006E3A01001E3A02040E1A0300630
:20EEE000EBFF5F46E3A00006E3A01002EBFF5CAFE30EC51CE34FCFF7E59CC000E31C0C0258
:20EF00000A000001E3A00006EBFF5D1CE3A00006EBFF60E2EBFF8941E28DD01CE8BD80F021
:20EF2000E52DE004E52D5004E52D4004E52D3004E3A04000E1CD40B0EBFFD370E1A0100DAD
:20EF4000E1A05000E3A00008EBFF5D18E1DDC0B0E31C00401A000005E3A0103FE1DD30B0FA
:20EF6000E1A00004E3A0208BEBFF8D88EA000003E3A00006E3A01008EBFF5C8CEBFFFF7F94
:20EF8000E1A00005EBFFD385E8BD803800000000E52DE004E52DC004E52D3004E52D200404
:20EFA000E52D1004E52D0004EEF8CA10E52DC004EEF1CA10E52DC004ED0D7B02ED0D6B0410
:20EFC000ED0D5B06ED0D4B08ED0D3B0AED0D2B0CED0D1B0EED0D0B10E24DD040EBFFFFCFEA
:20EFE000ECBD0B10E8BD1000EEE1CA10E8BD1000EEE8CA10E8BD500FE25EF0040000000052
:20F00000E52DE004E52D3004E3A0C000E58DC000E1A0000DEBFF8283E59D0000E8BD800813
:20F02000E52DE004E52D5004E52D4004E52D3004EBFFD332E1A04000EBFFFFF0E30DCB583C
:20F04000E7E03150E340C803E7E0E1D0E7E050D0E59CC000E2002001E7E013D0E35C0000EE
:20F06000E1A000050A000001E58DE000E12FFF3CE1A00004EBFFD349E8BD8038E92D5FFF06
:20F08000EBFFFFE6E8BD5FFFE25EF00400000000E52DE004E52D4004EBFFD318E30DC9FC94
:20F0A000E340C803E59CC000E35C0000E1A040000A000000E12FFF3CE30F0C88E34F0FFF06
:20F0C000E3A0C002E580C000E1A00004EBFFD333E8BD80100000000000000000000000001C
:20F0E000E52DE004E52DC004E52D3004E52D2004E52D1004E52D0004EEF8CA10E52DC004F6
:20F10000EEF1CA10E52DC004ED0D7B02ED0D6B04ED0D5B06ED0D4B08ED0D3B0AED0D2B0C68
:20F12000ED0D1B0EED0D0B10E24DD040EBFFFFD7ECBD0B10E8BD1000EEE1CA10E8BD1000C1
:20F14000EEE8CA10E8BD500FE25EF00400000000E52DE004E52D4004E30F4E00E34F4FFFBB
:20F16000E10FC000E20CC01FE5940004E35C0011E20000FF1A000003E35000000594C0308B
:20F18000031C0B0308BD8010EBFFD2DCE594C000E3A020C7E3A0103FE1A04000E3A000009C
:20F1A000E1A03000EBFF8CF9E1A00004EBFFD2FBE8BD8010000000000000000000000000BE
:20F1C000E52DE004E52D3004EBFFD2CCE3A00002EBFF71A6E3A00000E3A01902EBFF7E9FBD
:20F1E000E3A00000E3A02086E3A0103DE1A03000EBFF8CE6EBFF7EB501A0000001A0000027
:20F20000EAFFFFFE000000000000000000000000E35100000A000011E3500003E3A0C00040
:20F220008A00000E01A0000001A0000001A00000E1B02F81028CC0010A000004E08CC28007
:20F24000E3020000E340000DE7D0000CE12FFF1EE6EFC07CE35C001FE1A010A19AFFFFF37D
:20F26000E3A000B1E12FFF1E0000000000000000E30DCC48E340C803E52DE004E52D6004CF
:20F28000E52D5004E52D4004E59C2000E24DD010E3A04000E3720001E58D4004E1A0500062
:20F2A000359C0000E58D4000E58D400832800001358C0000E1A03001E1A00005EBFFFFD3A9
:20F2C000E355000103530010E1A060000A000006E1A02000E1A00004E3A0103BE1A03000F9
:20F2E000EBFF8CAAE30C0015EA00000FE3A00E11EBFF8F1AE1A05000E1A0200DE28D1004BA
:20F30000E28D0008EBFF4A49E315001013E0C000158DC004E1A00004E59D3004E3A0103CCE
:20F32000E1A02006EBFF8C99E30C0015E28DD010E8BD80700000000000000000000000002F
:20F34000E30DCC44E340C803E52DE004E52D5004E52D4004E52D3004E59C2000E1A0400065
:20F36000E3720001359C000032800001358C0000E1A05001E1A00004EBFF7E38E1A0000476
:20F38000E1A01005EBFFFFA1E3A0103AE1A02000E3A00000E1A03000EBFF8C7CE354000280
:20F3A000037504FF030C0015130C000AE8BD8038E52DE004E52D5004E52D4004E52D300430
:20F3C000E1A05000E3A04000E58D4000EBFFD24BE3A00002EBFF7125E3A00003E1A0100DB7
:20F3E000EBFF499AE59DC000E21C10FE03A000C7E58D10000A000004E3A00003EBFF7E17F3
:20F40000E59D1000E3A00003EBFFFF80E1A02000E1A03005E3A01038E1A00004EBFF8C5BF3
:20F42000EBFF7E2A01A0000001A0000001A00000EAFFFFFEFFFFF520FFFFF800FFFFF90071
:20F44000FFF870000000001C0000001D0803FEE00000002000000020E51FC02CE59C000072
:20F46000E31000081A00000EE31000201A000011E31000801A000020E20D2004E04DD0026C
:20F48000E92D4004EBFF4C29E8BD4004E08DD002E51F1054E7D02001E33200001A000025F7
:20F4A000EA000028E51F1074E5912000E3120C010A000010EA000003E51F1084E5912000E5
:20F4C000E3120C010A00000BE20D2004E04DD002E92D4004EBFF4A09E8BD4004E08DD00244
:20F4E000EBFF4C12E51F10A4E3A02000E7C02001E8BD5FFFE25EF004EA000012E51F10C496
:20F50000E591206CE1A02822E7DF221FE35200051A000007E20D2004E04DD002E92D400450
:20F52000EBFF49F6E8BD4004E08DD002E8BD5FFFE25EF004EA000003E3A02000E7C02001EB
:20F54000E8BD5FFFE25EF004E51F0104E51F1104E0800001E51F1108E0800001E5900000FE
:20F56000E35000000A000009E1A01000EE160F10E20D2004E04DD002E92D4004E12FFF31E5
:20F58000E8BD4004E08DD002E8BD5FFFE25EF008E1A00000EAFFFFFDEAFFFFEA00000000D0
:20F5A000E52DE004E52D5004E52D4004E52D3004E1A05000E3A04000E58D4000EBFFD1CF83
:20F5C000E3A00002EBFF70A9E3A00003E1A0100DEBFF491EE59DC000E21C10FE03A000C776
:20F5E000E58D10000A000004E3A00003EBFF7D9BE59D1000E3A00003EBFFFF04E1A020004D
:20F60000E1A03005E3A01037E1A00004EBFF8BDFEBFF7DAE01A0000001A0000001A0000099
:20F62000EAFFFFFE0803FEE00000002000000014EAFFFFFFE51F0018E51F1018E080000137
:20F64000E51F101CE0800001E5900000E35000000A000007E20D2004E04DD002E92D4004F4
:20F66000E12FFF30E8BD4004E08DD002E8BD5FFFE1B0F00EE1A00000EAFFFFFD0803FEE042
:20F68000000000200000001CEAFFFFFFE51F0018E51F1018E0800001E51F101CE08000010D
:20F6A000E5900000E35000000A000009E1A01000EE160F50E20D2004E04DD002E92D40042F
:20F6C000E12FFF31E8BD4004E08DD002E8BD5FFFE25EF004E1A00000EAFFFFFD0000000025
:20F6E000E3A0C000E24DD008E30F0410E34F0FF7E1CDC0B0E1CDC0B0EA00000201A00000B9
:20F70000E28CC001E1CDC0B0E1DDC0B0E35C0F4B3590C0002A000002E31C040111DDC0B0C2
:20F720001AFFFFF6E28DD008E12FFF1E00000000E3A0C000E24DD008E30F0810E34F0FF7BB
:20F74000E1CDC0B0E1CDC0B0EA00000201A00000E28CC001E1CDC0B0E1DDC0B0E35C0F4BCC
:20F760003590C0002A000002E31C040111DDC0B01AFFFFF6E28DD008E12FFF1E00000000F4
:20F78000E3A0C000E24DD008E5CDC000E5CDC000EA00000401A0000001A0000001A000006A
:20F7A000E28CC001E5CDC000E5DDC000E35C000F35DDC0003AFFFFF9E28DD008E12FFF1E61
:20F7C000E3A0C000E24DD008E1CDC0B0E1CDC0B0EA00000401A0000001A0000001A00000D2
:20F7E000E28CC001E1CDC0B0E1DDC0B0E35C006431DDC0B03AFFFFF9E28DD008E12FFF1EC8
:20F80000E3A0C000E24DD008E3060590E1CDC0B0E1CDC0B0EA00000301A0000001A00000B5
:20F82000E28CC001E1CDC0B0E1DDC0B0E150000C81DDC0B08AFFFFF9E28DD008E12FFF1E4D
:20F84000E3A0C000E24DD008E1CDC0B0E1CDC0B0EA00000401A0000001A0000001A0000051
:20F86000E28CC001E1CDC0B0E1DDC0B0E35C000F31DDC0B03AFFFFF9E28DD008E12FFF1E9C
:20F88000E3A0C000E24DD008E1CDC0B0E1CDC0B0EA00000401A0000001A0000001A0000011
:20F8A000E28CC001E1CDC0B0E1DDC0B0E35C003C31DDC0B03AFFFFF9E28DD008E12FFF1E2F
:20F8C000E3A0C000E24DD008E1CDC0B0E1CDC0B0EA00000401A0000001A0000001A00000D1
:20F8E000E28CC001E1CDC0B0E1DDC0B0E35C001E31DDC0B03AFFFFF9E28DD008E12FFF1E0D
:20F90000E3A0C000E24DD008E5CDC000E5CDC000EA00000401A0000001A0000001A00000E8
:20F92000E28CC001E5CDC000E5DDC000E35C000535DDC0003AFFFFF9E28DD008E12FFF1EE9
:20F94000E3A0C000E24DD008E5CDC000E5CDC000EA00000401A0000001A0000001A00000A8
:20F96000E28CC001E5CDC000E5DDC000E35C000835DDC0003AFFFFF9E28DD008E12FFF1EA6
:20F98000E3A0C000E24DD008E1CDC0B0E1CDC0B0EA00000401A0000001A0000001A0000010
:20F9A000E28CC001E1CDC0B0E1DDC0B0E35C0F4B31DDC0B03AFFFFF9E28DD008E12FFF1E10
:20F9C000E52DE004E52D3004EBFFD0CCE3A00002EBFF6FA6E3A00000E3A020C7E3A0103928
:20F9E000E1A03000EBFF8AE9EBFF7CB801A00000EAFFFFFE00000000000000000000000054
:20FA0000E30F1C30E34F1FFFE5910000E591C000E04CC000E35C00153591C0003AFFFFFBB3
:20FA2000E12FFF1E000000000000000000000000E30F1C30E34F1FFFE5910000E591C0005F
:20FA4000E04CC000E35C00083591C0003AFFFFFBE12FFF1E0000000000000000000000008D
:20FA6000E30F1C30E34F1FFFE5910000E591C000E150000C0591C0000AFFFFFCE12FFF1E88
:20FA8000E30F1C30E34F1FFFE5910000E591C000E150000C0591C0000AFFFFFCE12FFF1E68
:20FAA000EAFFFFFE00000000000000000000000000000C070000000000000000000000004D
:20FAC000000000000000000000000000000000000000000000000000000000000000000026
:20FAE000000000000000000000000000000000000000000000000000000000000000000006
:20FB00000000000000000000000000000000000000000000000000000000000000000000E5
:20FB200000FFFFFF00000000000000000000000000FF0000FFFFFFFFFF00FFFFFFFF00FFD3
:20FB4000000000000000000093FC9A190000080700000000000000000030000000FFFFFF27
:20FB6000FFFFFFFFFFFFFFFFFFFFFFFFFFFFFFFFFFFFFFFFFFFFFFFFFFFFFFFFFFFFFFFFA5
:20FB8000FFFFFFFFFFFFFFFFFFFFFFFFFFFFFFFFFFFFFFFFFFFFFFFFFFFFFFFFFFFFFFFF85
:20FBA000FFFFFFFFFFFFFFFFFFFFFFFFFFFFFFFFFFFFFFFFFFFFFFFFFFFFFFFFFFFFFFFF65
:20FBC000FFFFFFFFFFFFFFFFFFFFFFFFFFFFFF01FFFFFFFFFF01FFFFFFFFFFFFFFFFFF013F
:20FBE000010000005142F9520000100700000000000000000041000000FFFFFFFFFFFFFFD5
:20FC0000FFFFFFFFFFFFFFFFFFFFFFFFFFFFFFFFFFFFFFFFFFFFFFFFFFFFFFFFFFFFFFFF04
:20FC2000FFFFFFFFFFFFFFFFFFFFFFFFFFFFFFFFFFFFFFFFFFFFFFFFFFFFFFFFFFFFFFFFE4
:20FC4000FFFFFFFFFFFFFFFFFFFFFFFFFFFFFFFFFFFFFFFFFFFFFFFFFFFFFFFFFFFFFFFFC4
:20FC6000FFFFFFFFFFFFFFFFFFFFFF01FFFFFFFFFF02FFFFFFFFFFFFFFFFFF0205FF000094
:20FC8000A941653A0000180700000000000000000045000000FFFFFFFFFFFFFFFFFFFFFF82
:20FCA000FFFFFFFFFFFFFFFFFFFFFFFFFFFFFFFFFFFFFFFFFFFFFFFFFFFFFFFFFFFFFFFF64
:20FCC000FFFFFFFFFFFFFFFFFFFFFFFFFFFFFF0000000000000000FFFFFFFF000000000037
:20FCE00000000000002222222222222222FFFFFFFFFFFF0000FFFFFFFF0000FFFFFF000001
:20FD00000000FFFF00FFFF01FFFFFFFFFF02FFFFFFFFFFFFFF00000305FF00003DDBC9CA3E
:20FD200000001C0700000000000000000046000000FFFFFFFFFFFFFFFFFFFFFFFFFFFFFF69
:20FD4000FFFFFFFFFFFFFFFFFFFFFFFFFFFFFFFFFFFFFFFFFFFFFFFFFFFFFFFFFFFFFFFFC3
:20FD6000FFFFFFFFFFFFFFFFFFFFFFFFFFFFFFFFFFFFFFFFFFFFFFFFFFFFFFFFFFFFFFFFA3
:20FD8000FFFFFFFFFFFFFFFFFFFFFFFFFFFFFFFFFFFFFFFFFFFFFFFFFFFFFFFFFFFFFFFF83
:20FDA000FFFFFF02FFFFFFFFFF02FFFFFFFFFFFFFFFFFF0305FF0000754782A20000200742
:20FDC00000000000000000000049000000FFFFFFFFFFFFFFFFFFFFFFFFFFFFFFFFFFFFFFED
:20FDE000FFFFFFFFFFFFFFFFFFFFFFFFFFFFFFFFFFFFFFFFFFFFFFFFFFFFFFFFFFFFFFFF23
:20FE0000FFFFFFFFFFFFFFFFFFFFFFFFFFFFFFFFFFFFFFFFFFFFFFFFFFFFFFFFFF22222299
:20FE20002222222222FFFFFFFFFFFFFFFFFFFFFFFFFFFFFFFFFFFF000000FFFF00FFFF012D
:20FE4000FFFFFFFFFF02FFFFFFFFFFFF00FF000000FF00000CB11EED0000000000000000E5
:20FE6000000000000000000000000000000000000000000000000000000000000000000082
:20FE8000000000000000000000000000000000000000000000000000000000000000000062
:20FEA000000000000000000000000000000000000000000000000000000000000000000042
:20FEC000000000000000000000FFFFFF00000000000000000000000000FF0000FFFFFFFF2A
:20FEE000FF00FFFFFFFF00FF0000000000000000E52F73F3000000025454432D35383030A7
:20FF00003030000000FFFFFFFFFFFFFFFFFFFFFFFFFFFFFFFFFFFFFFFFFFFFFFFFFFFFFF9C
:20FF2000FFFFFFFFFFFFFFFFFFFFFFFFFFFFFFFFFFFFFFFFFFFFFFFFFFFFFFFFFFFFFFFFE1
:20FF4000FFFFFFFFFFFFFFFFFFFFFFFFFFFFFFFFFFFFFFFFFFFFFFFFFFFFFFFFFFFFFFFFC1
:20FF6000FFFFFFFFFFFFFFFFFFFFFFFFFFFFFFFFFFFFFFFFFFFFFF01FFFFFFFFFF01FFFF9D
:20FF8000FFFFFFFFFFFFFF01010000004F89BCC3000000035454432D3534303030300000CB
:20FFA00000FFFFFFFFFFFFFFFFFFFFFFFFFFFFFFFFFFFFFFFFFFFFFFFFFFFFFFFFFFFFFF60
:20FFC000FFFFFFFFFFFFFFFFFFFFFFFFFFFFFFFFFFFFFFFFFFFFFFFFFFFFFFFFFFFFFFFF41
:20FFE000FFFFFFFFFFFFFFFFFFFFFFFFFFFFFFFFFF2222222222222222212121212121211B
:02000004000DED
:2000000021FFFFFFFFFFFFFFFFFFFF000000FFFF00FFFF01FFFFFFFFFF01FFFFFFFFFFFFD6
:20002000000000000000000037AFEE48000000055454432D353230303030000000FFFFFF63
:20004000FFFFFFFFFFFFFFFFFFFFFFFFFFFFFFFFFFFFFFFFFFFFFFFFFFFFFFFFFFFFFFFFC0
:20006000FFFFFFFFFFFFFFFFFFFFFFFFFFFFFFFFFFFFFFFFFFFFFFFFFFFFFF00000000FF9C
:20008000FFFFFFFFFFFFFF00000000000022222222222222220000000000000000FFFFFF5A
:2000A000FFFFFFFFFFFFFF000000FFFF00FFFF01FFFFFFFFFF01FFFFFFFFFFFF0000000054
:2000C00000000000A6EB119E000000065454432D353130303030000000FFFFFFFFFFFFFFA3
:2000E000FFFFFFFFFFFFFFFFFFFFFFFFFFFFFFFFFFFFFFFFFFFFFFFFFFFFFFFFFFFFFFFF20
:20010000FFFFFFFFFFFFFFFFFFFFFFFFFFFFFFFFFFFFFFFFFF000000000000FFFFFFFFFFF9
:20012000FFFFFF0000000000002222222222222222FFFFFFFFFFFFFFFFFFFFFFFFFFFFFFC1
:20014000FFFF00000000FFFF00FFFF01FFFFFFFFFF01FFFFFFFFFFFF00FF000000000000AF
:20016000AFA31596000000015454432D353830303041000000FFFFFFFFFFFFFFFFFFFFFF36
:20018000FFFFFFFFFFFFFFFFFFFFFFFFFFFFFFFFFFFFFFFFFFFFFFFFFFFFFFFFFFFFFFFF7F
:2001A000FFFFFFFFFFFFFFFFFFFFFFFFFFFFFFFFFFFFFFFFFFFFFFFFFFFFFFFFFFFFFFFF5F
:2001C000FFFFFFFFFFFFFFFFFFFFFFFFFFFFFFFFFFFFFFFFFFFFFFFFFFFFFFFFFFFFFFFF3F
:2001E000FFFFFFFFFFFFFF01FFFFFFFFFF02FFFFFFFFFFFFFFFFFF0202FF000017EBE95BC8
:20020000000000015454432D353930303046000000FFFFFFFFFFFFFFFFFFFFFFFFFFFFFF90
:20022000FFFFFFFFFFFFFFFFFFFFFFFFFFFFFFFFFFFFFFFFFFFFFFFFFFFFFFFFFFFFFFFFDE
:20024000FFFFFFFFFFFFFFFFFFFFFFFFFFFFFFFFFFFFFFFFFFFFFFFFFFFFFFFFFFFFFFFFBE
:20026000FFFFFFFFFFFFFFFFFFFFFFFFFFFFFFFFFFFFFFFFFFFFFFFFFFFFFFFFFFFFFFFF9E
:20028000FFFFFF02FFFFFFFFFF02FFFFFFFFFFFFFFFFFF0304FF000020C9CAC700000002E9
:2002A0005454432D353930453046000000FFFFFFFFFFFFFFFFFFFFFFFFFFFFFFFFFFFFFFE0
:2002C000FFFFFFFFFFFFFFFFFFFFFFFFFFFFFFFFFFFFFFFFFFFFFFFFFFFFFFFFFFFFFFFF3E
:2002E000FFFFFFFFFFFFFFFFFFFFFFFFFFFFFFFFFFFFFFFFFFFFFFFFFFFFFFFFFFFFFFFF1E
:20030000FFFFFFFFFFFFFFFFFFFFFFFFFFFFFFFFFFFFFFFFFFFFFFFFFFFFFFFFFFFFFF02FA
:20032000FFFFFFFFFF02FFFFFFFFFFFFFFFFFF0305FF00000FCF723E000000015454432D1B
:20034000353038303045000000FFFFFFFFFFFFFFFFFFFFFFFFFFFFFFFFFFFFFFFFFFFFFF72
:20036000FFFFFFFFFFFFFFFFFFFFFFFFFFFFFFFFFFFFFFFFFFFFFFFFFFFFFFFFFFFFFFFF9D
:20038000FFFFFF0000000000000000FFFFFFFF000000000000000000002222222222222276
:2003A00022FFFFFFFFFFFF0000FFFFFFFF0000FFFFFF00000000FFFF00FFFF01FFFFFFFF2F
:2003C000FF02FFFFFFFFFFFFFF00000303FF0000FAF49385000000025454432D3534303035
:2003E0003049000000FFFFFFFFFFFFFFFFFFFFFFFFFFFFFFFFFFFFFFFFFFFFFFFFFFFFFF9F
:20040000FFFFFFFFFFFFFFFFFFFFFFFFFFFFFFFFFFFFFFFFFFFFFFFFFFFFFFFFFFFFFFFFFC
:20042000FFFFFFFFFFFFFFFFFFFFFFFFFFFFFFFFFFFFFFFFFF22222222222222222121215E
:200440002121212121FFFFFFFFFFFFFFFFFFFF000000FFFF00FFFF01FFFFFFFFFF02FFFF09
:20046000FFFFFFFF0000000000FF000026070287000000035454432D353230303049000070
:2004800000FFFFFFFFFFFFFFFFFFFFFFFFFFFFFFFFFFFFFFFFFFFFFFFFFFFFFFFFFFFFFF7B
:2004A000FFFFFFFFFFFFFFFFFFFFFFFFFFFFFFFFFFFFFFFFFFFFFFFFFFFFFFFFFFFFFF005B
:2004C000000000FFFFFFFFFFFFFFFF00000000000022222222222222220000000000000014
:2004E00000FFFFFFFFFFFFFFFFFFFF000000FFFF00FFFF01FFFFFFFFFF02FFFFFFFFFFFF12
:200500000000000000FF0000A84BC487000000045454432D353130303049000000FFFFFF46
:20052000FFFFFFFFFFFFFFFFFFFFFFFFFFFFFFFFFFFFFFFFFFFFFFFFFFFFFFFFFFFFFFFFDB
:20054000FFFFFFFFFFFFFFFFFFFFFFFFFFFFFFFFFFFFFFFFFFFFFFFFFF000000000000FFB5
:20056000FFFFFFFFFFFFFF0000000000002222222222222222FFFFFFFFFFFFFFFFFFFFFF7D
:20058000FFFFFFFFFFFF00000000FFFF00FFFF01FFFFFFFFFF02FFFFFFFFFFFF00FF00006E
:2005A00000FF0000A95B07DC0B010B020B040B080B100B200B400B800A010A020A040A08C7
:2005C0000A100A200A400A800901090209040908091009200940098008010802080408088D
:2005E00008100820084008800701070207040708071007200740078006010602060406088D
:2006000006100620064006800501050205040508051005200540058004010402040404088C
:2006200004100420044004800301030203040308031003200340038002010202020402088C
:2006400002100220024002800104010201080101011001800120014000010002000400088C
:2006600000100020004000800000000077073096EE0E612C990951BA076DC419706AF48F62
:20068000E963A5359E6495A30EDB883279DCB8A4E0D5E91E97D2D98809B64C2B7EB17CBD82
:2006A000E7B82D0790BF1D911DB710646AB020F2F3B9714884BE41DE1ADAD47D6DDDE4EBD2
:2006C000F4D4B55183D385C7136C9856646BA8C0FD62F97A8A65C9EC14015C4F63066CD922
:2006E000FA0F3D638D080DF53B6E20C84C69105ED56041E4A26771723C03E4D14B04D44762
:20070000D20D85FDA50AB56B35B5A8FA42B2986CDBBBC9D6ACBCF94032D86CE345DF5C7501
:20072000DCD60DCFABD13D5926D930AC51DE003AC8D75180BFD0611621B4F4B556B3C423F1
:20074000CFBA9599B8BDA50F2802B89E5F058808C60CD9B2B10BE9242F6F7C8758684C1161
:20076000C1611DABB6662D3D76DC419001DB710698D220BCEFD5102A71B1858906B6B51F8F
:200780009FBFE4A5E8B8D4337807C9A20F00F9349609A88EE10E98187F6A0DBB086D3D2DA1
:2007A00091646C97E6635C016B6B51F41C6C6162856530D8F262004E6C0695ED1B01A57B71
:2007C0008208F4C1F50FC45765B0D9C612B7E9508BBEB8EAFCB9887C62DD1DDF15DA2D49C1
:2007E0008CD37CF3FBD44C654DB261583AB551CEA3BC0074D4BB30E24ADFA5413DD895D7E1
:20080000A4D1C46DD3D6F4FB4369E96A346ED9FCAD678846DA60B8D044042D7333031DE560
:20082000AA0A4C5FDD0D7CC95005713C270241AABE0B1010C90C20865768B525206F85B350
:20084000B966D409CE61E49F5EDEF90E29D9C998B0D09822C7D7A8B459B33D172EB40D8140
:20086000B7BD5C3BC0BA6CADEDB883209ABFB3B603B6E20C74B1D29AEAD547399DD277AFC4
:2008800004DB261573DC1683E3630B1294643B840D6D6A3E7A6A5AA8E40ECF0B9309FF9D30
:2008A0000A00AE277D079EB1F00F93448708A3D21E01F2686906C2FEF762575D806567CBE0
:2008C000196C36716E6B06E7FED41B7689D32BE010DA7A5A67DD4ACCF9B9DF6F8EBEEFF910
:2008E00017B7BE4360B08ED5D6D6A3E8A1D1937E38D8C2C44FDFF252D1BB67F1A6BC5767F0
:200900003FB506DD48B2364BD80D2BDAAF0A1B4C36034AF641047A60DF60EFC3A867DF55AF
:20092000316E8EEF4669BE79CB61B38CBC66831A256FD2A05268E236CC0C7795BB0B4703BF
:20094000220216B95505262FC5BA3BBEB2BD0B282BB45A925CB36A04C2D7FFA7B5D0CF31CF
:200960002CD99E8B5BDEAE1D9B64C2B0EC63F226756AA39C026D930A9C0906A9EB0E363F81
:20098000720767850500571395BF4A82E2B87A147BB12BAE0CB61B3892D28E9BE5D5BE0D0F
:2009A0007CDCEFB70BDBDF2186D3D2D4F1D4E24268DDB3F81FDA836E81BE16CDF6B9265B3F
:2009C0006FB077E118B7477788085AE6FF0F6A7066063BCA11010B5C8F659EFFF862AE696F
:2009E000616BFFD3166CCF45A00AE278D70DD2EE4E0483543903B3C2A7672661D06016F76F
:200A00004969474D3E6E77DBAED16A4AD9D65ADC40DF0B6637D83BF0A9BCAE53DEBB9EC54E
:200A200047B2CF7F30B5FFE9BDBDF21CCABAC28A53B3933024B4A3A6BAD03605CDD706935E
:200A400054DE572923D967BFB3667A2EC4614AB85D681B022A6F2B94B40BBE37C30C8EA1EE
:200A60005A05DF1B2D02EF8D00011200000000000803990C01011301000A0000080399AC3F
:200A800002011402000100000803991C03011503000B0000080399BC0401160400020000D4
:200AA0000803992C05011705000C0000080399CC06011806000300000803993C000219079E
:200AC000000D0000080399DC07011A08000500000803995C08011B09000F0000080399FC7E
:200AE00009011C0A000600000803996C0A011D0B0010000008039A0C0B011E0C000700007F
:200B00000803997C0C011F0D0011000008039A1C0D01200E010800000803998C0E01210FF6
:200B20000112000008039A2C0F012210010900000803999C100123110113000008039A3C0B
:200B400011012412011C000008039ACC120125130126000008039B6C13012614011D0000CF
:200B600008039ADC010227150127000008039B7C020228160114000008039A4C03022917DE
:200B8000011E000008039AEC04022A180115000008039A5C05022B19011F000008039AFC3A
:200BA00006022C1A0116000008039A6C07022D1B0120000008039B0C08022E00021700004A
:200BC00008039A7C09022F010221000008039B1C0A0230020219000008039A9C0B023103F9
:200BE0000223000008039B3C0C023204021A000008039AAC0D0233050224000008039B4CDE
:200C00000E023406021B000008039ABC0F0235070225000008039B5CFF41FF3A483442FF60
:200C20003CFF3543FF3DFF3644FF3EFF3745FF3FFF3846FF40FF3947FFFFFF3BFF53FF4E44
:200C4000FF49FF54FF4FFF4AFF55FF50FF4BFF56FF51FF4CFF57FF52FF4D00002B2A00003D
:200C6000000D05A8000D05AA37360000000D05AC000D05AE5B5A0000000D05B0000D05B2D8
:200C800067660000000D05B4000D05B68B8A0000000D05B8000D05BA97960000000D05BC53
:200CA000000D05BEBBBA0000000D05C0000D05C2C7C60000000D05C4000D05C62D000000E1
:200CC000000D05C8000D05CA39000000000D05CC000D05CE5E000000000D05D0000D05D243
:200CE0005D000000000D05D4000D05D669000000000D05D8000D05DA2E000000000D05DC6E
:200D0000000D05DE3A000000000D05E0000D05E26A000000000D05E4000D05E68D000000DE
:200D2000000D05E8000D05EA99000000000D05EC000D05EEBE000000000D05F0000D05F262
:200D4000BD000000000D05F4000D05F6C9000000000D05F8000D05FA8E000000000D05FC4D
:200D6000000D05FE9A000000000D0600000D0602CA000000000D0604000D06066C60184A79
:200D80004B9293B82CA80000B4000000000D0618000D060808039B8CC0000000000D061A3E
:200DA000000D060A08039B98CC000000000D061C000D060C08039B8F9D000000000D061EBB
:200DC000000D060E08039B9BA9000000000D0620000D061008039B92B5000000000D062290
:200DE000000D061208039B9EC1000000000D0624000D061408039B95CD000000000D06262A
:200E0000000D061608039BA12F000000000D0648000000000000000046000000000D064A35
:200E200000000000000000003B000000000D064C000000000000000045000000000D064E72
:200E4000000000000000000047000000000D0650000000000000000048000000000D06523B
:200E600000000000000000006B000000000D0654000000000000000030000000000D065607
:200E80000000000000000000000800A508039BA4010901A608039BB0020A028F08039BA76A
:200EA000030B039B08039BB3040C04A708039BAA050D05BF08039BB6060E06CB08039BADB8
:200EC000070F079008039BB965000000000D06580000000000000000C5000000000D065A04
:200EE000000000000000000058000000000D065C000D065E000D0660004901550261036DD5
:200F0000000001000200000101010201030100001900003628000000000D0628000D0642BD
:200F20001801003734000000000D062A000D06621B02003840000000000D062C000D064450
:200F40001A03003988000000000D062E000D06641D04003A94000000000D0630000D064670
:200F60001C05003BA0000000000D0632000D06661F00010029000000000D06340000000027
:200F80001E01010035000000000D0636000000002102010041000000000D06380000000003
:200FA0002003010089000000000D063A000000002304010095000000000D063C000000002B
:200FC00022050100A1000000000D063E00000000000D11F800030000000D11F805030100BF
:200FE000000D120400030000000D120401030000000D120402030000000D12040303000053
:20100000000D120407020000000D123411030000000D124001030000000D1240080301006F
:20102000000D124011030000000D124019030100000D124C00030100000D124C01030000E3
:20104000000D125800030100000D120404000000000D124C09030000000D126402030000EF
:20106000000D12101F030000000D121001030000000D121002030000000D12100303000083
:20108000000D12100F030000000D121005030000000D121007030000000D12280403000051
:2010A000000D12100E030000000D12101E030000000D121011030000000D1210100300001B
:2010C000000D121013030000000D121004030000000D12100A030000000D12101403000013
:2010E000000D121016030000000D121019030000000D12101B030000000D12101D030000C1
:20110000000D121012030000000D12280B030000000D122808030000000D12281203000088
:20112000000D12280D030000000D122801030000000D122805030000000D12280003000074
:20114000000D122802030000000D122803030000000D122807030000000D12280C0300004F
:20116000000D122809030000000D12280F030000000D122810030000000D1228110300000E
:20118000000D121C10010000000D121C04010000000D12100B010000000D12101501000043
:2011A000000D121017010000000D121000010000000D121C00030000000D121C020300003A
:2011C000000D121C07030000000D121C06030000000D124C0A040100000D124C0B04010091
:2011E000000D120405000000000D11F801000000000D11F804010000FFF7BC3400000000AF
:2012000000000000FFF7BC540000000000000000FFF7B84C00000000FF000000FFF7B94CD4
:2012200000000000FF000000FFFFF770FFFFF76C10010000FFFFFA38FFFFFA340701000074
:20124000FFF7F418FFF7F41400000000FFF7F618FFF7F61400000000FFFFFF04FFFFFF008C
:20126000FF000000FFF7F818FFF7F81400000000000D11F800000000000D0FD00A00450016
:2012800000000000000000000000001000000000D76AA478E8C7B756242070DBC1BDCEEE5C
:2012A000F57C0FAF4787C62AA8304613FD469501698098D88B44F7AFFFFF5BB1895CD7BEE5
:2012C0006B901122FD987193A679438E49B40821F61E2562C040B340265E5A51E9B6C7AA64
:2012E000D62F105D02441453D8A1E681E7D3FBC821E1CDE6C33707D6F4D50D87455A14EDE9
:20130000A9E3E905FCEFA3F8676F02D98D2A4C8AFFFA39428771F6816D9D6122FDE5380CF9
:20132000A4BEEA444BDECFA9F6BB4B60BEBFBC70289B7EC6EAA127FAD4EF308504881D059E
:20134000D9D4D039E6DB99E51FA27CF8C4AC5665F4292244432AFF97AB9423A7FC93A03941
:20136000655B59C38F0CCC92FFEFF47D85845DD16FA87E4FFE2CE6E0A30143144E0811A12B
:20138000F7537E82BD3AF2352AD7D2BBEB86D391000000070000000C000000110000001648
:2013A000000000070000000C0000001100000016000000070000000C0000001100000016B9
:2013C000000000070000000C000000110000001600000005000000090000000E00000014A3
:2013E00000000005000000090000000E0000001400000005000000090000000E000000148D
:2014000000000005000000090000000E00000014000000040000000B000000100000001766
:20142000000000040000000B0000001000000017000000040000000B000000100000001740
:20144000000000040000000B0000001000000017000000060000000A0000000F0000001522
:20146000000000060000000A0000000F00000015000000060000000A0000000F0000001504
:20148000000000060000000A0000000F0000001501010101020201010102020802020102FA
:2014A0000101020202010101020202010202040202010402010102020204020408020101E9
:2014C0000201020402080808010104020101010202010102020402010101010102020102C2
:2014E0000101010101010101020101010000000100000000000000000202000002020202D2
:201500000202020201000102000000020101010100000311000A010A0000FFFF0000000092
:20152000000000000000000FC00F000000C80001000000000000000000030002000A010AEA
:201540000000FFFF0005000A0005000A0000FFFF0000FFFF000000010000000120058600C6
:201560003FC0723D21057700000000058005FFFF810010100000008800000000010100016C
:201580000000060600000009010101000000000100090019FFFFFFFFFFFFFFFFFFFFFFFF1C
:2015A000FFFFFFFF0A000000000D14900803FEE000000020000CFAA000001F00000B0F90FC
:2015C000000B142000010000000003110005000A0000000100000000000000000000000F98
:2015E000C00F000000C8000100000000000000000003000200050005000000010005000539
:201600000005000500000001000000010000000000000000400586003FC0723D21057700A8
:20162000000000058005FFFF810010100000008800000000010100010000060600000009E1
:20164000010101000000000100090019FFFFFFFFFFFFFFFFFFFFFFFFFFFFFFFF0A0000006A
:20166000000D14900803FEE000000020000CFAA000001F00000B0F90000B1420000009C435
:201680000000001F03000000000000000000000002000000000009C4000000010300000055
:2016A000000000000000000002000000000009C40000000203000000000000000000000056
:2016C00002000000000009C40000000303000000000000000000000002000000000009C466
:2016E0000000000F03000000000000000000000002000000000009C4000000050300000001
:20170000000000000000000002000000000009C400000007030000000000000000000000F0
:2017200002000000000009C40001000E03000000000000000000000002000000000009C4F9
:201740000001001E03000000000000000000000002000000000009C4000100110300000083
:20176000000000000000000002000000000009C40001001003000000000000000000000086
:2017800002000000000009C40001001303000000000000000000000002000000000009C494
:2017A0000001000403000000000000000000000002000000000009C40000000A0300000045
:2017C000000000000000000002000000000009C40000001403000000000000000000000023
:2017E00002000000000009C40000001603000000000000000000000002000000000009C432
:201800000000001903000000000000000000000002000000000009C40000001B03000000BF
:20182000000000000000000002000000000009C40000001D030000000000000000000000B9
:2018400002000000000009C40000001203000000000000000000000002000000000D167C03
:201860000803DB0014000000010007000201000700430100070001010007000301000700FD
:201880000A010007000601000700040098F799FE9ADF000000020000000D186801010300F1
:2018A00000000800460000000000011108000000000CF8C0000000050000000046000000B1
:2018C0000000011108000000000CF8C00000000500000000460000000000011108000000C5
:2018E000000CF8C00000000500000000460000000000011108000000000CF8C000000005F6
:20190000000000000000005F000000000000000000000000000CF6E002050000000D1872E8
:201920000101030000002900460000000000001310000000000CF8C0000000050000000047
:20194000460000000000010510000000000CF8C0000000020000000046000000000001110D
:2019600010000000000CF8C00000000500000000460000000000011110000000000CF8C062
:2019800000000005000000000000005F000000000000000000000000000CF73084F7000035
:2019A00000000000000D188C0000000000010000000D188C0000000001030000000D188E0D
:2019C0000000000001040000000D189000000000000D1894000D191801100101020200003F
:2019E0000803C8900803C8D00800000001040101020200000803C9100803C95008000000BE
:201A0000000B0101020200000803C9900803C9D00800000000150101020200000803CA10A5
:201A20000803CA500800000000170101020200000803CA900803CAD0080000000000010148
:201A4000020200000803CB100803CB50080000000110010201C9C38000000000000000004D
:201A600000000000000001000104010201C9C380000000000000000000000000000001004F
:201A8000000B010201C9C380000000000000000000000000000001000015010201C9C38005
:201AA000000000000000000000000000000001000017010201C9C3800000000000000000FE
:201AC00000000000000001000000010201C9C38000000000000000000000000000000100F4
:201AE0000000011001000104010000000000010000000000000B01000015010000000000AB
:201B0000010000000000001701000000010000000000010000000000000D19D80803DB9F27
:201B2000000D1A500803DBAB000D1AE00803DBB700000000000000000606030008400000A2
:201B40000000030800000022000000000000000120000000000006080000002A0000C0003F
:201B60000000000100000000000010000000003E0000000000000001000000000000060807
:201B80000000002A0000C00000000001080000000000030800000022000000000000000124
:201BA000600000000000130100000028000000000000000164000000000013000000002CE5
:201BC000000000000000000168000000000013010000002C0000000000000001F00000006B
:201BE000000013080000002C0000000000000001FC000000000013000000003200000C0050
:201C00000000000100000000000010000000003E0000000000000000000000000000100065
:201C20000000003E000000000000000000000000000010000000003E000000000000000018
:201C400000000000000010000000003E0000000000000000000009C404030200000009C493
:201C60000B030200000009C408030200000009C412030200000009C40D030200000009C4EA
:201C800001030200000009C405030200000009C400030200000009C402030200000009C4F4
:201CA00003030200000009C407030200000009C40C030200000009C409030200000009C4BD
:201CC0000F030200000009C410030200000009C411030200FFFFF770FFFFF76C1001000054
:201CE000000D1C540803DB3401000000000D1CD41000000000000002010003000000000237
:201D00000102030000000002010703000000000201060300000D1CF40803DB440400000059
:201D20000000003200001388000D1D200803DB4800020000010000000803CD140803D0B4E0
:201D400002010000010000000803C8500803C8900001000001000000FFF7E53BFFF7E53CCA
:201D6000020100000100000000000000FFFFFFFF01010000010000000803DBD00803DBD0F4
:201D80000201000001000000FFF80000FFF80000020100000000000000000000000000004E
:201DA000030100000100000000000000FFFFFFFF01010000010000006800000068001FFF31
:201DC0000201000000000000000000000000000003010000000000000000000000000000FC
:201DE000030100000100000000000000FFFFFFFF010100000803D7340000000801010000C0
:201E0000000D1D34000CF7800000004A004B00E800E9018501860237023802E902EA03879A
:201E2000038804240425051405150605060606A306A40741074207F407F508A608A70944F7
:201E4000094509E309E40A770A780FFF000000A000A1019B019C0295029603AD03AE04CA72
:201E600004CB05C005C106B606B7082F083009A909AA0A9D0A9E0B930B940CB20CB30DCED7
:201E80000DCF0EC50EC60FC10FC20FFF000000000900020F3CB2F031B30800020FC4B4F0B3
:201EA000B9B50700020F9CB6F091B70600020FA3B8F0B2B90501020764C03859C1030102BA
:201EC0000743BA3851BB0201020E53BDE03DBE000101E054BF0000000100000000010000C5
:201EE0000100000101010101000101010101010100000000000100010000000000010001D1
:201F00000001000100000001000101000101010001000100010001000100010001000100B1
:201F2000010001000100010001000100010001000100010001000100010001000100010091
:201F4000010001000100010001000100010001000000010001000100010001000100010072
:201F6000010001000100010001000100010001000000000100000101000000000000000056
:201F80000000000000000000000000000803DC20000CF980000001F4000CF940000CF90076
:201FA000010000010000010100000000000000000000000000000000000000000803DC2610
:201FC000000CF980000001F4000CF940000CF9000200000100000101000000000000000038
:201FE0000000000000000000000000000803DC2C000CF980000001F4000CF940000CF9000A
:20200000B18D8E8FB190B19192B19394B195B196B1979899B1B1B1B1B1B1B19AB1B19B9C68
:20202000B1B1B1B19D9E9FA0A1A2A3B1B1B1B1B1B1B1B1B1B1B1B1B1B1B1B1B1B1B1A4B104
:20204000B1B1A5B1A6B1A7B1A8B1A9B1AAB1B1B1ABB1B1B1B1B1B1B1ACB1B1B1B1B1B1B1A4
:20206000B1ADB1AEB1AFB1B0B1B1B1B1B1B1B1B1B1B1B1B1B1B1B1B1B1B1B1B1B1B1B1B14A
:2020800000000101000100070000001000000000000003FF0100000000000101000100011F
:2020A000000000100000010000000FFF0100000000000101000100070000001000010000E5
:2020C000000030FF01000000000001010001010100000010000101000000F0FF01000000C9
:2020E00001010102141801010102141804000000000D20805FFF57EE4FBA47673F02368874
:202100002DDC251C1C0212C00E74125C162319B51D122042234D263228FD2BB32E4D30D4B3
:20212000334135A237F03A353C643E9440A642B844B646B448A24A924C684E48501451EAC9
:2021400053C055A0579459AD5C1E5EEB62A206960845081209D0098E0B5B0B0A0CE70C864C
:202160000E730E020FFE0000012C0200FFFFFFFFFFFFDFFF0000010100000000000000B305
:20218000FFFFFFFF01010101000100000001010100010000012C0200FFFFFFFFFFFFFEFE15
:2021A0000000010100000000000000B3FFFFFFFF0101010100010000000101010001000065
:2021C000000D21680000000000000000000100010000000000000000030000010001010061
:2021E0000000020403010B0101010002000100000006000008000001000D21D2000D21E0A7
:20220000000D21C400000F00000000040000080000010000020303010B010101400EADAEF0
:202220004000047040008C0040000040400EADAE40000460000CF270000CF3403FFF000066
:20224000000000000000000000000000000000000000000000000000000CF270000CF340D1
:202260003FFF0000FFF7BC540000000000000000010D030001050300000D2264030000006A
:20228000000001F40000000D0105040D020200000803D0B4010F01000001324800000630D0
:2022A00000060AE0000055AA020F080000013248000006300006CC3C000055AA0101010055
:2022C0000000000000010000000100010100000001010001000009C409C47D0000000000E0
:2022E0002A00D059EA5F0C00078BD12B0783D1312A10D314F84D6D04F84D5D04F84D4D0409
:202300003A10C978F8403B04F8404B04F8405B04F8406B043A10D2F4BC703210D03B2A043F
:20232000D32F2A08D3072A0CBF24C908F8403B04C908F8403B04C908F8403B040792D02A0B
:202340000F92E022780B70031C491C401E52D022078BD1F707C3D1140783D0C91F12D3127F
:20236000C90880430C1B80031D001F12D2F8E00AC90870C30A1B70830A1B70430A1B700391
:202380001D001F12D2F41D12D005780B70031C491C401E52D1F9466047702A00D04AEA5F4A
:2023A0000C00078BD11C0783D1222A10D308B4703A10C978C0783A10D2FBBC703210D0388C
:2023C0002A04D32C2A08D3052A0CBF24C908C008C908C008C908C0080792D02A0F92E022AC
:2023E000780B70031C491C401E52D022078BD1F707C3D1140783D0D81F12D312C9088043DF
:202400000C1B80031D001F12D2F8E00AC90870C30A1B70830A1B70430A1B70031D001F1236
:20242000D2F41D12D005780B70031C491C401E52D1F9466047700000B570460688732400F4
:202440004D0EE015EB0000C4183068C268416880B94A682AB152780AF85530221C4A460114
:2024600046104798E001F7FFFF9888731C64B2A442A3EA4F0084DCE5BD7046C0000D43EC16
:20248000B5F0481E270142F8D001F7FFFFD54D1E4F1E4E1F42BDD206CD03780400A459349B
:2024A0001C4047A0E7F64D164F1642BDD202CD1047A0E7FABDF02503E01B684130081C0AE5
:2024C000402AD10B1C1A402A43ABD00568043004600C31043B04D1F91C13D0057804300158
:2024E000700C31013B01D1F91C02402AD00143A8300468032B00D1E0477046C0FFFFFFFFB0
:202500000000000000000000000D4430000D4460000D43ECF84DED04F84D6D04F84D5D04BB
:20252000F84D4D04F84D0D04F0100F03D00A2A00BF82F8001B011E52F0100F03D1F72A00D0
:20254000BF08BD71F01101FFEA4121012A04D323EA4141012A08D31A460E2A10D30F460CC6
:20256000460DF1B2030FF012020FF8401B04F8404B04F8405B04F8406B043B10D8F5F0120A
:202580000F08BF18F8401B04BF18F8406B04F0120F04BF18F8401B04F0120F02BF18F82033
:2025A0001B02F0120F01BF187001BD712A00B510BF082000D00A1E401E49F8103F01F811B0
:2025C0004F01429CD1011E52D1F71B18BD10B508F1B20320BF27FA01F0032100425B4090DE
:2025E000BF3EFA21F30343184091BD0800000000E52DE004E52D3004E300C0FAE3A0ECFF95
:20260000E341C8FFE1CCC00EE18CC400E581C000E300C027E341C8FFE1CC100EE181148087
:20262000E5821000E1A00480E2800C01E1CCC00EE180C00CE583C000E8BD800800000000B2
:20264000E580100CE3A0C001E5C0C009E3A0C008E5C0C008E12FFF1E2201F001B805000091
:20266000E52DE004E52D8004E52D7004E52D6004E52D5004E52D4004E24DD008E1A080000E
:20268000E35800183A000001E3A0001FEA000043E30568A8E3057898E30548B8E34078006A
:2026A000E3A05058E3406800E3404800E1017885E1026885E1034885EBFFFFCCE16C08850A
:2026C000E305088CE3400800E1000885E797100CEBFFFFDAE16C0885E305089CE3400800F7
:2026E000E1000885E796100CEBFFFFD4E16C0885E30508ACE3400800E1000885E794100C70
:20270000EBFFFFCEE16C0885E3050884E797C00CE3400800E1000885E58DC000E3E0C20E0C
:20272000E58DC004E3A01066E3A03001E3A02000EBFF9A9AE35000001A000018E16C0885B6
:20274000E3A01066E3A02001E796000CE1A03002E305C886E3A06000E58D0000E340C8002A
:20276000E100C885E58D6004EBFF9A8CE35000001A00000AE16C0885E3A02001E1A03002BD
:20278000E3A01067E794000CE305C888E58D0000E340C800E100C885E58D6004EBFF9A7F1C
:2027A000E28DD008E8BD81F00000000000000000E52DE004E52D5004E52D4004E24DD00CFF
:2027C000E3A00066E3A04000E1A03004E3A010FAE58D4000E1A02003E58D4004EBFF97CBB3
:2027E000E3A00067E1A03004E3A010FAE58D4000E1A02003E58D4004EBFF97C4E1A0500487
:20280000E35500182A00000701A0000001A00000E1A00005EBFFFF91E285C001E6EF507C2C
:20282000E35500183AFFFFF9E1A00004E28DD00CE8BD8030000000000000000000000000F2
:20284000E52DE004E52D3004E3A00063E3A01001EBFF9756EBFFFFD5E8BD80080000000000
:20286000E3A0C000E35C00042A00000D01A00000E1A0208CE6EF2072E7D23000E203300761
:20288000E7CC3001E0802002E08C3001E5D22001E5C32004E28CC001E6EFC07CE35C00040E
:2028A0003AFFFFF2E12FFF1E0000000000000000E52DE004E52D6004E52D5004E52D400499
:2028C000E1A06000E35600182A00001BE3A05058E16C0685E3054884E3404800E19400BC2E
:2028E000EBFF9B22E35000001A000013E1600685E1A0C004E305488CE3404800E1014685EC
:20290000E19C00B0EBFF9BD9E35000001A00000AE16C0685E3050894E3400800E7D0C00CCB
:20292000E35C00081A000004E305C8C4E1004685E340C800E101C685EBFFFFC8E8BD8070B4
:20294000E35100042A000002E081C000E5DC0004EA000000E3A00000E12FFF1E0000000093
:20296000E35100042A000001E7D10000EA000000E3A00000E12FFF1E0000000000000000A2
:20298000E52DE004E52D5004E52D4004E52D3004E1A04001E1A05000E35500182A00000131
:2029A000E3540004BA000001E3A00000EA00000EE3A02058E305C8C4E340C800E100C58224
:2029C000EBFFFFE6E1A03000E305C8BCE340C800E100C582EBFFFFE1E1A0C000E15C0003AD
:2029E000E3A000000A000000E3A00001E8BD8038E52DE004E52D4004E081C100E6EF407C6A
:202A0000E305C8BCE3A02058E340C800E100C082EBFFFFD2E250C0010A00003CE25CC0014E
:202A20000A000032E25CC0010A000028E25CC0010A00001EE25CC0010A000014E25CC001E6
:202A40000A00000AE25CC0011A000036E3A0C06CE16C048CE303006CE3400800E7D0000C47
:202A6000EBFF9C56EA00002F01A0000001A00000E3A0C06CE16C048CE3030060E340080022
:202A8000E7D0000CEBFF9DCDEA00002601A00000E3A0C06CE16C048CE3030058E340080079
:202AA000E7D0000CEBFF9EADEA00001E01A00000E3A0C06CE16C048CE3030054E340080084
:202AC000E7D0000CEBFF9F2DEA00001601A00000E3A0C06CE16C048CE3030018E340080027
:202AE000E7D0000CEBFFA065EA00000E01A00000E3A0C06CE16C048CE303000CE3400800E2
:202B0000E7D0000CEBFFA1F1EA00000601A00000E3A0C06CE16C048CE3030004E340080044
:202B2000E7D0000CEBFFA255E8BD801000000000E52DE004E52D8004E52D7004E52D600434
:202B4000E52D5004E52D4004E24DD008E1A04002E081C100E6EF707CE305C8C4E3A020589D
:202B6000E340C800E100C082EBFFFF7CE1A0C004E35C00649A000000E3A0C064E1A0130C19
:202B8000E081C20CE28CCFFAE6FF107CE308C51FE0642804E345C1EBE082329CE1A022A2D6
:202BA000E6FF6072E3A02C7DE1620482E08C229CE1A0C2ACE6FF807CE1A0C000E25CC0012F
:202BC0000A0000A2E25CC0010A000080E25CC0010A00005EE25CC0010A000054E25CC001FD
:202BE0000A000006E25CC0010A000030E25CC0010A000022EA0000A301A0000001A0000092
:202C0000E3A0506CE3036058E16C0785E303E059E3406800E1610785E303305CE340E80009
:202C2000E1620785E3403800E7D6000CE7DE1001E7932002EBFFA30DE35400001A0000073D
:202C4000E16C0785E7D6000CE3A01000EBFFA4C3EA00008C01A0000001A0000001A0000095
:202C6000E16C0785E7D6000CE3A01001EBFFA4BBEA00008401A0000001A0000001A0000084
:202C8000E3A0406CE16C0784E303506CE3405800E7D5000CEBFFA5C9E16C0784E7D5000C50
:202CA000E1A01008EBFFA61DEA00007601A00000E3032068E3A0406CE3038062E3035060D2
:202CC000E16C0784E303E064E3402800E1600784E1610784E792300CE3405800E58D30003C
:202CE000E3408800E1620784E3033065E340E800E16C0784E7D50000E3403800E19810B1AC
:202D0000E7DE2002E7D3300CEBFFA748E16C0784E3A02000E7D5000CE1A01006E1A0300270
:202D2000EBFFA926EA00005701A0000001A00000E3A0C06CE16C078CE3030054E340080063
:202D4000E7D0000CEBFFA9C5EA00004E01A00000E303E01CE3A0C06CE3035018E30320207A
:202D6000E163078CE1A0000CE340E800E161078CE1640780E7DE3003E3402800E58D30005E
:202D8000E3405800E16E0780E163078CE7920001E303201AE16C078CE3031019E340280037
:202DA000E58D0004E3401800E7D50004E303401BE3404800E7D22003E7D1100EE7D4300C4D
:202DC000EBFFABAAEA00002F01A0000001A00000E303E010E3A0C06CE303500CE303201478
:202DE000E163078CE1A0000CE340E800E161078CE1640780E7DE3003E3402800E58D3000DE
:202E0000E3405800E16E0780E163078CE7920001E303200EE16C078CE303100DE3402800CE
:202E2000E58D0004E3401800E7D50004E303400FE3404800E7D22003E7D1100EE7D4300CD8
:202E4000EBFFAF56EA00000F01A0000001A00000E3A0C06CE3031004E160078CE162078CF5
:202E6000E3033005E3401800E303E008E3403800E16C078CE340E800E7D10000E7D3100264
:202E8000E79E200CEBFFB02DE28DD008E8BD81F0E35200000A000005E35100001A000001CA
:202EA000E1C200B0EA000001E3A0C001E1C2C0B0E12FFF1E00000000000000000000000050
:202EC000E35200000A000005E35100001A000001E1C200B0EA000001E3A0C002E1C2C0B0C9
:202EE000E12FFF1E000000000000000000000000E35200000A000009E35100001A0000050A
:202F0000E304CDD3E341C062E08C009CE1A0C32CE1C2C0B0EA000001E3A0C003E1C2C0B015
:202F2000E12FFF1E000000000000000000000000E35200000A000009E35100001A000005C9
:202F4000E304CDD3E341C062E08C009CE1A0C32CE1C2C0B0EA000001E3A0C006E1C2C0B0D2
:202F6000E12FFF1E000000000000000000000000E35100001A000005E3500000E3A0C0005B
:202F80000A000000E3A0C001E5C2C000EA000001E3A0C004E5C2C000E12FFF1E00000000B6
:202FA000E35100042A000001E1A0C081E18020BCE12FFF1E00000000000000000000000082
:202FC000E35100042A000001E1A0C081E18020BCE12FFF1E00000000000000000000000062
:202FE000E52DE004E52DA004E52D9004E52D8004E52D7004E52D6004E52D5004E52D400431
:20300000E24DD030E1A09001E1A0A000E35A00182A0000BBE35900042A0000B9E089C10ABD
:20302000E6EF807CE305C8C4E3A06058E340C800E100CA86EBFFFE49E3A0C000E1CDC0B45E
:20304000E25000010A000095E25000010A00000BE25000010A00007DE25000010A00006BF4
:20306000E25000010A000059E25000010A000047E25000010A000035EA00002E01A000000B
:20308000E58DC008E5CDC00CE3A0406CE16C0884E303000CE3400800E7D0000CE28D100809
:2030A000E28D200CEBFFB4D1E1A07000E16C0884E303500DE3405800E7D5C00CE35C0000B7
:2030C0001A000003E59D0008E1A01007E28D2004EBFFFF6EE16C0884E7D5C00CE35C000324
:2030E0001A000003E59D0008E1A01007E28D2004EBFFFF66E16C0884E7D5C00CE35C00010E
:203100001A000003E59D0008E1A01007E28D2004EBFFFF6AE16C0884E7D5C00CE35C0002E8
:203120001A00006BE59D0008E1A01007E28D2004EBFFFF6EEA000066E1CDC0B4E3A0701A7F
:20314000EA00006301A0000001A0000001A00000E1CDC2B6E5CDC028E3A0C06CE16C088CEF
:20316000E303006CE3400800E7D0000CE28D1026E28D2028EBFFB56DE1A07000E1DD02B640
:20318000E28D2004E1A01007EBFFFF40EA000050E1CDC2B2E5CDC024E3A0C06CE16C088C59
:2031A000E3030060E3400800E7D0000CE28D1022E28D2024EBFFB5A5E1A07000E1DD02B2E0
:2031C000E28D2004E1A01007EBFFFF3CEA000040E1CDC1BEE5CDC020E3A0C06CE16C088C26
:2031E000E3030058E3400800E7D0000CE28D101EE28D2020EBFFB5F9E1A07000E1DD01BE51
:20320000E28D2004E1A01007EBFFFF2CEA000030E1CDC1BAE5CDC01CE3A0C06CE16C088C0D
:20322000E3030054E3400800E7D0000CE28D101AE28D201CEBFFB6DDE1A07000E1DD01BA3B
:20324000E28D2004E1A01007EBFFFF10EA000020E58DC010E58DC014E5CDC018E3A0006C3F
:20326000E1600880E3031018E3401800E7D10000E58DC000E28D2014E28D3018E28D101069
:20328000EBFFB926E1A07000E1A01000E59D0010E28D2004EBFFFF25EA00000D01A0000018
:2032A000E5CDC006E3A0C06CE16C088CE3030004E3400800E7D0000CE28D1006EBFFB9AB5B
:2032C000E1A07000E5DD0006E28D2004E1A01007EBFFFF26E305C8CCE1DD20B4E340C80002
:2032E000E100CA86E1A01009EBFFFF2CE305C8D4E1A01009E340C800E100CA86E1A020070C
:20330000EBFFFF2EE28DD030E8BD87F000000000E52DE004E52D7004E52D6004E52D5004B3
:20332000E52D4004E52D3004E35000182A00001BE3A02000E3520004AA000018E30578BCA7
:20334000E30568C4E30548C8E3406800E30558C0E3407800E3A0C058E3404800E1A0100C98
:20336000E340580001A0000001A0000001A00000E103608CE10E708CE7D23003E7C2300E61
:20338000E1034081E10E5081E7D23003E7C2300EE2822001E6EF2072E3520004BAFFFFF325
:2033A000E8BD80F8000000000000000000000000E3A0C000E35C00042A00000E01A0000091
:2033C000E1A0208CE6EF2072E080308CE5D33001E7C23001E1A0308CE0812002E19030B366
:2033E000E1A03423E5C23001E28CC001E6EFC07CE35C00043AFFFFF1E12FFF1E0000000044
:20340000E3A0C000E35C00042A00000E01A00000E1A0208CE6EF2072E080308CE5D33001B4
:20342000E7C23001E1A0308CE0812002E19030B3E1A03423E5C23001E28CC001E6EFC07CAE
:20344000E35C00043AFFFFF1E12FFF1E00000000E52DE004E52D6004E52D5004E52D4004AB
:20346000E1A06000E35600182A00001AE305489CE305C8CCE3A05058E340C800E34048000D
:20348000E100C685E1014685EBFFFFC8E16C0685E3050886E3400800E1014685E19000BC4F
:2034A000EBFFBA1EE305C8D4E30548ACE340C800E3404800E100C685E1014685EBFFFFCF03
:2034C000E16C0685E3050888E3400800E1014685E19000BCEBFFBA11E8BD8070000000004D
:2034E000E52DE004E52D8004E52D7004E52D6004E52D5004E52D4004E3A05000E355001865
:203500002A000029E30578C4E3A08058E3407800E1A00005EBFFFCE5E3A04000E3540004EF
:20352000AA00001901A0000001A0000001A00000E1007588E1A01004EBFFFD00E1A06000AA
:20354000E1A01004E1A00005EBFFFD0CE35000000A000006E1A00005E1A01004EBFFFD23F5
:20356000E1A01004E1A00005E1A02006EBFFFD6FE1A00005E1A01004EBFFFE98E284C00171
:20358000E6EF407CE3540004BAFFFFE8E1A00005EBFFFF5EE1A00005EBFFFFACE285C001AF
:2035A000E6EF507CE35500183AFFFFD8E8BD81F0E52DE004E52D5004E52D4004E52D3004FC
:2035C000EBFF97A6EBFFFFC5EBFFC17CE3035000E3405800E5950000EBFFC184E302471059
:2035E000E15400009A00000501A0000001A00000E5950000EBFFC17DE15400008AFFFFFB5B
:20360000E595C000E084C00CE585C000E8BD8038E52DE004E52D3004E3030904E340000D5A
:20362000EBFF9316EBFFFC85E3030000E3400800EBFF96E601A0000001A0000001A0000032
:20364000EBFFFFDAEAFFFFFDF8D000032200B118F8012B011E40D1FB47701DC3F8D020033B
:2036600046084619F7FEBE99B570F8104B01E01C1C40B1620A1DF04F0502D108F8106B01B3
:203680001E6DEA462303D1F9E0012B04D302F8105B01E0034625E001F8015B011E5BF1B395
:2036A0003FFFD1F9E001F8013B01F8103B01429CD1F9F8103B012B00D1E7F8105B01022D46
:2036C0007803195BD1D4BD7000000000000000000000000000000000000000000000000029
:2036E0000000000000000000000000000000000000000000000000000000000000000000CA
:203700000000000000000000000000000000000000000000000000000000000000000000A9
:20372000000000000000000000000000000000000000000000000000000000000000000089
:20374000000000000000000000000000000000000000000000000000000000000000000069
:20376000000000000000000000000000000000000000000000000000000000000000000049
:20378000000000000000000000000000000000000000000000000000000000000000000029
:2037A000000000000000000000000000000000000000000000000000000000000000000009
:2037C0000000000000000000000000000000000000000000000000000000000000000000E9
:2037E0000000000000000000000000000000000000000000000000000000000000000000C9
:203800000000000000000000000000000000000000000000000000000000000000000000A8
:20382000000000000000000000000000000000000000000000000000000000000000000088
:20384000000000000000000000000000000000000000000000000000000000000000000068
:20386000000000000000000000000000000000000000000000000000000000000000000048
:20388000000000000000000000000000000000000000000000000000000000000000000028
:2038A000000000000000000000000000000000000000000000000000000000000000000008
:2038C0000000000000000000000000000000000000000000000000000000000000000000E8
:2038E0000000000000000000000000000000000000000000000000000000000000000000C8
:20390000000000000A00000000002710000100000000000000000000000000000000000065
:20392000006161001588000803951C610C0008039538610C0008039554610C000803957049
:20394000611C000803958C610C00080395A8610C00080395C4610C00080395E0610C0008D6
:203960000395FC610C0008039618610C0008039634610C0008039650610C000803966C6112
:203980001C0008039688610C00080396A4610C00080396C0610C00080396DC610C00080300
:2039A00096F8610C0008039714610C0008039730610C000803974C610C0008039768611CC8
:2039C0000008039784610C00080397A0610C00080397BC610C00080397D8610C0008039751
:2039E000F4610C0008039810610C000803982C610C0008039848610C0008039864611C002E
:203A000008039880610C000803989C610C00080398B8610C00080398D4610C00080398F02B
:203A200000004C00004D00004E00004F00007C00007D00007E00007F0000AC0000AD000001
:203A4000AE0000AF0000DC0000DD0000DE0000DF00010000000D0C5C0803D2C4000100007B
:203A6000000D0C680803D2D800010000000D0C740803D2EC00010000000D0C800803D30041
:203A800000010000000D0C8C0803D31400010000000D0C980803D32800010000000D0CA418
:203AA0000803D33C00010000000D0CB00803D35000020000000D0CBC0803D36400020000D9
:203AC000000D0CC80803D37800020000000D0CD40803D38C00020000000D0CE00803D3A0DD
:203AE00000020000000D0CEC0803D3B400020000000D0CF80803D3C800020000000D0D0454
:203B00000803D3DC00020000000D0D100803D3F000030000000D0D1C0803D40400030000D2
:203B2000000D0D280803D41800030000000D0D340803D42C00030000000D0D400803D44074
:203B400000030000000D0D4C0803D45400030000000D0D580803D46800030000000D0D648C
:203B60000803D47C00030000000D0D700803D49000050000000D0F100803D4A40005000035
:203B8000000D0F200803D4C000050000000D0F300803D4DC00050000000D0F400803D4F806
:203BA00000050000000D0F500803D51400050000000D0F600803D53000050000000D0F707E
:203BC0000803D54C00050000000D0F800803D56800050000000D0F900803D58400050000B6
:203BE000000D0FA00803D5A000050000000D0FB00803D5BC00050000000D0FC00803D5D883
:203C000000060000000D0D880803D5F400060000000D0D980803D60800060000000D0DA8BF
:203C20000803D61C00060000000D0DB80803D63000060000000D0DC80803D644000600008B
:203C4000000D0DD80803D65800060000000D0DE80803D66C00060000000D0DF80803D6806B
:203C600000070000000D0E080803D69400070000000D0E180803D6A800070000000D0E2898
:203C80000803D6BC00070000000D0E380803D6D000070000000D0E480803D6E40007000046
:203CA000000D0E580803D6F800070000000D0E680803D70C00070000000D0E780803D720A4
:203CC00000080000000D0A680803B64400080000000D0A740803B67800080000000D0A80ED
:203CE0000803B6AC00080000000D0A8C0803B6E000080000000D0A980803B7140008000076
:203D0000000D0AA40803B74800080000000D0AB00803B77C00080000000D0ABC0803B7B084
:203D200000080000000D0AC80803B7E400080000000D0AD40803B81800080000000D0AE029
:203D40000803B84C00080000000D0AEC0803B88000080000000D0AF80803B8B40008000070
:203D6000000D0B040803B8E800080000000D0B100803B91C00080000000D0B1C0803B9501C
:203D800000080000000D0B280803B98400080000000D0B340803B9B800080000000D0B4063
:203DA0000803B9EC00080000000D0B4C0803BA2000080000000D0B580803BA540008000069
:203DC000000D0B640803BA8800080000000D0B700803BABC00080000000D0B7C0803BAF0B8
:203DE00000080000000D0B880803BB2400080000000D0B940803BB5800080000000D0BA09F
:203E00000803BB8C00080000000D0BAC0803BBC000090000000D0BB80803BBF40009000062
:203E2000000D0BC40803BC2800090000000D0BD00803BC5C00090000000D0BDC0803BC904F
:203E400000090000000D0BE80803BCC400090000000D0BF40803BCF800090000000D0C00D8
:203E60000803BD2C00090000000D0C0C0803BD60000A0000000D0E880803D8F0000A00006E
:203E8000000D0E900803D904000A0000000D0E980803D918000A0000000D0EA00803D92C01
:203EA000000A0000000D0EA80803D940000A0000000D0EB00803D954000A0000000D0EB827
:203EC0000803D968000A0000000D0EC00803D97C00040000000D0D7E0803DBF400040000D7
:203EE000000D0D7C610500040000000D0D7D6105000B0000000D0EC80803DB84000B000062
:203F0000000D0ED80803DB88000B0000000D0EE80803DB8C000E0000000D0F6106000E0021
:203F200000000D0F026105000E0000000D0F046105000E0000000D0F066105000E000000C5
:203F40000D0F086105000E0000000D0F0A6105000E0000000D0F0C6105000D0000000D0E79
:203F6000F80803DB90000D0000000D0EFA0803DB94000D0000000D0EFC0803DB9800040091
:203F800000000D0EFE6105000C6106000803DB9C000F610B000F610B000F610B000F00002D
:203FA000000D0D836105000F610B000F610B00040000000D0D820803DBFA000F0000000D6C
:203FC0000D840803DC00000F0000000D0D806105000F0000000D0D816105000F610B000FC0
:203FE000610B000F610B000F610B000F610B000F610B000F610B000F610B000F0000000D57
:204000000D8561000BDF000161000FC100A06100064F00FF6100046700A06100086A0001FC
:2040200001010000000C6122000119444546060714090A3F49280E0F341112130815163A2E
:2040400048021A1B1C1D1E1F202122352425262A0D40272B2C362E2F3031323310232D377F
:204060003839173B3C3D3E0B2941424303040547180C4A4B4C4D4E4F5051525354555657EE
:2040800058595A5B5C5D5E5F000AED30000C3DBC000AED30000AED30000AED30000AED307C
:2040A000000AED30000AED30000AED30000C3E40000AED30000C4AD0000C4AD0000C78D03A
:2040C000000C7F20000AED30000AED30000AED30000AED30000AED30000AED30000AED3024
:2040E000000AED30000AED30000AED30000AED30000CEB10000AED30000AED30000AED30A8
:20410000000AED30000AED30000AED30000AED30000AED30000AED30000AED30000AED3067
:20412000000AED30000AED30000AED30000AED30000CEC10000CEF90000AED30000AED3002
:20414000000AED30000AED30000CF07C000AED30000AED30000AED30000AED30000AED30D6
:20416000000AED30000AED30000AED30000AED30000AED30000AED30000AED30000AED3007
:20418000000AED30000AED30000AED30000AED30000AED30000AED30000AED30000CF0E032
:2041A000000AED30000AED30000AED30000AED30000AED30000AED30000AED30000AED30C7
:2041C000000AED30000AED30000AED30000AED30000AED30000AED30000AED30000AED30A7
:2041E000000AED30000AED30000AED30000AED30000AED30000AED30000AED30000AED3087
:20420000000AED30000AED30000CF1506100033C0002610400FF610E0002610400FF610EB9
:204220000002610400FF610E0002610400FF610E0002610400FF610E0002610400FF610E2A
:204240000002610400FF610E0002610400FF610E0002610400FF610E0002610400FF610E0A
:204260000002610400FF610E0002610400FF610E0002610400FF610E0002610400FF610EEA
:204280000002610400FF610E0002610400FF0000FFF7C0900803CD14020200000101000AA1
:2042A00000026108000761040010FFF7C0B00803CDB4020200000101000C00086108000A98
:2042C00061040010FFF7C2900803CD64020200000101000A00026108000E61040010FFF7F1
:2042E000C2B00803CF34020200000101000C000861080010610400100002000068000000CC
:20430000030301010000008002610F000803C80CFFF7E53B00000001000000010001610842
:20432000001F61040010FFF7E5370803C8506104000100000100406108001E610400080811
:2043400003DBC80803DBD00202610500010001611F00A061B800026113000261130002610D
:2043600013000261130002611300026113000261130002614D005312ACED00000FFF000096
:20438000000500000005611100A0617F00A061520001010161040003010100001D0F04022F
:2043A00001000C0901000200000D199C000D199C000D199C000CF84000000046000CF7C051
:2043C000000CF8615600A0616B0001A00000A06114001C610900AAAA612A00016143006195
:2043E000040161040061000000000000000D2659000D365B000D3649000101000100000138
:20440000000000000000000000010104000100000000000000000000020000000000039000
:20442000020000000000012002000000000030C0000D392008038390000D43F80803FAE0B6
:20444000000D440808003000000D441808038000000D44200803FEE0000D442808003004C8
:00000001FF
