:02000004F041C9
:20400000F4F737E31328219F56CEC8BA0F98A883EA972BB536A8A73933ADA23CBF212EB08D
:2040200045A071363332C5CFDCB2A85E4AD33BA75EBEB34ECA6CB8455D69D39CE6CC6AD2F5
:2040400012250939DEF7C8379012E1E4FC8F1939E84C2A31E46AC5FBB6AA0126B7A2DD7104
:20406000CDDA57101260EE17E3FC9894680D9030BDAE22FB33F3E9F0CA4F9A3AC21ECF2E2A
:20408000B63EB34C36D07897D40DA3C678D847F334C9F9D94ABE4F970A7285DCE1268B0216
:2040A00013E5BCF7E36F1845E67A1E40EBD375CC02A80DA07D6CFD753E0E2EB95DC3A43F01
:2040C000A82AADA817C9098A9BF4A15649773AA076731249CA545BC5CF515EC043DDD24C28
:2040E00045DBD4F4804A4DCDF862B6F68CC3C58CC39124D8514B595824473DD1EDBAD0AF12
:204100003A445C3A38B7C10A629BC4DDAA79255120C9938401BC3D9EAB4624E405871BD092
:20412000C9C66BEF35602EE065B5CE59BF12AEB1D4593F5F315F47D939D07BA9CD5D55DF7C
:204140005DBABEAAB0B7B3A76FD3B1ADCE7AC0C440E24BB4D49F402DC24959DA622988362B
:204160002FFE49D2F445E64469B7CEA9A9B49ED0EA6519A872D299E8103FE6529CE7718A58
:204180001CE66DEBE013637CBF8CCA5304A4F8088727F142D34A8B379CC0DC7FD276EFDB5A
:2041A0004BD533E58DE49A1347C82E5C312E1432D3B48771A95F6395760E6FD83257245123
:2041C0003E21D408B48D26497FBC425E47DB82B92033BDE9AC792437274CD1A65E57B4519F
:2041E000C0BDC92970557593D2CDC2DDDFC0CFD01A2E5C5133ABE3D05C602794876938C41E
:20420000C8476037EECC292651F83494F5C44D2571B826F9B940E2B6F071802EB4DCEA4011
:204220009A6DB9DF3E408B85B7A5C760684E5B054661792C58AC2EF4884D3913DB39557E3E
:2042400012D264095B10382E44537D496A1D75D5888F52CD2DCD561312D734BA799CEB346A
:20426000FD63E07A45879522A7D61B7535EE7D99C4F78381A8D434EEDBBCE04016AA934A0A
:20428000BF45210860DCE55536CCBA81C1E0E826A4A4830126AB5DF7E09BDC42F6BC774993
:2042A000C3E2635E4DA6071FD34FAED4E6FC8983C7B50878203FCBEF7EAC6A2B94DA0DB8E6
:2042C000017E126DD58E173E8D71900F41BB11655B1356DA0241FCCFF2B2D00B44424B40DD
:2042E000D4500496B39EE2F3741B7A39D7784C35C4BD0A099F2E5E633CE21455EC1CEFF731
:204300009F775495711AFB5A879BFEC7AB8229912701F626A5F17BBDF7BC7EB887E29E37B7
:2043200065A3107A4A4C267F486FCEB86F1D15B57D5BA493548E45ADFE393B49917846BC74
:2043400021CED088207DA44FBB11D43B4C4BE2CFB21EEF8AA620A3C4D0F2086A54912DD6D1
:20436000AB15C9692136093D63C39CDE4EFC8D16072C17573FAD8B345C0ABF55CC35818653
:204380007BE7EA4AE55A3761D13BB956C9F9F0B47720DECC96B06809794086610273B05C16
:2043A000D7DAE8D4917980D33E8A14A8CF2FD80856597E4F4ACCE6BA75B54129124CDF606E
:2043C00041FC44F9AFE2BD734AD10721750061581DFA15642BC74A47704C856E184BA31B4E
:2043E0008F33D83843934D416352DB5DFB856DADDAB2055B63F85FE25FE23875876854CF78
:20440000797625A5F7572FAA95F546CFE590CFD5E210EB2DCA65A610B8BE1E54A195564859
:20442000955F212EEFB75C86B9A50D682B3FE5BEA57E7EF259838B6293A90D0C44DD32AF1E
:204440008ED2F7F78A501E7BECA5C18C332F0801D1B421B89FE92129F114E3169BFB052B5E
:204460000649D1F8C6A59483938C4080EEA0AEAD225BC65067DF5B78E59ED8E94A26609585
:2044800004BCD8D4998DE0750B2DE64CD095D90A82228420E0813597A54B5973E3FD5CC650
:2044A00002B6363352F4C0ACA74047D143C61C2BD8A7EFA9B4BC3BE90AA5506954FD4281B3
:2044C0001D7BFE15CD96C33F99D6403F9F2FBBB802F01A5E23FEFCCB87041C6BB5DB326512
:2044E00032EDC0682CA04020C12FF6963F927660FF12E4CCB15055D9418FD007198512AF30
:20450000CAA710CB8C229584E0B12C4FA501D22A99DC58319A961A3C81F206DA901F47BB52
:20452000C742C7D6C8AC3A11AA0C0B47E96283D917ACE23298A9BDC3D5940AA30B01F1AB11
:2045400020C963DF6B6CB21FB32CD2A0A99437DBFA9522AC450382D6EFFCA97AC9287D3639
:20456000CD94D3CE392DF8F74F5398AC761A2422C5DD8A21427E4D5D69A2C44698FAB8DB37
:204580006E2BB2028EDA0BA8F2867BFE1FA36EE426B28A460096B03A785CD85275DCDB82DA
:2045A00013805B7AF5E94740A7F4C769635D260AC7255958BB3963C7C509F7F6831C4D7E93
:2045C000DE695ACAD28163E6A9AC70E955D202BD6192E4278B14F6F1A7D2900D9FACC3ADEB
:2045E0009A8428086C6C2059EB09A87248918B7F6097718DE8D4C12DCE0DF4CDB72CB71D39
:20460000BEA16942405B4F030430CD1F9A1664E4E5C743FC5F8917F2F4D045D8F2809D328D
:20462000F6C981057302D0EED4AD6A26D4C886905F5226328856F521A70488A6A8EA3A2974
:20464000100C941336C28EB780FED6CB5E2793C4090D18B542533DB7B64ECC50BE47283076
:20466000694F9636F9EA560CF3AFADEE723FEA8DF3EF5A06702C2E6D7835E68720046D5296
:20468000AB3F44BFE3FDB5BB410294FBBBEE1A309A669B9F869E8F8E11E912103D603D8C1B
:2046A000A00F6C34881BB1C780E3B71185248CF1FA4E495936AC828909D1AD44A06B1F472C
:2046C00068DC6ECAAED1922FF20DB98A9ED981EBFED24DE95FC16139A76DD750A6A9742615
:2046E0009A4A8FCD7D14B78F44806C5338BC5AD0D92E847FE684C09A986A099395727455C6
:20470000A399D962EADA3E41D9ADF724D568699F87A4ECAEC7D7FF0C75710B8B6F3C9529A6
:20472000BF6024024CAE3262514080DF4D8B52A13FB9E1E8B0CBB2885E453C0C0DC7951B06
:204740008B70ABBBADD20224DAF3780DA31F5D910D8348BF92CDD0F62F3C9F92D953122794
:204760006673E76A825D5368B79E16122AE7941D096CB3BC44373B69D73C76EC5FBBD9616A
:20478000682C9F813EF88EFEC2A280D4B71A64BA253E0B098B8A24387B2783DBBE52E5C45B
:2047A000D01B5202E0C860250584012CC1E83CF34D566CD2E76F936C8CB97619E37F4A3514
:2047C00072945A1DFAD6EAA110D600A1EC3810C5E0793EEF51D3FDD556F7ABB0E52AB3EAB1
:2047E00033A472BE5FF12E8EA19CFFFA13FB815080491FA97BF9EDBA8D425E005E278D8323
:204800003A298525FFB906281ECB140DCED1781249B9FD110E5033E6CBC172C42117D63AE1
:2048200083DF536ACDCD6F3DBC66B493AA6A65C58ED7D5ED853A4EAB6D7824C6A7A1D38A19
:2048400003CD56A257A5FE0F0D7D384179D379F25E25A218C80F6F58375851938C6A769281
:204860004A5DDFC8245FBCA7C826ABDAC42EB658367281E99F2899C2DAA9B7D44CA4DBF193
:204880005663DE3E25204E1F357DFC5467BEA905A09153E3B775F10414B105DC824DE4B02B
:2048A000A03D5C0D7C9D54F31EE87ECF667E02777010E359BAF63D52C86D66A597E873D89D
:2048C000C7179E2BBCF6DA82CF193581A993D2E741FAA475557A47DFD266F3A25DDDC35C21
:2048E0007778314D940A9F9E0AC537EC2AED401143335808ED26B8C3A31FE86808D1D29F56
:20490000DA98A239B74C81BECB21CB6493768FBA8E2ECB19332004A8C226ABF38C1D2F3866
:20492000A3D2957DCB085F846BA71DE4CF92D83820E0A9A27663437990496CEC578C7E85BF
:20494000B83CBB785E9022E888B2BE39290363E38A2C0BC793D3228E493DB2D88EA80CA9FC
:204960000EAE9C23F2BB681753CF3894FE1AC50959DEDBDCDE0BCD73FFD74F4B260C6BA1F7
:20498000B1475CA1E916E1452ED9D777B3BD52C2F825445B2A22578C774BA20864C79D679E
:2049A000F252235CAECC44A4055F62F21C2F2FE12AAC33BF6BDA4F8AB1BD20B83B55A0461D
:2049C000F96834BDFAB9A5283D1713A793359B7737B695D658CFC1E69D55DCC912AAAF38BD
:2049E000361AA7D5C0E66261F10BA73EE23E44BDB6D6065FA3D6C41F89D232CE5A2A5C3FB9
:204A00005FA2C56825F45D34B927F28334343EB5294A612F5BE217A5032D9AA5084B19C176
:204A2000642B376664F39636874D46FA2F48081188106D6BBF21011C84244B34FD2FFC398E
:204A400099A433E98C2ACC0E47C7DA4D3EC92CAB0AFECD596227F849E3E358203027CBBE44
:204A60003928CDB8D1A44134D19E10B0D20C1A6B4AB15B8F2D2382B450263E5A9AAC4D3B8D
:204A800060565F403449CB3C6F8C40F2E306C720EA05C2E2CC346550120CFC0DDB52D6E8E6
:204AA000CB28570B84A4F819EF4BA8CDE00160C0AD73D190E4247E48ACDA7B4DC8D72762F3
:204AC0008B3FC9F2BB3101A9723FA43F327E1B81E1FCE1ABA7F996C4C8740FE369CD697635
:204AE00069BDD5AC2969F4646D29C6ABA9928D3D90CF1E646C6B78F28204FF2080CD06C33C
:204B000018C0593A9F2BEBB68A0ED648AAC39CDA3D7F57773AB1059EEC3501D66A52B13B6E
:204B2000D384EB6A5F393E2F40328824559319BA503B36905DD9C630A29D748EEF0FFF240C
:204B4000C980FA4153B61B8ABCA88D6D415E687F234D9E96B204392EF7E3EEF8BB53076247
:204B6000360F0C512458179D99A10F44CED1AA9E00215D2802FCEE262BA99B741C65B71C00
:204B800081A108B6968B7B908601634A2729BD744FF483438F26880A196B7E22904304F712
:204BA0004939D7D41FEC5424326A4542A55EE225E4C9B4085E2250F9239B238D1125B2B4DC
:204BC000A8EA93E8C7FD20AA79F3F2CAE846A5BA77D158D2CCA34F5DBE148B31B409CBDC06
:204BE000D22CA707EB2E0E49E8F1AC51582FCF36A993DA5BFE33BC1FB0D6F66399CC08640A
:204C0000DF6EF138DC873AD995B0CD8E7BAED868003CAD543D32B8324F51CE4C03BE0EA9D7
:204C2000DFA908AF5325842356208126D6440DAAA52F8E2982226E3A2FB1B42AAC5A38BB9A
:204C4000B9B8B1D6DA343D5A3631385FB9BDB4D3D33E375041B2BB34FC6475195FADE1283F
:204C60001CC5149CFA0A731FD022A7299554E43FF23436349C205F2A684A1731B3281FED89
:204C8000604AFF0FEB2DD61A83C86A35AAE8F1748DFCD1BA16F8D1C81B5FB65F00B010A2C7
:204CA00064302154033AF255841830D2CF5799520D7A909124219BCC245826BCF43A73B5B0
:204CC000B36FEE2FC6D2B90D6ABBE9ED89D7A8423F6818BCA8403125F201B47C732DAD19B0
:204CE0007F81F550939BF050D2B889ED4EA0BF059FCE15A66C65315778A2B2354B8C9AFF5D
:204D0000460151E6D675B66DEB8040F89C133D13C00D07C3EF59F5CB95748E79BE3299C00D
:204D20000EC143822964EF7672F20D280F3020CF87678C8186CA717AC9D3EE64C8DB6BAE46
:204D400013EDABCFF3F0CC4F0C9AABC9C157EE3AC06781CBE9DF399524FD9B1715503EAE54
:204D6000F5C07422BB26B33A97E98A90ACB9EEC21ED03B91FA0D106802B3B1C65B5C58995E
:204D8000DAAD1BC0F816DD4808CE5E5EA3F9B7E9C2FD068837B7E9381C0BF53588B4AC8893
:204DA000C230C2FB463FAD6E3955C6711FDA335D7F2DEE22822972212CD3AE1F08A8FBA83D
:204DC00025DA4D1601A104B21BCD7E9FE91E55D9F1A860AFA160470A841D1C9CECCA6D5D0C
:204DE00048A76C8CEBE66D229F942238AB03233024C5FE00CAAE3F1D24A7E177CAA82CBAA8
:204E0000633C61469F377E2D7C1E62D6A14EA0438C7A05692FF727E885AB90DA731126A694
:204E2000C469E119C4C833E58815614AE37F52CBD7BB4B2642E18183C475380CE704B8573F
:204E40003CD6ECC768E8E399513A9B30C9026FF7894BD651FFE838AC1E9425CA8682E6469F
:204E60006DD1D3CFB255382F8603589D41703E25A9980105A43275F46B7323D5A2158E09A8
:204E8000E3E98215C0191981E091A166101DFC78F715825D0A16F0DB39A7A836B52B24BAD1
:204EA000B32D22BC3FA1AE30A8ECAB05FD2807161EABA131B9213E203300B939E1FAABB7BB
:204EC000D70F7DBA3669AB7725FE0310957E7481B8A2B7FBACE2B522245C0415F34409204C
:204EE0004EADE001AF3751AC06A645AA793EE2DD4989F143D961AC3925009DD35D0304467E
:204F00001C4E5D266FDDCB73BB2E3712034D4F7695D70B59C6BB78CAD961AC39AC89145A7E
:204F20005E6807451547542C07A7B4A19166D71FE04FBD39C423A696287C2FAA33D3BE23E7
:204F400089BF1EB720A4D52A26D8F9BCBB3402AB0DAE360DF817CAF1A9096C1475881871A2
:204F6000BC4050652E0F6A12FA0797FE2B455560240560187984147D2C4F5F6A2100651DF6
:204F80000AF7670ECDB5A5905273166E0FF2620B38BFAF3250F095ED05F868012857D0805E
:204FA0000CE4794468C4EBD107188849B50E46C507E95A50524419B4C912CF7143B49421DA
:204FC00020B8F54784671088F5A76BDFC334CA7FA63E73C1831F1EE16B43094BE5CD39C4AA
:204FE000529D88C7ED1A572AE8ABB6CA55409ED1564B23156E4D1D05BCDDCEDB578C7494F1
:20500000ECF1A1CE30CD817D5CE52D4EDF41404C36574BD398CD98BF6FCF73F2456571EFCD
:205020003A05CFAE494571D84CF95860D32AA9FC19DBF44339E65E4D94F84BCD3F5655DEDD
:205040005FB74772B1BA17622C5A32F798574BD314937DC1774DDAC64B52F8CC4669B1D601
:20506000FD621249D1A9D9A2E95BF0A83A03FB5EAFE6CB60E5E4199F1E51FD38C662FD26DF
:20508000312F7D587C28B0397D820FD85BAE2CCA9985DA42C93DBFD2BA982DD50D6CD4AD4A
:2050A00095F01499DC11601D21469F5EB266D23E27B7455DE907C216CC623137986C32B7FD
:2050C00045E9074FD5B51C35E3148FF64E0527A74623AC3AA5B0CB242568DA845411F5EF0D
:2050E000BDA257C0242D45132E2E0A3A0DADC31CF2BAB62A0A77896EDF1AF93631537240F6
:20510000A52C5CE868960B30730BBB97D4A842072386BC7987DA382AABD627EF78F0DEC26C
:205120000E6571D08BB44E052658D960EEB90796C3AEBDA87C9702B1FE25E785407BDBBBB2
:20514000A22BBA6CB8237E771C6B00B7842B9827C7F2F16926A5A2D56C38BC181F64D8EDCB
:20516000F9102C4468899621CDDD5D37947D4E53AC4FEFDB55B8B8592046DB252C8A9293FA
:20518000ADC42D201C695913175B47DFC881C51845D5240D3366AAB2A09CDD3A35AFD4D681
:2051A0005E41CFF660F8722CD3A72F24BAF4408C59746CC8DB952FD05AC890AA128942C4E1
:2051C00031DAA3A69DA24C80AFFACF122EEA1080657A82477A12CAFD59AA9E1EF897646829
:2051E0008B218CD63EEE9B28900389EF66D3FF61B7EE52F215AFEC05ACE0F87CBF201BA7CF
:20520000767D407172BD0ED7E00D998E7ED57FFE3BE7AF21351FA42F924FA4CC6FEEAA0E73
:20522000E8454CAE02A285D3B623CBEFE3991ABAB4BE3006DC63D377D5AD2DFD6279262C5E
:205240004378E3D8C787D2831F8F721219CB2DA679A1A43F382FD925F52B20A6E5939A3AB8
:2052600020B8F952D2C1375D9BA9755787C399D65AB54F755100EF854DDD51F4997C29BF17
:205280005F161E451A5E4AC6AAA1501131D1654013596C0B23450B68923F62CB3B52EE47DD
:2052A000EE733985B6DCBA80DE46E949475BD3CA10900BA062C89C465D7104BC4A5AB09B9A
:2052C0004DDBAC07240866F41432FC7C78769160476647BB4DBB81288A790CB7C5916B7772
:2052E00040A51506F325AE4BC5061A6861569FCE9E985115DA591E9E81D81925045E77E74A
:2053000048A2762BC566F0DAB2410D40FCD5FF7FBDEBC74183683D553459996A35B66ED692
:20532000CC20E7AD2BB0AA47EAF27CBBF4CE02763841CE60BB250E1B5122F069018ACD4BB5
:2053400025440C686EA5E79531FEEC4C4B60CE9C79F2D0430EDD73F141763F508E73201120
:2053600079FEC6B5CFE0B6D2B2280E2947ED3387E9D635F445E243FE4E86E77BF36DBFC39D
:20538000B26FC54E11D39AB45D01CCB02001D6B1089F855BECF71622AA3B0D513845A35AC6
:2053A000D2045B3231A1B2A7596F148F8546E05AB3175ABA2F2FEE93DE10B8E102991BB243
:2053C000BAA32BAF0FBB3797B9EE11B29E8AA6ADC7FAAF8E9C63B42B12ABD7B54BA252AE07
:2053E0001DD9AE0B242E21E24873087E5A3B64BE1DC97F2DBE162BE4512FF0983D3BFE4C72
:20540000D7A8BBAED599C93927B0E6B3FF6EFF1F2A58DC0B14DAF2AECB3C16F2499017BC87
:205420004D6F247BD7611509C4E6ADF25EE874ECC07A1922FFC1B8A5A98986E7678ADB8F40
:205440005E2B382D838B3FB1FB36C0998653FE9401F5DCAFE5727BF634BA9110EA0DC46C6C
:205460008E7EEB440088991FD519156973D175880D64B1B02A4397ED3DFC1DFE63F2D73D84
:20548000B76BD9CFF7DD4EEFABE2502B7E54BA8359D0110BEFBAEA3AB8D87F2EF95448A393
:2054A000B593EFA1FC8EC79425C7FFECC757C4445C43B0A40DFE457521B316D83A91559CFC
:2054C0004742E4A253DF6A6FAA0EBA22758BB4E10372E69FC024A311DF5ED9C5C1D8CD2294
:2054E000E8CE29B947D98D11D47B345FE78A86A019E6F2D147D666F25A01B6E482EC496694
:2055000032BF2AC249B94797494723335CC4AA77F13DF548A7DEC25A310FEF2561CEBFC693
:20552000DC442AF2CB2F4EAB2E53D85C36E958BABB46CE63194BFA0C50A2813A2D6A8EB830
:205540009EEAED470702C6CBF4CBDF1BDF21D5A7F4A46BC14B10598325BE8F831DBC5FAFE9
:20556000F77F75C5DA5ECE2CC6FC34903956C92B4A01E37D265E781D259A5540A73639FE14
:20558000BD678874312EA088E834BAA5A7DEB657DD4F865FEEDB342A98B63357ABD2ADEE2F
:2055A0008B689CFD511F2CB2F0734AA74238D00635C54AD4260E6C3425EB15CEC2C7D91E0E
:2055C000248D01C1D29FEC4BC5868EB5EEC4C8D44C2FF5B30B6D50DB4EF6A019076FC6B81D
:2055E000B7A8FE34A3B65AD56E9CA9A040297AF695D4AE2D03C18D4C016EA191CA4369016D
:20560000D4B17E0F3FB5B6CF410DF72CAF9BE3CDC54182CECE876981CC6DE5CD6D5FB2C1D5
:20562000E40DEE4C4F79D0A64B5DEEAF6449912FD7E489AC4C4BC597C94B583380E79DA722
:20564000DAD9516CC9B626209FE523B96FC22617FB111C3D558A0203D5A39D7B13B72CB8C0
:2056600001BF7420006F154E4E362F0DF994907B6D04F48124A715199A363DC7B485EA03D3
:20568000392620B8037C6D0ECABBAFDD1C8D1CCD921D8DC3010725C466B4190B04CC3D28D3
:2056A000B0CF94DB3D4132A232AF56067B475A6F3AA45101A6B53B248D5B25970701653FA8
:2056C000BAF56256EC852B1448B92BE7FF7CD1C062AFAAB7D5B4F28430A1BF41392CD24BD0
:2056E0002185A9DBECD948ABA4EC7189C8DDBC3F313BB5E28240744510A04EB756EEE160E6
:205700002DED262B7A9487AE8F52D3701F01B962C3D3E19344B9F3431ACC999BC2D8C23D8C
:205720003DD73D8A8BB72812292AA226ECDF8CE243ABA03495F22D7E9F1BE4BD426C5087EA
:205740000E4E25F057241EB197649A41746A7E1F0BA366F5F3E337370D6DF007802F6FA1C0
:20576000EC81FD4CCE9A7B40B2AC08B0B93A985A95541C7330003DBD63193F5A169C3BBAF7
:205780005CC44B866200B207D2F8F7BC9438C2AE2E57DCF7B6699C849CDF9BCE729B3C215F
:2057A000F1DF54D093D392FE021B31E1A3E1B3737831F14270C00E1726F6EF7ABA921DAF58
:2057C000859E20BE3D5F86A3CACD4311C644573080EB91A7D54D936D0F26BB066998C960A2
:2057E0005AAC5395B2DA1FA4091A1BB3ABD24D57445E4B0F76444755F359743AB5A12B305D
:205800002EE38CC3CEAAEB38433BC3BF1D0C99CE2CB710B0A3B9BEAB2F031D9915F147E57B
:20582000AFDF224C41F51B6EFE7E510AC70259ED80F560E0430A599C313BB5ED84438F4B21
:20584000D6E634A0E447AF789DF4C8BD40C33723DBB6DB7363D1C3A626CC62CC79F5A8B38E
:20586000EBCC6A1B8E72AC3DDBB02489ECB7283029333BA32616E8F8A11AD56731D775E026
:2058800065483C494842CC9474507F5A2F1FCDEC12B1593BE23114330FC1045006E72489D9
:2058A000217344889DA1EE4D64C27097B6685A0A539DDC80387335AD41D3305BD4EE073EE1
:2058C000245EC4DE5AC2CBFB00104CF7B4F5DC3A088EF1BD2451EBB45875DB049C28CE63B7
:2058E00025CB8B056D27417A802C5C152C5AD42DAE2FC0E040C9DB22CDA6496FC9B7C58BB7
:205900004F3D430EC34ACFEAC62863C3CAE420FB2C3EA24273AF820CC65A7BBCCC25449BE2
:2059200076DF51F9CD64E48AA3FE4F0DCF5854C21CD222F3B1E2CC8BC5A367BD596D7FAD84
:20594000D681809E9AF93A455CC401E46689E068A7DE44CB6881B7AFD035227CC17A935DD3
:20596000C7075FE7154EEAD2E9D541200985707DE01E476BABD786D1228F1C732C2F452EC3
:20598000C68E4B47A0EB2958542DAFB3B7AE5050E4A17B963A840C17E9BA269B8A6581944E
:2059A000625E24E0579CE40D43AD19252594BE346F260B6A0CC773DD89F544E1AE6BA49346
:2059C00071A992A7924B817C88EEA4B9319C2659EBF74233DEFEE06E3D5A966B56E011F724
:2059E0008BF7AFE0F4F5D6D8C7DB5DEA545F5D2CAA945234EB061CED8598C185821A1821E4
:205A000083F1C80AF4DFFC310D9CFAB44ED8AC2EDCC022BC3516176636CBE6434B5144702D
:205A2000B25DF36585254E005A47B38ED635D7D5C1FDE339C09DCDEF687B4BD31BEA9E5C7B
:205A400099BC42DA129565B0A933BCC204D8A33B2428C75505A7B24D6845DA0CE34C45F5F6
:205A6000D717D3F0D567D627415DD5CC55AC88B16894EB57E6331C3A822E354EC086BB19C9
:205A800027413EAC69AC460EDDA351A57683691B7EAD4BC03DC9CAD3311B4C2DAFA5C29B09
:205AA0004D6F7D23A972263581C048BEEB24F172C160CB4C6CD2ED294CD8E617B3E1F2D355
:205AC0003B2B435ADB1B697F2819DBBB230E1B704FD725C837C2A666D8A3D238A486E8B2F1
:205AE000643096303F4EB7292CAC031E44E92F5B7432DABEBBA1B48AF09CF0634CB10FFB71
:205B0000E27006C6C1E11A991CA3866A56C5C00AB5E8C0B680DF6032CECDE9A05E2D0AB30E
:205B2000A6B399CF83BCEAFD6487542532D17166DEBA48AF315FAFFB4ADEBD3BD55E040719
:205B400070B4D2B393C00AC64A00399E872DD7CB41265D148C84DDF512C6027C43208FE41C
:205B6000F9328ABCA4057B9B7302621B3170A0864D2CB952968DC857BCA8BBAEC82040FE83
:205B8000EC46E3F6952419EE1AD5E3F7130C41CB90BEBDC9F396B045F65D6B7ED9CA445B76
:205BA000B7555625BA0EAF98381CB9C9FEA2C8A75505EE471DB4177185C2DAC38811515460
:205BC000E163DFC3C7DE2F4717883ABDF04A3B64ABD3535D5130B0BA608931C719CE0795D8
:205BE00001E7DF71C3F493A7DAA32C3D60533B97C342EE9AA2637AA7556A8D4537242ADE6A
:205C0000C2C4AE3F962D05ED9A3F49C322FBB5AE44335444F314D1AF010D3D359FA47DCE53
:205C20003E696CBA6C1674493CD2595544AE69F9A5C5249774AFAF25C9B454C5A9BD3549B2
:205C400056DF445B67549D9F0AA3BA8BF847C1C93F5AEF70C79D9FB74BA5621587BB1C8EB9
:205C60008B28C45CF58E3DAC4D92CEE396A82941D7EE22B858D4FDC1118134888939D8F547
:205C800057A1BD25A3E253D75C925C36FD5DFEDB9162D37D664714BB9B7CC4D8A9AA221AC7
:205CA000D65D20FEA2116292182D06753786FC9843D03C3D05AC372846D396C5F8CF69F4A7
:205CC00095C62BC7533BC4115B979D2BF53913A91CCBBE510E4FFB9585B84FF94ADD3D9A0A
:205CE00051EFDF442C5CA3CB386AD8A9415ED4B208285DE36CB7A73C83B8101E5AE7583F4C
:205D0000C6063994CE8E13BFA0A32BAF8CC6BA27FBDFBD53B0936BE1EAC2D57579E7C70ACC
:205D200000FA672A772E1AADE3A9B8E65105CAB32CB4DA728A93E47A6D5B57A94CDAA72D06
:205D4000C9A0DC2D7588359F6D035E4611B93A965CF83C82510B015ACE53AAB09F6C895426
:205D60003A8B1F9C5EF52459A1ACAC796511A5300532AD8645BDC044FD56453A32283D0D30
:205D80006F9524D1624D85A9B88D06F0258E47AF4C9F92CA5AC286F10D213DA583518D06F8
:205DA00049B8A3B32D118067A03FBA868B16A8D008BECDCE87AE474295F5DF3EAA5A3E0E19
:205DC000BB70D7F8B3D2504CC1D8CDBCA11351F12DAE62BEAB70D352655DE841A6DC1203D3
:205DE000EC45C49C51C24F0A02A73BEC32F18BF4F291C33250D8DED6B744BA67B79C984891
:205E000048B1DF1E6576817A582D373430C8DB3F9C133FCE6A473181B144176D60FEE8DEF8
:205E2000FD1128C569315630AAA8BDAEACB3B24154BE301CEDA54C61886ED5D8741CE9EF90
:205E4000D7466936EAD2F26A4F2FD869DD63ED2569C56EDA81AC0859B5A5FFB94BB23C6EA0
:205E60001A34D1CF6CB443283B952160FA26E58EDF4F0C34B1AEC9D6D1ADB7B4B034B7B124
:205E800028B64CF457FA3076F4E35BD6289801DA05843C05AF2462CD28A22E714B3DEBC9D9
:205EA000A8B7E14E26B9FFA4CBC14FDFD25761AFB52E4B2B5E3A965864342C556795A9C87A
:205EC00033F3CD08BFF2564032EE42EBDB1CF9CC24A520E93E9556A217A7DAF42ACB321710
:205EE0008DB395A94934A2786BB5D0CA53E33F37C5D82EE8C63721EC188F3878B0879A6CD6
:205F0000BD1CBDBA8CAD32D0F8EB7C2455A2B991D08A27897B68FFA75F42F0616175FFE2F6
:205F2000215DDFC3C7DE74C64BC4310E58A6BB4CBE41B6323319B1010D6BD364DBEAFB5F5C
:205F4000F1133ED8BC853EB3FE379EC23567B13A793E97CD3A6BD535F399E556597AA6CA05
:205F60006C2883775C691327CBEA9BCD0D75F48A5F58DCC65FEFD5538C8A84DCD966F56797
:205F80004325BE5C1CB944564EE367DFDFB50BA5C0AE25269A97CC25C865E15959338D6199
:205FA000F6A7899D9B86433FB8A42C35ACE89AA6B497CED1F55B4F0FE9EC95CF8D9213687F
:205FC0006AFD9D34C37541CCED48F7BD4A97CE456A41FEB2459BAA4AE0719A0C7859D62278
:205FE000E099370DFD544D9A7DA98C937867AC35A3B03E210A37C6B78CBCE23845775A5D62
:20600000DFBC0678350B12A1F18E3323C10E633509D5E5F0FA24ADD2BFC2AF226C7235CCB7
:206020002C3FAB25C2DADCF8F9123BD03FD0378B036712C830B4D5CDCEF8E705AA4B28BE77
:20604000CE5903628F2F21B12CD68C222AC724E6527FB3D915E29F4EAA50E653E05EFEB712
:20606000E2C52D5B5A50DE62BA53854AE446025844FCEB604B2263F58BA1F410352E6CE177
:206080003AA7D8398B0A35E72C564DB0A1345A5F988DAE1B8F620CA9C9A6382193A0532549
:2060A000AA2E07768F1B6E914DC7AD7E30E38A9F088DAD3CCCBDDEC155C9A57B9DC2C5DC83
:2060C000009BE39F763D4BE16F3D29166CC513027863135BC842DA7D7DA882D6685A2B90EF
:2060E0009EF087C2B349FE09E93962CF8DD1FB1CAD8308A79825E80F1ABA3CB1BDBE36D920
:20610000C8EE6EC7E43D3416C0A657CD20D67A0C19C3F2333A8BC3C38EE66C0C9FFDD5C8B2
:20612000C0AAE425A889DC43D60F3E33205E87CA24EEB91D92555B2ABCB4FE37A12CACAF56
:20614000A24DDAFCF059F62F2301B6B4C9B632C4EB9D0BC66CAD399FC6319CF4F2928D59CE
:20616000C1DCD2B87ABBBABECB54C41DA0AD324C165D4CEE270F63474C3DAEA660A9B33E1C
:206180004447CF2F3B1D92346340B7233CC1A69BFFF8D213C9541BAE536F968DF07E8D34C7
:2061A000BE21DA05D949F93D363770D9CFC12838832810BC0F3690811F11DC4A59C95794F3
:2061C000322CA76ABD132E514152DCC3A375FE367B9E1033BB71127435C52E16C32DF7D779
:2061E000B666F284E80D82E05417F042BDA6A0A773A02ABDAB4206BD32A52E89BA32C90D75
:2062000010812FA9F245636FD7BE42D17B77C6A3BA4F69656D1F90B790ED0746D851B15665
:206220002943B4235E8BC6784B58696541110E3498CB3FFD9995BB4C694A656958310857B2
:20624000FDF14025C1CFE0EC6D1F90B7E6CF22A13D1D117DE1409400CC8C2EFACBF57E15D4
:206260002B06D2DA003691036BD8B2A8797E07F1F2E5966A1158AFBC37282039342CC095D3
:206280001CABB4F430F3AD1E55F9D9F208AEC930B6493320CEF6072E9F571A5B28CDB0ABD3
:2062A000F4748AB6DDABB0079FD68565D036101C1BE3E30E2A18DF294888706A28D91EC59F
:2062C0009A056943C4F9350456FC846B8B824C2AF84AD5AAA42FC880CF2F29D1434C34E141
:2062E0002020AD4203D1E0C9708799562419AF38DD1BC32AE2B42B9F5CC07ADADD59FCDF22
:206300000D05E4822B1F88B424CD18AF7BB2D5077DB87309975031BB209B22D5CE54526DA7
:20632000C83AD16BD22217ADCF70591D165BAD10B377B08788ADE47355AFD1E8BAEADA5705
:20634000AEFCC939893BE554DCD658ADE7D7946C7D7188E16847372488FA5755B7770DABAA
:20636000AD3CE25B2E62F2B23448BE0752BCAB48F138594C2CAC66B5B1C26884F5562021D5
:20638000591E6BA3D0398325ADB43CB8A67680ED6C4EEAF8E07D99176EF669072AEE3940DB
:2063A000ADE99F1A7A296476A40BDCA681B84C7B4E2D9E493BCED4ABB4B73FBB972D25D2D6
:2063C00078C45C0821B8BB0147CEB401E8453C5683889B281CC98CC7CCCA5E292DA7568032
:2063E000BED2279C31E736D1F9F76437710DE640DDEAF817D41532A9C7C185682BE1D6F219
:2064000024825C949F798B77313EFEDBF172B8D8C9E6AED721B4A472BFDB6EE76B14F52EE1
:20642000995EB6119DD6D8DE2BC653DBF739930AA1519821541888C84E32C47D282CD1320A
:206440001A44BBB1B359B10A5AB85E2B23C025A737B557B374C9BE619AA6EA782404831BA7
:206460002895834F38BE06944C150CBD572AA7CA810114A467784716EAC83B228D60FA3342
:20648000704BCDDA32C78105E58CDA9DFA7B96991E2384DDD3CF475E9C26E9027AAF21BFF0
:2064A00094B6D40BACDE3D070F333D584E3FEE5FA7429FC0BFE350A256E52114DA4D33D6B8
:2064C0008E8CC77DFE355A1C6F4F09F2C8DCA4D0242C40A3138A0053D78A39367CC2B6619C
:2064E000E5633A9D4D18F97D1AC762F0875385D80F989526C5B404122ADA7BED8B8F734608
:20650000024B9613ABEC920F61527826F02079238C2F6E243F08A1C650C6B19BB47151A3DA
:206520007813AA3CDCD658B149044BBF21A2EC77171F4CDE388A8316002FB9E8871E4F88AB
:20654000B3A87056D05AB5D7D5C886C403533F5FF51BDF684AB054703DD554D97DA8367367
:206560004B58D6C934823C5937C833C6E5ED5FE95689D3CDCBD6D65ED041502FD256A12BA4
:20658000DC84C0B5264284B23FC0C4DED9EA7FA50530F0AD291C9CCAB6A999FC9928355E3B
:2065A00042C036C6FBB6A6C21D32A6CD71EB72743F1B158F8D505A6736B6BDEB302156E405
:2065C00058AFDFEFAE31B65181F6C4AC3FD9F349BE56F7442FBE097FC07D13D464AD742434
:2065E000DCCCC1AF2343B4ABA76A6F064E8B35CC19E8D890CFEA61077BB1340BA8A02A9364
:20660000F021219D3EABD9111AB038D3B1258AC66766A4D897262C26F67C48BE64047DDD4B
:206620006C5CD2AB4FAEA73515561D285D70C7C66E42BFA7F6575919222DA22681502FAF97
:20664000E1531576F8D7602422FBA912CB13C113CEECE7204E115DC0E1A928D452B55B5524
:20666000764B7DFDD9F9CBA398C15071D35186DCC4ECC121F1422218D9BE8AD64AEFC4A06C
:206680008431A56D23540B74194208A83B530280DFDE22E2ED4B2078573ED6C8424D9BD55F
:2066A000BF35B7ABAFB6A313A3A0C88F64A5A8201A3527E4591FE0A350D59B6FAD1073A0AA
:2066C0004C33B7AD3498DD2D1782E0FDF3B70F61E041CDE7BBAEA23313C279425C4E5E21A5
:2066E0004361D7942373BB2A9E0C5AC5F25DC5A3AE05B420F3A8F540AA9805F8C15EE5BA3C
:2067000032B4B622D7B73FE9D6B64789F93742AEF85ED93AC028DFD7F281F6A3E2F92F2F3D
:20672000650F6CE11A74ED05A04CC55B4328A023621DCBAF6FEFC0EE99F79A86BB46CF5405
:206740005B612E56FFE2444AC77B2035AE35B7ABA0B9AC1C2C4B51C9A0365C2F6A98B8BE23
:20676000E2901F512DC2CE327D184CF33E61E07C3B66DDA2A505F94E5036318ABF36B4A8D6
:20678000DAC3D6E793EFF2EF29C43485F49B5E042BF2A321A0F329024F888133EC7A27B33B
:2067A000ABC86C060F9485451C5A9863A7C4355C231C3B153C43DC792BAF93B504EAB8658A
:2067C000D73702C8CAD55B2CDE8DC195AE59395AA88CED026FC42C6CE625A364E7A0571969
:2067E000524C13C1FBF8D87D79D939AE156B5B41DB0EE22A20B2D470A2E1AB45152E8CA796
:206800004AA0F1E09305CB5F0E93DCDF6EC919D390CFF58A0A7D378C9A212D9E8650E7C34E
:20682000F4F79E47B558CF57E7649DEA317485232C5693C98DFA0139A630B2AEAAB3A6DD81
:20684000FCC4C608272909659642C91B361849BACB923D8A5F056DD3A0B7479C78ADC318DD
:20686000137CABFA83BDF6A3F02C8BC6F69DD734B13A61D4ED92D83D55B3E2F0111BB4BFD3
:2068800082C5710F146D27AF224CC1CBC93DEC2D18C29FF73D04A187EE30B7A95549C1D833
:2068A000CBFAE4A6EBBE94DC295137DCE8B69A4AA069F4A71963352FD07BEAF9C142DCA828
:2068C000CE3F4FD8DDF750499DC24D51554C59E930A0ED9779CD3D76CFB653ED13A7AF7E3E
:2068E000E340A50D3A9D9A4A1AD8D9B732992D5768145C6745B7F83D2209D112AEB1E4F77F
:2069000074EAD30CD94AC8D4594055E58EAABAFC91C1313731EE0F2E6BD8BF8DFAF643E9F9
:20692000362553BF2F4EA51DA6E0D6A02CA7C4D8D3CADF6FB5A0056FAC0DCA95F42B83B51D
:20694000796936227BA27F48D74D70F6FF1D529D04DBEB227B4C61C9722D4A3868D86527BA
:2069600049D16004688298FE36495C4F4D52F136BB30F448D6E32E900081F3423743998939
:20698000C7A369C6BF280E0DAE4339150ADD8E13959030DD2B0794431588EEBF011EB13808
:2069A000873C235D744E3D01080A44BB8B70D5108FCD9CA710F04EB56C9EC2D86093E3D0B7
:2069C000D77EEC0310C59AC6A018A022269430C95F82C83D078D3CD2473592B732FD19007C
:2069E00017B542B134C1A6D960B4020BABCF90D9D3BCC50D02C62048AF352E848DFEE9289D
:206A0000B8DE5356571D251B71C6D2844BC5B180A52642939BD18A5B0B7FBD66E97D8C2401
:206A2000C5E7DEC5CC803EB90F4DBCDCF640BA53224276B70ED9742BB84AB1F7E1C6584B82
:206A40004A7ABFF192748D3600DDBB600448AFD729269790D385B9D84C5F5685767B4734DE
:206A600059890D2A9E7DF76C429DD75C0C95C6499A3471D1294872C28DE9B7A4D6375FD9F2
:206A8000B3EEE624D4A1489CD3CEFC425548A7143AA960C148EE7B24AA3935CABBAB254530
:206AA00046AEC93FBF3F074EDC792931B4A54B9D9308DA4E73AE0EA1B8204E3D6DCC12BC9A
:206AC0001B20135716E6EE11CE37B30A1F8685B418B0CEA6A7BE36D67D68B584091694A652
:206AE00046D4E65DB90496F526DB92482D3D76E4108DC0CCA4A96A70B13754A52682A3CC0A
:206B0000B8194A9A48BB20D25BB218E912B605AC8164513462C8080273CD0FF20EABCC4898
:206B2000A835393B488A04BBE7309797D160392C4DAA886B61369BFE942D966997EE60AA2F
:206B4000BB263A81B8BB312DA0B9AC6A27C0D9A67BA2D9F8DAB22EA8ABB1C11B7F52F6960E
:206B6000FE01A572CF17492625B85920B98751D4924488047363D1CC37A3FD32488F2C1AF4
:206B8000F0AE7AD37D58A0F6EFF2F155B9C6DA4265404817E03B4151D5A92ED50DC1F609DE
:206BA00075A4A33EF4E368B5D9236863DDC2F567F34A2525586B43E583C25F52EEC5738C0B
:206BC00073A7A5ABF7EA6EC3DF258D6FDBC4F311F53C23151C83F55AB2F16573A24B4BD1BB
:206BE000E5037AD56EEDA1D89A770523B74FDAD9D25654669DA25253297D86DA6C20F898B0
:206C0000D9A4E2D543016462A2565980BBCA262E5F3F4946474A71F2347D8CD9E48DCE7E98
:206C200089777B16ABFA965835138E5520BAD15C46D25EEFBB44FB175ACDB16AF67D612D45
:206C4000218678F820186B5DDAC64E57698BC2FC2C516A86A8D4524723D2528D777A873F19
:206C6000AD447DD1BB5BB435DBFBEED747426FE8DE868344AE29F4F760666676EE1A596CFF
:206C8000C4823D76B1C26537CB73EBA138CC8646165D05481619A0D63CC6BAD6FC124BC939
:206CA00097DA0855E7C438A0BF31E3413AB061768A3E81827C363A3D33582FC031598B4DDE
:206CC00039CE21CA4047CB0F53D1ACC49ADB61B4BDCB93401CB056B65C303616DDB6AAAF4C
:206CE000840345EE67A4A204C3C547C242CD6E030EBDFE36404484FF1FE27824523C249033
:206D00001AE0A62830D4080E0B1B0EFB340153152E62295A92AD8B88FFB5A4BEF910BDBBC9
:206D2000C32FD695A12E48365BDE5A7C30BE3EC0553D8D67BC77B43F35D652BEAA46136480
:206D40000911621F4EF66E2422C09B9F7BE9B408030BACDAB95B3F50E30EE0CC733E8EDC97
:206D600000A4999CC2BEA4A3F99C5B3A494187AF3546282D936DAA6465B64C8BBF0DEBB74B
:206D8000CF93D1D890FC1C56B6ABE0607E767DD1B454BB245D7D3A51484D60E73786838718
:206DA00076F2D1F815D942932B4D7AB71427D5D1D0CC445D6AFC93A8E4E442A846832320B9
:206DC0009D0DDEE14F4AA95EF4ED1C558E3BD93644BF800BBC96F336B77E0E5BD99FB71496
:206DE000A5C616428237CE22531098DD0FF0CC4C2B0BBFFBE91F46BB87D9F468D6AD774346
:206E0000FC87128E32B08F2543F08D86289A3D82259896CAA80651017B7A36B66046A47F2B
:206E20008667AA05BE315FF7D5ECEEB02F0C8DA1AC54A3F96315A841D0D916AD8C84DDA3B0
:206E40005690389C59D2FE3C26B349FF84665B317BAA4990223687C516B46351E8B4501858
:206E6000583DC3AFB6383C579FE860AFA9B53D248B0B5977470898DC0419140674C63A174A
:206E8000A4E1B2CD5946178785F227ACD3D38E976FD8EFD5D77F2841D1AF6B7E430CEC0727
:206EA000B1227F29D88D8C0804D0B1EF47C78C7479862FD0C82E1956D25C8F86CF896282FA
:206EC000B715742FA5457848BC966E1F13D9D550CDD101E8022321F1AE42C8D4D0C9E54E93
:206EE0005887AC7AA3521CDA63EDDD2DB25B5AD57697DAEE6DDE36EA09611FE902C29034D2
:206F0000FB601AF5CE00D184B97EE71B22E7BF387E2DEF94562226FEF807DE4291CF15B09D
:206F2000E51589AD1C331AEAEAA74E1E2DE4749BAF8D78613E377207C3CEC15989B54A7CFF
:206F4000529847773EEEF47001566698C36E02D382DF5B1BAF53BF76D75AF35C26CA30668A
:206F6000284253A3F6CD74977C14E369A19A28ADD1C437E383A2DCC291A0C03583D37BAEE0
:206F8000823BFAE09440DC6F36D3BC23B6975A5A7FA8473058A9553199AC02E7196E9E29B1
:206FA000BD9D8FEED4C7B2ABCEAD29A6974C6E494D66B8A8773CCF0896451A0AB08432E23A
:206FC0002CC1AC29F61698AA51DABF7902BE88B479A034649FCAC017A8256623595350F30C
:206FE000BD3D3B5C2A4BC9650CF6F83302FC65285179F31D4C370195A8B9ED65F3BECCA5DD
:207000002DE8E5EE395B7D06C52F192CDC9F0424F85AF371D90076177BEDA9A2C531C1D639
:2070200056BACCA2DD658E5D25B3CBB47B939C076784A6253AC452F341F52FACB32D5D4610
:20704000EA94DCC4852942EE3EA02E242A36BEA731A510B0A5BF5C9005842B8A931F543ED7
:207060001187C1FDE37A33EEAB261A52E986FA80BA56E23DBBDAA9C2AEA0A924A5A38D7087
:20708000B1F48728C26DAA5CC4FBD77AF573DA64F1E146D7D9C54D541A77EB7B632459AB01
:2070A00047C70286B73E639910B6F03E0253F1E6CC18527D24F6F2A87C0ACD88AF27A3A2CC
:2070C000DF4C9053665B1BAD7B3FAFE9FCEE095FF9322B80623F3404DD3D36B3EEE40DD014
:2070E0007721169713631DDFFD9842756785D6D19D817E39ED8A32BC1B4BD6DFD4C9FDD833
:20710000C842B7E523BB3581CA64A4920E47F311C1C06D04694514B372E54CA66C3AB1521F
:20712000BAB34649AA2B90D9264732D26A4FD053603F1DC9F265CCF56561B85BCB303ED247
:207140002FC3045F2544D3E72848B27E6109944808730DFC99C2E75AE2069CCDF1F457899B
:20716000A7093B3FF1F2A6A5A3E4B4573628B26C1C35B433D30361A99B50485450493B0135
:207180008016131623ACC3F14CFEECD394EC0A9EB2C8BDE8AE9F36ADB91D5F1CCA48492F52
:2071A000FCAE3E8802D27415395C8AB7D75484FB8B267819052129428E62957E8947E69F57
:2071C000548B4FAC3D412A79DD0F0747F9B7050C63D2D48C9724896E62AA7B9A624D850914
:2071E000D68C06B9B547A8A7880817BF375B3F2EB1292B5C0AAB86FE65409E9648D02F3FC5
:207200004D2D28C02BDDD1336C25B21720261786DADE14C4C6D9573BF198BE49A1C7FBF11E
:20722000DBB0CBB373A925DD9B56FCE1086C20477A68B3B8ECDA9D8BD94F8B5552D642BD14
:207240000E76DC56E9322DADAB162B2C478FC819DC48A1CC7710E0DE3549C4CECC995B56B8
:20726000DFD7255ACC0ED8E0C63618ED571CDA9CC3D2D1C90CB84E5857CCDFCA18A22527F2
:20728000A67532B10BB05BB0394B7423807C016F61BA39AD64341412FBE657BDEACF2A3FCD
:2072A0001E7FC99B167B3182EA106D4B04A3ABBB1CE9B2B012B869AFD5ECCEFD4EC4A453EC
:2072C0007D90CC5DC87F3F2E3727A9C940A8CF39B6270E475CF9B8951752628043B0A21D33
:2072E000B75CA9A4C57DA2D4D36CD8A492A52103DBABFFBD28D6CE4293C5638E41889CD48E
:20730000FD38D9D30EC0E75BBD25119572808924A2DDC46EB5C476222BA247D3E03AEA5454
:2073200051BBA0D0A3BF372EEACBEBB9EDB8E4AD2CB6544A55CBCB0241385461E6BF2454C3
:20734000AE01F72A54F52FCC052CB42D1E30AB2FA2A0575036BCB11659B4097B16CB80ABA0
:20736000B43E22541EB2E2CDC0C5D555A2AA4E6F4024B013EEB5C4BEB0CF4DA07CDE573CC9
:20738000BD5CDEDFD7F890E444F8B7F0190C8449CCA849D0A1536A35D3EE65CD21E6614242
:2073A0005A0D158E398EE36AB6CA5148CD00460B26612FAAB99274A7DA64C7FA0B85E44DF2
:2073C000A80B921A4E2B524B4790C08101E4D956D385ED4897C51E341F6BA2DB825632526E
:2073E000B8DA4B4750249F4776B4C84AF5A861104F14F5C194B848354178E3F563D5D348FF
:2074000024671F57CEB669DB11A8745C4B54A4CB5DC859C052A280349E2505BDCCAACDC39B
:20742000C9C0265E3CA7474AB1E1B2203BA21769B2ABA62164113F120921DC9C3D6527C7EE
:2074400020410E37C819D95D10DADF33B4E9D06A15383C83D44FE77242398F4C5844190405
:207460008BAAA4225327E6AFDF493F5C95C3DBDA1A33ED2254B2150E81A5AB2DD3357F30F8
:207480009D15205B61CA3AB7298B5C3854639C6734BE8F0B44B30A8EBEC573DDA4888408FB
:2074A000C0A6BEA2A6BF165EF9FA34E6CD85ED3F9A2DB5CC97F49DB9294AFED1523E7F4EDA
:2074C0005976776D47BEACAF221AC997C228D2D11945AF29302E57BF98F1269C543800C926
:2074E0008B4AFA5ABCA420A5362851B9E09C3E2F0DCC6F3267CA10D177C4AEA4BE34A3B38C
:207500004C740F10A636600B3B40F65821E4E78DC0A6BEA2A6BF4E420FA5016FEAB8E9A9F0
:207520006AC704CDC9AC5F96DE071A640AFC1BBA4B23A6CD20BE495EB2A73703B1F4796327
:20754000F687A6DD5E2529316BABCAA0A83934DFB112B38C7FA29D4BA1BB5E4B0B254ABA96
:20756000899E3175D6E6F0B852BC128FD8B93B83B8549EE150B6A5B059A51D8E7786B2D3CB
:20758000B4C95FFE414559C4915AAF93D67A34F28122ACC8E3A19C79B8DC1D0FFBB3622823
:2075A000BF2CF64B424D9C327CD9BB34F87B5643ECD183D4C42370BDE675AD75E13CDF470A
:2075C000D0095591DDA6D09AF278FE6E44C278E3020DEA69D84E413AA2C1F12DF068F454A4
:2075E00028567BBA7AE27EDE96C14ACEA480AD6DCCC20B40E09D454E482E53530B433AB432
:207600007F2C9B402C25CEF03879FF4AEA5BC6BD255AB8ED3D3EB63275C568F80BB6CD6400
:207620004EBA45F16CB3F31E1682D6AAAFBD05D9D8657C693719849A0224CF8D22D77909ED
:2076400016102DC4CF228A59334049BB46D4556214485BCFE9EB485C74F3A93FA9B4AAA300
:2076600003FF522F878B943BBE264A662612A9F163D3B955A2D835C6A9A32D68610856AB3C
:20768000F842EC7D5EDAA4A2786B821A25F0B1591D2559BADE751CB6C828BFFEFF878EAC44
:2076A000EED1471134D6985B2A1361CC2CB629D1DEDE9BF691BD53854B681BA4DD7EBAD5A1
:2076C000C508380629DA547AF66EB4B2F01779496D231D7C8BBCCD8F3DE514E9E651BBF767
:2076E0005D34902E754B5D90A59BC1CBC96791D18A4FBDD6117C5B6536292622BD37897BD8
:20770000ACDBB6921F93734BD4BB4AFB0F7B1B1DC63579EEE2CF2FB00F0C305E9F5392FE77
:207720008186084E8DC95ACDD629471430C1FF02434292BFF02640B862993949B807234F91
:20774000B023C1DDD9C0D5095CF0F4F94B21A202AFD7E02060C88DD10015E00FDDA8266CD1
:20776000EA0955D69F87CB0F2A19E7AB627F791C0A4ADF80A6A1BA3AF1922BA39EDC407532
:20778000CABFF2AA5A4C3003FAEF52AF36D72FDE891824B0122B9DB0B7B0AF71A4156AA09E
:2077A000DF2CA270C23099EAEECA07C46B52CE2795F66813FC043C815A1E279D45939C3659
:2077C0000C86457D5FABC2DF24CC924206DB4DE5EF7B2DAA35508E604B131CA2ACB038214E
:2077E00032513790B1F44A07771E3A27B62A61B0402F808CDFDD3F51466506B688B895005F
:2078000064D804AAAF35551E251F181CECD53F32C00AC6DB2361234882C9890581C75A0A9E
:207820002FA67320BE42503CED44D321B8213AE3A30268833946CD46F4F7CB5681546C6F5B
:20784000A6EA9187DC89A223C3DC79DCC34F420A06EBF663554F5A3D8277E17A6E7F2220FC
:2078600016A5ABFBD7A2C5C785848ADA0CDCC3AEA8513A52968259DF4BAA4808EC777DDD05
:207880003D3EB632DF1D0EA2EBD573CA91455365C45B8EBA141C4424589276118EE50666FF
:2078A000B649616039C6E7ECD58B352B49A8A331F27EE2BE6D5AC82C5112F5DAC9B0342ED9
:2078C000BE58D6502048E85B005F51A729BDD0DB87DA5E22B293FEBB38AD3C28D0DE8C4532
:2078E00020B0AAA9AD636607108FD3C0C6D59F75698358E919F813628D66CA940249A7AC65
:20790000A6BA322BC1430F11ECB489C23786A9BD7446F9134ACC15021433DDAAB0160208E7
:20792000346F2615D08E5C9FB93EA2E638D7BCEE612BD2A6BD8EC78B4E8DA420392AB1E0A4
:20794000D69E5D266FD70E92B43EA815BD8177F60C8E53CBE29A00E03D2B761C1E89728F3A
:207960001D482085735978954ADCE24B780F15FB26B549D92F02B667481C26B729CE881E11
:207980001425BCD141C7BDB4550A7E5714BAA19A0551FA724AC65948423B42DA55C87DF8CD
:2079A000EAE6D9C9BD361EF0FBFD326C8B04A5312EE8CCB6D66796DE55C1A640017564A694
:2079C0008033AD18D931307DA24755C2510278F93D1C148666A00DEA0F5E2F3DBBCC54DF31
:2079E000CD4D2F1CE6975750310B713A1372A256B619B98C36D7105F4E9A69784E23D85F99
:207A0000F45134C46F20F8485BA3F3ABBEAA2E0F8C0E81E49DB8A52D211105222585BB1D18
:207A20005AE09CB28B7D8BD4A58B3D152CE145F4B0002DF03F6A5A9C4539A40F9F8BCBE11C
:207A40001A0EA10996822DE19387FBE41F0B4D799C881EEB10042F3CB7A82B499897B6A33E
:207A6000D55B1BF41C6C6BC32D36B8F94F49941F26E9F43A364C95C6A9B53D24BD499E38FD
:207A80006E50A84F162E46A1A2953B0E9BD32AD9E0071DB9F348623A5041428FCB53CDD163
:207AA0005F465347B5695EFAA032665F8DAA934F81433F18EBBCBFB93946DFCBC3E2EB600E
:207AC000660F1058D1F5B55106CB03A841ACD0B6819632DAB6F031654D3045D141D9874B30
:207AE0003542724F3822352A54C2370DD3FE76449339B5FA0D655045D6031CD40FFC825E7A
:207B0000AD7DBCD3FB9529EA6288CF4087BA489401C67E88E34339F22D4DFB87B8657A073B
:207B200051AA301D0C439831711FA0EFEA207AEFC6E19832A9553455DC14BD42C1D87BDF79
:207B400060C13C5F9260BDA2DF528EE25655EAF286CA4E54CD6124D41BB6D22FB03701F32B
:207B600017E643F1191B0656478344D122DA544B461BC4362C4222858DC6E09168D494F3D3
:207B800090E0ACBD556224296D08DA04E495922B845D334E46C61007115CE44F995607B1B3
:207BA00034C1C5A6C8644C9A8E884816F1D3C0A0AC6E46647068A3A170BBBE89878212FC52
:207BC00099BA759CBB53846F6D8BCCCB372A8C0CF997E4919A39BBA72A3326BC9625B29141
:207BE00003A07E0020C92CB7269F24EFB7B95904CB79A6A3D54DDD2836541D6711CA4553BE
:207C0000964E0BD190C461CC76D5C6F00C5F520B5D558B3B833B1A8A24A11E4262922F7FB9
:207C2000263AB2AB3222FBDFCC15529289C22AC56D7D2052B9A3A0F5C620E3C339BCD4496F
:207C40004FFE0380CED09FDB7514995BD17F8A9AEEB64DCC8C288C3E4727434C3DA581466A
:207C6000E9BF08DEC8AD8F92F7D8BDA1A5BCA9CF045C40EC71F795CFE3CBB6BF53B58B25A7
:207C80002CCDA4824ED9FB303BF7D7C103265FB14411C09212BAA7D5C0D692B748A94E85DE
:207CA0005CCBAABFF1C762F3694A85936FCE9260400ECC97BAD2F56045DCDA63988E6611A0
:207CC000B58E8A66CD83491B12AB0A3BA47155F89D78C86E02554CAE6F0905B512AB095E67
:207CE00047C1B4863B6B0D44AC7BAF2E712DF75DA1CE675F5289F8522847CFF7FA0071DB80
:207D0000224DC5F4F00A7BD1ABC46D595883F258A4CB623B578CFD572D42CAE6FF051D9385
:207D2000931D56F33EE14EA5DA257DFB536CAA02698AC9F8989E4550FFE2EB0BEA840BC9BE
:207D4000D29398F87DA492AD7DE6BFB812F0505358DCB087250638756C7B33DAB4009C05C3
:207D6000F6FC09FFDF237C56EE0AE30326FA2383BF2D80CEC541F8C25385FEFD8FFFDF9CBB
:207D800035F78BB4955D7A6A597766A623CACE177AA198FD8868C11DE161DEA7909CCEA114
:207DA000B82FF28F2ABF3139A3413265C4FA4C2CA91898A00028754F2A400C1A9001203DF4
:207DC00003E15720AF53432D19B932769B0F0AEEA954A964880300AB2A3025A2C7BB01AC2A
:207DE000A6B340D87FCD596D683D597B999A1EA096B502F62E746D7AFB7CA5907CCBE1EE08
:207E000092E8E25BC2D15F40AB0511A588605C93E11032C62814AB7555D9FC0AA5D70F39FF
:207E200042CE52192D2F1059669CC312EF3A5E60DCADE3C406E18E6FEAB17A97DBC8A5F844
:207E4000AEB39FDC63B1834D4F429BACD24CC1CBC6A8D0AD70FDDB494EA811C755593FE8C1
:207E600058071A2273A03A20B553FC86765351F545D881A5C2C70ED0C40AA757C156959EA1
:207E800053787E03C13C263ED0559114E1B0342EB8A8A65E221398D879481C835F0CE5C7F8
:207EA0008B338B7D6518B7B993DE8DE8A1109CA73D1A0C8F843A256D1A306BE0E7BC5980E2
:207EC00049362C2F2BAFB3BA4AB034150927B501D877EA8D063AD0EC25BAF62B87B470C229
:207EE000688834570D9936F14C9693ADA7DDBE9E4C356109B612AAC222B69FAA5343E28CF4
:207F00008D55DE8A7076BF996B3C7E2A91082889D849A931526693D859FB84400604552B80
:207F2000E44ADEA232AA5F5CBF043972779B002DAFD72EF0BE0E785C1937D4AD4E2917C1EB
:207F40001EE79D2019B92F388991D837DF43B815B451BCEAA03F2041D62B0C921B0C09054F
:207F60000053B9FA0140EFDEE53CEB10788C0AF41E8E849D78020A7A98860BC24C33203545
:207F8000236202BFEA533424279A8738E2B0C5A0E4C5B0323C2036166BA8EA1570B627AB52
:207FA0003188609FFA3CADCCF40299ABC2C149CD763DB95A1FC75953D311A6028171355E1E
:207FC0003195B539CECA9E77C941298D2D3344CB3A6DE5632A538DEAF850432D7555B0C834
:207FE0005BFB5FEA690C21E05BF975738E5624C5DAB07DD6DF95ACE9932CDC448EB3B05558
:2080000042EB160F64119012B1A7A014637DD36AC5AC691413008E911E39D64B4334197036
:20802000996701F3804C0C6ECE5A40242F929FD80A35BC0050A8A9961F9688A12D412FE5B0
:208040004DFEA6231F40FC1C8E17B51D47F325DAE6FB9ADCE8CB0EC2E7BE330695D12E9306
:2080600000738E9D9F80EA3BD31755462A90FC0A9C8A8D03D7F9F54FAAA128D7D3A032938D
:20808000E30FDCB0C4BC6678D5C0C7F44B25FF8DEE9E778900386AD8C9AD2F758BF9EF0A1B
:2080A000F23ECB7713473D252A4260FE8F79C87DC9C38B99B0ABCD14B1ECB0EBE5E2BEC111
:2080C00054C24C3691ED1D7598B66AB15B7B55F56C6FE7638B1761B23932FD7A8745874E12
:2080E0001DB4B26C7C0BCFCB35D6C47C13035301C0EE69AAC2B95CED71B7B675AFE64FA55A
:2081000063426AC5CBC7E66FD0C2E3727C894C5C1FC5743107CDBB770D5EDC1797BE4BE59E
:20812000415F567E225C1C0BF89512E8EF542D71866683F777EAA5A00AAB4EFAFBF17F54F6
:20814000029FC75E076C0F33D394CFE5FC677BE3938C6087E05DEF7566E0E4F3147DB8FEBD
:208160008C661E90B6B6E5A92B842DA17BB8B3093162899920211E696F7FF19118F097610C
:2081800097062F667DD80DE4BFEA85068C48C74F9899549BD8D77A05160688E86189EE187F
:2081A0001298AAE3F85D1A109BCE0CE3E4D73A3C42052EF9152B28695F9A3D1B9D0F771FAE
:2081C0004D57F88C0A91C7169DEA833FE97F059FAF409560DD320D1982956921F3656E2DFD
:2081E00061659E1C1B0983F3B17A9ABDF302EE9DF731A15087DA205F83E48B130C1B3AFB09
:208200003B52C7D0881A111DE9F977179E7611E7688AD0998227F2E569F9F46C8F052EE8A7
:20822000C7F11D800B4915B5F16D4E265144B99C98E4F2E2E080856D0FF9F514C1881FBA3A
:208240007ED00AAF278D6D6296BD76101D617EDA3725824B60EF49FFDD6B82FA79E7E876A3
:208260007FE1EE70F36D62FCFC686DF97AE6EB79F96768F675EBE47A70EEE17FFC0AC59B54
:20828000F26E85038A141B858F111E80039D920C80F73E777692A3030997980685111E80F0
:2082A0009105128C6D3F9245FA27910586181789059B940A89171886633D064900AF910F58
:2082C000851B148A0997981E149297612E14128F039D920C8F111E808A141B85069297039D
:2082E000009E07478F121D8389171886059B940A86187F21622AE13705919E00831D128C81
:20830000059B8C0F941DFBAF8CD55980009E910F831D128C05838C0A00F63305F0672083CB
:20832000801E118F0C9297090385800685F83D806AD080098A141B858F111E80039D920CFC
:20834000EEB679BE953F91050F919E00831D128C009E910F633D49CC10201886059B940A5D
:20836000039D920C8F111EEE2418701AB4929709851B148A039798141E989DE0AF1DB9C863
:2083800044E4EB75F66867F9F36D7AF962EB8CDEFC17177E7AEEE17F75EBE470F36D7AE42B
:2083A000F56B8DDF7945A04276E8E779FA646BF573F5F076F509CAF0A76762F67FEBEE7A17
:2083C000FA6E6BFF76E2E77373E7E276FF6B6EFA7C51DFC0C2DD534CC7D856494B54DAC56F
:2083E0004D52DCC3C1DE504FC4DB554A4857D9C6CBD45A454758D6C9425DD3CCCED15F408D
:208400004B54DAC5C7D85649C2DD534C4E51DFC0CDD25C43415ED0CF445BD5CAC8D759466C
:20842000CED15F40425DD3CC4758D6C9CBD45A454857D9C6C4DB554AC1DE504F4D52DCC34C
:20844000C8D75946445BD5CA415ED0CFCDD25C434EDF385E596704409A285A8C72F5C1BFCE
:208460005BFD023594C99E30ECF6D0ABAC70D7C25A1323E913FBE85450D7C6D88E08545866
:2084800054B75A7D3105272BC4F16466039D92B066DAA669DCD9FAB1A27153EFE27A45ED7F
:2084A0003117F486E5F6F300EC9D78E386FB70EB067D9195416EB99DC40C5C3BA8E758C2AE
:2084C000CDD35A20AE2F9BC20F489EA583731285004891618C966D04F08D6D8A128F947F2C
:2084E0000329FAA7A9B3DAE111F88C01CD91FD0CBC938C632D9BB0E09B917E03D3FB1C105E
:2085000002D3D9087BFF474D84C18DD39CCD955ADC5953820787C2474D848859DF4102879E
:20852000C4591C9A1AD6DC0B55CD9013DA0B5699088ED5047DE6E56020BE1ACE5081BD6C21
:208540009A5FEF564997495206F611018FA425693FA499978FFBB26DD3AABAC42F762B63A9
:2085600049E436B2796C0007494AC10FE1C5E71D93E8CF64500B7464E0F071616C7C1D6AFB
:208580007601E790FA8DEC1A788EE91FF402E214F00661977C8AE17070F6FA64E1796DF0A6
:2085A000FC056D1DD40B627F7C2BE416F06E0ACD96B918FAE7E98DF9ED3099F7DBE40D79F1
:2085C0003A648816140B3C952E1E6D6D7E8B6EEE2119E60C166ED319F5D984FACBE4E8C4A1
:2085E00073E15C70F3DF87FC44A4674B5CE4595AF9D5A4F6C721E4C8B0EE5376FCD064F3F3
:20860000B27291BD6912AF8389A51B86B79194CB5A4994775BD40DF059C2BE43D03D51DF92
:20862000A55847AA1B97ADB2673DEF06C86CF4CB7198D67E8A031EEA9DB60C3EEE6A62EE78
:20864000F3CDB5E123E10828699D6A3DAD782E898AAE94857B1797748C9DCA838F439180C0
:2086600045D9B6284E95154558331E7AE6FF3BEA636573FFEA257861FA922A77E73DF760CA
:20868000E78373951016626B1A681CF9ED08A48A5E620416D2EB467AD76F097F9562CFECE4
:2086A00012644DF51FE8247DA00E2A8F1553FCCFBAF3E679C3CFA05212410E42AF6C590C0D
:2086C000497F339F5D2021BFD7A4E47AF96768F67AE42575F66869F9F3B55E8CBFE1EEAB89
:2086E00045972D76F5BC588A7B4F497A9B05EDF975A9A6EED7EDE27C5802A7549F2245BD69
:2087000036402A3F1DD1EF4BC8A0DA2BC7658A767F992072C9E8271EB3B1C2AEED05D9C5B5
:20872000498CB3F573EBE4545B0D023EA062FFBD26F7C2662E7900C6A36175CF0CDFAC53DC
:208740002111C473FEAEB70C2C2C8F70FA575DF9CD797476F0E671474225C4ABD12A963AE4
:2087600064C3FE20CC8FE15D7A8965997AC23D62BA5E6D85A2D06C70FDE4F1587726E6E654
:2087800094094FFE3A7B4DEAD07DABECB9F7B866A5EAB97BABF20A8549163BF78EB27722F8
:2087A000C3123CCA21AC21D04BA7A7BABF561E5530944B4E36D05FA2C9AD35DA0953B5004B
:2087C000A24DABBBD7984F8E0543460CB4C083541CDAEBBE3C433DB7361BC9229452F42CBF
:2087E000052C3621AFD8DD8CA6D28AAC71B886B8354A34BEB69B49D49DACFB4180AFB3287E
:20880000532FAB70D82DFF389AAD52F9A3E0E1A9AEFF51A7D1D45439764E7B7B56116B3D40
:20882000C464A6B3C65BE72907E94F89F9A8D6F05F245D3813C672FBBDFA62D6A5E7C7D4E3
:208840004CDA6EA8F8EAB07673DEA07A205BD8B69A4772715F186134CE6DACD4CFB308C18A
:20886000F1E3B97FF35E20FA2F54D1BC79427777531468384BED293AC6BA01C81960D097FD
:208880000641A10F5328AD3A8C4D78825512923E5D182045BA3A98481695DF988538D88C84
:2088A0004AB0A4DFE92195025A1D9B315D1E2033B330924293155A1D8C34D485CF35275C13
:2088C00060AB1F88B37598D8BC9440B93654F226939FDB1D8F3C5D864D36AD2A06D4600BEC
:2088E000B1F691DAB614CBD83F49113B9E2FCC87AA58CAAABB1A2F51872ACFB5A0C42D3A3A
:208900004A7138803D5EECAA2ADB3E269A2AD19038B4B3AFC2D22855E6228AB1D51F3B351F
:20892000D73DAB8BB8CDF4B8B924BBD930AD5385A29B2348F438B6C3ACBA0B344D8D29ADF4
:20894000C33B3E2EBC2B74597525276CAFA143AFBC9C2556E5A9ADBAAAC3AB305197239BD4
:20896000B7CF7D2032AE3DD266A0AC6CBD2A402ABF2EA22603D870B2A66CB146333D4F6F8D
:20898000CE5F66CEA2D84425A2DB2615D8E15A32E94E2AB65346F7CB38F85FD8D244AE3FBA
:2089A000493188436759B47E5A57B55A4565DFAF7E5CB74CD6BCD44CB46BC6FFC8A0935FBB
:2089C00054244B58655FAF6FCB4CCA5C3AABDBA67C57FFC4A06A4E40A14BDDFDCEBB82CE2A
:2089E000CCDBCEA745D8231F546DD0BE08C2453CD0CA72483DF455DD3AC7CEDE49C468B6D3
:208A0000F22631FFA9AAD4AA25FF1034680041F4C783A932E5B423F307266D26D2D13BA422
:208A2000D5AE946A6AC220802DB7F406A97E5E87925209FAD634223E175C3B1B3C90055EB6
:208A4000A56912A5EB662B6A001DA5BDEA3932E000B2F42E817A2B1D86C25336BE0B502F87
:208A6000902D9F905732647FA60F7835627210B83879D1AA846BB49FA79FF5351E11B4A03F
:208A8000BA5F8AC1D30AA1F474AE419D83CDF6134CF18483B75374CA5597185660BA6574CE
:208AA000A2FF8BB45FCC59FC23CD6435F7E822D61391C4651FDBF9F68E26DC6440C2996B46
:208AC000D51A3AFBFC3C7A9434A6C0C47C37487058EC643FD0019DD0ED60D79D76635AC882
:208AE0001E4CCD147A420F54F80657647347A0B34100DAD0115DEA11DECE6C09D3718740C6
:208B0000E70E953D48F35BDA87184D6D2DEF8ECF616544DC3C568D47538439C0F20B65B01E
:208B20009A044164277D6B9F1ABA885EDAEE2265F3A8CB1A9F447413DD016B757DC1992894
:208B4000D91677D910C974F5A17309D8D6B9F28CC9C174C3631DD7DF6069480393C98F9A02
:208B6000FD1FCEFB574EEC01DAEFCC6A0ACA75625B25B66A0F58C7E5AD7D94CFDCF195DF53
:208B800005E3B9878C7FE6A507B63D0DFDB116CF136839111D36BBDB95EB2D251CC687F99B
:208BA000353D87712397E32E8F77FB19A67151AA6999B872C08484C512E943A6220217403C
:208BC000A67835196AB0B8837BBE90F7AE6CF1186FBD0A3AAC8C1CACF22B8812CF06673C52
:208BE00041D70D63A83194A21A743FA680F7B81C0236658C9DFEBB9B3FB20569AF8F2D1F1D
:208C00006627090E3048DD19EDBA3D07C60EF9A2A093F7A311F7B39011E1782610A1371A3E
:208C200060318B529CFFAE9E03CAA3271A9E58AA66CC0783C5377766A00978AD71630566EC
:208C4000A58627A99190B47B30010ACA1EEEC5B4AB011FC9AC79B513E2B93B0B04B46E882F
:208C60002EE76F936F328B3AAA8490AA762E0767B5861D3655570762A1B21CAB1075BFAC50
:208C8000F704C46EFE451DE16C8E416AC6C17D90D3F8DB6318D87C70C9DC24E59DCA487774
:208CA0003CF1F22850970753688ECA1308EB72D615A4C81FEF4404DD6006576273A2BE4F29
:208CC00066FF39D608D274ED22CD9066D38081DE30F644A6D0CEEEDC5074489FF97493D259
:208CE000E1FD0C236DF1D90FD536FA6A247FCBCD474BACCB5BA1F3D5A5CE41F0DFC7D6DFAB
:208D00003A62782BF6F65EFAC412FEA66DC251676F377CD3C33BCD5148C55488AC4E48AA89
:208D20008C4237DA5FBD9EEF2061794889536469D285CB38F9F8C69DD02A3ED3D8837ED15D
:208D400005FAAE5EE82E24542A1C5E56DC3E1ED026CBC220E4FEC59ED52948D5AE20ED4446
:208D6000D3E43306A367FD5291482C7CEA458F56BE4D47A6677BB4F5EEDA3AE1CBD740A429
:208D8000122A592A31803B3B2F3E451B93D8122C23CE3EA4379753550CB064550584B16718
:208DA000A35D911C4F14BDA6AFBBC59E16A97917D0A10ADCB63AAB91DA4E3E2B06BE3C4DC3
:208DC000AAA26B1A4C17B8A5DCBDB63885D0418A22E8A50510BC7AA0C2758B2761BBD35594
:208DE0002F39989F2BEB83402489D845282366572C3B43799AE6213F44064193185FDFCBE7
:208E000056CEBD5EA6A5D48FD5DBDC3884FE31C253CCDFBF9772B3F15A5C11504E81F44D9B
:208E20001F4BDAE1AE4860E52D69EAC71947DA23CB42685AB5EDDF534EDC2D1171A871DCBD
:208E400023D5C258C7A703E62260CEC80948307EE35C0B5A47C6A3086F33E6F43371C8C48A
:208E6000AF504DF6DC2BE2445FBBD659F9EA58E9AF42D9A3495ABB0FEFB96A534E9244AD06
:208E8000880729EFA3A53944F28B56930DDC8E2CCE2FA0CD6BBD3A62B135C1B72E121A3F38
:208EA000FA4D313D5CAB2F59790B3674AA501DA0A7E90BA4FE3E53CC290787CD1C9939720B
:208EC000AC565A32BC180AD7A39E22B48C446881ED928D012773101EAEA8CE6BC1710F06D4
:208EE0008D8709641B0A02ACC63FAC6B444F90A1F0F6BA5B02FC9FC2F06BCA23FF6B6620AC
:208F0000C626B85F10921CB5731D96B0761004E670320DEC697F7D7383EB6CB17D2650861E
:208F20009386547EAAAD284CC43C828DD34412482C8BBE4D072534CFFD1E029AF971B2EA4D
:208F40000EF4FBCE1B9748CC845B08F1E26184FC75E7E89A274B220DBBA63BF037C55593F6
:208F600031CCB27CBDBEC2F3B8B7D31F34D2B7E408028C83CC1F69C14A19A9B762645CE29F
:208F8000128560E685AF99C04844D3209E21AEA89EEC2DA0FB60A2C1374E8F170D1CD997FA
:208FA00068C8AED5D932BC0F0F99CCF7CD354D77079306DB37D7DCC332ACBAF60A14D2FD54
:208FC000887E865BB7575C43BE203A7A8A943F7D0B4ADF25F335A80306AE89144BEB1BB310
:208FE0009209DC7C0FCF436D1D6355F58646CAE412695AFAD763D1B0BADCCD2BCE6E41A770
:209000004EEEFBE8EAF513B00E3CC5BC72840DE61FE9841A8B743C3AD33BF7E9BC0834F0EA
:20902000880832F6EDE0BE7AE7E34F7F56F4EC7E5FD653A0E69562553F5FD54E0D7BEB4F4A
:209040005B56334EF378E2DA3DDFB5A09E966B311254C097BD97E4726818D4242696BE73AA
:20906000508E8D50966AF9E8746E7B712BD7F4422D1BC47EC72456B5EBAC0A761911E26348
:20908000B6D0EE52DB23FEF60081AEC87AC6C33B958052E7FF872A82422C48B117D0203DB8
:2090A00008EB999391108ACE00C53E8D72F6EBC81DED6882758A944E77C341981A8285B430
:2090C00026802002D99C0B1D81362D1138D123D1B4C380B4242340DF3106A34434C6A08AE6
:2090E0003CD315450D9A21D7ECD7849AFDCF8FF59B859B79CED6ED911010916E4637219D87
:20910000A2361014BCACD4E302D156EBC9F6A9068A141B8506989709039D920C8F111E80BA
:2091200089171886059B940A009E910F8C121D830F919E00831D128C861817890A949B053F
:209140008F111E80039D920C069897098A141B8509979806851B9EA380115F85F8C74B3C3D
:209160001CE020CFC34AC87DE83D21F61AF66152E76A5D1A4D83E386CA9AE9763F5961D91D
:20918000E7A1BDFB2250EC5DBEF837B4E930A3E026CB0959DC65C1F352BB1DAFD9F0B8D322
:2091A000685B4EFA4F5FF5584092C0D5E85B468AACB98ABB5F9BA7481D42BB7FA4BA00ADF8
:2091C0004DC411DDCB8CD7A912CD5A0D33421DC45A66435662D531763D5519D3C86355C424
:2091E0000A2A59EA4EC409AE5AFA55561CA04408CDA616D9C162A5EEA45370B5420F564508
:209200006857BDF6B85B8F5844F337A48AB2DBD9F42368238C3FD685CE1EB4220F3535CE0F
:20922000A1772B78E1113D007FD397938459CAF5CC979806ADE8DE441D82D19320CA8944BA
:209240008B4321CE87CFC2D5009E1D8A0E2C1D830F919E5B831D128C8618173E05947E055F
:209260000C929D03801E118FEBC4148A099798068A141B8506986C2A20BEB12FAC323DA3F9
:2092800056C8C759DA44A9EFF3E989E27BD03CDBF4D0E8720D7A5DD0DAEA5CFB6E6730241B
:2092A00071EFE0CB7362EB3942A06832166B6493765CCEB8A4A5363F46B26EF073EDE27C8C
:2092C000F66867F97AE4EB757FE1EE70F36D62FC70EEE17FFC626DF3F96768F675EBE47A9E
:2092E00073EDE27CFF616EF0FA646BF576E8E779F56B64FA79E7E8767CE2ED73F06E61FF7E
:2093000076E8E779FA646BF5FF616EF073EDE27CF06E61FF7CE2ED7379E7E876F56B64FA5D
:20932000F36D62FC7FE1EE707AE4EB75F66867F975EBE47AF96768F6FC626DF370EEE17F3D
:20934000F56B64FA79E7E8767CE2ED73F06E61FF73EDE27CFF616EF0FA646BF576E8E7791D
:2093600070EEE17FFC626DF3F96768F675EBE47AF66867F97AE4EB757FE1EE70F36D62FCFD
:2093800009979806851B148A801E118F0C929D038F111E80039D920C069897098A141B85DD
:2093A0008C121D83009E910F059B940A891718860A949B0586181789831D128C0F919E00BD
:2093C0008A141B8506989709039D920C8F111E800C929D03801E118F851B148A099798069D
:2093E0000F919E00831D128C861817890A949B0589171886059B940A009E910F8C121D837D
:2094000009979806851B148A801E118F0C929D038F111E80039D920C069897098A141B855C
:209420008C121D83009E910F059B940A891718860A949B0586181789831D128C0F919E003C
:209440008A141B8506989709039D920C8F111E800C929D03801E118F851B148A099798061C
:209460000F919E00831D128C861817890A949B0589171886059B940A009E910F8C121D83FC
:2094800076E8E779FA646BF5FF616EF073EDE27CF06E61FF7CE2ED7379E7E876F56B64FADC
:2094A000F36D62FC7FE1EE707AE4EB75F66867F975EBE47AF96768F6FC626DF370EEE17FBC
:2094C000F56B64FA79E7E8767CE2ED73F06E61FF73EDE27CFF616EF0FA646BF576E8E7799C
:2094E00070EEE17FFC626DF3F96768F675EBE47AF66867F97AE4EB757FE1EE70F36D62FC7C
:2095000075EBE47AF96768F6FC626DF370EEE17FF36D62FC7FE1EE707AE4EB75F66867F95B
:20952000F06E61FF7CE2ED7379E7E876F56B64FA76E8E779FA646BF5FF616EF073EDE27C3B
:20954000F66867F97AE4EB757FE1EE70F36D62FC70EEE17FFC626DF3F96768F675EBE47A1B
:2095600073EDE27CFF616EF0FA646BF576E8E779F56B64FA79E7E8767CE2ED73F06E61FFFB
:209580000A949B0586181789831D128C0F919E008C121D83009E910F059B940A89171886DB
:2095A0008F111E80039D920C069897098A141B8509979806851B148A801E118F0C929D03BB
:2095C00089171886059B940A009E910F8C121D830F919E00831D128C861817890A949B059B
:2095E0000C929D03801E118F851B148A099798068A141B8506989709039D920C8F111E807B
:2096000073EDE27CFF616EF0FA646BF576E8E779F56B64FA79E7E8767CE2ED73F06E61FF5A
:20962000F66867F97AE4EB757FE1EE70F36D62FC70EEE17FFC626DF3F96768F675EBE47A3A
:20964000F06E61FF7CE2ED7379E7E876F56B64FA76E8E779FA646BF5FF616EF073EDE27C1A
:2096600075EBE47AF96768F6FC626DF370EEE17FF36D62FC7FE1EE707AE4EB75F66867F9FA
:209680000C929D03801E118F851B148A099798068A141B8506989709039D920C8F111E80DA
:2096A00089171886059B940A009E910F8C121D830F919E00831D128C861817890A949B05BA
:2096C0008F111E80039D920C069897098A141B8509979806851B148A801E118F0C929D039A
:2096E0000A949B0586181789831D128C0F919E008C121D83009E910F059B940A891718867A
:209700000F919E00831D128C861817890A949B0589171886059B940A009E910F8C121D8359
:209720008A141B8506989709039D920C8F111E800C929D03801E118F851B148A0997980639
:209740008C121D83009E910F059B940A891718860A949B0586181789831D128C0F919E0019
:2097600009979806851B148A801E118F0C929D038F111E80039D920C069897098A141B85F9
:2097800070EEE17FFC626DF3F96768F675EBE47AF66867F97AE4EB757FE1EE70F36D62FCD9
:2097A000F56B64FA79E7E8767CE2ED73F06E61FF73EDE27CFF616EF0FA646BF576E8E779B9
:2097C000F36D62FC7FE1EE707AE4EB75F66867F975EBE47AF96768F6FC626DF370EEE17F99
:2097E00076E8E779FA646BF5FF616EF073EDE27CF06E61FF7CE2ED7379E7E876F56B64FA79
:20980000069897098A141B858F111E80039D920C801E118F0C929D0309979806851B148A58
:20982000831D128C0F919E000A949B0586181789059B940A891718868C121D83009E910F38
:20984000851B148A099798060C929D03801E118F039D920C8F111E808A141B850698970918
:20986000009E910F8C121D8389171886059B940A861817890A949B050F919E00831D128CF8
:2098800079E7E876F56B64FAF06E61FF7CE2ED73FF616EF073EDE27C76E8E779FA646BF5D8
:2098A000FC626DF370EEE17F75EBE47AF96768F67AE4EB75F66867F9F36D62FC7FE1EE70B8
:2098C000FA646BF576E8E77973EDE27CFF616EF07CE2ED73F06E61FFF56B64FA79E7E87698
:2098E0007FE1EE70F36D62FCF66867F97AE4EB75F96768F675EBE47A70EEE17FFC626DF378
:209900007AE4EB75F66867F9F36D62FC7FE1EE70FC626DF370EEE17F75EBE47AF96768F657
:20992000FF616EF073EDE27C76E8E779FA646BF579E7E876F56B64FAF06E61FF7CE2ED7337
:20994000F96768F675EBE47A70EEE17FFC626DF37FE1EE70F36D62FCF66867F97AE4EB7517
:209960007CE2ED73F06E61FFF56B64FA79E7E876FA646BF576E8E77973EDE27CFF616EF0F7
:20998000059B940A891718868C121D83009E910F831D128C0F919E000A949B0586181789D7
:2099A000801E118F0C929D0309979806851B148A069897098A141B858F111E80039D920CB7
:2099C000861817890A949B050F919E00831D128C009E910F8C121D8389171886059B940A97
:2099E000039D920C8F111E808A141B8506989709851B148A099798060C929D03801E118F77
:209A00007CE2ED73F06E61FFF56B64FA79E7E876FA646BF576E8E77973EDE27CFF616EF056
:209A2000F96768F675EBE47A70EEE17FFC626DF37FE1EE70F36D62FCF66867F97AE4EB7536
:209A4000FF616EF073EDE27C76E8E779FA646BF579E7E876F56B64FAF06E61FF7CE2ED7316
:209A60007AE4EB75F66867F9F36D62FC7FE1EE70FC626DF370EEE17F75EBE47AF96768F6F6
:209A8000039D920C8F111E808A141B8506989709851B148A099798060C929D03801E118FD6
:209AA000861817890A949B050F919E00831D128C009E910F8C121D8389171886059B940AB6
:209AC000801E118F0C929D0309979806851B148A069897098A141B858F111E80039D920C96
:209AE000059B940A891718868C121D83009E910F831D128C0F919E000A949B058618178976
:209B0000009E910F8C121D8389171886059B940A861817890A949B050F919E00831D128C55
:209B2000851B148A099798060C929D03801E118F039D920C8F111E808A141B850698970935
:209B4000831D128C0F919E000A949B0586181789059B940A891718868C121D83009E910F15
:209B6000069897098A141B858F111E80039D920C801E118F0C929D0309979806851B148AF5
:209B80007FE1EE70F36D62FCF66867F97AE4EB75F96768F675EBE47A70EEE17FFC626DF3D5
:209BA000FA646BF576E8E77973EDE27CFF616EF07CE2ED73F06E61FFF56B64FA79E7E876B5
:209BC000FC626DF370EEE17F75EBE47AF96768F67AE4EB75F66867F9F36D62FC7FE1EE7095
:209BE00079E7E876F56B64FAF06E61FF7CE2ED73FF616EF073EDE27C76E8E779FA646BF575
:209C00007FE1EE70F36D62FCF66867F97AE4EB75F96768F675EBE47A70EEE17FFC626DF354
:209C2000FA646BF576E8E77973EDE27CFF616EF07CE2ED73F06E61FFF56B64FA79E7E87634
:209C4000FC626DF370EEE17F75EBE47AF96768F67AE4EB75F66867F9F36D62FC7FE1EE7014
:209C600079E7E876F56B64FAF06E61FF7CE2ED73FF616EF073EDE27C76E8E779FA646BF5F4
:209C8000009E910F8C121D8389171886059B940A861817890A949B050F919E00831D128CD4
:209CA000851B148A099798060C929D03801E118F039D920C8F111E808A141B8506989709B4
:209CC000831D128C0F919E000A949B0586181789059B940A891718868C121D83009E910F94
:209CE000069897098A141B858F111E80039D920C801E118F0C929D0309979806851B148A74
:209D0000039D920C8F111E808A141B8506989709851B148A099798060C929D03801E118F53
:209D2000861817890A949B050F919E00831D128C009E910F8C121D8389171886059B940A33
:209D4000801E118F0C929D0309979806851B148A069897098A141B858F111E80039D920C13
:209D6000059B940A891718868C121D83009E910F831D128C0F919E000A949B0586181789F3
:209D80007CE2ED73F06E61FFF56B64FA79E7E876FA646BF576E8E77973EDE27CFF616EF0D3
:209DA000F96768F675EBE47A70EEE17FFC626DF37FE1EE70F36D62FCF66867F97AE4EB75B3
:209DC000FF616EF073EDE27C76E8E779FA646BF579E7E876F56B64FAF06E61FF7CE2ED7393
:209DE0007AE4EB75F66867F9F36D62FC7FE1EE70FC626DF370EEE17F75EBE47AF96768F673
:209E0000059B940A891718868C121D83009E910F831D128C0F919E000A949B058618178952
:209E2000801E118F0C929D0309979806851B148A069897098A141B858F111E80039D920C32
:209E4000861817890A949B050F919E00831D128C009E910F8C121D8389171886059B940A12
:209E6000039D920C8F111E808A141B8506989709851B148A099798060C929D03801E118FF2
:209E80007AE4EB75F66867F9F36D62FC7FE1EE70FC626DF370EEE17F75EBE47AF96768F6D2
:209EA000FF616EF073EDE27C76E8E779FA646BF579E7E876F56B64FAF06E61FF7CE2ED73B2
:209EC000F96768F675EBE47A70EEE17FFC626DF37FE1EE70F36D62FCF66867F97AE4EB7592
:209EE0007CE2ED73F06E61FFF56B64FA79E7E876FA646BF576E8E77973EDE27CFF616EF072
:209F000079E7E876F56B64FAF06E61FF7CE2ED73FF616EF073EDE27C76E8E779FA646BF551
:209F2000FC626DF370EEE17F75EBE47AF96768F67AE4EB75F66867F9F36D62FC7FE1EE7031
:209F4000FA646BF576E8E77973EDE27CFF616EF07CE2ED73F06E61FFF56B64FA79E7E87611
:209F60007FE1EE70F36D62FCF66867F97AE4EB75F96768F675EBE47A70EEE17FFC626DF3F1
:209F8000069897098A141B858F111E80039D920C801E118F0C929D0309979806851B148AD1
:209FA000831D128C0F919E000A949B0586181789059B940A891718868C121D83009E910FB1
:209FC000851B148A099798060C929D03801E118F039D920C8F111E808A141B850698970991
:209FE000009E910F8C121D8389171886059B940A861817890A949B050F919E00831D128C71
:20A000006DF3FC62E17F70EEE47A75EB68F6F967EB757AE467F9F66862FCF36DEE707FE150
:20A02000E87679E764FAF56B61FFF06EED737CE26EF0FF61E27C73EDE77976E86BF5FA6430
:20A04000EE707FE162FCF36D67F9F668EB757AE468F6F967E47A75EBE17F70EE6DF3FC6210
:20A060006BF5FA64E77976E8E27C73ED6EF0FF61ED737CE261FFF06E64FAF56BE87679E7F0
:20A08000128C831D9E000F919B050A9417898618940A059B188689171D838C12910F009ED0
:20A0A000970906981B858A141E808F11920C039D118F801E9D030C9298060997148A851BB0
:20A0C000910F009E1D838C1218868917940A059B178986189B050A949E000F91128C831D90
:20A0E000148A851B980609979D030C92118F801E920C039D1E808F111B858A149709069870
:20A10000118F801E9D030C9298060997148A851B970906981B858A141E808F11920C039D4F
:20A12000940A059B188689171D838C12910F009E128C831D9E000F919B050A94178986182F
:20A14000920C039D1E808F111B858A1497090698148A851B980609979D030C92118F801E0F
:20A16000178986189B050A949E000F91128C831D910F009E1D838C1218868917940A059BEF
:20A180006EF0FF61E27C73EDE77976E86BF5FA64E87679E764FAF56B61FFF06EED737CE2CF
:20A1A000EB757AE467F9F66862FCF36DEE707FE16DF3FC62E17F70EEE47A75EB68F6F967AF
:20A1C000ED737CE261FFF06E64FAF56BE87679E76BF5FA64E77976E8E27C73ED6EF0FF618F
:20A1E00068F6F967E47A75EBE17F70EE6DF3FC62EE707FE162FCF36D67F9F668EB757AE46F
:20A20000178986189B050A949E000F91128C831D910F009E1D838C1218868917940A059B4E
:20A22000920C039D1E808F111B858A1497090698148A851B980609979D030C92118F801E2E
:20A24000940A059B188689171D838C12910F009E128C831D9E000F919B050A94178986180E
:20A26000118F801E9D030C9298060997148A851B970906981B858A141E808F11920C039DEE
:20A2800068F6F967E47A75EBE17F70EE6DF3FC62EE707FE162FCF36D67F9F668EB757AE4CE
:20A2A000ED737CE261FFF06E64FAF56BE87679E76BF5FA64E77976E8E27C73ED6EF0FF61AE
:20A2C000EB757AE467F9F66862FCF36DEE707FE16DF3FC62E17F70EEE47A75EB68F6F9678E
:20A2E0006EF0FF61E27C73EDE77976E86BF5FA64E87679E764FAF56B61FFF06EED737CE26E
:20A300006BF5FA64E77976E8E27C73ED6EF0FF61ED737CE261FFF06E64FAF56BE87679E74D
:20A32000EE707FE162FCF36D67F9F668EB757AE468F6F967E47A75EBE17F70EE6DF3FC622D
:20A34000E87679E764FAF56B61FFF06EED737CE26EF0FF61E27C73EDE77976E86BF5FA640D
:20A360006DF3FC62E17F70EEE47A75EB68F6F967EB757AE467F9F66862FCF36DEE707FE1ED
:20A38000148A851B980609979D030C92118F801E920C039D1E808F111B858A1497090698CD
:20A3A000910F009E1D838C1218868917940A059B178986189B050A949E000F91128C831DAD
:20A3C000970906981B858A141E808F11920C039D118F801E9D030C9298060997148A851B8D
:20A3E000128C831D9E000F919B050A9417898618940A059B188689171D838C12910F009E6D
:20A40000148A851B980609979D030C92118F801E920C039D1E808F111B858A14970906984C
:20A42000910F009E1D838C1218868917940A059B178986189B050A949E000F91128C831D2C
:20A44000970906981B858A141E808F11920C039D118F801E9D030C9298060997148A851B0C
:20A46000128C831D9E000F919B050A9417898618940A059B188689171D838C12910F009EEC
:20A480006BF5FA64E77976E8E27C73ED6EF0FF61ED737CE261FFF06E64FAF56BE87679E7CC
:20A4A000EE707FE162FCF36D67F9F668EB757AE468F6F967E47A75EBE17F70EE6DF3FC62AC
:20A4C000E87679E764FAF56B61FFF06EED737CE26EF0FF61E27C73EDE77976E86BF5FA648C
:20A4E0006DF3FC62E17F70EEE47A75EB68F6F967EB757AE467F9F66862FCF36DEE707FE16C
:20A5000068F6F967E47A75EBE17F70EE6DF3FC62EE707FE162FCF36D67F9F668EB757AE44B
:20A52000ED737CE261FFF06E64FAF56BE87679E76BF5FA64E77976E8E27C73ED6EF0FF612B
:20A54000EB757AE467F9F66862FCF36DEE707FE16DF3FC62E17F70EEE47A75EB68F6F9670B
:20A560006EF0FF61E27C73EDE77976E86BF5FA64E87679E764FAF56B61FFF06EED737CE2EB
:20A58000178986189B050A949E000F91128C831D910F009E1D838C1218868917940A059BCB
:20A5A000920C039D1E808F111B858A1497090698148A851B980609979D030C92118F801EAB
:20A5C000940A059B188689171D838C12910F009E128C831D9E000F919B050A94178986188B
:20A5E000118F801E9D030C9298060997148A851B970906981B858A141E808F11920C039D6B
:20A600006EF0FF61E27C73EDE77976E86BF5FA64E87679E764FAF56B61FFF06EED737CE24A
:20A62000EB757AE467F9F66862FCF36DEE707FE16DF3FC62E17F70EEE47A75EB68F6F9672A
:20A64000ED737CE261FFF06E64FAF56BE87679E76BF5FA64E77976E8E27C73ED6EF0FF610A
:20A6600068F6F967E47A75EBE17F70EE6DF3FC62EE707FE162FCF36D67F9F668EB757AE4EA
:20A68000118F801E9D030C9298060997148A851B970906981B858A141E808F11920C039DCA
:20A6A000940A059B188689171D838C12910F009E128C831D9E000F919B050A9417898618AA
:20A6C000920C039D1E808F111B858A1497090698148A851B980609979D030C92118F801E8A
:20A6E000178986189B050A949E000F91128C831D910F009E1D838C1218868917940A059B6A
:20A70000128C831D9E000F919B050A9417898618940A059B188689171D838C12910F009E49
:20A72000970906981B858A141E808F11920C039D118F801E9D030C9298060997148A851B29
:20A74000910F009E1D838C1218868917940A059B178986189B050A949E000F91128C831D09
:20A76000148A851B980609979D030C92118F801E920C039D1E808F111B858A1497090698E9
:20A780006DF3FC62E17F70EEE47A75EB68F6F967EB757AE467F9F66862FCF36DEE707FE1C9
:20A7A000E87679E764FAF56B61FFF06EED737CE26EF0FF61E27C73EDE77976E86BF5FA64A9
:20A7C000EE707FE162FCF36D67F9F668EB757AE468F6F967E47A75EBE17F70EE6DF3FC6289
:20A7E0006BF5FA64E77976E8E27C73ED6EF0FF61ED737CE261FFF06E64FAF56BE87679E769
:20A800001B858A1497090698920C039D1E808F119D030C92118F801E148A851B9806099748
:20A820009E000F91128C831D178986189B050A9418868917940A059B910F009E1D838C1228
:20A8400098060997148A851B118F801E9D030C921E808F11920C039D970906981B858A1408
:20A860001D838C12910F009E940A059B188689179B050A9417898618128C831D9E000F91E8
:20A8800064FAF56BE87679E7ED737CE261FFF06EE27C73ED6EF0FF616BF5FA64E77976E8C8
:20A8A000E17F70EE6DF3FC6268F6F967E47A75EB67F9F668EB757AE4EE707FE162FCF36DA8
:20A8C000E77976E86BF5FA646EF0FF61E27C73ED61FFF06EED737CE2E87679E764FAF56B88
:20A8E00062FCF36DEE707FE1EB757AE467F9F668E47A75EB68F6F9676DF3FC62E17F70EE68
:20A9000067F9F668EB757AE4EE707FE162FCF36DE17F70EE6DF3FC6268F6F967E47A75EB47
:20A92000E27C73ED6EF0FF616BF5FA64E77976E864FAF56BE87679E7ED737CE261FFF06E27
:20A94000E47A75EB68F6F9676DF3FC62E17F70EE62FCF36DEE707FE1EB757AE467F9F66807
:20A9600061FFF06EED737CE2E87679E764FAF56BE77976E86BF5FA646EF0FF61E27C73EDE7
:20A9800018868917940A059B910F009E1D838C129E000F91128C831D178986189B050A94C7
:20A9A0009D030C92118F801E148A851B980609971B858A1497090698920C039D1E808F11A7
:20A9C0009B050A9417898618128C831D9E000F911D838C12910F009E940A059B1886891787
:20A9E0001E808F11920C039D970906981B858A1498060997148A851B118F801E9D030C9267
:20AA000061FFF06EED737CE2E87679E764FAF56BE77976E86BF5FA646EF0FF61E27C73ED46
:20AA2000E47A75EB68F6F9676DF3FC62E17F70EE62FCF36DEE707FE1EB757AE467F9F66826
:20AA4000E27C73ED6EF0FF616BF5FA64E77976E864FAF56BE87679E7ED737CE261FFF06E06
:20AA600067F9F668EB757AE4EE707FE162FCF36DE17F70EE6DF3FC6268F6F967E47A75EBE6
:20AA80001E808F11920C039D970906981B858A1498060997148A851B118F801E9D030C92C6
:20AAA0009B050A9417898618128C831D9E000F911D838C12910F009E940A059B18868917A6
:20AAC0009D030C92118F801E148A851B980609971B858A1497090698920C039D1E808F1186
:20AAE00018868917940A059B910F009E1D838C129E000F91128C831D178986189B050A9466
:20AB00001D838C12910F009E940A059B188689179B050A9417898618128C831D9E000F9145
:20AB200098060997148A851B118F801E9D030C921E808F11920C039D970906981B858A1425
:20AB40009E000F91128C831D178986189B050A9418868917940A059B910F009E1D838C1205
:20AB60001B858A1497090698920C039D1E808F119D030C92118F801E148A851B98060997E5
:20AB800062FCF36DEE707FE1EB757AE467F9F668E47A75EB68F6F9676DF3FC62E17F70EEC5
:20ABA000E77976E86BF5FA646EF0FF61E27C73ED61FFF06EED737CE2E87679E764FAF56BA5
:20ABC000E17F70EE6DF3FC6268F6F967E47A75EB67F9F668EB757AE4EE707FE162FCF36D85
:20ABE00064FAF56BE87679E7ED737CE261FFF06EE27C73ED6EF0FF616BF5FA64E77976E865
:20AC000062FCF36DEE707FE1EB757AE467F9F668E47A75EB68F6F9676DF3FC62E17F70EE44
:20AC2000E77976E86BF5FA646EF0FF61E27C73ED61FFF06EED737CE2E87679E764FAF56B24
:20AC4000E17F70EE6DF3FC6268F6F967E47A75EB67F9F668EB757AE4EE707FE162FCF36D04
:20AC600064FAF56BE87679E7ED737CE261FFF06EE27C73ED6EF0FF616BF5FA64E77976E8E4
:20AC80001D838C12910F009E940A059B188689179B050A9417898618128C831D9E000F91C4
:20ACA00098060997148A851B118F801E9D030C921E808F11920C039D970906981B858A14A4
:20ACC0009E000F91128C831D178986189B050A9418868917940A059B910F009E1D838C1284
:20ACE0001B858A1497090698920C039D1E808F119D030C92118F801E148A851B9806099764
:20AD00001E808F11920C039D970906981B858A1498060997148A851B118F801E9D030C9243
:20AD20009B050A9417898618128C831D9E000F911D838C12910F009E940A059B1886891723
:20AD40009D030C92118F801E148A851B980609971B858A1497090698920C039D1E808F1103
:20AD600018868917940A059B910F009E1D838C129E000F91128C831D178986189B050A94E3
:20AD800061FFF06EED737CE2E87679E764FAF56BE77976E86BF5FA646EF0FF61E27C73EDC3
:20ADA000E47A75EB68F6F9676DF3FC62E17F70EE62FCF36DEE707FE1EB757AE467F9F668A3
:20ADC000E27C73ED6EF0FF616BF5FA64E77976E864FAF56BE87679E7ED737CE261FFF06E83
:20ADE00067F9F668EB757AE4EE707FE162FCF36DE17F70EE6DF3FC6268F6F967E47A75EB63
:20AE000018868917940A059B910F009E1D838C129E000F91128C831D178986189B050A9442
:20AE20009D030C92118F801E148A851B980609971B858A1497090698920C039D1E808F1122
:20AE40009B050A9417898618128C831D9E000F911D838C12910F009E940A059B1886891702
:20AE60001E808F11920C039D970906981B858A1498060997148A851B118F801E9D030C92E2
:20AE800067F9F668EB757AE4EE707FE162FCF36DE17F70EE6DF3FC6268F6F967E47A75EBC2
:20AEA000E27C73ED6EF0FF616BF5FA64E77976E864FAF56BE87679E7ED737CE261FFF06EA2
:20AEC000E47A75EB68F6F9676DF3FC62E17F70EE62FCF36DEE707FE1EB757AE467F9F66882
:20AEE00061FFF06EED737CE2E87679E764FAF56BE77976E86BF5FA646EF0FF61E27C73ED62
:20AF000064FAF56BE87679E7ED737CE261FFF06EE27C73ED6EF0FF616BF5FA64E77976E841
:20AF2000E17F70EE6DF3FC6268F6F967E47A75EB67F9F668EB757AE4EE707FE162FCF36D21
:20AF4000E77976E86BF5FA646EF0FF61E27C73ED61FFF06EED737CE2E87679E764FAF56B01
:20AF600062FCF36DEE707FE1EB757AE467F9F668E47A75EB68F6F9676DF3FC62E17F70EEE1
:20AF80001B858A1497090698920C039D1E808F119D030C92118F801E148A851B98060997C1
:20AFA0009E000F91128C831D178986189B050A9418868917940A059B910F009E1D838C12A1
:20AFC00098060997148A851B118F801E9D030C921E808F11920C039D970906981B858A1481
:20AFE0001D838C12910F009E940A059B188689179B050A9417898618128C831D9E000F9161
:20B000001E808F11920C039D970906981B858A1498060997148A851B118F801E9D030C9240
:20B020009B050A9417898618128C831D9E000F911D838C12910F009E940A059B1886891720
:20B040009D030C92118F801E148A851B980609971B858A1497090698920C039D1E808F1100
:20B0600018868917940A059B910F009E1D838C129E000F91128C831D178986189B050A94E0
:20B0800061FFF06EED737CE2E87679E764FAF56BE77976E86BF5FA646EF0FF61E27C73EDC0
:20B0A000E47A75EB68F6F9676DF3FC62E17F70EE62FCF36DEE707FE1EB757AE467F9F668A0
:20B0C000E27C73ED6EF0FF616BF5FA64E77976E864FAF56BE87679E7ED737CE261FFF06E80
:20B0E00067F9F668EB757AE4EE707FE162FCF36DE17F70EE6DF3FC6268F6F967E47A75EB60
:20B1000062FCF36DEE707FE1EB757AE467F9F668E47A75EB68F6F9676DF3FC62E17F70EE3F
:20B12000E77976E86BF5FA646EF0FF61E27C73ED61FFF06EED737CE2E87679E764FAF56B1F
:20B14000E17F70EE6DF3FC6268F6F967E47A75EB67F9F668EB757AE4EE707FE162FCF36DFF
:20B1600064FAF56BE87679E7ED737CE261FFF06EE27C73ED6EF0FF616BF5FA64E77976E8DF
:20B180001D838C12910F009E940A059B188689179B050A9417898618128C831D9E000F91BF
:20B1A00098060997148A851B118F801E9D030C921E808F11920C039D970906981B858A149F
:20B1C0009E000F91128C831D178986189B050A9418868917940A059B910F009E1D838C127F
:20B1E0001B858A1497090698920C039D1E808F119D030C92118F801E148A851B980609975F
:20B2000064FAF56BE87679E7ED737CE261FFF06EE27C73ED6EF0FF616BF5FA64E77976E83E
:20B22000E17F70EE6DF3FC6268F6F967E47A75EB67F9F668EB757AE4EE707FE162FCF36D1E
:20B24000E77976E86BF5FA646EF0FF61E27C73ED61FFF06EED737CE2E87679E764FAF56BFE
:20B2600062FCF36DEE707FE1EB757AE467F9F668E47A75EB68F6F9676DF3FC62E17F70EEDE
:20B280001B858A1497090698920C039D1E808F119D030C92118F801E148A851B98060997BE
:20B2A0009E000F91128C831D178986189B050A9418868917940A059B910F009E1D838C129E
:20B2C00098060997148A851B118F801E9D030C921E808F11920C039D970906981B858A147E
:20B2E0001D838C12910F009E940A059B188689179B050A9417898618128C831D9E000F915E
:20B3000018868917940A059B910F009E1D838C129E000F91128C831D178986189B050A943D
:20B320009D030C92118F801E148A851B980609971B858A1497090698920C039D1E808F111D
:20B340009B050A9417898618128C831D9E000F911D838C12910F009E940A059B18868917FD
:20B360001E808F11920C039D970906981B858A1498060997148A851B118F801E9D030C92DD
:20B3800067F9F668EB757AE4EE707FE162FCF36DE17F70EE6DF3FC6268F6F967E47A75EBBD
:20B3A000E27C73ED6EF0FF616BF5FA64E77976E864FAF56BE87679E7ED737CE261FFF06E9D
:20B3C000E47A75EB68F6F9676DF3FC62E17F70EE62FCF36DEE707FE1EB757AE467F9F6687D
:20B3E00061FFF06EED737CE2E87679E764FAF56BE77976E86BF5FA646EF0FF61E27C73ED5D
:20B4000067F9F668EB757AE4EE707FE162FCF36DE17F70EE6DF3FC6268F6F967E47A75EB3C
:20B42000E27C73ED6EF0FF616BF5FA64E77976E864FAF56BE87679E7ED737CE261FFF06E1C
:20B44000E47A75EB68F6F9676DF3FC62E17F70EE62FCF36DEE707FE1EB757AE467F9F668FC
:20B4600061FFF06EED737CE2E87679E764FAF56BE77976E86BF5FA646EF0FF61E27C73EDDC
:20B4800018868917940A059B910F009E1D838C129E000F91128C831D178986189B050A94BC
:20B4A0009D030C92118F801E148A851B980609971B858A1497090698920C039D1E808F119C
:20B4C0009B050A9417898618128C831D9E000F911D838C12910F009E940A059B188689177C
:20B4E0001E808F11920C039D970906981B858A1498060997148A851B118F801E9D030C925C
:20B500001B858A1497090698920C039D1E808F119D030C92118F801E148A851B980609973B
:20B520009E000F91128C831D178986189B050A9418868917940A059B910F009E1D838C121B
:20B5400098060997148A851B118F801E9D030C921E808F11920C039D970906981B858A14FB
:20B560001D838C12910F009E940A059B188689179B050A9417898618128C831D9E000F91DB
:20B5800064FAF56BE87679E7ED737CE261FFF06EE27C73ED6EF0FF616BF5FA64E77976E8BB
:20B5A000E17F70EE6DF3FC6268F6F967E47A75EB67F9F668EB757AE4EE707FE162FCF36D9B
:20B5C000E77976E86BF5FA646EF0FF61E27C73ED61FFF06EED737CE2E87679E764FAF56B7B
:20B5E00062FCF36DEE707FE1EB757AE467F9F668E47A75EB68F6F9676DF3FC62E17F70EE5B
:20B600001D838C12910F009E940A059B188689179B050A9417898618128C831D9E000F913A
:20B6200098060997148A851B118F801E9D030C921E808F11920C039D970906981B858A141A
:20B640009E000F91128C831D178986189B050A9418868917940A059B910F009E1D838C12FA
:20B660001B858A1497090698920C039D1E808F119D030C92118F801E148A851B98060997DA
:20B6800062FCF36DEE707FE1EB757AE467F9F668E47A75EB68F6F9676DF3FC62E17F70EEBA
:20B6A000E77976E86BF5FA646EF0FF61E27C73ED61FFF06EED737CE2E87679E764FAF56B9A
:20B6C000E17F70EE6DF3FC6268F6F967E47A75EB67F9F668EB757AE4EE707FE162FCF36D7A
:20B6E00064FAF56BE87679E7ED737CE261FFF06EE27C73ED6EF0FF616BF5FA64E77976E85A
:20B7000061FFF06EED737CE2E87679E764FAF56BE77976E86BF5FA646EF0FF61E27C73ED39
:20B72000E47A75EB68F6F9676DF3FC62E17F70EE62FCF36DEE707FE1EB757AE467F9F66819
:20B74000E27C73ED6EF0FF616BF5FA64E77976E864FAF56BE87679E7ED737CE261FFF06EF9
:20B7600067F9F668EB757AE4EE707FE162FCF36DE17F70EE6DF3FC6268F6F967E47A75EBD9
:20B780001E808F11920C039D970906981B858A1498060997148A851B118F801E9D030C92B9
:20B7A0009B050A9417898618128C831D9E000F911D838C12910F009E940A059B1886891799
:20B7C0009D030C92118F801E148A851B980609971B858A1497090698920C039D1E808F1179
:20B7E00018868917940A059B910F009E1D838C129E000F91128C831D178986189B050A9459
:20B8000068F6F967E47A75EBE17F70EE6DF3FC62EE707FE162FCF36D67F9F668EB757AE438
:20B82000ED737CE261FFF06E64FAF56BE87679E76BF5FA64E77976E8E27C73ED6EF0FF6118
:20B84000EB757AE467F9F66862FCF36DEE707FE16DF3FC62E17F70EEE47A75EB68F6F967F8
:20B860006EF0FF61E27C73EDE77976E86BF5FA64E87679E764FAF56B61FFF06EED737CE2D8
:20B88000178986189B050A949E000F91128C831D910F009E1D838C1218868917940A059BB8
:20B8A000920C039D1E808F111B858A1497090698148A851B980609979D030C92118F801E98
:20B8C000940A059B188689171D838C12910F009E128C831D9E000F919B050A941789861878
:20B8E000118F801E9D030C9298060997148A851B970906981B858A141E808F11920C039D58
:20B90000148A851B980609979D030C92118F801E920C039D1E808F111B858A149709069837
:20B92000910F009E1D838C1218868917940A059B178986189B050A949E000F91128C831D17
:20B94000970906981B858A141E808F11920C039D118F801E9D030C9298060997148A851BF7
:20B96000128C831D9E000F919B050A9417898618940A059B188689171D838C12910F009ED7
:20B980006BF5FA64E77976E8E27C73ED6EF0FF61ED737CE261FFF06E64FAF56BE87679E7B7
:20B9A000EE707FE162FCF36D67F9F668EB757AE468F6F967E47A75EBE17F70EE6DF3FC6297
:20B9C000E87679E764FAF56B61FFF06EED737CE26EF0FF61E27C73EDE77976E86BF5FA6477
:20B9E0006DF3FC62E17F70EEE47A75EB68F6F967EB757AE467F9F66862FCF36DEE707FE157
:20BA0000128C831D9E000F919B050A9417898618940A059B188689171D838C12910F009E36
:20BA2000970906981B858A141E808F11920C039D118F801E9D030C9298060997148A851B16
:20BA4000910F009E1D838C1218868917940A059B178986189B050A949E000F91128C831DF6
:20BA6000148A851B980609979D030C92118F801E920C039D1E808F111B858A1497090698D6
:20BA80006DF3FC62E17F70EEE47A75EB68F6F967EB757AE467F9F66862FCF36DEE707FE1B6
:20BAA000E87679E764FAF56B61FFF06EED737CE26EF0FF61E27C73EDE77976E86BF5FA6496
:20BAC000EE707FE162FCF36D67F9F668EB757AE468F6F967E47A75EBE17F70EE6DF3FC6276
:20BAE0006BF5FA64E77976E8E27C73ED6EF0FF61ED737CE261FFF06E64FAF56BE87679E756
:20BB00006EF0FF61E27C73EDE77976E86BF5FA64E87679E764FAF56B61FFF06EED737CE235
:20BB2000EB757AE467F9F66862FCF36DEE707FE16DF3FC62E17F70EEE47A75EB68F6F96715
:20BB4000ED737CE261FFF06E64FAF56BE87679E76BF5FA64E77976E8E27C73ED6EF0FF61F5
:20BB600068F6F967E47A75EBE17F70EE6DF3FC62EE707FE162FCF36D67F9F668EB757AE4D5
:20BB8000118F801E9D030C9298060997148A851B970906981B858A141E808F11920C039DB5
:20BBA000940A059B188689171D838C12910F009E128C831D9E000F919B050A941789861895
:20BBC000920C039D1E808F111B858A1497090698148A851B980609979D030C92118F801E75
:20BBE000178986189B050A949E000F91128C831D910F009E1D838C1218868917940A059B55
:20BC0000118F801E9D030C9298060997148A851B970906981B858A141E808F11920C039D34
:20BC2000940A059B188689171D838C12910F009E128C831D9E000F919B050A941789861814
:20BC4000920C039D1E808F111B858A1497090698148A851B980609979D030C92118F801EF4
:20BC6000178986189B050A949E000F91128C831D910F009E1D838C1218868917940A059BD4
:20BC80006EF0FF61E27C73EDE77976E86BF5FA64E87679E764FAF56B61FFF06EED737CE2B4
:20BCA000EB757AE467F9F66862FCF36DEE707FE16DF3FC62E17F70EEE47A75EB68F6F96794
:20BCC000ED737CE261FFF06E64FAF56BE87679E76BF5FA64E77976E8E27C73ED6EF0FF6174
:20BCE00068F6F967E47A75EBE17F70EE6DF3FC62EE707FE162FCF36D67F9F668EB757AE454
:20BD00006DF3FC62E17F70EEE47A75EB68F6F967EB757AE467F9F66862FCF36DEE707FE133
:20BD2000E87679E764FAF56B61FFF06EED737CE26EF0FF61E27C73EDE77976E86BF5FA6413
:20BD4000EE707FE162FCF36D67F9F668EB757AE468F6F967E47A75EBE17F70EE6DF3FC62F3
:20BD60006BF5FA64E77976E8E27C73ED6EF0FF61ED737CE261FFF06E64FAF56BE87679E7D3
:20BD8000128C831D9E000F919B050A9417898618940A059B188689171D838C12910F009EB3
:20BDA000970906981B858A141E808F11920C039D118F801E9D030C9298060997148A851B93
:20BDC000910F009E1D838C1218868917940A059B178986189B050A949E000F91128C831D73
:20BDE000148A851B980609979D030C92118F801E920C039D1E808F111B858A149709069853
:20BE00006BF5FA64E77976E8E27C73ED6EF0FF61ED737CE261FFF06E64FAF56BE87679E732
:20BE2000EE707FE162FCF36D67F9F668EB757AE468F6F967E47A75EBE17F70EE6DF3FC6212
:20BE4000E87679E764FAF56B61FFF06EED737CE26EF0FF61E27C73EDE77976E86BF5FA64F2
:20BE60006DF3FC62E17F70EEE47A75EB68F6F967EB757AE467F9F66862FCF36DEE707FE1D2
:20BE8000148A851B980609979D030C92118F801E920C039D1E808F111B858A1497090698B2
:20BEA000910F009E1D838C1218868917940A059B178986189B050A949E000F91128C831D92
:20BEC000970906981B858A141E808F11920C039D118F801E9D030C9298060997148A851B72
:20BEE000128C831D9E000F919B050A9417898618940A059B188689171D838C12910F009E52
:20BF0000178986189B050A949E000F91128C831D910F009E1D838C1218868917940A059B31
:20BF2000920C039D1E808F111B858A1497090698148A851B980609979D030C92118F801E11
:20BF4000940A059B188689171D838C12910F009E128C831D9E000F919B050A9417898618F1
:20BF6000118F801E9D030C9298060997148A851B970906981B858A141E808F11920C039DD1
:20BF800068F6F967E47A75EBE17F70EE6DF3FC62EE707FE162FCF36D67F9F668EB757AE4B1
:20BFA000ED737CE261FFF06E64FAF56BE87679E76BF5FA64E77976E8E27C73ED6EF0FF6191
:20BFC000EB757AE467F9F66862FCF36DEE707FE16DF3FC62E17F70EEE47A75EB68F6F96771
:20BFE0006EF0FF61E27C73EDE77976E86BF5FA64E87679E764FAF56B61FFF06EED737CE251
:20C0000062FCF36DEE707FE1EB757AE467F9F668E47A75EB68F6F9676DF3FC62E17F70EE30
:20C02000E77976E86BF5FA646EF0FF61E27C73ED61FFF06EED737CE2E87679E764FAF56B10
:20C04000E17F70EE6DF3FC6268F6F967E47A75EB67F9F668EB757AE4EE707FE162FCF36DF0
:20C0600064FAF56BE87679E7ED737CE261FFF06EE27C73ED6EF0FF616BF5FA64E77976E8D0
:20C080001D838C12910F009E940A059B188689179B050A9417898618128C831D9E000F91B0
:20C0A00098060997148A851B118F801E9D030C921E808F11920C039D970906981B858A1490
:20C0C0009E000F91128C831D178986189B050A9418868917940A059B910F009E1D838C1270
:20C0E0001B858A1497090698920C039D1E808F119D030C92118F801E148A851B9806099750
:20C100001E808F11920C039D970906981B858A1498060997148A851B118F801E9D030C922F
:20C120009B050A9417898618128C831D9E000F911D838C12910F009E940A059B188689170F
:20C140009D030C92118F801E148A851B980609971B858A1497090698920C039D1E808F11EF
:20C1600018868917940A059B910F009E1D838C129E000F91128C831D178986189B050A94CF
:20C1800061FFF06EED737CE2E87679E764FAF56BE77976E86BF5FA646EF0FF61E27C73EDAF
:20C1A000E47A75EB68F6F9676DF3FC62E17F70EE62FCF36DEE707FE1EB757AE467F9F6688F
:20C1C000E27C73ED6EF0FF616BF5FA64E77976E864FAF56BE87679E7ED737CE261FFF06E6F
:20C1E00067F9F668EB757AE4EE707FE162FCF36DE17F70EE6DF3FC6268F6F967E47A75EB4F
:20C2000018868917940A059B910F009E1D838C129E000F91128C831D178986189B050A942E
:20C220009D030C92118F801E148A851B980609971B858A1497090698920C039D1E808F110E
:20C240009B050A9417898618128C831D9E000F911D838C12910F009E940A059B18868917EE
:20C260001E808F11920C039D970906981B858A1498060997148A851B118F801E9D030C92CE
:20C2800067F9F668EB757AE4EE707FE162FCF36DE17F70EE6DF3FC6268F6F967E47A75EBAE
:20C2A000E27C73ED6EF0FF616BF5FA64E77976E864FAF56BE87679E7ED737CE261FFF06E8E
:20C2C000E47A75EB68F6F9676DF3FC62E17F70EE62FCF36DEE707FE1EB757AE467F9F6686E
:20C2E00061FFF06EED737CE2E87679E764FAF56BE77976E86BF5FA646EF0FF61E27C73ED4E
:20C3000064FAF56BE87679E7ED737CE261FFF06EE27C73ED6EF0FF616BF5FA64E77976E82D
:20C32000E17F70EE6DF3FC6268F6F967E47A75EB67F9F668EB757AE4EE707FE162FCF36D0D
:20C34000E77976E86BF5FA646EF0FF61E27C73ED61FFF06EED737CE2E87679E764FAF56BED
:20C3600062FCF36DEE707FE1EB757AE467F9F668E47A75EB68F6F9676DF3FC62E17F70EECD
:20C380001B858A1497090698920C039D1E808F119D030C92118F801E148A851B98060997AD
:20C3A0009E000F91128C831D178986189B050A9418868917940A059B910F009E1D838C128D
:20C3C00098060997148A851B118F801E9D030C921E808F11920C039D970906981B858A146D
:20C3E0001D838C12910F009E940A059B188689179B050A9417898618128C831D9E000F914D
:20C400001B858A1497090698920C039D1E808F119D030C92118F801E148A851B980609972C
:20C420009E000F91128C831D178986189B050A9418868917940A059B910F009E1D838C120C
:20C4400098060997148A851B118F801E9D030C921E808F11920C039D970906981B858A14EC
:20C460001D838C12910F009E940A059B188689179B050A9417898618128C831D9E000F91CC
:20C4800064FAF56BE87679E7ED737CE261FFF06EE27C73ED6EF0FF616BF5FA64E77976E8AC
:20C4A000E17F70EE6DF3FC6268F6F967E47A75EB67F9F668EB757AE4EE707FE162FCF36D8C
:20C4C000E77976E86BF5FA646EF0FF61E27C73ED61FFF06EED737CE2E87679E764FAF56B6C
:20C4E00062FCF36DEE707FE1EB757AE467F9F668E47A75EB68F6F9676DF3FC62E17F70EE4C
:20C5000067F9F668EB757AE4EE707FE162FCF36DE17F70EE6DF3FC6268F6F967E47A75EB2B
:20C52000E27C73ED6EF0FF616BF5FA64E77976E864FAF56BE87679E7ED737CE261FFF06E0B
:20C54000E47A75EB68F6F9676DF3FC62E17F70EE62FCF36DEE707FE1EB757AE467F9F668EB
:20C5600061FFF06EED737CE2E87679E764FAF56BE77976E86BF5FA646EF0FF61E27C73EDCB
:20C5800018868917940A059B910F009E1D838C129E000F91128C831D178986189B050A94AB
:20C5A0009D030C92118F801E148A851B980609971B858A1497090698920C039D1E808F118B
:20C5C0009B050A9417898618128C831D9E000F911D838C12910F009E940A059B188689176B
:20C5E0001E808F11920C039D970906981B858A1498060997148A851B118F801E9D030C924B
:20C6000061FFF06EED737CE2E87679E764FAF56BE77976E86BF5FA646EF0FF61E27C73ED2A
:20C62000E47A75EB68F6F9676DF3FC62E17F70EE62FCF36DEE707FE1EB757AE467F9F6680A
:20C64000E27C73ED6EF0FF616BF5FA64E77976E864FAF56BE87679E7ED737CE261FFF06EEA
:20C6600067F9F668EB757AE4EE707FE162FCF36DE17F70EE6DF3FC6268F6F967E47A75EBCA
:20C680001E808F11920C039D970906981B858A1498060997148A851B118F801E9D030C92AA
:20C6A0009B050A9417898618128C831D9E000F911D838C12910F009E940A059B188689178A
:20C6C0009D030C92118F801E148A851B980609971B858A1497090698920C039D1E808F116A
:20C6E00018868917940A059B910F009E1D838C129E000F91128C831D178986189B050A944A
:20C700001D838C12910F009E940A059B188689179B050A9417898618128C831D9E000F9129
:20C7200098060997148A851B118F801E9D030C921E808F11920C039D970906981B858A1409
:20C740009E000F91128C831D178986189B050A9418868917940A059B910F009E1D838C12E9
:20C760001B858A1497090698920C039D1E808F119D030C92118F801E148A851B98060997C9
:20C7800062FCF36DEE707FE1EB757AE467F9F668E47A75EB68F6F9676DF3FC62E17F70EEA9
:20C7A000E77976E86BF5FA646EF0FF61E27C73ED61FFF06EED737CE2E87679E764FAF56B89
:20C7C000E17F70EE6DF3FC6268F6F967E47A75EB67F9F668EB757AE4EE707FE162FCF36D69
:20C7E00064FAF56BE87679E7ED737CE261FFF06EE27C73ED6EF0FF616BF5FA64E77976E849
:20C80000148A851B980609979D030C92118F801E920C039D1E808F111B858A149709069828
:20C82000910F009E1D838C1218868917940A059B178986189B050A949E000F91128C831D08
:20C84000970906981B858A141E808F11920C039D118F801E9D030C9298060997148A851BE8
:20C86000128C831D9E000F919B050A9417898618940A059B188689171D838C12910F009EC8
:20C880006BF5FA64E77976E8E27C73ED6EF0FF61ED737CE261FFF06E64FAF56BE87679E7A8
:20C8A000EE707FE162FCF36D67F9F668EB757AE468F6F967E47A75EBE17F70EE6DF3FC6288
:20C8C000E87679E764FAF56B61FFF06EED737CE26EF0FF61E27C73EDE77976E86BF5FA6468
:20C8E0006DF3FC62E17F70EEE47A75EB68F6F967EB757AE467F9F66862FCF36DEE707FE148
:20C9000068F6F967E47A75EBE17F70EE6DF3FC62EE707FE162FCF36D67F9F668EB757AE427
:20C92000ED737CE261FFF06E64FAF56BE87679E76BF5FA64E77976E8E27C73ED6EF0FF6107
:20C94000EB757AE467F9F66862FCF36DEE707FE16DF3FC62E17F70EEE47A75EB68F6F967E7
:20C960006EF0FF61E27C73EDE77976E86BF5FA64E87679E764FAF56B61FFF06EED737CE2C7
:20C98000178986189B050A949E000F91128C831D910F009E1D838C1218868917940A059BA7
:20C9A000920C039D1E808F111B858A1497090698148A851B980609979D030C92118F801E87
:20C9C000940A059B188689171D838C12910F009E128C831D9E000F919B050A941789861867
:20C9E000118F801E9D030C9298060997148A851B970906981B858A141E808F11920C039D47
:20CA00006EF0FF61E27C73EDE77976E86BF5FA64E87679E764FAF56B61FFF06EED737CE226
:20CA2000EB757AE467F9F66862FCF36DEE707FE16DF3FC62E17F70EEE47A75EB68F6F96706
:20CA4000ED737CE261FFF06E64FAF56BE87679E76BF5FA64E77976E8E27C73ED6EF0FF61E6
:20CA600068F6F967E47A75EBE17F70EE6DF3FC62EE707FE162FCF36D67F9F668EB757AE4C6
:20CA8000118F801E9D030C9298060997148A851B970906981B858A141E808F11920C039DA6
:20CAA000940A059B188689171D838C12910F009E128C831D9E000F919B050A941789861886
:20CAC000920C039D1E808F111B858A1497090698148A851B980609979D030C92118F801E66
:20CAE000178986189B050A949E000F91128C831D910F009E1D838C1218868917940A059B46
:20CB0000128C831D9E000F919B050A9417898618940A059B188689171D838C12910F009E25
:20CB2000970906981B858A141E808F11920C039D118F801E9D030C9298060997148A851B05
:20CB4000910F009E1D838C1218868917940A059B178986189B050A949E000F91128C831DE5
:20CB6000148A851B980609979D030C92118F801E920C039D1E808F111B858A1497090698C5
:20CB80006DF3FC62E17F70EEE47A75EB68F6F967EB757AE467F9F66862FCF36DEE707FE1A5
:20CBA000E87679E764FAF56B61FFF06EED737CE26EF0FF61E27C73EDE77976E86BF5FA6485
:20CBC000EE707FE162FCF36D67F9F668EB757AE468F6F967E47A75EBE17F70EE6DF3FC6265
:20CBE0006BF5FA64E77976E8E27C73ED6EF0FF61ED737CE261FFF06E64FAF56BE87679E745
:20CC00006DF3FC62E17F70EEE47A75EB68F6F967EB757AE467F9F66862FCF36DEE707FE124
:20CC2000E87679E764FAF56B61FFF06EED737CE26EF0FF61E27C73EDE77976E86BF5FA6404
:20CC4000EE707FE162FCF36D67F9F668EB757AE468F6F967E47A75EBE17F70EE6DF3FC62E4
:20CC60006BF5FA64E77976E8E27C73ED6EF0FF61ED737CE261FFF06E64FAF56BE87679E7C4
:20CC8000128C831D9E000F919B050A9417898618940A059B188689171D838C12910F009EA4
:20CCA000970906981B858A141E808F11920C039D118F801E9D030C9298060997148A851B84
:20CCC000910F009E1D838C1218868917940A059B178986189B050A949E000F91128C831D64
:20CCE000148A851B980609979D030C92118F801E920C039D1E808F111B858A149709069844
:20CD0000118F801E9D030C9298060997148A851B970906981B858A141E808F11920C039D23
:20CD2000940A059B188689171D838C12910F009E128C831D9E000F919B050A941789861803
:20CD4000920C039D1E808F111B858A1497090698148A851B980609979D030C92118F801EE3
:20CD6000178986189B050A949E000F91128C831D910F009E1D838C1218868917940A059BC3
:20CD80006EF0FF61E27C73EDE77976E86BF5FA64E87679E764FAF56B61FFF06EED737CE2A3
:20CDA000EB757AE467F9F66862FCF36DEE707FE16DF3FC62E17F70EEE47A75EB68F6F96783
:20CDC000ED737CE261FFF06E64FAF56BE87679E76BF5FA64E77976E8E27C73ED6EF0FF6163
:20CDE00068F6F967E47A75EBE17F70EE6DF3FC62EE707FE162FCF36D67F9F668EB757AE443
:20CE0000178986189B050A949E000F91128C831D910F009E1D838C1218868917940A059B22
:20CE2000920C039D1E808F111B858A1497090698148A851B980609979D030C92118F801E02
:20CE4000940A059B188689171D838C12910F009E128C831D9E000F919B050A9417898618E2
:20CE6000118F801E9D030C9298060997148A851B970906981B858A141E808F11920C039DC2
:20CE800068F6F967E47A75EBE17F70EE6DF3FC62EE707FE162FCF36D67F9F668EB757AE4A2
:20CEA000ED737CE261FFF06E64FAF56BE87679E76BF5FA64E77976E8E27C73ED6EF0FF6182
:20CEC000EB757AE467F9F66862FCF36DEE707FE16DF3FC62E17F70EEE47A75EB68F6F96762
:20CEE0006EF0FF61E27C73EDE77976E86BF5FA64E87679E764FAF56B61FFF06EED737CE242
:20CF00006BF5FA64E77976E8E27C73ED6EF0FF61ED737CE261FFF06E64FAF56BE87679E721
:20CF2000EE707FE162FCF36D67F9F668EB757AE468F6F967E47A75EBE17F70EE6DF3FC6201
:20CF4000E87679E764FAF56B61FFF06EED737CE26EF0FF61E27C73EDE77976E86BF5FA64E1
:20CF60006DF3FC62E17F70EEE47A75EB68F6F967EB757AE467F9F66862FCF36DEE707FE1C1
:20CF8000148A851B980609979D030C92118F801E920C039D1E808F111B858A1497090698A1
:20CFA000910F009E1D838C1218868917940A059B178986189B050A949E000F91128C831D81
:20CFC000970906981B858A141E808F11920C039D118F801E9D030C9298060997148A851B61
:20CFE000128C831D9E000F919B050A9417898618940A059B188689171D838C12910F009E41
:20D00000118F801E9D030C9298060997148A851B970906981B858A141E808F11920C039D20
:20D02000940A059B188689171D838C12910F009E128C831D9E000F919B050A941789861800
:20D04000920C039D1E808F111B858A1497090698148A851B980609979D030C92118F801EE0
:20D06000178986189B050A949E000F91128C831D910F009E1D838C1218868917940A059BC0
:20D080006EF0FF61E27C73EDE77976E86BF5FA64E87679E764FAF56B61FFF06EED737CE2A0
:20D0A000EB757AE467F9F66862FCF36DEE707FE16DF3FC62E17F70EEE47A75EB68F6F96780
:20D0C000ED737CE261FFF06E64FAF56BE87679E76BF5FA64E77976E8E27C73ED6EF0FF6160
:20D0E00068F6F967E47A75EBE17F70EE6DF3FC62EE707FE162FCF36D67F9F668EB757AE440
:20D100006DF3FC62E17F70EEE47A75EB68F6F967EB757AE467F9F66862FCF36DEE707FE11F
:20D12000E87679E764FAF56B61FFF06EED737CE26EF0FF61E27C73EDE77976E86BF5FA64FF
:20D14000EE707FE162FCF36D67F9F668EB757AE468F6F967E47A75EBE17F70EE6DF3FC62DF
:20D160006BF5FA64E77976E8E27C73ED6EF0FF61ED737CE261FFF06E64FAF56BE87679E7BF
:20D18000128C831D9E000F919B050A9417898618940A059B188689171D838C12910F009E9F
:20D1A000970906981B858A141E808F11920C039D118F801E9D030C9298060997148A851B7F
:20D1C000910F009E1D838C1218868917940A059B178986189B050A949E000F91128C831D5F
:20D1E000148A851B980609979D030C92118F801E920C039D1E808F111B858A14970906983F
:20D200006BF5FA64E77976E8E27C73ED6EF0FF61ED737CE261FFF06E64FAF56BE87679E71E
:20D22000EE707FE162FCF36D67F9F668EB757AE468F6F967E47A75EBE17F70EE6DF3FC62FE
:20D24000E87679E764FAF56B61FFF06EED737CE26EF0FF61E27C73EDE77976E86BF5FA64DE
:20D260006DF3FC62E17F70EEE47A75EB68F6F967EB757AE467F9F66862FCF36DEE707FE1BE
:20D28000148A851B980609979D030C92118F801E920C039D1E808F111B858A14970906989E
:20D2A000910F009E1D838C1218868917940A059B178986189B050A949E000F91128C831D7E
:20D2C000970906981B858A141E808F11920C039D118F801E9D030C9298060997148A851B5E
:20D2E000128C831D9E000F919B050A9417898618940A059B188689171D838C12910F009E3E
:20D30000178986189B050A949E000F91128C831D910F009E1D838C1218868917940A059B1D
:20D32000920C039D1E808F111B858A1497090698148A851B980609979D030C92118F801EFD
:20D34000940A059B188689171D838C12910F009E128C831D9E000F919B050A9417898618DD
:20D36000118F801E9D030C9298060997148A851B970906981B858A141E808F11920C039DBD
:20D3800068F6F967E47A75EBE17F70EE6DF3FC62EE707FE162FCF36D67F9F668EB757AE49D
:20D3A000ED737CE261FFF06E64FAF56BE87679E76BF5FA64E77976E8E27C73ED6EF0FF617D
:20D3C000EB757AE467F9F66862FCF36DEE707FE16DF3FC62E17F70EEE47A75EB68F6F9675D
:20D3E0006EF0FF61E27C73EDE77976E86BF5FA64E87679E764FAF56B61FFF06EED737CE23D
:20D4000068F6F967E47A75EBE17F70EE6DF3FC62EE707FE162FCF36D67F9F668EB757AE41C
:20D42000ED737CE261FFF06E64FAF56BE87679E76BF5FA64E77976E8E27C73ED6EF0FF61FC
:20D44000EB757AE467F9F66862FCF36DEE707FE16DF3FC62E17F70EEE47A75EB68F6F967DC
:20D460006EF0FF61E27C73EDE77976E86BF5FA64E87679E764FAF56B61FFF06EED737CE2BC
:20D48000178986189B050A949E000F91128C831D910F009E1D838C1218868917940A059B9C
:20D4A000920C039D1E808F111B858A1497090698148A851B980609979D030C92118F801E7C
:20D4C000940A059B188689171D838C12910F009E128C831D9E000F919B050A94178986185C
:20D4E000118F801E9D030C9298060997148A851B970906981B858A141E808F11920C039D3C
:20D50000148A851B980609979D030C92118F801E920C039D1E808F111B858A14970906981B
:20D52000910F009E1D838C1218868917940A059B178986189B050A949E000F91128C831DFB
:20D54000970906981B858A141E808F11920C039D118F801E9D030C9298060997148A851BDB
:20D56000128C831D9E000F919B050A9417898618940A059B188689171D838C12910F009EBB
:20D580006BF5FA64E77976E8E27C73ED6EF0FF61ED737CE261FFF06E64FAF56BE87679E79B
:20D5A000EE707FE162FCF36D67F9F668EB757AE468F6F967E47A75EBE17F70EE6DF3FC627B
:20D5C000E87679E764FAF56B61FFF06EED737CE26EF0FF61E27C73EDE77976E86BF5FA645B
:20D5E0006DF3FC62E17F70EEE47A75EB68F6F967EB757AE467F9F66862FCF36DEE707FE13B
:20D60000128C831D9E000F919B050A9417898618940A059B188689171D838C12910F009E1A
:20D62000970906981B858A141E808F11920C039D118F801E9D030C9298060997148A851BFA
:20D64000910F009E1D838C1218868917940A059B178986189B050A949E000F91128C831DDA
:20D66000148A851B980609979D030C92118F801E920C039D1E808F111B858A1497090698BA
:20D680006DF3FC62E17F70EEE47A75EB68F6F967EB757AE467F9F66862FCF36DEE707FE19A
:20D6A000E87679E764FAF56B61FFF06EED737CE26EF0FF61E27C73EDE77976E86BF5FA647A
:20D6C000EE707FE162FCF36D67F9F668EB757AE468F6F967E47A75EBE17F70EE6DF3FC625A
:20D6E0006BF5FA64E77976E8E27C73ED6EF0FF61ED737CE261FFF06E64FAF56BE87679E73A
:20D700006EF0FF61E27C73EDE77976E86BF5FA64E87679E764FAF56B61FFF06EED737CE219
:20D72000EB757AE467F9F66862FCF36DEE707FE16DF3FC62E17F70EEE47A75EB68F6F967F9
:20D74000ED737CE261FFF06E64FAF56BE87679E76BF5FA64E77976E8E27C73ED6EF0FF61D9
:20D7600068F6F967E47A75EBE17F70EE6DF3FC62EE707FE162FCF36D67F9F668EB757AE4B9
:20D78000118F801E9D030C9298060997148A851B970906981B858A141E808F11920C039D99
:20D7A000940A059B188689171D838C12910F009E128C831D9E000F919B050A941789861879
:20D7C000920C039D1E808F111B858A1497090698148A851B980609979D030C92118F801E59
:20D7E000178986189B050A949E000F91128C831D910F009E1D838C1218868917940A059B39
:20D8000067F9F668EB757AE4EE707FE162FCF36DE17F70EE6DF3FC6268F6F967E47A75EB18
:20D82000E27C73ED6EF0FF616BF5FA64E77976E864FAF56BE87679E7ED737CE261FFF06EF8
:20D84000E47A75EB68F6F9676DF3FC62E17F70EE62FCF36DEE707FE1EB757AE467F9F668D8
:20D8600061FFF06EED737CE2E87679E764FAF56BE77976E86BF5FA646EF0FF61E27C73EDB8
:20D8800018868917940A059B910F009E1D838C129E000F91128C831D178986189B050A9498
:20D8A0009D030C92118F801E148A851B980609971B858A1497090698920C039D1E808F1178
:20D8C0009B050A9417898618128C831D9E000F911D838C12910F009E940A059B1886891758
:20D8E0001E808F11920C039D970906981B858A1498060997148A851B118F801E9D030C9238
:20D900001B858A1497090698920C039D1E808F119D030C92118F801E148A851B9806099717
:20D920009E000F91128C831D178986189B050A9418868917940A059B910F009E1D838C12F7
:20D9400098060997148A851B118F801E9D030C921E808F11920C039D970906981B858A14D7
:20D960001D838C12910F009E940A059B188689179B050A9417898618128C831D9E000F91B7
:20D9800064FAF56BE87679E7ED737CE261FFF06EE27C73ED6EF0FF616BF5FA64E77976E897
:20D9A000E17F70EE6DF3FC6268F6F967E47A75EB67F9F668EB757AE4EE707FE162FCF36D77
:20D9C000E77976E86BF5FA646EF0FF61E27C73ED61FFF06EED737CE2E87679E764FAF56B57
:20D9E00062FCF36DEE707FE1EB757AE467F9F668E47A75EB68F6F9676DF3FC62E17F70EE37
:20DA00001D838C12910F009E940A059B188689179B050A9417898618128C831D9E000F9116
:20DA200098060997148A851B118F801E9D030C921E808F11920C039D970906981B858A14F6
:20DA40009E000F91128C831D178986189B050A9418868917940A059B910F009E1D838C12D6
:20DA60001B858A1497090698920C039D1E808F119D030C92118F801E148A851B98060997B6
:20DA800062FCF36DEE707FE1EB757AE467F9F668E47A75EB68F6F9676DF3FC62E17F70EE96
:20DAA000E77976E86BF5FA646EF0FF61E27C73ED61FFF06EED737CE2E87679E764FAF56B76
:20DAC000E17F70EE6DF3FC6268F6F967E47A75EB67F9F668EB757AE4EE707FE162FCF36D56
:20DAE00064FAF56BE87679E7ED737CE261FFF06EE27C73ED6EF0FF616BF5FA64E77976E836
:20DB000061FFF06EED737CE2E87679E764FAF56BE77976E86BF5FA646EF0FF61E27C73ED15
:20DB2000E47A75EB68F6F9676DF3FC62E17F70EE62FCF36DEE707FE1EB757AE467F9F668F5
:20DB4000E27C73ED6EF0FF616BF5FA64E77976E864FAF56BE87679E7ED737CE261FFF06ED5
:20DB600067F9F668EB757AE4EE707FE162FCF36DE17F70EE6DF3FC6268F6F967E47A75EBB5
:20DB80001E808F11920C039D970906981B858A1498060997148A851B118F801E9D030C9295
:20DBA0009B050A9417898618128C831D9E000F911D838C12910F009E940A059B1886891775
:20DBC0009D030C92118F801E148A851B980609971B858A1497090698920C039D1E808F1155
:20DBE00018868917940A059B910F009E1D838C129E000F91128C831D178986189B050A9435
:20DC00001E808F11920C039D970906981B858A1498060997148A851B118F801E9D030C9214
:20DC20009B050A9417898618128C831D9E000F911D838C12910F009E940A059B18868917F4
:20DC40009D030C92118F801E148A851B980609971B858A1497090698920C039D1E808F11D4
:20DC600018868917940A059B910F009E1D838C129E000F91128C831D178986189B050A94B4
:20DC800061FFF06EED737CE2E87679E764FAF56BE77976E86BF5FA646EF0FF61E27C73ED94
:20DCA000E47A75EB68F6F9676DF3FC62E17F70EE62FCF36DEE707FE1EB757AE467F9F66874
:20DCC000E27C73ED6EF0FF616BF5FA64E77976E864FAF56BE87679E7ED737CE261FFF06E54
:20DCE00067F9F668EB757AE4EE707FE162FCF36DE17F70EE6DF3FC6268F6F967E47A75EB34
:20DD000062FCF36DEE707FE1EB757AE467F9F668E47A75EB68F6F9676DF3FC62E17F70EE13
:20DD2000E77976E86BF5FA646EF0FF61E27C73ED61FFF06EED737CE2E87679E764FAF56BF3
:20DD4000E17F70EE6DF3FC6268F6F967E47A75EB67F9F668EB757AE4EE707FE162FCF36DD3
:20DD600064FAF56BE87679E7ED737CE261FFF06EE27C73ED6EF0FF616BF5FA64E77976E8B3
:20DD80001D838C12910F009E940A059B188689179B050A9417898618128C831D9E000F9193
:20DDA00098060997148A851B118F801E9D030C921E808F11920C039D970906981B858A1473
:20DDC0009E000F91128C831D178986189B050A9418868917940A059B910F009E1D838C1253
:20DDE0001B858A1497090698920C039D1E808F119D030C92118F801E148A851B9806099733
:20DE000064FAF56BE87679E7ED737CE261FFF06EE27C73ED6EF0FF616BF5FA64E77976E812
:20DE2000E17F70EE6DF3FC6268F6F967E47A75EB67F9F668EB757AE4EE707FE162FCF36DF2
:20DE4000E77976E86BF5FA646EF0FF61E27C73ED61FFF06EED737CE2E87679E764FAF56BD2
:20DE600062FCF36DEE707FE1EB757AE467F9F668E47A75EB68F6F9676DF3FC62E17F70EEB2
:20DE80001B858A1497090698920C039D1E808F119D030C92118F801E148A851B9806099792
:20DEA0009E000F91128C831D178986189B050A9418868917940A059B910F009E1D838C1272
:20DEC00098060997148A851B118F801E9D030C921E808F11920C039D970906981B858A1452
:20DEE0001D838C12910F009E940A059B188689179B050A9417898618128C831D9E000F9132
:20DF000018868917940A059B910F009E1D838C129E000F91128C831D178986189B050A9411
:20DF20009D030C92118F801E148A851B980609971B858A1497090698920C039D1E808F11F1
:20DF40009B050A9417898618128C831D9E000F911D838C12910F009E940A059B18868917D1
:20DF60001E808F11920C039D970906981B858A1498060997148A851B118F801E9D030C92B1
:20DF800067F9F668EB757AE4EE707FE162FCF36DE17F70EE6DF3FC6268F6F967E47A75EB91
:20DFA000E27C73ED6EF0FF616BF5FA64E77976E864FAF56BE87679E7ED737CE261FFF06E71
:20DFC000E47A75EB68F6F9676DF3FC62E17F70EE62FCF36DEE707FE1EB757AE467F9F66851
:20DFE00061FFF06EED737CE2E87679E764FAF56BE77976E86BF5FA646EF0FF61E27C73ED31
:20E000000C929D03801E118F851B148A099798068A141B8506989709039D920C8F111E8010
:20E0200089171886059B940A009E910F8C121D830F919E00831D128C861817890A949B05F0
:20E040008F111E80039D920C069897098A141B8509979806851B148A801E118F0C929D03D0
:20E060000A949B0586181789831D128C0F919E008C121D83009E910F059B940A89171886B0
:20E0800073EDE27CFF616EF0FA646BF576E8E779F56B64FA79E7E8767CE2ED73F06E61FF90
:20E0A000F66867F97AE4EB757FE1EE70F36D62FC70EEE17FFC626DF3F96768F675EBE47A70
:20E0C000F06E61FF7CE2ED7379E7E876F56B64FA76E8E779FA646BF5FF616EF073EDE27C50
:20E0E00075EBE47AF96768F6FC626DF370EEE17FF36D62FC7FE1EE707AE4EB75F66867F930
:20E1000070EEE17FFC626DF3F96768F675EBE47AF66867F97AE4EB757FE1EE70F36D62FC0F
:20E12000F56B64FA79E7E8767CE2ED73F06E61FF73EDE27CFF616EF0FA646BF576E8E779EF
:20E14000F36D62FC7FE1EE707AE4EB75F66867F975EBE47AF96768F6FC626DF370EEE17FCF
:20E1600076E8E779FA646BF5FF616EF073EDE27CF06E61FF7CE2ED7379E7E876F56B64FAAF
:20E180000F919E00831D128C861817890A949B0589171886059B940A009E910F8C121D838F
:20E1A0008A141B8506989709039D920C8F111E800C929D03801E118F851B148A099798066F
:20E1C0008C121D83009E910F059B940A891718860A949B0586181789831D128C0F919E004F
:20E1E00009979806851B148A801E118F0C929D038F111E80039D920C069897098A141B852F
:20E2000076E8E779FA646BF5FF616EF073EDE27CF06E61FF7CE2ED7379E7E876F56B64FA0E
:20E22000F36D62FC7FE1EE707AE4EB75F66867F975EBE47AF96768F6FC626DF370EEE17FEE
:20E24000F56B64FA79E7E8767CE2ED73F06E61FF73EDE27CFF616EF0FA646BF576E8E779CE
:20E2600070EEE17FFC626DF3F96768F675EBE47AF66867F97AE4EB757FE1EE70F36D62FCAE
:20E2800009979806851B148A801E118F0C929D038F111E80039D920C069897098A141B858E
:20E2A0008C121D83009E910F059B940A891718860A949B0586181789831D128C0F919E006E
:20E2C0008A141B8506989709039D920C8F111E800C929D03801E118F851B148A099798064E
:20E2E0000F919E00831D128C861817890A949B0589171886059B940A009E910F8C121D832E
:20E300000A949B0586181789831D128C0F919E008C121D83009E910F059B940A891718860D
:20E320008F111E80039D920C069897098A141B8509979806851B148A801E118F0C929D03ED
:20E3400089171886059B940A009E910F8C121D830F919E00831D128C861817890A949B05CD
:20E360000C929D03801E118F851B148A099798068A141B8506989709039D920C8F111E80AD
:20E3800075EBE47AF96768F6FC626DF370EEE17FF36D62FC7FE1EE707AE4EB75F66867F98D
:20E3A000F06E61FF7CE2ED7379E7E876F56B64FA76E8E779FA646BF5FF616EF073EDE27C6D
:20E3C000F66867F97AE4EB757FE1EE70F36D62FC70EEE17FFC626DF3F96768F675EBE47A4D
:20E3E00073EDE27CFF616EF0FA646BF576E8E779F56B64FA79E7E8767CE2ED73F06E61FF2D
:20E4000075EBE47AF96768F6FC626DF370EEE17FF36D62FC7FE1EE707AE4EB75F66867F90C
:20E42000F06E61FF7CE2ED7379E7E876F56B64FA76E8E779FA646BF5FF616EF073EDE27CEC
:20E44000F66867F97AE4EB757FE1EE70F36D62FC70EEE17FFC626DF3F96768F675EBE47ACC
:20E4600073EDE27CFF616EF0FA646BF576E8E779F56B64FA79E7E8767CE2ED73F06E61FFAC
:20E480000A949B0586181789831D128C0F919E008C121D83009E910F059B940A891718868C
:20E4A0008F111E80039D920C069897098A141B8509979806851B148A801E118F0C929D036C
:20E4C00089171886059B940A009E910F8C121D830F919E00831D128C861817890A949B054C
:20E4E0000C929D03801E118F851B148A099798068A141B8506989709039D920C8F111E802C
:20E5000009979806851B148A801E118F0C929D038F111E80039D920C069897098A141B850B
:20E520008C121D83009E910F059B940A891718860A949B0586181789831D128C0F919E00EB
:20E540008A141B8506989709039D920C8F111E800C929D03801E118F851B148A09979806CB
:20E560000F919E00831D128C861817890A949B0589171886059B940A009E910F8C121D83AB
:20E5800076E8E779FA646BF5FF616EF073EDE27CF06E61FF7CE2ED7379E7E876F56B64FA8B
:20E5A000F36D62FC7FE1EE707AE4EB75F66867F975EBE47AF96768F6FC626DF370EEE17F6B
:20E5C000F56B64FA79E7E8767CE2ED73F06E61FF73EDE27CFF616EF0FA646BF576E8E7794B
:20E5E00070EEE17FFC626DF3F96768F675EBE47AF66867F97AE4EB757FE1EE70F36D62FC2B
:20E600000F919E00831D128C861817890A949B0589171886059B940A009E910F8C121D830A
:20E620008A141B8506989709039D920C8F111E800C929D03801E118F851B148A09979806EA
:20E640008C121D83009E910F059B940A891718860A949B0586181789831D128C0F919E00CA
:20E6600009979806851B148A801E118F0C929D038F111E80039D920C069897098A141B85AA
:20E6800070EEE17FFC626DF3F96768F675EBE47AF66867F97AE4EB757FE1EE70F36D62FC8A
:20E6A000F56B64FA79E7E8767CE2ED73F06E61FF73EDE27CFF616EF0FA646BF576E8E7796A
:20E6C000F36D62FC7FE1EE707AE4EB75F66867F975EBE47AF96768F6FC626DF370EEE17F4A
:20E6E00076E8E779FA646BF5FF616EF073EDE27CF06E61FF7CE2ED7379E7E876F56B64FA2A
:20E7000073EDE27CFF616EF0FA646BF576E8E779F56B64FA79E7E8767CE2ED73F06E61FF09
:20E72000F66867F97AE4EB757FE1EE70F36D62FC70EEE17FFC626DF3F96768F675EBE47AE9
:20E74000F06E61FF7CE2ED7379E7E876F56B64FA76E8E779FA646BF5FF616EF073EDE27CC9
:20E7600075EBE47AF96768F6FC626DF370EEE17FF36D62FC7FE1EE707AE4EB75F66867F9A9
:20E780000C929D03801E118F851B148A099798068A141B8506989709039D920C8F111E8089
:20E7A00089171886059B940A009E910F8C121D830F919E00831D128C861817890A949B0569
:20E7C0008F111E80039D920C069897098A141B8509979806851B148A801E118F0C929D0349
:20E7E0000A949B0586181789831D128C0F919E008C121D83009E910F059B940A8917188629
:20E800007AE4EB75F66867F9F36D62FC7FE1EE70FC626DF370EEE17F75EBE47AF96768F608
:20E82000FF616EF073EDE27C76E8E779FA646BF579E7E876F56B64FAF06E61FF7CE2ED73E8
:20E84000F96768F675EBE47A70EEE17FFC626DF37FE1EE70F36D62FCF66867F97AE4EB75C8
:20E860007CE2ED73F06E61FFF56B64FA79E7E876FA646BF576E8E77973EDE27CFF616EF0A8
:20E88000059B940A891718868C121D83009E910F831D128C0F919E000A949B058618178988
:20E8A000801E118F0C929D0309979806851B148A069897098A141B858F111E80039D920C68
:20E8C000861817890A949B050F919E00831D128C009E910F8C121D8389171886059B940A48
:20E8E000039D920C8F111E808A141B8506989709851B148A099798060C929D03801E118F28
:20E90000069897098A141B858F111E80039D920C801E118F0C929D0309979806851B148A07
:20E92000831D128C0F919E000A949B0586181789059B940A891718868C121D83009E910FE7
:20E94000851B148A099798060C929D03801E118F039D920C8F111E808A141B8506989709C7
:20E96000009E910F8C121D8389171886059B940A861817890A949B050F919E00831D128CA7
:20E9800079E7E876F56B64FAF06E61FF7CE2ED73FF616EF073EDE27C76E8E779FA646BF587
:20E9A000FC626DF370EEE17F75EBE47AF96768F67AE4EB75F66867F9F36D62FC7FE1EE7067
:20E9C000FA646BF576E8E77973EDE27CFF616EF07CE2ED73F06E61FFF56B64FA79E7E87647
:20E9E0007FE1EE70F36D62FCF66867F97AE4EB75F96768F675EBE47A70EEE17FFC626DF327
:20EA0000009E910F8C121D8389171886059B940A861817890A949B050F919E00831D128C06
:20EA2000851B148A099798060C929D03801E118F039D920C8F111E808A141B8506989709E6
:20EA4000831D128C0F919E000A949B0586181789059B940A891718868C121D83009E910FC6
:20EA6000069897098A141B858F111E80039D920C801E118F0C929D0309979806851B148AA6
:20EA80007FE1EE70F36D62FCF66867F97AE4EB75F96768F675EBE47A70EEE17FFC626DF386
:20EAA000FA646BF576E8E77973EDE27CFF616EF07CE2ED73F06E61FFF56B64FA79E7E87666
:20EAC000FC626DF370EEE17F75EBE47AF96768F67AE4EB75F66867F9F36D62FC7FE1EE7046
:20EAE00079E7E876F56B64FAF06E61FF7CE2ED73FF616EF073EDE27C76E8E779FA646BF526
:20EB00007CE2ED73F06E61FFF56B64FA79E7E876FA646BF576E8E77973EDE27CFF616EF005
:20EB2000F96768F675EBE47A70EEE17FFC626DF37FE1EE70F36D62FCF66867F97AE4EB75E5
:20EB4000FF616EF073EDE27C76E8E779FA646BF579E7E876F56B64FAF06E61FF7CE2ED73C5
:20EB60007AE4EB75F66867F9F36D62FC7FE1EE70FC626DF370EEE17F75EBE47AF96768F6A5
:20EB8000039D920C8F111E808A141B8506989709851B148A099798060C929D03801E118F85
:20EBA000861817890A949B050F919E00831D128C009E910F8C121D8389171886059B940A65
:20EBC000801E118F0C929D0309979806851B148A069897098A141B858F111E80039D920C45
:20EBE000059B940A891718868C121D83009E910F831D128C0F919E000A949B058618178925
:20EC0000039D920C8F111E808A141B8506989709851B148A099798060C929D03801E118F04
:20EC2000861817890A949B050F919E00831D128C009E910F8C121D8389171886059B940AE4
:20EC4000801E118F0C929D0309979806851B148A069897098A141B858F111E80039D920CC4
:20EC6000059B940A891718868C121D83009E910F831D128C0F919E000A949B0586181789A4
:20EC80007CE2ED73F06E61FFF56B64FA79E7E876FA646BF576E8E77973EDE27CFF616EF084
:20ECA000F96768F675EBE47A70EEE17FFC626DF37FE1EE70F36D62FCF66867F97AE4EB7564
:20ECC000FF616EF073EDE27C76E8E779FA646BF579E7E876F56B64FAF06E61FF7CE2ED7344
:20ECE0007AE4EB75F66867F9F36D62FC7FE1EE70FC626DF370EEE17F75EBE47AF96768F624
:20ED00007FE1EE70F36D62FCF66867F97AE4EB75F96768F675EBE47A70EEE17FFC626DF303
:20ED2000FA646BF576E8E77973EDE27CFF616EF07CE2ED73F06E61FFF56B64FA79E7E876E3
:20ED4000FC626DF370EEE17F75EBE47AF96768F67AE4EB75F66867F9F36D62FC7FE1EE70C3
:20ED600079E7E876F56B64FAF06E61FF7CE2ED73FF616EF073EDE27C76E8E779FA646BF5A3
:20ED8000009E910F8C121D8389171886059B940A861817890A949B050F919E00831D128C83
:20EDA000851B148A099798060C929D03801E118F039D920C8F111E808A141B850698970963
:20EDC000831D128C0F919E000A949B0586181789059B940A891718868C121D83009E910F43
:20EDE000069897098A141B858F111E80039D920C801E118F0C929D0309979806851B148A23
:20EE000079E7E876F56B64FAF06E61FF7CE2ED73FF616EF073EDE27C76E8E779FA646BF502
:20EE2000FC626DF370EEE17F75EBE47AF96768F67AE4EB75F66867F9F36D62FC7FE1EE70E2
:20EE4000FA646BF576E8E77973EDE27CFF616EF07CE2ED73F06E61FFF56B64FA79E7E876C2
:20EE60007FE1EE70F36D62FCF66867F97AE4EB75F96768F675EBE47A70EEE17FFC626DF3A2
:20EE8000069897098A141B858F111E80039D920C801E118F0C929D0309979806851B148A82
:20EEA000831D128C0F919E000A949B0586181789059B940A891718868C121D83009E910F62
:20EEC000851B148A099798060C929D03801E118F039D920C8F111E808A141B850698970942
:20EEE000009E910F8C121D8389171886059B940A861817890A949B050F919E00831D128C22
:20EF0000059B940A891718868C121D83009E910F831D128C0F919E000A949B058618178901
:20EF2000801E118F0C929D0309979806851B148A069897098A141B858F111E80039D920CE1
:20EF4000861817890A949B050F919E00831D128C009E910F8C121D8389171886059B940AC1
:20EF6000039D920C8F111E808A141B8506989709851B148A099798060C929D03801E118FA1
:20EF80007AE4EB75F66867F9F36D62FC7FE1EE70FC626DF370EEE17F75EBE47AF96768F681
:20EFA000FF616EF073EDE27C76E8E779FA646BF579E7E876F56B64FAF06E61FF7CE2ED7361
:20EFC000F96768F675EBE47A70EEE17FFC626DF37FE1EE70F36D62FCF66867F97AE4EB7541
:20EFE0007CE2ED73F06E61FFF56B64FA79E7E876FA646BF576E8E77973EDE27CFF616EF021
:20F000007FE1EE70F36D62FCF66867F97AE4EB75F96768F675EBE47A70EEE17FFC626DF300
:20F02000FA646BF576E8E77973EDE27CFF616EF07CE2ED73F06E61FFF56B64FA79E7E876E0
:20F04000FC626DF370EEE17F75EBE47AF96768F67AE4EB75F66867F9F36D62FC7FE1EE70C0
:20F0600079E7E876F56B64FAF06E61FF7CE2ED73FF616EF073EDE27C76E8E779FA646BF5A0
:20F08000009E910F8C121D8389171886059B940A861817890A949B050F919E00831D128C80
:20F0A000851B148A099798060C929D03801E118F039D920C8F111E808A141B850698970960
:20F0C000831D128C0F919E000A949B0586181789059B940A891718868C121D83009E910F40
:20F0E000069897098A141B858F111E80039D920C801E118F0C929D0309979806851B148A20
:20F10000039D920C8F111E808A141B8506989709851B148A099798060C929D03801E118FFF
:20F12000861817890A949B050F919E00831D128C009E910F8C121D8389171886059B940ADF
:20F14000801E118F0C929D0309979806851B148A069897098A141B858F111E80039D920CBF
:20F16000059B940A891718868C121D83009E910F831D128C0F919E000A949B05861817899F
:20F180007CE2ED73F06E61FFF56B64FA79E7E876FA646BF576E8E77973EDE27CFF616EF07F
:20F1A000F96768F675EBE47A70EEE17FFC626DF37FE1EE70F36D62FCF66867F97AE4EB755F
:20F1C000FF616EF073EDE27C76E8E779FA646BF579E7E876F56B64FAF06E61FF7CE2ED733F
:20F1E0007AE4EB75F66867F9F36D62FC7FE1EE70FC626DF370EEE17F75EBE47AF96768F61F
:20F20000059B940A891718868C121D83009E910F831D128C0F919E000A949B0586181789FE
:20F22000801E118F0C929D0309979806851B148A069897098A141B858F111E80039D920CDE
:20F24000861817890A949B050F919E00831D128C009E910F8C121D8389171886059B940ABE
:20F26000039D920C8F111E808A141B8506989709851B148A099798060C929D03801E118F9E
:20F280007AE4EB75F66867F9F36D62FC7FE1EE70FC626DF370EEE17F75EBE47AF96768F67E
:20F2A000FF616EF073EDE27C76E8E779FA646BF579E7E876F56B64FAF06E61FF7CE2ED735E
:20F2C000F96768F675EBE47A70EEE17FFC626DF37FE1EE70F36D62FCF66867F97AE4EB753E
:20F2E0007CE2ED73F06E61FFF56B64FA79E7E876FA646BF576E8E77973EDE27CFF616EF01E
:20F3000079E7E876F56B64FAF06E61FF7CE2ED73FF616EF073EDE27C76E8E779FA646BF5FD
:20F32000FC626DF370EEE17F75EBE47AF96768F67AE4EB75F66867F9F36D62FC7FE1EE70DD
:20F34000FA646BF576E8E77973EDE27CFF616EF07CE2ED73F06E61FFF56B64FA79E7E876BD
:20F360007FE1EE70F36D62FCF66867F97AE4EB75F96768F675EBE47A70EEE17FFC626DF39D
:20F38000069897098A141B858F111E80039D920C801E118F0C929D0309979806851B148A7D
:20F3A000831D128C0F919E000A949B0586181789059B940A891718868C121D83009E910F5D
:20F3C000851B148A099798060C929D03801E118F039D920C8F111E808A141B85069897093D
:20F3E000009E910F8C121D8389171886059B940A861817890A949B050F919E00831D128C1D
:20F40000069897098A141B858F111E80039D920C801E118F0C929D0309979806851B148AFC
:20F42000831D128C0F919E000A949B0586181789059B940A891718868C121D83009E910FDC
:20F44000851B148A099798060C929D03801E118F039D920C8F111E808A141B8506989709BC
:20F46000009E910F8C121D8389171886059B940A861817890A949B050F919E00831D128C9C
:20F4800079E7E876F56B64FAF06E61FF7CE2ED73FF616EF073EDE27C76E8E779FA646BF57C
:20F4A000FC626DF370EEE17F75EBE47AF96768F67AE4EB75F66867F9F36D62FC7FE1EE705C
:20F4C000FA646BF576E8E77973EDE27CFF616EF07CE2ED73F06E61FFF56B64FA79E7E8763C
:20F4E0007FE1EE70F36D62FCF66867F97AE4EB75F96768F675EBE47A70EEE17FFC626DF31C
:20F500007AE4EB75F66867F9F36D62FC7FE1EE70FC626DF370EEE17F75EBE47AF96768F6FB
:20F52000FF616EF073EDE27C76E8E779FA646BF579E7E876F56B64FAF06E61FF7CE2ED73DB
:20F54000F96768F675EBE47A70EEE17FFC626DF37FE1EE70F36D62FCF66867F97AE4EB75BB
:20F560007CE2ED73F06E61FFF56B64FA79E7E876FA646BF576E8E77973EDE27CFF616EF09B
:20F58000059B940A891718868C121D83009E910F831D128C0F919E000A949B05861817897B
:20F5A000801E118F0C929D0309979806851B148A069897098A141B858F111E80039D920C5B
:20F5C000861817890A949B050F919E00831D128C009E910F8C121D8389171886059B940A3B
:20F5E000039D920C8F111E808A141B8506989709851B148A099798060C929D03801E118F1B
:20F600007CE2ED73F06E61FFF56B64FA79E7E876FA646BF576E8E77973EDE27CFF616EF0FA
:20F62000F96768F675EBE47A70EEE17FFC626DF37FE1EE70F36D62FCF66867F97AE4EB75DA
:20F64000FF616EF073EDE27C76E8E779FA646BF579E7E876F56B64FAF06E61FF7CE2ED73BA
:20F660007AE4EB75F66867F9F36D62FC7FE1EE70FC626DF370EEE17F75EBE47AF96768F69A
:20F68000039D920C8F111E808A141B8506989709851B148A099798060C929D03801E118F7A
:20F6A000861817890A949B050F919E00831D128C009E910F8C121D8389171886059B940A5A
:20F6C000801E118F0C929D0309979806851B148A069897098A141B858F111E80039D920C3A
:20F6E000059B940A891718868C121D83009E910F831D128C0F919E000A949B05861817891A
:20F70000009E910F8C121D8389171886059B940A861817890A949B050F919E00831D128CF9
:20F72000851B148A099798060C929D03801E118F039D920C8F111E808A141B8506989709D9
:20F74000831D128C0F919E000A949B0586181789059B940A891718868C121D83009E910FB9
:20F76000069897098A141B858F111E80039D920C801E118F0C929D0309979806851B148A99
:20F780007FE1EE70F36D62FCF66867F97AE4EB75F96768F675EBE47A70EEE17FFC626DF379
:20F7A000FA646BF576E8E77973EDE27CFF616EF07CE2ED73F06E61FFF56B64FA79E7E87659
:20F7C000FC626DF370EEE17F75EBE47AF96768F67AE4EB75F66867F9F36D62FC7FE1EE7039
:20F7E00079E7E876F56B64FAF06E61FF7CE2ED73FF616EF073EDE27C76E8E779FA646BF519
:20F8000009979806851B148A801E118F0C929D038F111E80039D920C069897098A141B85F8
:20F820008C121D83009E910F059B940A891718860A949B0586181789831D128C0F919E00D8
:20F840008A141B8506989709039D920C8F111E800C929D03801E118F851B148A09979806B8
:20F860000F919E00831D128C861817890A949B0589171886059B940A009E910F8C121D8398
:20F8800076E8E779FA646BF5FF616EF073EDE27CF06E61FF7CE2ED7379E7E876F56B64FA78
:20F8A000F36D62FC7FE1EE707AE4EB75F66867F975EBE47AF96768F6FC626DF370EEE17F58
:20F8C000F56B64FA79E7E8767CE2ED73F06E61FF73EDE27CFF616EF0FA646BF576E8E77938
:20F8E00070EEE17FFC626DF3F96768F675EBE47AF66867F97AE4EB757FE1EE70F36D62FC18
:20F9000075EBE47AF96768F6FC626DF370EEE17FF36D62FC7FE1EE707AE4EB75F66867F9F7
:20F92000F06E61FF7CE2ED7379E7E876F56B64FA76E8E779FA646BF5FF616EF073EDE27CD7
:20F94000F66867F97AE4EB757FE1EE70F36D62FC70EEE17FFC626DF3F96768F675EBE47AB7
:20F9600073EDE27CFF616EF0FA646BF576E8E779F56B64FA79E7E8767CE2ED73F06E61FF97
:20F980000A949B0586181789831D128C0F919E008C121D83009E910F059B940A8917188677
:20F9A0008F111E80039D920C069897098A141B8509979806851B148A801E118F0C929D0357
:20F9C00089171886059B940A009E910F8C121D830F919E00831D128C861817890A949B0537
:20F9E0000C929D03801E118F851B148A099798068A141B8506989709039D920C8F111E8017
:20FA000073EDE27CFF616EF0FA646BF576E8E779F56B64FA79E7E8767CE2ED73F06E61FFF6
:20FA2000F66867F97AE4EB757FE1EE70F36D62FC70EEE17FFC626DF3F96768F675EBE47AD6
:20FA4000F06E61FF7CE2ED7379E7E876F56B64FA76E8E779FA646BF5FF616EF073EDE27CB6
:20FA600075EBE47AF96768F6FC626DF370EEE17FF36D62FC7FE1EE707AE4EB75F66867F996
:20FA80000C929D03801E118F851B148A099798068A141B8506989709039D920C8F111E8076
:20FAA00089171886059B940A009E910F8C121D830F919E00831D128C861817890A949B0556
:20FAC0008F111E80039D920C069897098A141B8509979806851B148A801E118F0C929D0336
:20FAE0000A949B0586181789831D128C0F919E008C121D83009E910F059B940A8917188616
:20FB00000F919E00831D128C861817890A949B0589171886059B940A009E910F8C121D83F5
:20FB20008A141B8506989709039D920C8F111E800C929D03801E118F851B148A09979806D5
:20FB40008C121D83009E910F059B940A891718860A949B0586181789831D128C0F919E00B5
:20FB600009979806851B148A801E118F0C929D038F111E80039D920C069897098A141B8595
:20FB800070EEE17FFC626DF3F96768F675EBE47AF66867F97AE4EB757FE1EE70F36D62FC75
:20FBA000F56B64FA79E7E8767CE2ED73F06E61FF73EDE27CFF616EF0FA646BF576E8E77955
:20FBC000F36D62FC7FE1EE707AE4EB75F66867F975EBE47AF96768F6FC626DF370EEE17F35
:20FBE00076E8E779FA646BF5FF616EF073EDE27CF06E61FF7CE2ED7379E7E876F56B64FA15
:20FC000070EEE17FFC626DF3F96768F675EBE47AF66867F97AE4EB757FE1EE70F36D62FCF4
:20FC2000F56B64FA79E7E8767CE2ED73F06E61FF73EDE27CFF616EF0FA646BF576E8E779D4
:20FC4000F36D62FC7FE1EE707AE4EB75F66867F975EBE47AF96768F6FC626DF370EEE17FB4
:20FC600076E8E779FA646BF5FF616EF073EDE27CF06E61FF7CE2ED7379E7E876F56B64FA94
:20FC80000F919E00831D128C861817890A949B0589171886059B940A009E910F8C121D8374
:20FCA0008A141B8506989709039D920C8F111E800C929D03801E118F851B148A0997980654
:20FCC0008C121D83009E910F059B940A891718860A949B0586181789831D128C0F919E0034
:20FCE00009979806851B148A801E118F0C929D038F111E80039D920C069897098A141B8514
:20FD00000C929D03801E118F851B148A099798068A141B8506989709039D920C8F111E80F3
:20FD200089171886059B940A009E910F8C121D830F919E00831D128C861817890A949B05D3
:20FD40008F111E80039D920C069897098A141B8509979806851B148A801E118F0C929D03B3
:20FD60000A949B0586181789831D128C0F919E008C121D83009E910F059B940A8917188693
:20FD800073EDE27CFF616EF0FA646BF576E8E779F56B64FA79E7E8767CE2ED73F06E61FF73
:20FDA000F66867F97AE4EB757FE1EE70F36D62FC70EEE17FFC626DF3F96768F675EBE47A53
:20FDC000F06E61FF7CE2ED7379E7E876F56B64FA76E8E779FA646BF5FF616EF073EDE27C33
:20FDE00075EBE47AF96768F6FC626DF370EEE17FF36D62FC7FE1EE707AE4EB75F66867F913
:20FE00000A949B0586181789831D128C0F919E008C121D83009E910F059B940A89171886F2
:20FE20008F111E80039D920C069897098A141B8509979806851B148A801E118F0C929D03D2
:20FE400089171886059B940A009E910F8C121D830F919E00831D128C861817890A949B05B2
:20FE60000C929D03801E118F851B148A099798068A141B8506989709039D920C8F111E8092
:20FE800075EBE47AF96768F6FC626DF370EEE17FF36D62FC7FE1EE707AE4EB75F66867F972
:20FEA000F06E61FF7CE2ED7379E7E876F56B64FA76E8E779FA646BF5FF616EF073EDE27C52
:20FEC000F66867F97AE4EB757FE1EE70F36D62FC70EEE17FFC626DF3F96768F675EBE47A32
:20FEE00073EDE27CFF616EF0FA646BF576E8E779F56B64FA79E7E8767CE2ED73F06E61FF12
:20FF000076E8E779FA646BF5FF616EF073EDE27CF06E61FF7CE2ED7379E7E876F56B64FAF1
:20FF2000F36D62FC7FE1EE707AE4EB75F66867F975EBE47AF96768F6FC626DF370EEE17FD1
:20FF4000F56B64FA79E7E8767CE2ED73F06E61FF73EDE27CFF616EF0FA646BF576E8E779B1
:20FF600070EEE17FFC626DF3F96768F675EBE47AF66867F97AE4EB757FE1EE70F36D62FC91
:20FF800009979806851B148A801E118F0C929D038F111E80039D920C069897098A141B8571
:20FFA0008C121D83009E910F059B940A891718860A949B0586181789831D128C0F919E0051
:20FFC0008A141B8506989709039D920C8F111E800C929D03801E118F851B148A0997980631
:20FFE0000F919E00831D128C861817890A949B0589171886059B940A009E910F8C121D8311
:02000004F042C8
:2000000040DED14FCC525DC3C95758C645DBD44AC65857C94AD4DB454FD1DE40C35D52CCF0
:20002000C55B54CA49D7D8464CD2DD43C05E51CF43DDD24CCF515EC0CA545BC546D8D749D0
:20004000C35D52CC4FD1DE404AD4DB45C65857C945DBD44AC95758C6CC525DC340DED14FB0
:2000600046D8D749CA545BC5CF515EC043DDD24CC05E51CF4CD2DD4349D7D846C55B54CA90
:200080003FA1AE30B32D22BCB62827B93AA4AB35B92728B635ABA43A30AEA13FBC222DB370
:2000A000BA242BB536A8A73933ADA23CBF212EB03CA2AD33B02E21BFB52B24BA39A7A83650
:2000C000BC222DB330AEA13F35ABA43AB92728B63AA4AB35B62827B9B32D22BC3FA1AE3030
:2000E00039A7A836B52B24BAB02E21BF3CA2AD33BF212EB033ADA23C36A8A739BA242BB510
:200100003CA2AD33B02E21BFB52B24BA39A7A836BA242BB536A8A73933ADA23CBF212EB0EF
:20012000B92728B635ABA43A30AEA13FBC222DB33FA1AE30B32D22BCB62827B93AA4AB35CF
:20014000BF212EB033ADA23C36A8A739BA242BB539A7A836B52B24BAB02E21BF3CA2AD33AF
:200160003AA4AB35B62827B9B32D22BC3FA1AE30BC222DB330AEA13F35ABA43AB92728B68F
:2001800043DDD24CCF515EC0CA545BC546D8D749C55B54CA49D7D8464CD2DD43C05E51CF6F
:2001A000C65857C94AD4DB454FD1DE40C35D52CC40DED14FCC525DC3C95758C645DBD44A4F
:2001C000C05E51CF4CD2DD4349D7D846C55B54CA46D8D749CA545BC5CF515EC043DDD24C2F
:2001E00045DBD44AC95758C6CC525DC340DED14FC35D52CC4FD1DE404AD4DB45C65857C90F
:200200003AA4AB35B62827B9B32D22BC3FA1AE30BC222DB330AEA13F35ABA43AB92728B6EE
:20022000BF212EB033ADA23C36A8A739BA242BB539A7A836B52B24BAB02E21BF3CA2AD33CE
:20024000B92728B635ABA43A30AEA13FBC222DB33FA1AE30B32D22BCB62827B93AA4AB35AE
:200260003CA2AD33B02E21BFB52B24BA39A7A836BA242BB536A8A73933ADA23CBF212EB08E
:2002800045DBD44AC95758C6CC525DC340DED14FC35D52CC4FD1DE404AD4DB45C65857C96E
:2002A000C05E51CF4CD2DD4349D7D846C55B54CA46D8D749CA545BC5CF515EC043DDD24C4E
:2002C000C65857C94AD4DB454FD1DE40C35D52CC40DED14FCC525DC3C95758C645DBD44A2E
:2002E00043DDD24CCF515EC0CA545BC546D8D749C55B54CA49D7D8464CD2DD43C05E51CF0E
:2003000046D8D749CA545BC5CF515EC043DDD24CC05E51CF4CD2DD4349D7D846C55B54CAED
:20032000C35D52CC4FD1DE404AD4DB45C65857C945DBD44AC95758C6CC525DC340DED14FCD
:20034000C55B54CA49D7D8464CD2DD43C05E51CF43DDD24CCF515EC0CA545BC546D8D749AD
:2003600040DED14FCC525DC3C95758C645DBD44AC65857C94AD4DB454FD1DE40C35D52CC8D
:2003800039A7A836B52B24BAB02E21BF3CA2AD33BF212EB033ADA23C36A8A739BA242BB56D
:2003A000BC222DB330AEA13F35ABA43AB92728B63AA4AB35B62827B9B32D22BC3FA1AE304D
:2003C000BA242BB536A8A73933ADA23CBF212EB03CA2AD33B02E21BFB52B24BA39A7A8362D
:2003E0003FA1AE30B32D22BCB62827B93AA4AB35B92728B635ABA43A30AEA13FBC222DB30D
:2004000039A7A836B52B24BAB02E21BF3CA2AD33BF212EB033ADA23C36A8A739BA242BB5EC
:20042000BC222DB330AEA13F35ABA43AB92728B63AA4AB35B62827B9B32D22BC3FA1AE30CC
:20044000BA242BB536A8A73933ADA23CBF212EB03CA2AD33B02E21BFB52B24BA39A7A836AC
:200460003FA1AE30B32D22BCB62827B93AA4AB35B92728B635ABA43A30AEA13FBC222DB38C
:2004800046D8D749CA545BC5CF515EC043DDD24CC05E51CF4CD2DD4349D7D846C55B54CA6C
:2004A000C35D52CC4FD1DE404AD4DB45C65857C945DBD44AC95758C6CC525DC340DED14F4C
:2004C000C55B54CA49D7D8464CD2DD43C05E51CF43DDD24CCF515EC0CA545BC546D8D7492C
:2004E00040DED14FCC525DC3C95758C645DBD44AC65857C94AD4DB454FD1DE40C35D52CC0C
:2005000045DBD44AC95758C6CC525DC340DED14FC35D52CC4FD1DE404AD4DB45C65857C9EB
:20052000C05E51CF4CD2DD4349D7D846C55B54CA46D8D749CA545BC5CF515EC043DDD24CCB
:20054000C65857C94AD4DB454FD1DE40C35D52CC40DED14FCC525DC3C95758C645DBD44AAB
:2005600043DDD24CCF515EC0CA545BC546D8D749C55B54CA49D7D8464CD2DD43C05E51CF8B
:200580003AA4AB35B62827B9B32D22BC3FA1AE30BC222DB330AEA13F35ABA43AB92728B66B
:2005A000BF212EB033ADA23C36A8A739BA242BB539A7A836B52B24BAB02E21BF3CA2AD334B
:2005C000B92728B635ABA43A30AEA13FBC222DB33FA1AE30B32D22BCB62827B93AA4AB352B
:2005E0003CA2AD33B02E21BFB52B24BA39A7A836BA242BB536A8A73933ADA23CBF212EB00B
:2006000043DDD24CCF515EC0CA545BC546D8D749C55B54CA49D7D8464CD2DD43C05E51CFEA
:20062000C65857C94AD4DB454FD1DE40C35D52CC40DED14FCC525DC3C95758C645DBD44ACA
:20064000C05E51CF4CD2DD4349D7D846C55B54CA46D8D749CA545BC5CF515EC043DDD24CAA
:2006600045DBD44AC95758C6CC525DC340DED14FC35D52CC4FD1DE404AD4DB45C65857C98A
:200680003CA2AD33B02E21BFB52B24BA39A7A836BA242BB536A8A73933ADA23CBF212EB06A
:2006A000B92728B635ABA43A30AEA13FBC222DB33FA1AE30B32D22BCB62827B93AA4AB354A
:2006C000BF212EB033ADA23C36A8A739BA242BB539A7A836B52B24BAB02E21BF3CA2AD332A
:2006E0003AA4AB35B62827B9B32D22BC3FA1AE30BC222DB330AEA13F35ABA43AB92728B60A
:200700003FA1AE30B32D22BCB62827B93AA4AB35B92728B635ABA43A30AEA13FBC222DB3E9
:20072000BA242BB536A8A73933ADA23CBF212EB03CA2AD33B02E21BFB52B24BA39A7A836C9
:20074000BC222DB330AEA13F35ABA43AB92728B63AA4AB35B62827B9B32D22BC3FA1AE30A9
:2007600039A7A836B52B24BAB02E21BF3CA2AD33BF212EB033ADA23C36A8A739BA242BB589
:2007800040DED14FCC525DC3C95758C645DBD44AC65857C94AD4DB454FD1DE40C35D52CC69
:2007A000C55B54CA49D7D8464CD2DD43C05E51CF43DDD24CCF515EC0CA545BC546D8D74949
:2007C000C35D52CC4FD1DE404AD4DB45C65857C945DBD44AC95758C6CC525DC340DED14F29
:2007E00046D8D749CA545BC5CF515EC043DDD24CC05E51CF4CD2DD4349D7D846C55B54CA09
:2008000036A8A739BA242BB5BF212EB033ADA23CB02E21BF3CA2AD3339A7A836B52B24BAE8
:20082000B32D22BC3FA1AE303AA4AB35B62827B935ABA43AB92728B6BC222DB330AEA13FC8
:20084000B52B24BA39A7A8363CA2AD33B02E21BF33ADA23CBF212EB0BA242BB536A8A739A8
:2008600030AEA13FBC222DB3B92728B635ABA43AB62827B93AA4AB353FA1AE30B32D22BC88
:2008800049D7D846C55B54CAC05E51CF4CD2DD43CF515EC043DDD24C46D8D749CA545BC568
:2008A000CC525DC340DED14F45DBD44AC95758C64AD4DB45C65857C9C35D52CC4FD1DE4048
:2008C000CA545BC546D8D74943DDD24CCF515EC04CD2DD43C05E51CFC55B54CA49D7D84628
:2008E0004FD1DE40C35D52CCC65857C94AD4DB45C95758C645DBD44A40DED14FCC525DC308
:200900004AD4DB45C65857C9C35D52CC4FD1DE40CC525DC340DED14F45DBD44AC95758C6E7
:20092000CF515EC043DDD24C46D8D749CA545BC549D7D846C55B54CAC05E51CF4CD2DD43C7
:20094000C95758C645DBD44A40DED14FCC525DC34FD1DE40C35D52CCC65857C94AD4DB45A7
:200960004CD2DD43C05E51CFC55B54CA49D7D846CA545BC546D8D74943DDD24CCF515EC087
:2009800035ABA43AB92728B6BC222DB330AEA13FB32D22BC3FA1AE303AA4AB35B62827B967
:2009A000B02E21BF3CA2AD3339A7A836B52B24BA36A8A739BA242BB5BF212EB033ADA23C47
:2009C000B62827B93AA4AB353FA1AE30B32D22BC30AEA13FBC222DB3B92728B635ABA43A27
:2009E00033ADA23CBF212EB0BA242BB536A8A739B52B24BA39A7A8363CA2AD33B02E21BF07
:200A00004CD2DD43C05E51CFC55B54CA49D7D846CA545BC546D8D74943DDD24CCF515EC0E6
:200A2000C95758C645DBD44A40DED14FCC525DC34FD1DE40C35D52CCC65857C94AD4DB45C6
:200A4000CF515EC043DDD24C46D8D749CA545BC549D7D846C55B54CAC05E51CF4CD2DD43A6
:200A60004AD4DB45C65857C9C35D52CC4FD1DE40CC525DC340DED14F45DBD44AC95758C686
:200A800033ADA23CBF212EB0BA242BB536A8A739B52B24BA39A7A8363CA2AD33B02E21BF66
:200AA000B62827B93AA4AB353FA1AE30B32D22BC30AEA13FBC222DB3B92728B635ABA43A46
:200AC000B02E21BF3CA2AD3339A7A836B52B24BA36A8A739BA242BB5BF212EB033ADA23C26
:200AE00035ABA43AB92728B6BC222DB330AEA13FB32D22BC3FA1AE303AA4AB35B62827B906
:200B000030AEA13FBC222DB3B92728B635ABA43AB62827B93AA4AB353FA1AE30B32D22BCE5
:200B2000B52B24BA39A7A8363CA2AD33B02E21BF33ADA23CBF212EB0BA242BB536A8A739C5
:200B4000B32D22BC3FA1AE303AA4AB35B62827B935ABA43AB92728B6BC222DB330AEA13FA5
:200B600036A8A739BA242BB5BF212EB033ADA23CB02E21BF3CA2AD3339A7A836B52B24BA85
:200B80004FD1DE40C35D52CCC65857C94AD4DB45C95758C645DBD44A40DED14FCC525DC365
:200BA000CA545BC546D8D74943DDD24CCF515EC04CD2DD43C05E51CFC55B54CA49D7D84645
:200BC000CC525DC340DED14F45DBD44AC95758C64AD4DB45C65857C9C35D52CC4FD1DE4025
:200BE00049D7D846C55B54CAC05E51CF4CD2DD43CF515EC043DDD24C46D8D749CA545BC505
:200C00004FD1DE40C35D52CCC65857C94AD4DB45C95758C645DBD44A40DED14FCC525DC3E4
:200C2000CA545BC546D8D74943DDD24CCF515EC04CD2DD43C05E51CFC55B54CA49D7D846C4
:200C4000CC525DC340DED14F45DBD44AC95758C64AD4DB45C65857C9C35D52CC4FD1DE40A4
:200C600049D7D846C55B54CAC05E51CF4CD2DD43CF515EC043DDD24C46D8D749CA545BC584
:200C800030AEA13FBC222DB3B92728B635ABA43AB62827B93AA4AB353FA1AE30B32D22BC64
:200CA000B52B24BA39A7A8363CA2AD33B02E21BF33ADA23CBF212EB0BA242BB536A8A73944
:200CC000B32D22BC3FA1AE303AA4AB35B62827B935ABA43AB92728B6BC222DB330AEA13F24
:200CE00036A8A739BA242BB5BF212EB033ADA23CB02E21BF3CA2AD3339A7A836B52B24BA04
:200D000033ADA23CBF212EB0BA242BB536A8A739B52B24BA39A7A8363CA2AD33B02E21BFE3
:200D2000B62827B93AA4AB353FA1AE30B32D22BC30AEA13FBC222DB3B92728B635ABA43AC3
:200D4000B02E21BF3CA2AD3339A7A836B52B24BA36A8A739BA242BB5BF212EB033ADA23CA3
:200D600035ABA43AB92728B6BC222DB330AEA13FB32D22BC3FA1AE303AA4AB35B62827B983
:200D80004CD2DD43C05E51CFC55B54CA49D7D846CA545BC546D8D74943DDD24CCF515EC063
:200DA000C95758C645DBD44A40DED14FCC525DC34FD1DE40C35D52CCC65857C94AD4DB4543
:200DC000CF515EC043DDD24C46D8D749CA545BC549D7D846C55B54CAC05E51CF4CD2DD4323
:200DE0004AD4DB45C65857C9C35D52CC4FD1DE40CC525DC340DED14F45DBD44AC95758C603
:200E000035ABA43AB92728B6BC222DB330AEA13FB32D22BC3FA1AE303AA4AB35B62827B9E2
:200E2000B02E21BF3CA2AD3339A7A836B52B24BA36A8A739BA242BB5BF212EB033ADA23CC2
:200E4000B62827B93AA4AB353FA1AE30B32D22BC30AEA13FBC222DB3B92728B635ABA43AA2
:200E600033ADA23CBF212EB0BA242BB536A8A739B52B24BA39A7A8363CA2AD33B02E21BF82
:200E80004AD4DB45C65857C9C35D52CC4FD1DE40CC525DC340DED14F45DBD44AC95758C662
:200EA000CF515EC043DDD24C46D8D749CA545BC549D7D846C55B54CAC05E51CF4CD2DD4342
:200EC000C95758C645DBD44A40DED14FCC525DC34FD1DE40C35D52CCC65857C94AD4DB4522
:200EE0004CD2DD43C05E51CFC55B54CA49D7D846CA545BC546D8D74943DDD24CCF515EC002
:200F000049D7D846C55B54CAC05E51CF4CD2DD43CF515EC043DDD24C46D8D749CA545BC5E1
:200F2000CC525DC340DED14F45DBD44AC95758C64AD4DB45C65857C9C35D52CC4FD1DE40C1
:200F4000CA545BC546D8D74943DDD24CCF515EC04CD2DD43C05E51CFC55B54CA49D7D846A1
:200F60004FD1DE40C35D52CCC65857C94AD4DB45C95758C645DBD44A40DED14FCC525DC381
:200F800036A8A739BA242BB5BF212EB033ADA23CB02E21BF3CA2AD3339A7A836B52B24BA61
:200FA000B32D22BC3FA1AE303AA4AB35B62827B935ABA43AB92728B6BC222DB330AEA13F41
:200FC000B52B24BA39A7A8363CA2AD33B02E21BF33ADA23CBF212EB0BA242BB536A8A73921
:200FE00030AEA13FBC222DB3B92728B635ABA43AB62827B93AA4AB353FA1AE30B32D22BC01
:2010000033ADA23CBF212EB0BA242BB536A8A739B52B24BA39A7A8363CA2AD33B02E21BFE0
:20102000B62827B93AA4AB353FA1AE30B32D22BC30AEA13FBC222DB3B92728B635ABA43AC0
:20104000B02E21BF3CA2AD3339A7A836B52B24BA36A8A739BA242BB5BF212EB033ADA23CA0
:2010600035ABA43AB92728B6BC222DB330AEA13FB32D22BC3FA1AE303AA4AB35B62827B980
:201080004CD2DD43C05E51CFC55B54CA49D7D846CA545BC546D8D74943DDD24CCF515EC060
:2010A000C95758C645DBD44A40DED14FCC525DC34FD1DE40C35D52CCC65857C94AD4DB4540
:2010C000CF515EC043DDD24C46D8D749CA545BC549D7D846C55B54CAC05E51CF4CD2DD4320
:2010E0004AD4DB45C65857C9C35D52CC4FD1DE40CC525DC340DED14F45DBD44AC95758C600
:201100004FD1DE40C35D52CCC65857C94AD4DB45C95758C645DBD44A40DED14FCC525DC3DF
:20112000CA545BC546D8D74943DDD24CCF515EC04CD2DD43C05E51CFC55B54CA49D7D846BF
:20114000CC525DC340DED14F45DBD44AC95758C64AD4DB45C65857C9C35D52CC4FD1DE409F
:2011600049D7D846C55B54CAC05E51CF4CD2DD43CF515EC043DDD24C46D8D749CA545BC57F
:2011800030AEA13FBC222DB3B92728B635ABA43AB62827B93AA4AB353FA1AE30B32D22BC5F
:2011A000B52B24BA39A7A8363CA2AD33B02E21BF33ADA23CBF212EB0BA242BB536A8A7393F
:2011C000B32D22BC3FA1AE303AA4AB35B62827B935ABA43AB92728B6BC222DB330AEA13F1F
:2011E00036A8A739BA242BB5BF212EB033ADA23CB02E21BF3CA2AD3339A7A836B52B24BAFF
:2012000049D7D846C55B54CAC05E51CF4CD2DD43CF515EC043DDD24C46D8D749CA545BC5DE
:20122000CC525DC340DED14F45DBD44AC95758C64AD4DB45C65857C9C35D52CC4FD1DE40BE
:20124000CA545BC546D8D74943DDD24CCF515EC04CD2DD43C05E51CFC55B54CA49D7D8469E
:201260004FD1DE40C35D52CCC65857C94AD4DB45C95758C645DBD44A40DED14FCC525DC37E
:2012800036A8A739BA242BB5BF212EB033ADA23CB02E21BF3CA2AD3339A7A836B52B24BA5E
:2012A000B32D22BC3FA1AE303AA4AB35B62827B935ABA43AB92728B6BC222DB330AEA13F3E
:2012C000B52B24BA39A7A8363CA2AD33B02E21BF33ADA23CBF212EB0BA242BB536A8A7391E
:2012E00030AEA13FBC222DB3B92728B635ABA43AB62827B93AA4AB353FA1AE30B32D22BCFE
:2013000035ABA43AB92728B6BC222DB330AEA13FB32D22BC3FA1AE303AA4AB35B62827B9DD
:20132000B02E21BF3CA2AD3339A7A836B52B24BA36A8A739BA242BB5BF212EB033ADA23CBD
:20134000B62827B93AA4AB353FA1AE30B32D22BC30AEA13FBC222DB3B92728B635ABA43A9D
:2013600033ADA23CBF212EB0BA242BB536A8A739B52B24BA39A7A8363CA2AD33B02E21BF7D
:201380004AD4DB45C65857C9C35D52CC4FD1DE40CC525DC340DED14F45DBD44AC95758C65D
:2013A000CF515EC043DDD24C46D8D749CA545BC549D7D846C55B54CAC05E51CF4CD2DD433D
:2013C000C95758C645DBD44A40DED14FCC525DC34FD1DE40C35D52CCC65857C94AD4DB451D
:2013E0004CD2DD43C05E51CFC55B54CA49D7D846CA545BC546D8D74943DDD24CCF515EC0FD
:201400004AD4DB45C65857C9C35D52CC4FD1DE40CC525DC340DED14F45DBD44AC95758C6DC
:20142000CF515EC043DDD24C46D8D749CA545BC549D7D846C55B54CAC05E51CF4CD2DD43BC
:20144000C95758C645DBD44A40DED14FCC525DC34FD1DE40C35D52CCC65857C94AD4DB459C
:201460004CD2DD43C05E51CFC55B54CA49D7D846CA545BC546D8D74943DDD24CCF515EC07C
:2014800035ABA43AB92728B6BC222DB330AEA13FB32D22BC3FA1AE303AA4AB35B62827B95C
:2014A000B02E21BF3CA2AD3339A7A836B52B24BA36A8A739BA242BB5BF212EB033ADA23C3C
:2014C000B62827B93AA4AB353FA1AE30B32D22BC30AEA13FBC222DB3B92728B635ABA43A1C
:2014E00033ADA23CBF212EB0BA242BB536A8A739B52B24BA39A7A8363CA2AD33B02E21BFFC
:2015000036A8A739BA242BB5BF212EB033ADA23CB02E21BF3CA2AD3339A7A836B52B24BADB
:20152000B32D22BC3FA1AE303AA4AB35B62827B935ABA43AB92728B6BC222DB330AEA13FBB
:20154000B52B24BA39A7A8363CA2AD33B02E21BF33ADA23CBF212EB0BA242BB536A8A7399B
:2015600030AEA13FBC222DB3B92728B635ABA43AB62827B93AA4AB353FA1AE30B32D22BC7B
:2015800049D7D846C55B54CAC05E51CF4CD2DD43CF515EC043DDD24C46D8D749CA545BC55B
:2015A000CC525DC340DED14F45DBD44AC95758C64AD4DB45C65857C9C35D52CC4FD1DE403B
:2015C000CA545BC546D8D74943DDD24CCF515EC04CD2DD43C05E51CFC55B54CA49D7D8461B
:2015E0004FD1DE40C35D52CCC65857C94AD4DB45C95758C645DBD44A40DED14FCC525DC3FB
:2016000030AEA13FBC222DB3B92728B635ABA43AB62827B93AA4AB353FA1AE30B32D22BCDA
:20162000B52B24BA39A7A8363CA2AD33B02E21BF33ADA23CBF212EB0BA242BB536A8A739BA
:20164000B32D22BC3FA1AE303AA4AB35B62827B935ABA43AB92728B6BC222DB330AEA13F9A
:2016600036A8A739BA242BB5BF212EB033ADA23CB02E21BF3CA2AD3339A7A836B52B24BA7A
:201680004FD1DE40C35D52CCC65857C94AD4DB45C95758C645DBD44A40DED14FCC525DC35A
:2016A000CA545BC546D8D74943DDD24CCF515EC04CD2DD43C05E51CFC55B54CA49D7D8463A
:2016C000CC525DC340DED14F45DBD44AC95758C64AD4DB45C65857C9C35D52CC4FD1DE401A
:2016E00049D7D846C55B54CAC05E51CF4CD2DD43CF515EC043DDD24C46D8D749CA545BC5FA
:201700004CD2DD43C05E51CFC55B54CA49D7D846CA545BC546D8D74943DDD24CCF515EC0D9
:20172000C95758C645DBD44A40DED14FCC525DC34FD1DE40C35D52CCC65857C94AD4DB45B9
:20174000CF515EC043DDD24C46D8D749CA545BC549D7D846C55B54CAC05E51CF4CD2DD4399
:201760004AD4DB45C65857C9C35D52CC4FD1DE40CC525DC340DED14F45DBD44AC95758C679
:2017800033ADA23CBF212EB0BA242BB536A8A739B52B24BA39A7A8363CA2AD33B02E21BF59
:2017A000B62827B93AA4AB353FA1AE30B32D22BC30AEA13FBC222DB3B92728B635ABA43A39
:2017C000B02E21BF3CA2AD3339A7A836B52B24BA36A8A739BA242BB5BF212EB033ADA23C19
:2017E00035ABA43AB92728B6BC222DB330AEA13FB32D22BC3FA1AE303AA4AB35B62827B9F9
:2018000045DBD44AC95758C6CC525DC340DED14FC35D52CC4FD1DE404AD4DB45C65857C9D8
:20182000C05E51CF4CD2DD4349D7D846C55B54CA46D8D749CA545BC5CF515EC043DDD24CB8
:20184000C65857C94AD4DB454FD1DE40C35D52CC40DED14FCC525DC3C95758C645DBD44A98
:2018600043DDD24CCF515EC0CA545BC546D8D749C55B54CA49D7D8464CD2DD43C05E51CF78
:201880003AA4AB35B62827B9B32D22BC3FA1AE30BC222DB330AEA13F35ABA43AB92728B658
:2018A000BF212EB033ADA23C36A8A739BA242BB539A7A836B52B24BAB02E21BF3CA2AD3338
:2018C000B92728B635ABA43A30AEA13FBC222DB33FA1AE30B32D22BCB62827B93AA4AB3518
:2018E0003CA2AD33B02E21BFB52B24BA39A7A836BA242BB536A8A73933ADA23CBF212EB0F8
:2019000039A7A836B52B24BAB02E21BF3CA2AD33BF212EB033ADA23C36A8A739BA242BB5D7
:20192000BC222DB330AEA13F35ABA43AB92728B63AA4AB35B62827B9B32D22BC3FA1AE30B7
:20194000BA242BB536A8A73933ADA23CBF212EB03CA2AD33B02E21BFB52B24BA39A7A83697
:201960003FA1AE30B32D22BCB62827B93AA4AB35B92728B635ABA43A30AEA13FBC222DB377
:2019800046D8D749CA545BC5CF515EC043DDD24CC05E51CF4CD2DD4349D7D846C55B54CA57
:2019A000C35D52CC4FD1DE404AD4DB45C65857C945DBD44AC95758C6CC525DC340DED14F37
:2019C000C55B54CA49D7D8464CD2DD43C05E51CF43DDD24CCF515EC0CA545BC546D8D74917
:2019E00040DED14FCC525DC3C95758C645DBD44AC65857C94AD4DB454FD1DE40C35D52CCF7
:201A00003FA1AE30B32D22BCB62827B93AA4AB35B92728B635ABA43A30AEA13FBC222DB3D6
:201A2000BA242BB536A8A73933ADA23CBF212EB03CA2AD33B02E21BFB52B24BA39A7A836B6
:201A4000BC222DB330AEA13F35ABA43AB92728B63AA4AB35B62827B9B32D22BC3FA1AE3096
:201A600039A7A836B52B24BAB02E21BF3CA2AD33BF212EB033ADA23C36A8A739BA242BB576
:201A800040DED14FCC525DC3C95758C645DBD44AC65857C94AD4DB454FD1DE40C35D52CC56
:201AA000C55B54CA49D7D8464CD2DD43C05E51CF43DDD24CCF515EC0CA545BC546D8D74936
:201AC000C35D52CC4FD1DE404AD4DB45C65857C945DBD44AC95758C6CC525DC340DED14F16
:201AE00046D8D749CA545BC5CF515EC043DDD24CC05E51CF4CD2DD4349D7D846C55B54CAF6
:201B000043DDD24CCF515EC0CA545BC546D8D749C55B54CA49D7D8464CD2DD43C05E51CFD5
:201B2000C65857C94AD4DB454FD1DE40C35D52CC40DED14FCC525DC3C95758C645DBD44AB5
:201B4000C05E51CF4CD2DD4349D7D846C55B54CA46D8D749CA545BC5CF515EC043DDD24C95
:201B600045DBD44AC95758C6CC525DC340DED14FC35D52CC4FD1DE404AD4DB45C65857C975
:201B80003CA2AD33B02E21BFB52B24BA39A7A836BA242BB536A8A73933ADA23CBF212EB055
:201BA000B92728B635ABA43A30AEA13FBC222DB33FA1AE30B32D22BCB62827B93AA4AB3535
:201BC000BF212EB033ADA23C36A8A739BA242BB539A7A836B52B24BAB02E21BF3CA2AD3315
:201BE0003AA4AB35B62827B9B32D22BC3FA1AE30BC222DB330AEA13F35ABA43AB92728B6F5
:201C00003CA2AD33B02E21BFB52B24BA39A7A836BA242BB536A8A73933ADA23CBF212EB0D4
:201C2000B92728B635ABA43A30AEA13FBC222DB33FA1AE30B32D22BCB62827B93AA4AB35B4
:201C4000BF212EB033ADA23C36A8A739BA242BB539A7A836B52B24BAB02E21BF3CA2AD3394
:201C60003AA4AB35B62827B9B32D22BC3FA1AE30BC222DB330AEA13F35ABA43AB92728B674
:201C800043DDD24CCF515EC0CA545BC546D8D749C55B54CA49D7D8464CD2DD43C05E51CF54
:201CA000C65857C94AD4DB454FD1DE40C35D52CC40DED14FCC525DC3C95758C645DBD44A34
:201CC000C05E51CF4CD2DD4349D7D846C55B54CA46D8D749CA545BC5CF515EC043DDD24C14
:201CE00045DBD44AC95758C6CC525DC340DED14FC35D52CC4FD1DE404AD4DB45C65857C9F4
:201D000040DED14FCC525DC3C95758C645DBD44AC65857C94AD4DB454FD1DE40C35D52CCD3
:201D2000C55B54CA49D7D8464CD2DD43C05E51CF43DDD24CCF515EC0CA545BC546D8D749B3
:201D4000C35D52CC4FD1DE404AD4DB45C65857C945DBD44AC95758C6CC525DC340DED14F93
:201D600046D8D749CA545BC5CF515EC043DDD24CC05E51CF4CD2DD4349D7D846C55B54CA73
:201D80003FA1AE30B32D22BCB62827B93AA4AB35B92728B635ABA43A30AEA13FBC222DB353
:201DA000BA242BB536A8A73933ADA23CBF212EB03CA2AD33B02E21BFB52B24BA39A7A83633
:201DC000BC222DB330AEA13F35ABA43AB92728B63AA4AB35B62827B9B32D22BC3FA1AE3013
:201DE00039A7A836B52B24BAB02E21BF3CA2AD33BF212EB033ADA23C36A8A739BA242BB5F3
:201E000046D8D749CA545BC5CF515EC043DDD24CC05E51CF4CD2DD4349D7D846C55B54CAD2
:201E2000C35D52CC4FD1DE404AD4DB45C65857C945DBD44AC95758C6CC525DC340DED14FB2
:201E4000C55B54CA49D7D8464CD2DD43C05E51CF43DDD24CCF515EC0CA545BC546D8D74992
:201E600040DED14FCC525DC3C95758C645DBD44AC65857C94AD4DB454FD1DE40C35D52CC72
:201E800039A7A836B52B24BAB02E21BF3CA2AD33BF212EB033ADA23C36A8A739BA242BB552
:201EA000BC222DB330AEA13F35ABA43AB92728B63AA4AB35B62827B9B32D22BC3FA1AE3032
:201EC000BA242BB536A8A73933ADA23CBF212EB03CA2AD33B02E21BFB52B24BA39A7A83612
:201EE0003FA1AE30B32D22BCB62827B93AA4AB35B92728B635ABA43A30AEA13FBC222DB3F2
:201F00003AA4AB35B62827B9B32D22BC3FA1AE30BC222DB330AEA13F35ABA43AB92728B6D1
:201F2000BF212EB033ADA23C36A8A739BA242BB539A7A836B52B24BAB02E21BF3CA2AD33B1
:201F4000B92728B635ABA43A30AEA13FBC222DB33FA1AE30B32D22BCB62827B93AA4AB3591
:201F60003CA2AD33B02E21BFB52B24BA39A7A836BA242BB536A8A73933ADA23CBF212EB071
:201F800045DBD44AC95758C6CC525DC340DED14FC35D52CC4FD1DE404AD4DB45C65857C951
:201FA000C05E51CF4CD2DD4349D7D846C55B54CA46D8D749CA545BC5CF515EC043DDD24C31
:201FC000C65857C94AD4DB454FD1DE40C35D52CC40DED14FCC525DC3C95758C645DBD44A11
:201FE00043DDD24CCF515EC0CA545BC546D8D749C55B54CA49D7D8464CD2DD43C05E51CFF1
:202000002EB0BF21A23C33ADA73936A82BB5BA24A83639A724BAB52B21BFB02EAD333CA2D0
:20202000AB353AA427B9B62822BCB32DAE303FA12DB3BC22A13F30AEA43A35AB28B6B927B0
:20204000AD333CA221BFB02E24BAB52BA83639A72BB5BA24A73936A8A23C33AD2EB0BF2190
:2020600028B6B927A43A35ABA13F30AE2DB3BC22AE303FA122BCB32D27B9B628AB353AA470
:2020800051CFC05EDD434CD2D84649D754CAC55BD74946D85BC5CA545EC0CF51D24C43DD50
:2020A000D44A45DB58C6C9575DC3CC52D14F40DE52CCC35DDE404FD1DB454AD457C9C65830
:2020C000D24C43DD5EC0CF515BC5CA54D74946D854CAC55BD84649D7DD434CD251CFC05E10
:2020E00057C9C658DB454AD4DE404FD152CCC35DD14F40DE5DC3CC5258C6C957D44A45DBF0
:2021000052CCC35DDE404FD1DB454AD457C9C658D44A45DB58C6C9575DC3CC52D14F40DECF
:20212000D74946D85BC5CA545EC0CF51D24C43DD51CFC05EDD434CD2D84649D754CAC55BAF
:20214000D14F40DE5DC3CC5258C6C957D44A45DB57C9C658DB454AD4DE404FD152CCC35D8F
:2021600054CAC55BD84649D7DD434CD251CFC05ED24C43DD5EC0CF515BC5CA54D74946D86F
:202180002DB3BC22A13F30AEA43A35AB28B6B927AB353AA427B9B62822BCB32DAE303FA14F
:2021A000A83639A724BAB52B21BFB02EAD333CA22EB0BF21A23C33ADA73936A82BB5BA242F
:2021C000AE303FA122BCB32D27B9B628AB353AA428B6B927A43A35ABA13F30AE2DB3BC220F
:2021E0002BB5BA24A73936A8A23C33AD2EB0BF21AD333CA221BFB02E24BAB52BA83639A7EF
:2022000054CAC55BD84649D7DD434CD251CFC05ED24C43DD5EC0CF515BC5CA54D74946D8CE
:20222000D14F40DE5DC3CC5258C6C957D44A45DB57C9C658DB454AD4DE404FD152CCC35DAE
:20224000D74946D85BC5CA545EC0CF51D24C43DD51CFC05EDD434CD2D84649D754CAC55B8E
:2022600052CCC35DDE404FD1DB454AD457C9C658D44A45DB58C6C9575DC3CC52D14F40DE6E
:202280002BB5BA24A73936A8A23C33AD2EB0BF21AD333CA221BFB02E24BAB52BA83639A74E
:2022A000AE303FA122BCB32D27B9B628AB353AA428B6B927A43A35ABA13F30AE2DB3BC222E
:2022C000A83639A724BAB52B21BFB02EAD333CA22EB0BF21A23C33ADA73936A82BB5BA240E
:2022E0002DB3BC22A13F30AEA43A35AB28B6B927AB353AA427B9B62822BCB32DAE303FA1EE
:2023000028B6B927A43A35ABA13F30AE2DB3BC22AE303FA122BCB32D27B9B628AB353AA4CD
:20232000AD333CA221BFB02E24BAB52BA83639A72BB5BA24A73936A8A23C33AD2EB0BF21AD
:20234000AB353AA427B9B62822BCB32DAE303FA12DB3BC22A13F30AEA43A35AB28B6B9278D
:202360002EB0BF21A23C33ADA73936A82BB5BA24A83639A724BAB52B21BFB02EAD333CA26D
:2023800057C9C658DB454AD4DE404FD152CCC35DD14F40DE5DC3CC5258C6C957D44A45DB4D
:2023A000D24C43DD5EC0CF515BC5CA54D74946D854CAC55BD84649D7DD434CD251CFC05E2D
:2023C000D44A45DB58C6C9575DC3CC52D14F40DE52CCC35DDE404FD1DB454AD457C9C6580D
:2023E00051CFC05EDD434CD2D84649D754CAC55BD74946D85BC5CA545EC0CF51D24C43DDED
:2024000057C9C658DB454AD4DE404FD152CCC35DD14F40DE5DC3CC5258C6C957D44A45DBCC
:20242000D24C43DD5EC0CF515BC5CA54D74946D854CAC55BD84649D7DD434CD251CFC05EAC
:20244000D44A45DB58C6C9575DC3CC52D14F40DE52CCC35DDE404FD1DB454AD457C9C6588C
:2024600051CFC05EDD434CD2D84649D754CAC55BD74946D85BC5CA545EC0CF51D24C43DD6C
:2024800028B6B927A43A35ABA13F30AE2DB3BC22AE303FA122BCB32D27B9B628AB353AA44C
:2024A000AD333CA221BFB02E24BAB52BA83639A72BB5BA24A73936A8A23C33AD2EB0BF212C
:2024C000AB353AA427B9B62822BCB32DAE303FA12DB3BC22A13F30AEA43A35AB28B6B9270C
:2024E0002EB0BF21A23C33ADA73936A82BB5BA24A83639A724BAB52B21BFB02EAD333CA2EC
:202500002BB5BA24A73936A8A23C33AD2EB0BF21AD333CA221BFB02E24BAB52BA83639A7CB
:20252000AE303FA122BCB32D27B9B628AB353AA428B6B927A43A35ABA13F30AE2DB3BC22AB
:20254000A83639A724BAB52B21BFB02EAD333CA22EB0BF21A23C33ADA73936A82BB5BA248B
:202560002DB3BC22A13F30AEA43A35AB28B6B927AB353AA427B9B62822BCB32DAE303FA16B
:2025800054CAC55BD84649D7DD434CD251CFC05ED24C43DD5EC0CF515BC5CA54D74946D84B
:2025A000D14F40DE5DC3CC5258C6C957D44A45DB57C9C658DB454AD4DE404FD152CCC35D2B
:2025C000D74946D85BC5CA545EC0CF51D24C43DD51CFC05EDD434CD2D84649D754CAC55B0B
:2025E00052CCC35DDE404FD1DB454AD457C9C658D44A45DB58C6C9575DC3CC52D14F40DEEB
:202600002DB3BC22A13F30AEA43A35AB28B6B927AB353AA427B9B62822BCB32DAE303FA1CA
:20262000A83639A724BAB52B21BFB02EAD333CA22EB0BF21A23C33ADA73936A82BB5BA24AA
:20264000AE303FA122BCB32D27B9B628AB353AA428B6B927A43A35ABA13F30AE2DB3BC228A
:202660002BB5BA24A73936A8A23C33AD2EB0BF21AD333CA221BFB02E24BAB52BA83639A76A
:2026800052CCC35DDE404FD1DB454AD457C9C658D44A45DB58C6C9575DC3CC52D14F40DE4A
:2026A000D74946D85BC5CA545EC0CF51D24C43DD51CFC05EDD434CD2D84649D754CAC55B2A
:2026C000D14F40DE5DC3CC5258C6C957D44A45DB57C9C658DB454AD4DE404FD152CCC35D0A
:2026E00054CAC55BD84649D7DD434CD251CFC05ED24C43DD5EC0CF515BC5CA54D74946D8EA
:2027000051CFC05EDD434CD2D84649D754CAC55BD74946D85BC5CA545EC0CF51D24C43DDC9
:20272000D44A45DB58C6C9575DC3CC52D14F40DE52CCC35DDE404FD1DB454AD457C9C658A9
:20274000D24C43DD5EC0CF515BC5CA54D74946D854CAC55BD84649D7DD434CD251CFC05E89
:2027600057C9C658DB454AD4DE404FD152CCC35DD14F40DE5DC3CC5258C6C957D44A45DB69
:202780002EB0BF21A23C33ADA73936A82BB5BA24A83639A724BAB52B21BFB02EAD333CA249
:2027A000AB353AA427B9B62822BCB32DAE303FA12DB3BC22A13F30AEA43A35AB28B6B92729
:2027C000AD333CA221BFB02E24BAB52BA83639A72BB5BA24A73936A8A23C33AD2EB0BF2109
:2027E00028B6B927A43A35ABA13F30AE2DB3BC22AE303FA122BCB32D27B9B628AB353AA4E9
:2028000058C6C957D44A45DBD14F40DE5DC3CC52DE404FD152CCC35D57C9C658DB454AD4C8
:20282000DD434CD251CFC05E54CAC55BD84649D75BC5CA54D74946D8D24C43DD5EC0CF51A8
:20284000DB454AD457C9C65852CCC35DDE404FD15DC3CC52D14F40DED44A45DB58C6C95788
:202860005EC0CF51D24C43DDD74946D85BC5CA54D84649D754CAC55B51CFC05EDD434CD268
:2028800027B9B628AB353AA4AE303FA122BCB32DA13F30AE2DB3BC2228B6B927A43A35AB48
:2028A000A23C33AD2EB0BF212BB5BA24A73936A824BAB52BA83639A7AD333CA221BFB02E28
:2028C000A43A35AB28B6B9272DB3BC22A13F30AE22BCB32DAE303FA1AB353AA427B9B62808
:2028E00021BFB02EAD333CA2A83639A724BAB52BA73936A82BB5BA242EB0BF21A23C33ADE8
:2029000024BAB52BA83639A7AD333CA221BFB02EA23C33AD2EB0BF212BB5BA24A73936A8C7
:20292000A13F30AE2DB3BC2228B6B927A43A35AB27B9B628AB353AA4AE303FA122BCB32DA7
:20294000A73936A82BB5BA242EB0BF21A23C33AD21BFB02EAD333CA2A83639A724BAB52B87
:2029600022BCB32DAE303FA1AB353AA427B9B628A43A35AB28B6B9272DB3BC22A13F30AE67
:202980005BC5CA54D74946D8D24C43DD5EC0CF51DD434CD251CFC05E54CAC55BD84649D747
:2029A000DE404FD152CCC35D57C9C658DB454AD458C6C957D44A45DBD14F40DE5DC3CC5227
:2029C000D84649D754CAC55B51CFC05EDD434CD25EC0CF51D24C43DDD74946D85BC5CA5407
:2029E0005DC3CC52D14F40DED44A45DB58C6C957DB454AD457C9C65852CCC35DDE404FD1E7
:202A000022BCB32DAE303FA1AB353AA427B9B628A43A35AB28B6B9272DB3BC22A13F30AEC6
:202A2000A73936A82BB5BA242EB0BF21A23C33AD21BFB02EAD333CA2A83639A724BAB52BA6
:202A4000A13F30AE2DB3BC2228B6B927A43A35AB27B9B628AB353AA4AE303FA122BCB32D86
:202A600024BAB52BA83639A7AD333CA221BFB02EA23C33AD2EB0BF212BB5BA24A73936A866
:202A80005DC3CC52D14F40DED44A45DB58C6C957DB454AD457C9C65852CCC35DDE404FD146
:202AA000D84649D754CAC55B51CFC05EDD434CD25EC0CF51D24C43DDD74946D85BC5CA5426
:202AC000DE404FD152CCC35D57C9C658DB454AD458C6C957D44A45DBD14F40DE5DC3CC5206
:202AE0005BC5CA54D74946D8D24C43DD5EC0CF51DD434CD251CFC05E54CAC55BD84649D7E6
:202B00005EC0CF51D24C43DDD74946D85BC5CA54D84649D754CAC55B51CFC05EDD434CD2C5
:202B2000DB454AD457C9C65852CCC35DDE404FD15DC3CC52D14F40DED44A45DB58C6C957A5
:202B4000DD434CD251CFC05E54CAC55BD84649D75BC5CA54D74946D8D24C43DD5EC0CF5185
:202B600058C6C957D44A45DBD14F40DE5DC3CC52DE404FD152CCC35D57C9C658DB454AD465
:202B800021BFB02EAD333CA2A83639A724BAB52BA73936A82BB5BA242EB0BF21A23C33AD45
:202BA000A43A35AB28B6B9272DB3BC22A13F30AE22BCB32DAE303FA1AB353AA427B9B62825
:202BC000A23C33AD2EB0BF212BB5BA24A73936A824BAB52BA83639A7AD333CA221BFB02E05
:202BE00027B9B628AB353AA4AE303FA122BCB32DA13F30AE2DB3BC2228B6B927A43A35ABE5
:202C000021BFB02EAD333CA2A83639A724BAB52BA73936A82BB5BA242EB0BF21A23C33ADC4
:202C2000A43A35AB28B6B9272DB3BC22A13F30AE22BCB32DAE303FA1AB353AA427B9B628A4
:202C4000A23C33AD2EB0BF212BB5BA24A73936A824BAB52BA83639A7AD333CA221BFB02E84
:202C600027B9B628AB353AA4AE303FA122BCB32DA13F30AE2DB3BC2228B6B927A43A35AB64
:202C80005EC0CF51D24C43DDD74946D85BC5CA54D84649D754CAC55B51CFC05EDD434CD244
:202CA000DB454AD457C9C65852CCC35DDE404FD15DC3CC52D14F40DED44A45DB58C6C95724
:202CC000DD434CD251CFC05E54CAC55BD84649D75BC5CA54D74946D8D24C43DD5EC0CF5104
:202CE00058C6C957D44A45DBD14F40DE5DC3CC52DE404FD152CCC35D57C9C658DB454AD4E4
:202D00005DC3CC52D14F40DED44A45DB58C6C957DB454AD457C9C65852CCC35DDE404FD1C3
:202D2000D84649D754CAC55B51CFC05EDD434CD25EC0CF51D24C43DDD74946D85BC5CA54A3
:202D4000DE404FD152CCC35D57C9C658DB454AD458C6C957D44A45DBD14F40DE5DC3CC5283
:202D60005BC5CA54D74946D8D24C43DD5EC0CF51DD434CD251CFC05E54CAC55BD84649D763
:202D800022BCB32DAE303FA1AB353AA427B9B628A43A35AB28B6B9272DB3BC22A13F30AE43
:202DA000A73936A82BB5BA242EB0BF21A23C33AD21BFB02EAD333CA2A83639A724BAB52B23
:202DC000A13F30AE2DB3BC2228B6B927A43A35AB27B9B628AB353AA4AE303FA122BCB32D03
:202DE00024BAB52BA83639A7AD333CA221BFB02EA23C33AD2EB0BF212BB5BA24A73936A8E3
:202E00005BC5CA54D74946D8D24C43DD5EC0CF51DD434CD251CFC05E54CAC55BD84649D7C2
:202E2000DE404FD152CCC35D57C9C658DB454AD458C6C957D44A45DBD14F40DE5DC3CC52A2
:202E4000D84649D754CAC55B51CFC05EDD434CD25EC0CF51D24C43DDD74946D85BC5CA5482
:202E60005DC3CC52D14F40DED44A45DB58C6C957DB454AD457C9C65852CCC35DDE404FD162
:202E800024BAB52BA83639A7AD333CA221BFB02EA23C33AD2EB0BF212BB5BA24A73936A842
:202EA000A13F30AE2DB3BC2228B6B927A43A35AB27B9B628AB353AA4AE303FA122BCB32D22
:202EC000A73936A82BB5BA242EB0BF21A23C33AD21BFB02EAD333CA2A83639A724BAB52B02
:202EE00022BCB32DAE303FA1AB353AA427B9B628A43A35AB28B6B9272DB3BC22A13F30AEE2
:202F000027B9B628AB353AA4AE303FA122BCB32DA13F30AE2DB3BC2228B6B927A43A35ABC1
:202F2000A23C33AD2EB0BF212BB5BA24A73936A824BAB52BA83639A7AD333CA221BFB02EA1
:202F4000A43A35AB28B6B9272DB3BC22A13F30AE22BCB32DAE303FA1AB353AA427B9B62881
:202F600021BFB02EAD333CA2A83639A724BAB52BA73936A82BB5BA242EB0BF21A23C33AD61
:202F800058C6C957D44A45DBD14F40DE5DC3CC52DE404FD152CCC35D57C9C658DB454AD441
:202FA000DD434CD251CFC05E54CAC55BD84649D75BC5CA54D74946D8D24C43DD5EC0CF5121
:202FC000DB454AD457C9C65852CCC35DDE404FD15DC3CC52D14F40DED44A45DB58C6C95701
:202FE0005EC0CF51D24C43DDD74946D85BC5CA54D84649D754CAC55B51CFC05EDD434CD2E1
:203000005DC3CC52D14F40DED44A45DB58C6C957DB454AD457C9C65852CCC35DDE404FD1C0
:20302000D84649D754CAC55B51CFC05EDD434CD25EC0CF51D24C43DDD74946D85BC5CA54A0
:20304000DE404FD152CCC35D57C9C658DB454AD458C6C957D44A45DBD14F40DE5DC3CC5280
:203060005BC5CA54D74946D8D24C43DD5EC0CF51DD434CD251CFC05E54CAC55BD84649D760
:2030800022BCB32DAE303FA1AB353AA427B9B628A43A35AB28B6B9272DB3BC22A13F30AE40
:2030A000A73936A82BB5BA242EB0BF21A23C33AD21BFB02EAD333CA2A83639A724BAB52B20
:2030C000A13F30AE2DB3BC2228B6B927A43A35AB27B9B628AB353AA4AE303FA122BCB32D00
:2030E00024BAB52BA83639A7AD333CA221BFB02EA23C33AD2EB0BF212BB5BA24A73936A8E0
:2031000021BFB02EAD333CA2A83639A724BAB52BA73936A82BB5BA242EB0BF21A23C33ADBF
:20312000A43A35AB28B6B9272DB3BC22A13F30AE22BCB32DAE303FA1AB353AA427B9B6289F
:20314000A23C33AD2EB0BF212BB5BA24A73936A824BAB52BA83639A7AD333CA221BFB02E7F
:2031600027B9B628AB353AA4AE303FA122BCB32DA13F30AE2DB3BC2228B6B927A43A35AB5F
:203180005EC0CF51D24C43DDD74946D85BC5CA54D84649D754CAC55B51CFC05EDD434CD23F
:2031A000DB454AD457C9C65852CCC35DDE404FD15DC3CC52D14F40DED44A45DB58C6C9571F
:2031C000DD434CD251CFC05E54CAC55BD84649D75BC5CA54D74946D8D24C43DD5EC0CF51FF
:2031E00058C6C957D44A45DBD14F40DE5DC3CC52DE404FD152CCC35D57C9C658DB454AD4DF
:2032000027B9B628AB353AA4AE303FA122BCB32DA13F30AE2DB3BC2228B6B927A43A35ABBE
:20322000A23C33AD2EB0BF212BB5BA24A73936A824BAB52BA83639A7AD333CA221BFB02E9E
:20324000A43A35AB28B6B9272DB3BC22A13F30AE22BCB32DAE303FA1AB353AA427B9B6287E
:2032600021BFB02EAD333CA2A83639A724BAB52BA73936A82BB5BA242EB0BF21A23C33AD5E
:2032800058C6C957D44A45DBD14F40DE5DC3CC52DE404FD152CCC35D57C9C658DB454AD43E
:2032A000DD434CD251CFC05E54CAC55BD84649D75BC5CA54D74946D8D24C43DD5EC0CF511E
:2032C000DB454AD457C9C65852CCC35DDE404FD15DC3CC52D14F40DED44A45DB58C6C957FE
:2032E0005EC0CF51D24C43DDD74946D85BC5CA54D84649D754CAC55B51CFC05EDD434CD2DE
:203300005BC5CA54D74946D8D24C43DD5EC0CF51DD434CD251CFC05E54CAC55BD84649D7BD
:20332000DE404FD152CCC35D57C9C658DB454AD458C6C957D44A45DBD14F40DE5DC3CC529D
:20334000D84649D754CAC55B51CFC05EDD434CD25EC0CF51D24C43DDD74946D85BC5CA547D
:203360005DC3CC52D14F40DED44A45DB58C6C957DB454AD457C9C65852CCC35DDE404FD15D
:2033800024BAB52BA83639A7AD333CA221BFB02EA23C33AD2EB0BF212BB5BA24A73936A83D
:2033A000A13F30AE2DB3BC2228B6B927A43A35AB27B9B628AB353AA4AE303FA122BCB32D1D
:2033C000A73936A82BB5BA242EB0BF21A23C33AD21BFB02EAD333CA2A83639A724BAB52BFD
:2033E00022BCB32DAE303FA1AB353AA427B9B628A43A35AB28B6B9272DB3BC22A13F30AEDD
:2034000024BAB52BA83639A7AD333CA221BFB02EA23C33AD2EB0BF212BB5BA24A73936A8BC
:20342000A13F30AE2DB3BC2228B6B927A43A35AB27B9B628AB353AA4AE303FA122BCB32D9C
:20344000A73936A82BB5BA242EB0BF21A23C33AD21BFB02EAD333CA2A83639A724BAB52B7C
:2034600022BCB32DAE303FA1AB353AA427B9B628A43A35AB28B6B9272DB3BC22A13F30AE5C
:203480005BC5CA54D74946D8D24C43DD5EC0CF51DD434CD251CFC05E54CAC55BD84649D73C
:2034A000DE404FD152CCC35D57C9C658DB454AD458C6C957D44A45DBD14F40DE5DC3CC521C
:2034C000D84649D754CAC55B51CFC05EDD434CD25EC0CF51D24C43DDD74946D85BC5CA54FC
:2034E0005DC3CC52D14F40DED44A45DB58C6C957DB454AD457C9C65852CCC35DDE404FD1DC
:2035000058C6C957D44A45DBD14F40DE5DC3CC52DE404FD152CCC35D57C9C658DB454AD4BB
:20352000DD434CD251CFC05E54CAC55BD84649D75BC5CA54D74946D8D24C43DD5EC0CF519B
:20354000DB454AD457C9C65852CCC35DDE404FD15DC3CC52D14F40DED44A45DB58C6C9577B
:203560005EC0CF51D24C43DDD74946D85BC5CA54D84649D754CAC55B51CFC05EDD434CD25B
:2035800027B9B628AB353AA4AE303FA122BCB32DA13F30AE2DB3BC2228B6B927A43A35AB3B
:2035A000A23C33AD2EB0BF212BB5BA24A73936A824BAB52BA83639A7AD333CA221BFB02E1B
:2035C000A43A35AB28B6B9272DB3BC22A13F30AE22BCB32DAE303FA1AB353AA427B9B628FB
:2035E00021BFB02EAD333CA2A83639A724BAB52BA73936A82BB5BA242EB0BF21A23C33ADDB
:203600005EC0CF51D24C43DDD74946D85BC5CA54D84649D754CAC55B51CFC05EDD434CD2BA
:20362000DB454AD457C9C65852CCC35DDE404FD15DC3CC52D14F40DED44A45DB58C6C9579A
:20364000DD434CD251CFC05E54CAC55BD84649D75BC5CA54D74946D8D24C43DD5EC0CF517A
:2036600058C6C957D44A45DBD14F40DE5DC3CC52DE404FD152CCC35D57C9C658DB454AD45A
:2036800021BFB02EAD333CA2A83639A724BAB52BA73936A82BB5BA242EB0BF21A23C33AD3A
:2036A000A43A35AB28B6B9272DB3BC22A13F30AE22BCB32DAE303FA1AB353AA427B9B6281A
:2036C000A23C33AD2EB0BF212BB5BA24A73936A824BAB52BA83639A7AD333CA221BFB02EFA
:2036E00027B9B628AB353AA4AE303FA122BCB32DA13F30AE2DB3BC2228B6B927A43A35ABDA
:2037000022BCB32DAE303FA1AB353AA427B9B628A43A35AB28B6B9272DB3BC22A13F30AEB9
:20372000A73936A82BB5BA242EB0BF21A23C33AD21BFB02EAD333CA2A83639A724BAB52B99
:20374000A13F30AE2DB3BC2228B6B927A43A35AB27B9B628AB353AA4AE303FA122BCB32D79
:2037600024BAB52BA83639A7AD333CA221BFB02EA23C33AD2EB0BF212BB5BA24A73936A859
:203780005DC3CC52D14F40DED44A45DB58C6C957DB454AD457C9C65852CCC35DDE404FD139
:2037A000D84649D754CAC55B51CFC05EDD434CD25EC0CF51D24C43DDD74946D85BC5CA5419
:2037C000DE404FD152CCC35D57C9C658DB454AD458C6C957D44A45DBD14F40DE5DC3CC52F9
:2037E0005BC5CA54D74946D8D24C43DD5EC0CF51DD434CD251CFC05E54CAC55BD84649D7D9
:203800002BB5BA24A73936A8A23C33AD2EB0BF21AD333CA221BFB02E24BAB52BA83639A7B8
:20382000AE303FA122BCB32D27B9B628AB353AA428B6B927A43A35ABA13F30AE2DB3BC2298
:20384000A83639A724BAB52B21BFB02EAD333CA22EB0BF21A23C33ADA73936A82BB5BA2478
:203860002DB3BC22A13F30AEA43A35AB28B6B927AB353AA427B9B62822BCB32DAE303FA158
:2038800054CAC55BD84649D7DD434CD251CFC05ED24C43DD5EC0CF515BC5CA54D74946D838
:2038A000D14F40DE5DC3CC5258C6C957D44A45DB57C9C658DB454AD4DE404FD152CCC35D18
:2038C000D74946D85BC5CA545EC0CF51D24C43DD51CFC05EDD434CD2D84649D754CAC55BF8
:2038E00052CCC35DDE404FD1DB454AD457C9C658D44A45DB58C6C9575DC3CC52D14F40DED8
:2039000057C9C658DB454AD4DE404FD152CCC35DD14F40DE5DC3CC5258C6C957D44A45DBB7
:20392000D24C43DD5EC0CF515BC5CA54D74946D854CAC55BD84649D7DD434CD251CFC05E97
:20394000D44A45DB58C6C9575DC3CC52D14F40DE52CCC35DDE404FD1DB454AD457C9C65877
:2039600051CFC05EDD434CD2D84649D754CAC55BD74946D85BC5CA545EC0CF51D24C43DD57
:2039800028B6B927A43A35ABA13F30AE2DB3BC22AE303FA122BCB32D27B9B628AB353AA437
:2039A000AD333CA221BFB02E24BAB52BA83639A72BB5BA24A73936A8A23C33AD2EB0BF2117
:2039C000AB353AA427B9B62822BCB32DAE303FA12DB3BC22A13F30AEA43A35AB28B6B927F7
:2039E0002EB0BF21A23C33ADA73936A82BB5BA24A83639A724BAB52B21BFB02EAD333CA2D7
:203A000051CFC05EDD434CD2D84649D754CAC55BD74946D85BC5CA545EC0CF51D24C43DDB6
:203A2000D44A45DB58C6C9575DC3CC52D14F40DE52CCC35DDE404FD1DB454AD457C9C65896
:203A4000D24C43DD5EC0CF515BC5CA54D74946D854CAC55BD84649D7DD434CD251CFC05E76
:203A600057C9C658DB454AD4DE404FD152CCC35DD14F40DE5DC3CC5258C6C957D44A45DB56
:203A80002EB0BF21A23C33ADA73936A82BB5BA24A83639A724BAB52B21BFB02EAD333CA236
:203AA000AB353AA427B9B62822BCB32DAE303FA12DB3BC22A13F30AEA43A35AB28B6B92716
:203AC000AD333CA221BFB02E24BAB52BA83639A72BB5BA24A73936A8A23C33AD2EB0BF21F6
:203AE00028B6B927A43A35ABA13F30AE2DB3BC22AE303FA122BCB32D27B9B628AB353AA4D6
:203B00002DB3BC22A13F30AEA43A35AB28B6B927AB353AA427B9B62822BCB32DAE303FA1B5
:203B2000A83639A724BAB52B21BFB02EAD333CA22EB0BF21A23C33ADA73936A82BB5BA2495
:203B4000AE303FA122BCB32D27B9B628AB353AA428B6B927A43A35ABA13F30AE2DB3BC2275
:203B60002BB5BA24A73936A8A23C33AD2EB0BF21AD333CA221BFB02E24BAB52BA83639A755
:203B800052CCC35DDE404FD1DB454AD457C9C658D44A45DB58C6C9575DC3CC52D14F40DE35
:203BA000D74946D85BC5CA545EC0CF51D24C43DD51CFC05EDD434CD2D84649D754CAC55B15
:203BC000D14F40DE5DC3CC5258C6C957D44A45DB57C9C658DB454AD4DE404FD152CCC35DF5
:203BE00054CAC55BD84649D7DD434CD251CFC05ED24C43DD5EC0CF515BC5CA54D74946D8D5
:203C000052CCC35DDE404FD1DB454AD457C9C658D44A45DB58C6C9575DC3CC52D14F40DEB4
:203C2000D74946D85BC5CA545EC0CF51D24C43DD51CFC05EDD434CD2D84649D754CAC55B94
:203C4000D14F40DE5DC3CC5258C6C957D44A45DB57C9C658DB454AD4DE404FD152CCC35D74
:203C600054CAC55BD84649D7DD434CD251CFC05ED24C43DD5EC0CF515BC5CA54D74946D854
:203C80002DB3BC22A13F30AEA43A35AB28B6B927AB353AA427B9B62822BCB32DAE303FA134
:203CA000A83639A724BAB52B21BFB02EAD333CA22EB0BF21A23C33ADA73936A82BB5BA2414
:203CC000AE303FA122BCB32D27B9B628AB353AA428B6B927A43A35ABA13F30AE2DB3BC22F4
:203CE0002BB5BA24A73936A8A23C33AD2EB0BF21AD333CA221BFB02E24BAB52BA83639A7D4
:203D00002EB0BF21A23C33ADA73936A82BB5BA24A83639A724BAB52B21BFB02EAD333CA2B3
:203D2000AB353AA427B9B62822BCB32DAE303FA12DB3BC22A13F30AEA43A35AB28B6B92793
:203D4000AD333CA221BFB02E24BAB52BA83639A72BB5BA24A73936A8A23C33AD2EB0BF2173
:203D600028B6B927A43A35ABA13F30AE2DB3BC22AE303FA122BCB32D27B9B628AB353AA453
:203D800051CFC05EDD434CD2D84649D754CAC55BD74946D85BC5CA545EC0CF51D24C43DD33
:203DA000D44A45DB58C6C9575DC3CC52D14F40DE52CCC35DDE404FD1DB454AD457C9C65813
:203DC000D24C43DD5EC0CF515BC5CA54D74946D854CAC55BD84649D7DD434CD251CFC05EF3
:203DE00057C9C658DB454AD4DE404FD152CCC35DD14F40DE5DC3CC5258C6C957D44A45DBD3
:203E000028B6B927A43A35ABA13F30AE2DB3BC22AE303FA122BCB32D27B9B628AB353AA4B2
:203E2000AD333CA221BFB02E24BAB52BA83639A72BB5BA24A73936A8A23C33AD2EB0BF2192
:203E4000AB353AA427B9B62822BCB32DAE303FA12DB3BC22A13F30AEA43A35AB28B6B92772
:203E60002EB0BF21A23C33ADA73936A82BB5BA24A83639A724BAB52B21BFB02EAD333CA252
:203E800057C9C658DB454AD4DE404FD152CCC35DD14F40DE5DC3CC5258C6C957D44A45DB32
:203EA000D24C43DD5EC0CF515BC5CA54D74946D854CAC55BD84649D7DD434CD251CFC05E12
:203EC000D44A45DB58C6C9575DC3CC52D14F40DE52CCC35DDE404FD1DB454AD457C9C658F2
:203EE00051CFC05EDD434CD2D84649D754CAC55BD74946D85BC5CA545EC0CF51D24C43DDD2
:203F000054CAC55BD84649D7DD434CD251CFC05ED24C43DD5EC0CF515BC5CA54D74946D8B1
:203F2000D14F40DE5DC3CC5258C6C957D44A45DB57C9C658DB454AD4DE404FD152CCC35D91
:203F4000D74946D85BC5CA545EC0CF51D24C43DD51CFC05EDD434CD2D84649D754CAC55B71
:203F600052CCC35DDE404FD1DB454AD457C9C658D44A45DB58C6C9575DC3CC52D14F40DE51
:203F80002BB5BA24A73936A8A23C33AD2EB0BF21AD333CA221BFB02E24BAB52BA83639A731
:203FA000AE303FA122BCB32D27B9B628AB353AA428B6B927A43A35ABA13F30AE2DB3BC2211
:203FC000A83639A724BAB52B21BFB02EAD333CA22EB0BF21A23C33ADA73936A82BB5BA24F1
:203FE0002DB3BC22A13F30AEA43A35AB28B6B927AB353AA427B9B62822BCB32DAE303FA1D1
:2040000021BFB02EAD333CA2A83639A724BAB52BA73936A82BB5BA242EB0BF21A23C33ADB0
:20402000A43A35AB28B6B9272DB3BC22A13F30AE22BCB32DAE303FA1AB353AA427B9B62890
:20404000A23C33AD2EB0BF212BB5BA24A73936A824BAB52BA83639A7AD333CA221BFB02E70
:2040600027B9B628AB353AA4AE303FA122BCB32DA13F30AE2DB3BC2228B6B927A43A35AB50
:204080005EC0CF51D24C43DDD74946D85BC5CA54D84649D754CAC55B51CFC05EDD434CD230
:2040A000DB454AD457C9C65852CCC35DDE404FD15DC3CC52D14F40DED44A45DB58C6C95710
:2040C000DD434CD251CFC05E54CAC55BD84649D75BC5CA54D74946D8D24C43DD5EC0CF51F0
:2040E00058C6C957D44A45DBD14F40DE5DC3CC52DE404FD152CCC35D57C9C658DB454AD4D0
:204100005DC3CC52D14F40DED44A45DB58C6C957DB454AD457C9C65852CCC35DDE404FD1AF
:20412000D84649D754CAC55B51CFC05EDD434CD25EC0CF51D24C43DDD74946D85BC5CA548F
:20414000DE404FD152CCC35D57C9C658DB454AD458C6C957D44A45DBD14F40DE5DC3CC526F
:204160005BC5CA54D74946D8D24C43DD5EC0CF51DD434CD251CFC05E54CAC55BD84649D74F
:2041800022BCB32DAE303FA1AB353AA427B9B628A43A35AB28B6B9272DB3BC22A13F30AE2F
:2041A000A73936A82BB5BA242EB0BF21A23C33AD21BFB02EAD333CA2A83639A724BAB52B0F
:2041C000A13F30AE2DB3BC2228B6B927A43A35AB27B9B628AB353AA4AE303FA122BCB32DEF
:2041E00024BAB52BA83639A7AD333CA221BFB02EA23C33AD2EB0BF212BB5BA24A73936A8CF
:204200005BC5CA54D74946D8D24C43DD5EC0CF51DD434CD251CFC05E54CAC55BD84649D7AE
:20422000DE404FD152CCC35D57C9C658DB454AD458C6C957D44A45DBD14F40DE5DC3CC528E
:20424000D84649D754CAC55B51CFC05EDD434CD25EC0CF51D24C43DDD74946D85BC5CA546E
:204260005DC3CC52D14F40DED44A45DB58C6C957DB454AD457C9C65852CCC35DDE404FD14E
:2042800024BAB52BA83639A7AD333CA221BFB02EA23C33AD2EB0BF212BB5BA24A73936A82E
:2042A000A13F30AE2DB3BC2228B6B927A43A35AB27B9B628AB353AA4AE303FA122BCB32D0E
:2042C000A73936A82BB5BA242EB0BF21A23C33AD21BFB02EAD333CA2A83639A724BAB52BEE
:2042E00022BCB32DAE303FA1AB353AA427B9B628A43A35AB28B6B9272DB3BC22A13F30AECE
:2043000027B9B628AB353AA4AE303FA122BCB32DA13F30AE2DB3BC2228B6B927A43A35ABAD
:20432000A23C33AD2EB0BF212BB5BA24A73936A824BAB52BA83639A7AD333CA221BFB02E8D
:20434000A43A35AB28B6B9272DB3BC22A13F30AE22BCB32DAE303FA1AB353AA427B9B6286D
:2043600021BFB02EAD333CA2A83639A724BAB52BA73936A82BB5BA242EB0BF21A23C33AD4D
:2043800058C6C957D44A45DBD14F40DE5DC3CC52DE404FD152CCC35D57C9C658DB454AD42D
:2043A000DD434CD251CFC05E54CAC55BD84649D75BC5CA54D74946D8D24C43DD5EC0CF510D
:2043C000DB454AD457C9C65852CCC35DDE404FD15DC3CC52D14F40DED44A45DB58C6C957ED
:2043E0005EC0CF51D24C43DDD74946D85BC5CA54D84649D754CAC55B51CFC05EDD434CD2CD
:2044000058C6C957D44A45DBD14F40DE5DC3CC52DE404FD152CCC35D57C9C658DB454AD4AC
:20442000DD434CD251CFC05E54CAC55BD84649D75BC5CA54D74946D8D24C43DD5EC0CF518C
:20444000DB454AD457C9C65852CCC35DDE404FD15DC3CC52D14F40DED44A45DB58C6C9576C
:204460005EC0CF51D24C43DDD74946D85BC5CA54D84649D754CAC55B51CFC05EDD434CD24C
:2044800027B9B628AB353AA4AE303FA122BCB32DA13F30AE2DB3BC2228B6B927A43A35AB2C
:2044A000A23C33AD2EB0BF212BB5BA24A73936A824BAB52BA83639A7AD333CA221BFB02E0C
:2044C000A43A35AB28B6B9272DB3BC22A13F30AE22BCB32DAE303FA1AB353AA427B9B628EC
:2044E00021BFB02EAD333CA2A83639A724BAB52BA73936A82BB5BA242EB0BF21A23C33ADCC
:2045000024BAB52BA83639A7AD333CA221BFB02EA23C33AD2EB0BF212BB5BA24A73936A8AB
:20452000A13F30AE2DB3BC2228B6B927A43A35AB27B9B628AB353AA4AE303FA122BCB32D8B
:20454000A73936A82BB5BA242EB0BF21A23C33AD21BFB02EAD333CA2A83639A724BAB52B6B
:2045600022BCB32DAE303FA1AB353AA427B9B628A43A35AB28B6B9272DB3BC22A13F30AE4B
:204580005BC5CA54D74946D8D24C43DD5EC0CF51DD434CD251CFC05E54CAC55BD84649D72B
:2045A000DE404FD152CCC35D57C9C658DB454AD458C6C957D44A45DBD14F40DE5DC3CC520B
:2045C000D84649D754CAC55B51CFC05EDD434CD25EC0CF51D24C43DDD74946D85BC5CA54EB
:2045E0005DC3CC52D14F40DED44A45DB58C6C957DB454AD457C9C65852CCC35DDE404FD1CB
:2046000022BCB32DAE303FA1AB353AA427B9B628A43A35AB28B6B9272DB3BC22A13F30AEAA
:20462000A73936A82BB5BA242EB0BF21A23C33AD21BFB02EAD333CA2A83639A724BAB52B8A
:20464000A13F30AE2DB3BC2228B6B927A43A35AB27B9B628AB353AA4AE303FA122BCB32D6A
:2046600024BAB52BA83639A7AD333CA221BFB02EA23C33AD2EB0BF212BB5BA24A73936A84A
:204680005DC3CC52D14F40DED44A45DB58C6C957DB454AD457C9C65852CCC35DDE404FD12A
:2046A000D84649D754CAC55B51CFC05EDD434CD25EC0CF51D24C43DDD74946D85BC5CA540A
:2046C000DE404FD152CCC35D57C9C658DB454AD458C6C957D44A45DBD14F40DE5DC3CC52EA
:2046E0005BC5CA54D74946D8D24C43DD5EC0CF51DD434CD251CFC05E54CAC55BD84649D7CA
:204700005EC0CF51D24C43DDD74946D85BC5CA54D84649D754CAC55B51CFC05EDD434CD2A9
:20472000DB454AD457C9C65852CCC35DDE404FD15DC3CC52D14F40DED44A45DB58C6C95789
:20474000DD434CD251CFC05E54CAC55BD84649D75BC5CA54D74946D8D24C43DD5EC0CF5169
:2047600058C6C957D44A45DBD14F40DE5DC3CC52DE404FD152CCC35D57C9C658DB454AD449
:2047800021BFB02EAD333CA2A83639A724BAB52BA73936A82BB5BA242EB0BF21A23C33AD29
:2047A000A43A35AB28B6B9272DB3BC22A13F30AE22BCB32DAE303FA1AB353AA427B9B62809
:2047C000A23C33AD2EB0BF212BB5BA24A73936A824BAB52BA83639A7AD333CA221BFB02EE9
:2047E00027B9B628AB353AA4AE303FA122BCB32DA13F30AE2DB3BC2228B6B927A43A35ABC9
:2048000057C9C658DB454AD4DE404FD152CCC35DD14F40DE5DC3CC5258C6C957D44A45DBA8
:20482000D24C43DD5EC0CF515BC5CA54D74946D854CAC55BD84649D7DD434CD251CFC05E88
:20484000D44A45DB58C6C9575DC3CC52D14F40DE52CCC35DDE404FD1DB454AD457C9C65868
:2048600051CFC05EDD434CD2D84649D754CAC55BD74946D85BC5CA545EC0CF51D24C43DD48
:2048800028B6B927A43A35ABA13F30AE2DB3BC22AE303FA122BCB32D27B9B628AB353AA428
:2048A000AD333CA221BFB02E24BAB52BA83639A72BB5BA24A73936A8A23C33AD2EB0BF2108
:2048C000AB353AA427B9B62822BCB32DAE303FA12DB3BC22A13F30AEA43A35AB28B6B927E8
:2048E0002EB0BF21A23C33ADA73936A82BB5BA24A83639A724BAB52B21BFB02EAD333CA2C8
:204900002BB5BA24A73936A8A23C33AD2EB0BF21AD333CA221BFB02E24BAB52BA83639A7A7
:20492000AE303FA122BCB32D27B9B628AB353AA428B6B927A43A35ABA13F30AE2DB3BC2287
:20494000A83639A724BAB52B21BFB02EAD333CA22EB0BF21A23C33ADA73936A82BB5BA2467
:204960002DB3BC22A13F30AEA43A35AB28B6B927AB353AA427B9B62822BCB32DAE303FA147
:2049800054CAC55BD84649D7DD434CD251CFC05ED24C43DD5EC0CF515BC5CA54D74946D827
:2049A000D14F40DE5DC3CC5258C6C957D44A45DB57C9C658DB454AD4DE404FD152CCC35D07
:2049C000D74946D85BC5CA545EC0CF51D24C43DD51CFC05EDD434CD2D84649D754CAC55BE7
:2049E00052CCC35DDE404FD1DB454AD457C9C658D44A45DB58C6C9575DC3CC52D14F40DEC7
:204A00002DB3BC22A13F30AEA43A35AB28B6B927AB353AA427B9B62822BCB32DAE303FA1A6
:204A2000A83639A724BAB52B21BFB02EAD333CA22EB0BF21A23C33ADA73936A82BB5BA2486
:204A4000AE303FA122BCB32D27B9B628AB353AA428B6B927A43A35ABA13F30AE2DB3BC2266
:204A60002BB5BA24A73936A8A23C33AD2EB0BF21AD333CA221BFB02E24BAB52BA83639A746
:204A800052CCC35DDE404FD1DB454AD457C9C658D44A45DB58C6C9575DC3CC52D14F40DE26
:204AA000D74946D85BC5CA545EC0CF51D24C43DD51CFC05EDD434CD2D84649D754CAC55B06
:204AC000D14F40DE5DC3CC5258C6C957D44A45DB57C9C658DB454AD4DE404FD152CCC35DE6
:204AE00054CAC55BD84649D7DD434CD251CFC05ED24C43DD5EC0CF515BC5CA54D74946D8C6
:204B000051CFC05EDD434CD2D84649D754CAC55BD74946D85BC5CA545EC0CF51D24C43DDA5
:204B2000D44A45DB58C6C9575DC3CC52D14F40DE52CCC35DDE404FD1DB454AD457C9C65885
:204B4000D24C43DD5EC0CF515BC5CA54D74946D854CAC55BD84649D7DD434CD251CFC05E65
:204B600057C9C658DB454AD4DE404FD152CCC35DD14F40DE5DC3CC5258C6C957D44A45DB45
:204B80002EB0BF21A23C33ADA73936A82BB5BA24A83639A724BAB52B21BFB02EAD333CA225
:204BA000AB353AA427B9B62822BCB32DAE303FA12DB3BC22A13F30AEA43A35AB28B6B92705
:204BC000AD333CA221BFB02E24BAB52BA83639A72BB5BA24A73936A8A23C33AD2EB0BF21E5
:204BE00028B6B927A43A35ABA13F30AE2DB3BC22AE303FA122BCB32D27B9B628AB353AA4C5
:204C00002EB0BF21A23C33ADA73936A82BB5BA24A83639A724BAB52B21BFB02EAD333CA2A4
:204C2000AB353AA427B9B62822BCB32DAE303FA12DB3BC22A13F30AEA43A35AB28B6B92784
:204C4000AD333CA221BFB02E24BAB52BA83639A72BB5BA24A73936A8A23C33AD2EB0BF2164
:204C600028B6B927A43A35ABA13F30AE2DB3BC22AE303FA122BCB32D27B9B628AB353AA444
:204C800051CFC05EDD434CD2D84649D754CAC55BD74946D85BC5CA545EC0CF51D24C43DD24
:204CA000D44A45DB58C6C9575DC3CC52D14F40DE52CCC35DDE404FD1DB454AD457C9C65804
:204CC000D24C43DD5EC0CF515BC5CA54D74946D854CAC55BD84649D7DD434CD251CFC05EE4
:204CE00057C9C658DB454AD4DE404FD152CCC35DD14F40DE5DC3CC5258C6C957D44A45DBC4
:204D000052CCC35DDE404FD1DB454AD457C9C658D44A45DB58C6C9575DC3CC52D14F40DEA3
:204D2000D74946D85BC5CA545EC0CF51D24C43DD51CFC05EDD434CD2D84649D754CAC55B83
:204D4000D14F40DE5DC3CC5258C6C957D44A45DB57C9C658DB454AD4DE404FD152CCC35D63
:204D600054CAC55BD84649D7DD434CD251CFC05ED24C43DD5EC0CF515BC5CA54D74946D843
:204D80002DB3BC22A13F30AEA43A35AB28B6B927AB353AA427B9B62822BCB32DAE303FA123
:204DA000A83639A724BAB52B21BFB02EAD333CA22EB0BF21A23C33ADA73936A82BB5BA2403
:204DC000AE303FA122BCB32D27B9B628AB353AA428B6B927A43A35ABA13F30AE2DB3BC22E3
:204DE0002BB5BA24A73936A8A23C33AD2EB0BF21AD333CA221BFB02E24BAB52BA83639A7C3
:204E000054CAC55BD84649D7DD434CD251CFC05ED24C43DD5EC0CF515BC5CA54D74946D8A2
:204E2000D14F40DE5DC3CC5258C6C957D44A45DB57C9C658DB454AD4DE404FD152CCC35D82
:204E4000D74946D85BC5CA545EC0CF51D24C43DD51CFC05EDD434CD2D84649D754CAC55B62
:204E600052CCC35DDE404FD1DB454AD457C9C658D44A45DB58C6C9575DC3CC52D14F40DE42
:204E80002BB5BA24A73936A8A23C33AD2EB0BF21AD333CA221BFB02E24BAB52BA83639A722
:204EA000AE303FA122BCB32D27B9B628AB353AA428B6B927A43A35ABA13F30AE2DB3BC2202
:204EC000A83639A724BAB52B21BFB02EAD333CA22EB0BF21A23C33ADA73936A82BB5BA24E2
:204EE0002DB3BC22A13F30AEA43A35AB28B6B927AB353AA427B9B62822BCB32DAE303FA1C2
:204F000028B6B927A43A35ABA13F30AE2DB3BC22AE303FA122BCB32D27B9B628AB353AA4A1
:204F2000AD333CA221BFB02E24BAB52BA83639A72BB5BA24A73936A8A23C33AD2EB0BF2181
:204F4000AB353AA427B9B62822BCB32DAE303FA12DB3BC22A13F30AEA43A35AB28B6B92761
:204F60002EB0BF21A23C33ADA73936A82BB5BA24A83639A724BAB52B21BFB02EAD333CA241
:204F800057C9C658DB454AD4DE404FD152CCC35DD14F40DE5DC3CC5258C6C957D44A45DB21
:204FA000D24C43DD5EC0CF515BC5CA54D74946D854CAC55BD84649D7DD434CD251CFC05E01
:204FC000D44A45DB58C6C9575DC3CC52D14F40DE52CCC35DDE404FD1DB454AD457C9C658E1
:204FE00051CFC05EDD434CD2D84649D754CAC55BD74946D85BC5CA545EC0CF51D24C43DDC1
:2050000052CCC35DDE404FD1DB454AD457C9C658D44A45DB58C6C9575DC3CC52D14F40DEA0
:20502000D74946D85BC5CA545EC0CF51D24C43DD51CFC05EDD434CD2D84649D754CAC55B80
:20504000D14F40DE5DC3CC5258C6C957D44A45DB57C9C658DB454AD4DE404FD152CCC35D60
:2050600054CAC55BD84649D7DD434CD251CFC05ED24C43DD5EC0CF515BC5CA54D74946D840
:205080002DB3BC22A13F30AEA43A35AB28B6B927AB353AA427B9B62822BCB32DAE303FA120
:2050A000A83639A724BAB52B21BFB02EAD333CA22EB0BF21A23C33ADA73936A82BB5BA2400
:2050C000AE303FA122BCB32D27B9B628AB353AA428B6B927A43A35ABA13F30AE2DB3BC22E0
:2050E0002BB5BA24A73936A8A23C33AD2EB0BF21AD333CA221BFB02E24BAB52BA83639A7C0
:205100002EB0BF21A23C33ADA73936A82BB5BA24A83639A724BAB52B21BFB02EAD333CA29F
:20512000AB353AA427B9B62822BCB32DAE303FA12DB3BC22A13F30AEA43A35AB28B6B9277F
:20514000AD333CA221BFB02E24BAB52BA83639A72BB5BA24A73936A8A23C33AD2EB0BF215F
:2051600028B6B927A43A35ABA13F30AE2DB3BC22AE303FA122BCB32D27B9B628AB353AA43F
:2051800051CFC05EDD434CD2D84649D754CAC55BD74946D85BC5CA545EC0CF51D24C43DD1F
:2051A000D44A45DB58C6C9575DC3CC52D14F40DE52CCC35DDE404FD1DB454AD457C9C658FF
:2051C000D24C43DD5EC0CF515BC5CA54D74946D854CAC55BD84649D7DD434CD251CFC05EDF
:2051E00057C9C658DB454AD4DE404FD152CCC35DD14F40DE5DC3CC5258C6C957D44A45DBBF
:2052000028B6B927A43A35ABA13F30AE2DB3BC22AE303FA122BCB32D27B9B628AB353AA49E
:20522000AD333CA221BFB02E24BAB52BA83639A72BB5BA24A73936A8A23C33AD2EB0BF217E
:20524000AB353AA427B9B62822BCB32DAE303FA12DB3BC22A13F30AEA43A35AB28B6B9275E
:205260002EB0BF21A23C33ADA73936A82BB5BA24A83639A724BAB52B21BFB02EAD333CA23E
:2052800057C9C658DB454AD4DE404FD152CCC35DD14F40DE5DC3CC5258C6C957D44A45DB1E
:2052A000D24C43DD5EC0CF515BC5CA54D74946D854CAC55BD84649D7DD434CD251CFC05EFE
:2052C000D44A45DB58C6C9575DC3CC52D14F40DE52CCC35DDE404FD1DB454AD457C9C658DE
:2052E00051CFC05EDD434CD2D84649D754CAC55BD74946D85BC5CA545EC0CF51D24C43DDBE
:2053000054CAC55BD84649D7DD434CD251CFC05ED24C43DD5EC0CF515BC5CA54D74946D89D
:20532000D14F40DE5DC3CC5258C6C957D44A45DB57C9C658DB454AD4DE404FD152CCC35D7D
:20534000D74946D85BC5CA545EC0CF51D24C43DD51CFC05EDD434CD2D84649D754CAC55B5D
:2053600052CCC35DDE404FD1DB454AD457C9C658D44A45DB58C6C9575DC3CC52D14F40DE3D
:205380002BB5BA24A73936A8A23C33AD2EB0BF21AD333CA221BFB02E24BAB52BA83639A71D
:2053A000AE303FA122BCB32D27B9B628AB353AA428B6B927A43A35ABA13F30AE2DB3BC22FD
:2053C000A83639A724BAB52B21BFB02EAD333CA22EB0BF21A23C33ADA73936A82BB5BA24DD
:2053E0002DB3BC22A13F30AEA43A35AB28B6B927AB353AA427B9B62822BCB32DAE303FA1BD
:205400002BB5BA24A73936A8A23C33AD2EB0BF21AD333CA221BFB02E24BAB52BA83639A79C
:20542000AE303FA122BCB32D27B9B628AB353AA428B6B927A43A35ABA13F30AE2DB3BC227C
:20544000A83639A724BAB52B21BFB02EAD333CA22EB0BF21A23C33ADA73936A82BB5BA245C
:205460002DB3BC22A13F30AEA43A35AB28B6B927AB353AA427B9B62822BCB32DAE303FA13C
:2054800054CAC55BD84649D7DD434CD251CFC05ED24C43DD5EC0CF515BC5CA54D74946D81C
:2054A000D14F40DE5DC3CC5258C6C957D44A45DB57C9C658DB454AD4DE404FD152CCC35DFC
:2054C000D74946D85BC5CA545EC0CF51D24C43DD51CFC05EDD434CD2D84649D754CAC55BDC
:2054E00052CCC35DDE404FD1DB454AD457C9C658D44A45DB58C6C9575DC3CC52D14F40DEBC
:2055000057C9C658DB454AD4DE404FD152CCC35DD14F40DE5DC3CC5258C6C957D44A45DB9B
:20552000D24C43DD5EC0CF515BC5CA54D74946D854CAC55BD84649D7DD434CD251CFC05E7B
:20554000D44A45DB58C6C9575DC3CC52D14F40DE52CCC35DDE404FD1DB454AD457C9C6585B
:2055600051CFC05EDD434CD2D84649D754CAC55BD74946D85BC5CA545EC0CF51D24C43DD3B
:2055800028B6B927A43A35ABA13F30AE2DB3BC22AE303FA122BCB32D27B9B628AB353AA41B
:2055A000AD333CA221BFB02E24BAB52BA83639A72BB5BA24A73936A8A23C33AD2EB0BF21FB
:2055C000AB353AA427B9B62822BCB32DAE303FA12DB3BC22A13F30AEA43A35AB28B6B927DB
:2055E0002EB0BF21A23C33ADA73936A82BB5BA24A83639A724BAB52B21BFB02EAD333CA2BB
:2056000051CFC05EDD434CD2D84649D754CAC55BD74946D85BC5CA545EC0CF51D24C43DD9A
:20562000D44A45DB58C6C9575DC3CC52D14F40DE52CCC35DDE404FD1DB454AD457C9C6587A
:20564000D24C43DD5EC0CF515BC5CA54D74946D854CAC55BD84649D7DD434CD251CFC05E5A
:2056600057C9C658DB454AD4DE404FD152CCC35DD14F40DE5DC3CC5258C6C957D44A45DB3A
:205680002EB0BF21A23C33ADA73936A82BB5BA24A83639A724BAB52B21BFB02EAD333CA21A
:2056A000AB353AA427B9B62822BCB32DAE303FA12DB3BC22A13F30AEA43A35AB28B6B927FA
:2056C000AD333CA221BFB02E24BAB52BA83639A72BB5BA24A73936A8A23C33AD2EB0BF21DA
:2056E00028B6B927A43A35ABA13F30AE2DB3BC22AE303FA122BCB32D27B9B628AB353AA4BA
:205700002DB3BC22A13F30AEA43A35AB28B6B927AB353AA427B9B62822BCB32DAE303FA199
:20572000A83639A724BAB52B21BFB02EAD333CA22EB0BF21A23C33ADA73936A82BB5BA2479
:20574000AE303FA122BCB32D27B9B628AB353AA428B6B927A43A35ABA13F30AE2DB3BC2259
:205760002BB5BA24A73936A8A23C33AD2EB0BF21AD333CA221BFB02E24BAB52BA83639A739
:2057800052CCC35DDE404FD1DB454AD457C9C658D44A45DB58C6C9575DC3CC52D14F40DE19
:2057A000D74946D85BC5CA545EC0CF51D24C43DD51CFC05EDD434CD2D84649D754CAC55BF9
:2057C000D14F40DE5DC3CC5258C6C957D44A45DB57C9C658DB454AD4DE404FD152CCC35DD9
:2057E00054CAC55BD84649D7DD434CD251CFC05ED24C43DD5EC0CF515BC5CA54D74946D8B9
:2058000024BAB52BA83639A7AD333CA221BFB02EA23C33AD2EB0BF212BB5BA24A73936A898
:20582000A13F30AE2DB3BC2228B6B927A43A35AB27B9B628AB353AA4AE303FA122BCB32D78
:20584000A73936A82BB5BA242EB0BF21A23C33AD21BFB02EAD333CA2A83639A724BAB52B58
:2058600022BCB32DAE303FA1AB353AA427B9B628A43A35AB28B6B9272DB3BC22A13F30AE38
:205880005BC5CA54D74946D8D24C43DD5EC0CF51DD434CD251CFC05E54CAC55BD84649D718
:2058A000DE404FD152CCC35D57C9C658DB454AD458C6C957D44A45DBD14F40DE5DC3CC52F8
:2058C000D84649D754CAC55B51CFC05EDD434CD25EC0CF51D24C43DDD74946D85BC5CA54D8
:2058E0005DC3CC52D14F40DED44A45DB58C6C957DB454AD457C9C65852CCC35DDE404FD1B8
:2059000058C6C957D44A45DBD14F40DE5DC3CC52DE404FD152CCC35D57C9C658DB454AD497
:20592000DD434CD251CFC05E54CAC55BD84649D75BC5CA54D74946D8D24C43DD5EC0CF5177
:20594000DB454AD457C9C65852CCC35DDE404FD15DC3CC52D14F40DED44A45DB58C6C95757
:205960005EC0CF51D24C43DDD74946D85BC5CA54D84649D754CAC55B51CFC05EDD434CD237
:2059800027B9B628AB353AA4AE303FA122BCB32DA13F30AE2DB3BC2228B6B927A43A35AB17
:2059A000A23C33AD2EB0BF212BB5BA24A73936A824BAB52BA83639A7AD333CA221BFB02EF7
:2059C000A43A35AB28B6B9272DB3BC22A13F30AE22BCB32DAE303FA1AB353AA427B9B628D7
:2059E00021BFB02EAD333CA2A83639A724BAB52BA73936A82BB5BA242EB0BF21A23C33ADB7
:205A00005EC0CF51D24C43DDD74946D85BC5CA54D84649D754CAC55B51CFC05EDD434CD296
:205A2000DB454AD457C9C65852CCC35DDE404FD15DC3CC52D14F40DED44A45DB58C6C95776
:205A4000DD434CD251CFC05E54CAC55BD84649D75BC5CA54D74946D8D24C43DD5EC0CF5156
:205A600058C6C957D44A45DBD14F40DE5DC3CC52DE404FD152CCC35D57C9C658DB454AD436
:205A800021BFB02EAD333CA2A83639A724BAB52BA73936A82BB5BA242EB0BF21A23C33AD16
:205AA000A43A35AB28B6B9272DB3BC22A13F30AE22BCB32DAE303FA1AB353AA427B9B628F6
:205AC000A23C33AD2EB0BF212BB5BA24A73936A824BAB52BA83639A7AD333CA221BFB02ED6
:205AE00027B9B628AB353AA4AE303FA122BCB32DA13F30AE2DB3BC2228B6B927A43A35ABB6
:205B000022BCB32DAE303FA1AB353AA427B9B628A43A35AB28B6B9272DB3BC22A13F30AE95
:205B2000A73936A82BB5BA242EB0BF21A23C33AD21BFB02EAD333CA2A83639A724BAB52B75
:205B4000A13F30AE2DB3BC2228B6B927A43A35AB27B9B628AB353AA4AE303FA122BCB32D55
:205B600024BAB52BA83639A7AD333CA221BFB02EA23C33AD2EB0BF212BB5BA24A73936A835
:205B80005DC3CC52D14F40DED44A45DB58C6C957DB454AD457C9C65852CCC35DDE404FD115
:205BA000D84649D754CAC55B51CFC05EDD434CD25EC0CF51D24C43DDD74946D85BC5CA54F5
:205BC000DE404FD152CCC35D57C9C658DB454AD458C6C957D44A45DBD14F40DE5DC3CC52D5
:205BE0005BC5CA54D74946D8D24C43DD5EC0CF51DD434CD251CFC05E54CAC55BD84649D7B5
:205C00005DC3CC52D14F40DED44A45DB58C6C957DB454AD457C9C65852CCC35DDE404FD194
:205C2000D84649D754CAC55B51CFC05EDD434CD25EC0CF51D24C43DDD74946D85BC5CA5474
:205C4000DE404FD152CCC35D57C9C658DB454AD458C6C957D44A45DBD14F40DE5DC3CC5254
:205C60005BC5CA54D74946D8D24C43DD5EC0CF51DD434CD251CFC05E54CAC55BD84649D734
:205C800022BCB32DAE303FA1AB353AA427B9B628A43A35AB28B6B9272DB3BC22A13F30AE14
:205CA000A73936A82BB5BA242EB0BF21A23C33AD21BFB02EAD333CA2A83639A724BAB52BF4
:205CC000A13F30AE2DB3BC2228B6B927A43A35AB27B9B628AB353AA4AE303FA122BCB32DD4
:205CE00024BAB52BA83639A7AD333CA221BFB02EA23C33AD2EB0BF212BB5BA24A73936A8B4
:205D000021BFB02EAD333CA2A83639A724BAB52BA73936A82BB5BA242EB0BF21A23C33AD93
:205D2000A43A35AB28B6B9272DB3BC22A13F30AE22BCB32DAE303FA1AB353AA427B9B62873
:205D4000A23C33AD2EB0BF212BB5BA24A73936A824BAB52BA83639A7AD333CA221BFB02E53
:205D600027B9B628AB353AA4AE303FA122BCB32DA13F30AE2DB3BC2228B6B927A43A35AB33
:205D80005EC0CF51D24C43DDD74946D85BC5CA54D84649D754CAC55B51CFC05EDD434CD213
:205DA000DB454AD457C9C65852CCC35DDE404FD15DC3CC52D14F40DED44A45DB58C6C957F3
:205DC000DD434CD251CFC05E54CAC55BD84649D75BC5CA54D74946D8D24C43DD5EC0CF51D3
:205DE00058C6C957D44A45DBD14F40DE5DC3CC52DE404FD152CCC35D57C9C658DB454AD4B3
:205E000027B9B628AB353AA4AE303FA122BCB32DA13F30AE2DB3BC2228B6B927A43A35AB92
:205E2000A23C33AD2EB0BF212BB5BA24A73936A824BAB52BA83639A7AD333CA221BFB02E72
:205E4000A43A35AB28B6B9272DB3BC22A13F30AE22BCB32DAE303FA1AB353AA427B9B62852
:205E600021BFB02EAD333CA2A83639A724BAB52BA73936A82BB5BA242EB0BF21A23C33AD32
:205E800058C6C957D44A45DBD14F40DE5DC3CC52DE404FD152CCC35D57C9C658DB454AD412
:205EA000DD434CD251CFC05E54CAC55BD84649D75BC5CA54D74946D8D24C43DD5EC0CF51F2
:205EC000DB454AD457C9C65852CCC35DDE404FD15DC3CC52D14F40DED44A45DB58C6C957D2
:205EE0005EC0CF51D24C43DDD74946D85BC5CA54D84649D754CAC55B51CFC05EDD434CD2B2
:205F00005BC5CA54D74946D8D24C43DD5EC0CF51DD434CD251CFC05E54CAC55BD84649D791
:205F2000DE404FD152CCC35D57C9C658DB454AD458C6C957D44A45DBD14F40DE5DC3CC5271
:205F4000D84649D754CAC55B51CFC05EDD434CD25EC0CF51D24C43DDD74946D85BC5CA5451
:205F60005DC3CC52D14F40DED44A45DB58C6C957DB454AD457C9C65852CCC35DDE404FD131
:205F800024BAB52BA83639A7AD333CA221BFB02EA23C33AD2EB0BF212BB5BA24A73936A811
:205FA000A13F30AE2DB3BC2228B6B927A43A35AB27B9B628AB353AA4AE303FA122BCB32DF1
:205FC000A73936A82BB5BA242EB0BF21A23C33AD21BFB02EAD333CA2A83639A724BAB52BD1
:205FE00022BCB32DAE303FA1AB353AA427B9B628A43A35AB28B6B9272DB3BC22A13F30AEB1
:206000004FD1DE40C35D52CCC65857C94AD4DB45C95758C645DBD44A40DED14FCC525DC390
:20602000CA545BC546D8D74943DDD24CCF515EC04CD2DD43C05E51CFC55B54CA49D7D84670
:20604000CC525DC340DED14F45DBD44AC95758C64AD4DB45C65857C9C35D52CC4FD1DE4050
:2060600049D7D846C55B54CAC05E51CF4CD2DD43CF515EC043DDD24C46D8D749CA545BC530
:2060800030AEA13FBC222DB3B92728B635ABA43AB62827B93AA4AB353FA1AE30B32D22BC10
:2060A000B52B24BA39A7A8363CA2AD33B02E21BF33ADA23CBF212EB0BA242BB536A8A739F0
:2060C000B32D22BC3FA1AE303AA4AB35B62827B935ABA43AB92728B6BC222DB330AEA13FD0
:2060E00036A8A739BA242BB5BF212EB033ADA23CB02E21BF3CA2AD3339A7A836B52B24BAB0
:2061000033ADA23CBF212EB0BA242BB536A8A739B52B24BA39A7A8363CA2AD33B02E21BF8F
:20612000B62827B93AA4AB353FA1AE30B32D22BC30AEA13FBC222DB3B92728B635ABA43A6F
:20614000B02E21BF3CA2AD3339A7A836B52B24BA36A8A739BA242BB5BF212EB033ADA23C4F
:2061600035ABA43AB92728B6BC222DB330AEA13FB32D22BC3FA1AE303AA4AB35B62827B92F
:206180004CD2DD43C05E51CFC55B54CA49D7D846CA545BC546D8D74943DDD24CCF515EC00F
:2061A000C95758C645DBD44A40DED14FCC525DC34FD1DE40C35D52CCC65857C94AD4DB45EF
:2061C000CF515EC043DDD24C46D8D749CA545BC549D7D846C55B54CAC05E51CF4CD2DD43CF
:2061E0004AD4DB45C65857C9C35D52CC4FD1DE40CC525DC340DED14F45DBD44AC95758C6AF
:2062000035ABA43AB92728B6BC222DB330AEA13FB32D22BC3FA1AE303AA4AB35B62827B98E
:20622000B02E21BF3CA2AD3339A7A836B52B24BA36A8A739BA242BB5BF212EB033ADA23C6E
:20624000B62827B93AA4AB353FA1AE30B32D22BC30AEA13FBC222DB3B92728B635ABA43A4E
:2062600033ADA23CBF212EB0BA242BB536A8A739B52B24BA39A7A8363CA2AD33B02E21BF2E
:206280004AD4DB45C65857C9C35D52CC4FD1DE40CC525DC340DED14F45DBD44AC95758C60E
:2062A000CF515EC043DDD24C46D8D749CA545BC549D7D846C55B54CAC05E51CF4CD2DD43EE
:2062C000C95758C645DBD44A40DED14FCC525DC34FD1DE40C35D52CCC65857C94AD4DB45CE
:2062E0004CD2DD43C05E51CFC55B54CA49D7D846CA545BC546D8D74943DDD24CCF515EC0AE
:2063000049D7D846C55B54CAC05E51CF4CD2DD43CF515EC043DDD24C46D8D749CA545BC58D
:20632000CC525DC340DED14F45DBD44AC95758C64AD4DB45C65857C9C35D52CC4FD1DE406D
:20634000CA545BC546D8D74943DDD24CCF515EC04CD2DD43C05E51CFC55B54CA49D7D8464D
:206360004FD1DE40C35D52CCC65857C94AD4DB45C95758C645DBD44A40DED14FCC525DC32D
:2063800036A8A739BA242BB5BF212EB033ADA23CB02E21BF3CA2AD3339A7A836B52B24BA0D
:2063A000B32D22BC3FA1AE303AA4AB35B62827B935ABA43AB92728B6BC222DB330AEA13FED
:2063C000B52B24BA39A7A8363CA2AD33B02E21BF33ADA23CBF212EB0BA242BB536A8A739CD
:2063E00030AEA13FBC222DB3B92728B635ABA43AB62827B93AA4AB353FA1AE30B32D22BCAD
:2064000036A8A739BA242BB5BF212EB033ADA23CB02E21BF3CA2AD3339A7A836B52B24BA8C
:20642000B32D22BC3FA1AE303AA4AB35B62827B935ABA43AB92728B6BC222DB330AEA13F6C
:20644000B52B24BA39A7A8363CA2AD33B02E21BF33ADA23CBF212EB0BA242BB536A8A7394C
:2064600030AEA13FBC222DB3B92728B635ABA43AB62827B93AA4AB353FA1AE30B32D22BC2C
:2064800049D7D846C55B54CAC05E51CF4CD2DD43CF515EC043DDD24C46D8D749CA545BC50C
:2064A000CC525DC340DED14F45DBD44AC95758C64AD4DB45C65857C9C35D52CC4FD1DE40EC
:2064C000CA545BC546D8D74943DDD24CCF515EC04CD2DD43C05E51CFC55B54CA49D7D846CC
:2064E0004FD1DE40C35D52CCC65857C94AD4DB45C95758C645DBD44A40DED14FCC525DC3AC
:206500004AD4DB45C65857C9C35D52CC4FD1DE40CC525DC340DED14F45DBD44AC95758C68B
:20652000CF515EC043DDD24C46D8D749CA545BC549D7D846C55B54CAC05E51CF4CD2DD436B
:20654000C95758C645DBD44A40DED14FCC525DC34FD1DE40C35D52CCC65857C94AD4DB454B
:206560004CD2DD43C05E51CFC55B54CA49D7D846CA545BC546D8D74943DDD24CCF515EC02B
:2065800035ABA43AB92728B6BC222DB330AEA13FB32D22BC3FA1AE303AA4AB35B62827B90B
:2065A000B02E21BF3CA2AD3339A7A836B52B24BA36A8A739BA242BB5BF212EB033ADA23CEB
:2065C000B62827B93AA4AB353FA1AE30B32D22BC30AEA13FBC222DB3B92728B635ABA43ACB
:2065E00033ADA23CBF212EB0BA242BB536A8A739B52B24BA39A7A8363CA2AD33B02E21BFAB
:206600004CD2DD43C05E51CFC55B54CA49D7D846CA545BC546D8D74943DDD24CCF515EC08A
:20662000C95758C645DBD44A40DED14FCC525DC34FD1DE40C35D52CCC65857C94AD4DB456A
:20664000CF515EC043DDD24C46D8D749CA545BC549D7D846C55B54CAC05E51CF4CD2DD434A
:206660004AD4DB45C65857C9C35D52CC4FD1DE40CC525DC340DED14F45DBD44AC95758C62A
:2066800033ADA23CBF212EB0BA242BB536A8A739B52B24BA39A7A8363CA2AD33B02E21BF0A
:2066A000B62827B93AA4AB353FA1AE30B32D22BC30AEA13FBC222DB3B92728B635ABA43AEA
:2066C000B02E21BF3CA2AD3339A7A836B52B24BA36A8A739BA242BB5BF212EB033ADA23CCA
:2066E00035ABA43AB92728B6BC222DB330AEA13FB32D22BC3FA1AE303AA4AB35B62827B9AA
:2067000030AEA13FBC222DB3B92728B635ABA43AB62827B93AA4AB353FA1AE30B32D22BC89
:20672000B52B24BA39A7A8363CA2AD33B02E21BF33ADA23CBF212EB0BA242BB536A8A73969
:20674000B32D22BC3FA1AE303AA4AB35B62827B935ABA43AB92728B6BC222DB330AEA13F49
:2067600036A8A739BA242BB5BF212EB033ADA23CB02E21BF3CA2AD3339A7A836B52B24BA29
:206780004FD1DE40C35D52CCC65857C94AD4DB45C95758C645DBD44A40DED14FCC525DC309
:2067A000CA545BC546D8D74943DDD24CCF515EC04CD2DD43C05E51CFC55B54CA49D7D846E9
:2067C000CC525DC340DED14F45DBD44AC95758C64AD4DB45C65857C9C35D52CC4FD1DE40C9
:2067E00049D7D846C55B54CAC05E51CF4CD2DD43CF515EC043DDD24C46D8D749CA545BC5A9
:2068000039A7A836B52B24BAB02E21BF3CA2AD33BF212EB033ADA23C36A8A739BA242BB588
:20682000BC222DB330AEA13F35ABA43AB92728B63AA4AB35B62827B9B32D22BC3FA1AE3068
:20684000BA242BB536A8A73933ADA23CBF212EB03CA2AD33B02E21BFB52B24BA39A7A83648
:206860003FA1AE30B32D22BCB62827B93AA4AB35B92728B635ABA43A30AEA13FBC222DB328
:2068800046D8D749CA545BC5CF515EC043DDD24CC05E51CF4CD2DD4349D7D846C55B54CA08
:2068A000C35D52CC4FD1DE404AD4DB45C65857C945DBD44AC95758C6CC525DC340DED14FE8
:2068C000C55B54CA49D7D8464CD2DD43C05E51CF43DDD24CCF515EC0CA545BC546D8D749C8
:2068E00040DED14FCC525DC3C95758C645DBD44AC65857C94AD4DB454FD1DE40C35D52CCA8
:2069000045DBD44AC95758C6CC525DC340DED14FC35D52CC4FD1DE404AD4DB45C65857C987
:20692000C05E51CF4CD2DD4349D7D846C55B54CA46D8D749CA545BC5CF515EC043DDD24C67
:20694000C65857C94AD4DB454FD1DE40C35D52CC40DED14FCC525DC3C95758C645DBD44A47
:2069600043DDD24CCF515EC0CA545BC546D8D749C55B54CA49D7D8464CD2DD43C05E51CF27
:206980003AA4AB35B62827B9B32D22BC3FA1AE30BC222DB330AEA13F35ABA43AB92728B607
:2069A000BF212EB033ADA23C36A8A739BA242BB539A7A836B52B24BAB02E21BF3CA2AD33E7
:2069C000B92728B635ABA43A30AEA13FBC222DB33FA1AE30B32D22BCB62827B93AA4AB35C7
:2069E0003CA2AD33B02E21BFB52B24BA39A7A836BA242BB536A8A73933ADA23CBF212EB0A7
:206A000043DDD24CCF515EC0CA545BC546D8D749C55B54CA49D7D8464CD2DD43C05E51CF86
:206A2000C65857C94AD4DB454FD1DE40C35D52CC40DED14FCC525DC3C95758C645DBD44A66
:206A4000C05E51CF4CD2DD4349D7D846C55B54CA46D8D749CA545BC5CF515EC043DDD24C46
:206A600045DBD44AC95758C6CC525DC340DED14FC35D52CC4FD1DE404AD4DB45C65857C926
:206A80003CA2AD33B02E21BFB52B24BA39A7A836BA242BB536A8A73933ADA23CBF212EB006
:206AA000B92728B635ABA43A30AEA13FBC222DB33FA1AE30B32D22BCB62827B93AA4AB35E6
:206AC000BF212EB033ADA23C36A8A739BA242BB539A7A836B52B24BAB02E21BF3CA2AD33C6
:206AE0003AA4AB35B62827B9B32D22BC3FA1AE30BC222DB330AEA13F35ABA43AB92728B6A6
:206B00003FA1AE30B32D22BCB62827B93AA4AB35B92728B635ABA43A30AEA13FBC222DB385
:206B2000BA242BB536A8A73933ADA23CBF212EB03CA2AD33B02E21BFB52B24BA39A7A83665
:206B4000BC222DB330AEA13F35ABA43AB92728B63AA4AB35B62827B9B32D22BC3FA1AE3045
:206B600039A7A836B52B24BAB02E21BF3CA2AD33BF212EB033ADA23C36A8A739BA242BB525
:206B800040DED14FCC525DC3C95758C645DBD44AC65857C94AD4DB454FD1DE40C35D52CC05
:206BA000C55B54CA49D7D8464CD2DD43C05E51CF43DDD24CCF515EC0CA545BC546D8D749E5
:206BC000C35D52CC4FD1DE404AD4DB45C65857C945DBD44AC95758C6CC525DC340DED14FC5
:206BE00046D8D749CA545BC5CF515EC043DDD24CC05E51CF4CD2DD4349D7D846C55B54CAA5
:206C000040DED14FCC525DC3C95758C645DBD44AC65857C94AD4DB454FD1DE40C35D52CC84
:206C2000C55B54CA49D7D8464CD2DD43C05E51CF43DDD24CCF515EC0CA545BC546D8D74964
:206C4000C35D52CC4FD1DE404AD4DB45C65857C945DBD44AC95758C6CC525DC340DED14F44
:206C600046D8D749CA545BC5CF515EC043DDD24CC05E51CF4CD2DD4349D7D846C55B54CA24
:206C80003FA1AE30B32D22BCB62827B93AA4AB35B92728B635ABA43A30AEA13FBC222DB304
:206CA000BA242BB536A8A73933ADA23CBF212EB03CA2AD33B02E21BFB52B24BA39A7A836E4
:206CC000BC222DB330AEA13F35ABA43AB92728B63AA4AB35B62827B9B32D22BC3FA1AE30C4
:206CE00039A7A836B52B24BAB02E21BF3CA2AD33BF212EB033ADA23C36A8A739BA242BB5A4
:206D00003CA2AD33B02E21BFB52B24BA39A7A836BA242BB536A8A73933ADA23CBF212EB083
:206D2000B92728B635ABA43A30AEA13FBC222DB33FA1AE30B32D22BCB62827B93AA4AB3563
:206D4000BF212EB033ADA23C36A8A739BA242BB539A7A836B52B24BAB02E21BF3CA2AD3343
:206D60003AA4AB35B62827B9B32D22BC3FA1AE30BC222DB330AEA13F35ABA43AB92728B623
:206D800043DDD24CCF515EC0CA545BC546D8D749C55B54CA49D7D8464CD2DD43C05E51CF03
:206DA000C65857C94AD4DB454FD1DE40C35D52CC40DED14FCC525DC3C95758C645DBD44AE3
:206DC000C05E51CF4CD2DD4349D7D846C55B54CA46D8D749CA545BC5CF515EC043DDD24CC3
:206DE00045DBD44AC95758C6CC525DC340DED14FC35D52CC4FD1DE404AD4DB45C65857C9A3
:206E00003AA4AB35B62827B9B32D22BC3FA1AE30BC222DB330AEA13F35ABA43AB92728B682
:206E2000BF212EB033ADA23C36A8A739BA242BB539A7A836B52B24BAB02E21BF3CA2AD3362
:206E4000B92728B635ABA43A30AEA13FBC222DB33FA1AE30B32D22BCB62827B93AA4AB3542
:206E60003CA2AD33B02E21BFB52B24BA39A7A836BA242BB536A8A73933ADA23CBF212EB022
:206E800045DBD44AC95758C6CC525DC340DED14FC35D52CC4FD1DE404AD4DB45C65857C902
:206EA000C05E51CF4CD2DD4349D7D846C55B54CA46D8D749CA545BC5CF515EC043DDD24CE2
:206EC000C65857C94AD4DB454FD1DE40C35D52CC40DED14FCC525DC3C95758C645DBD44AC2
:206EE00043DDD24CCF515EC0CA545BC546D8D749C55B54CA49D7D8464CD2DD43C05E51CFA2
:206F000046D8D749CA545BC5CF515EC043DDD24CC05E51CF4CD2DD4349D7D846C55B54CA81
:206F2000C35D52CC4FD1DE404AD4DB45C65857C945DBD44AC95758C6CC525DC340DED14F61
:206F4000C55B54CA49D7D8464CD2DD43C05E51CF43DDD24CCF515EC0CA545BC546D8D74941
:206F600040DED14FCC525DC3C95758C645DBD44AC65857C94AD4DB454FD1DE40C35D52CC21
:206F800039A7A836B52B24BAB02E21BF3CA2AD33BF212EB033ADA23C36A8A739BA242BB501
:206FA000BC222DB330AEA13F35ABA43AB92728B63AA4AB35B62827B9B32D22BC3FA1AE30E1
:206FC000BA242BB536A8A73933ADA23CBF212EB03CA2AD33B02E21BFB52B24BA39A7A836C1
:206FE0003FA1AE30B32D22BCB62827B93AA4AB35B92728B635ABA43A30AEA13FBC222DB3A1
:207000003CA2AD33B02E21BFB52B24BA39A7A836BA242BB536A8A73933ADA23CBF212EB080
:20702000B92728B635ABA43A30AEA13FBC222DB33FA1AE30B32D22BCB62827B93AA4AB3560
:20704000BF212EB033ADA23C36A8A739BA242BB539A7A836B52B24BAB02E21BF3CA2AD3340
:207060003AA4AB35B62827B9B32D22BC3FA1AE30BC222DB330AEA13F35ABA43AB92728B620
:2070800043DDD24CCF515EC0CA545BC546D8D749C55B54CA49D7D8464CD2DD43C05E51CF00
:2070A000C65857C94AD4DB454FD1DE40C35D52CC40DED14FCC525DC3C95758C645DBD44AE0
:2070C000C05E51CF4CD2DD4349D7D846C55B54CA46D8D749CA545BC5CF515EC043DDD24CC0
:2070E00045DBD44AC95758C6CC525DC340DED14FC35D52CC4FD1DE404AD4DB45C65857C9A0
:2071000040DED14FCC525DC3C95758C645DBD44AC65857C94AD4DB454FD1DE40C35D52CC7F
:20712000C55B54CA49D7D8464CD2DD43C05E51CF43DDD24CCF515EC0CA545BC546D8D7495F
:20714000C35D52CC4FD1DE404AD4DB45C65857C945DBD44AC95758C6CC525DC340DED14F3F
:2071600046D8D749CA545BC5CF515EC043DDD24CC05E51CF4CD2DD4349D7D846C55B54CA1F
:207180003FA1AE30B32D22BCB62827B93AA4AB35B92728B635ABA43A30AEA13FBC222DB3FF
:2071A000BA242BB536A8A73933ADA23CBF212EB03CA2AD33B02E21BFB52B24BA39A7A836DF
:2071C000BC222DB330AEA13F35ABA43AB92728B63AA4AB35B62827B9B32D22BC3FA1AE30BF
:2071E00039A7A836B52B24BAB02E21BF3CA2AD33BF212EB033ADA23C36A8A739BA242BB59F
:2072000046D8D749CA545BC5CF515EC043DDD24CC05E51CF4CD2DD4349D7D846C55B54CA7E
:20722000C35D52CC4FD1DE404AD4DB45C65857C945DBD44AC95758C6CC525DC340DED14F5E
:20724000C55B54CA49D7D8464CD2DD43C05E51CF43DDD24CCF515EC0CA545BC546D8D7493E
:2072600040DED14FCC525DC3C95758C645DBD44AC65857C94AD4DB454FD1DE40C35D52CC1E
:2072800039A7A836B52B24BAB02E21BF3CA2AD33BF212EB033ADA23C36A8A739BA242BB5FE
:2072A000BC222DB330AEA13F35ABA43AB92728B63AA4AB35B62827B9B32D22BC3FA1AE30DE
:2072C000BA242BB536A8A73933ADA23CBF212EB03CA2AD33B02E21BFB52B24BA39A7A836BE
:2072E0003FA1AE30B32D22BCB62827B93AA4AB35B92728B635ABA43A30AEA13FBC222DB39E
:207300003AA4AB35B62827B9B32D22BC3FA1AE30BC222DB330AEA13F35ABA43AB92728B67D
:20732000BF212EB033ADA23C36A8A739BA242BB539A7A836B52B24BAB02E21BF3CA2AD335D
:20734000B92728B635ABA43A30AEA13FBC222DB33FA1AE30B32D22BCB62827B93AA4AB353D
:207360003CA2AD33B02E21BFB52B24BA39A7A836BA242BB536A8A73933ADA23CBF212EB01D
:2073800045DBD44AC95758C6CC525DC340DED14FC35D52CC4FD1DE404AD4DB45C65857C9FD
:2073A000C05E51CF4CD2DD4349D7D846C55B54CA46D8D749CA545BC5CF515EC043DDD24CDD
:2073C000C65857C94AD4DB454FD1DE40C35D52CC40DED14FCC525DC3C95758C645DBD44ABD
:2073E00043DDD24CCF515EC0CA545BC546D8D749C55B54CA49D7D8464CD2DD43C05E51CF9D
:2074000045DBD44AC95758C6CC525DC340DED14FC35D52CC4FD1DE404AD4DB45C65857C97C
:20742000C05E51CF4CD2DD4349D7D846C55B54CA46D8D749CA545BC5CF515EC043DDD24C5C
:20744000C65857C94AD4DB454FD1DE40C35D52CC40DED14FCC525DC3C95758C645DBD44A3C
:2074600043DDD24CCF515EC0CA545BC546D8D749C55B54CA49D7D8464CD2DD43C05E51CF1C
:207480003AA4AB35B62827B9B32D22BC3FA1AE30BC222DB330AEA13F35ABA43AB92728B6FC
:2074A000BF212EB033ADA23C36A8A739BA242BB539A7A836B52B24BAB02E21BF3CA2AD33DC
:2074C000B92728B635ABA43A30AEA13FBC222DB33FA1AE30B32D22BCB62827B93AA4AB35BC
:2074E0003CA2AD33B02E21BFB52B24BA39A7A836BA242BB536A8A73933ADA23CBF212EB09C
:2075000039A7A836B52B24BAB02E21BF3CA2AD33BF212EB033ADA23C36A8A739BA242BB57B
:20752000BC222DB330AEA13F35ABA43AB92728B63AA4AB35B62827B9B32D22BC3FA1AE305B
:20754000BA242BB536A8A73933ADA23CBF212EB03CA2AD33B02E21BFB52B24BA39A7A8363B
:207560003FA1AE30B32D22BCB62827B93AA4AB35B92728B635ABA43A30AEA13FBC222DB31B
:2075800046D8D749CA545BC5CF515EC043DDD24CC05E51CF4CD2DD4349D7D846C55B54CAFB
:2075A000C35D52CC4FD1DE404AD4DB45C65857C945DBD44AC95758C6CC525DC340DED14FDB
:2075C000C55B54CA49D7D8464CD2DD43C05E51CF43DDD24CCF515EC0CA545BC546D8D749BB
:2075E00040DED14FCC525DC3C95758C645DBD44AC65857C94AD4DB454FD1DE40C35D52CC9B
:207600003FA1AE30B32D22BCB62827B93AA4AB35B92728B635ABA43A30AEA13FBC222DB37A
:20762000BA242BB536A8A73933ADA23CBF212EB03CA2AD33B02E21BFB52B24BA39A7A8365A
:20764000BC222DB330AEA13F35ABA43AB92728B63AA4AB35B62827B9B32D22BC3FA1AE303A
:2076600039A7A836B52B24BAB02E21BF3CA2AD33BF212EB033ADA23C36A8A739BA242BB51A
:2076800040DED14FCC525DC3C95758C645DBD44AC65857C94AD4DB454FD1DE40C35D52CCFA
:2076A000C55B54CA49D7D8464CD2DD43C05E51CF43DDD24CCF515EC0CA545BC546D8D749DA
:2076C000C35D52CC4FD1DE404AD4DB45C65857C945DBD44AC95758C6CC525DC340DED14FBA
:2076E00046D8D749CA545BC5CF515EC043DDD24CC05E51CF4CD2DD4349D7D846C55B54CA9A
:2077000043DDD24CCF515EC0CA545BC546D8D749C55B54CA49D7D8464CD2DD43C05E51CF79
:20772000C65857C94AD4DB454FD1DE40C35D52CC40DED14FCC525DC3C95758C645DBD44A59
:20774000C05E51CF4CD2DD4349D7D846C55B54CA46D8D749CA545BC5CF515EC043DDD24C39
:2077600045DBD44AC95758C6CC525DC340DED14FC35D52CC4FD1DE404AD4DB45C65857C919
:207780003CA2AD33B02E21BFB52B24BA39A7A836BA242BB536A8A73933ADA23CBF212EB0F9
:2077A000B92728B635ABA43A30AEA13FBC222DB33FA1AE30B32D22BCB62827B93AA4AB35D9
:2077C000BF212EB033ADA23C36A8A739BA242BB539A7A836B52B24BAB02E21BF3CA2AD33B9
:2077E0003AA4AB35B62827B9B32D22BC3FA1AE30BC222DB330AEA13F35ABA43AB92728B699
:207800004AD4DB45C65857C9C35D52CC4FD1DE40CC525DC340DED14F45DBD44AC95758C678
:20782000CF515EC043DDD24C46D8D749CA545BC549D7D846C55B54CAC05E51CF4CD2DD4358
:20784000C95758C645DBD44A40DED14FCC525DC34FD1DE40C35D52CCC65857C94AD4DB4538
:207860004CD2DD43C05E51CFC55B54CA49D7D846CA545BC546D8D74943DDD24CCF515EC018
:2078800035ABA43AB92728B6BC222DB330AEA13FB32D22BC3FA1AE303AA4AB35B62827B9F8
:2078A000B02E21BF3CA2AD3339A7A836B52B24BA36A8A739BA242BB5BF212EB033ADA23CD8
:2078C000B62827B93AA4AB353FA1AE30B32D22BC30AEA13FBC222DB3B92728B635ABA43AB8
:2078E00033ADA23CBF212EB0BA242BB536A8A739B52B24BA39A7A8363CA2AD33B02E21BF98
:2079000036A8A739BA242BB5BF212EB033ADA23CB02E21BF3CA2AD3339A7A836B52B24BA77
:20792000B32D22BC3FA1AE303AA4AB35B62827B935ABA43AB92728B6BC222DB330AEA13F57
:20794000B52B24BA39A7A8363CA2AD33B02E21BF33ADA23CBF212EB0BA242BB536A8A73937
:2079600030AEA13FBC222DB3B92728B635ABA43AB62827B93AA4AB353FA1AE30B32D22BC17
:2079800049D7D846C55B54CAC05E51CF4CD2DD43CF515EC043DDD24C46D8D749CA545BC5F7
:2079A000CC525DC340DED14F45DBD44AC95758C64AD4DB45C65857C9C35D52CC4FD1DE40D7
:2079C000CA545BC546D8D74943DDD24CCF515EC04CD2DD43C05E51CFC55B54CA49D7D846B7
:2079E0004FD1DE40C35D52CCC65857C94AD4DB45C95758C645DBD44A40DED14FCC525DC397
:207A000030AEA13FBC222DB3B92728B635ABA43AB62827B93AA4AB353FA1AE30B32D22BC76
:207A2000B52B24BA39A7A8363CA2AD33B02E21BF33ADA23CBF212EB0BA242BB536A8A73956
:207A4000B32D22BC3FA1AE303AA4AB35B62827B935ABA43AB92728B6BC222DB330AEA13F36
:207A600036A8A739BA242BB5BF212EB033ADA23CB02E21BF3CA2AD3339A7A836B52B24BA16
:207A80004FD1DE40C35D52CCC65857C94AD4DB45C95758C645DBD44A40DED14FCC525DC3F6
:207AA000CA545BC546D8D74943DDD24CCF515EC04CD2DD43C05E51CFC55B54CA49D7D846D6
:207AC000CC525DC340DED14F45DBD44AC95758C64AD4DB45C65857C9C35D52CC4FD1DE40B6
:207AE00049D7D846C55B54CAC05E51CF4CD2DD43CF515EC043DDD24C46D8D749CA545BC596
:207B00004CD2DD43C05E51CFC55B54CA49D7D846CA545BC546D8D74943DDD24CCF515EC075
:207B2000C95758C645DBD44A40DED14FCC525DC34FD1DE40C35D52CCC65857C94AD4DB4555
:207B4000CF515EC043DDD24C46D8D749CA545BC549D7D846C55B54CAC05E51CF4CD2DD4335
:207B60004AD4DB45C65857C9C35D52CC4FD1DE40CC525DC340DED14F45DBD44AC95758C615
:207B800033ADA23CBF212EB0BA242BB536A8A739B52B24BA39A7A8363CA2AD33B02E21BFF5
:207BA000B62827B93AA4AB353FA1AE30B32D22BC30AEA13FBC222DB3B92728B635ABA43AD5
:207BC000B02E21BF3CA2AD3339A7A836B52B24BA36A8A739BA242BB5BF212EB033ADA23CB5
:207BE00035ABA43AB92728B6BC222DB330AEA13FB32D22BC3FA1AE303AA4AB35B62827B995
:207C000033ADA23CBF212EB0BA242BB536A8A739B52B24BA39A7A8363CA2AD33B02E21BF74
:207C2000B62827B93AA4AB353FA1AE30B32D22BC30AEA13FBC222DB3B92728B635ABA43A54
:207C4000B02E21BF3CA2AD3339A7A836B52B24BA36A8A739BA242BB5BF212EB033ADA23C34
:207C600035ABA43AB92728B6BC222DB330AEA13FB32D22BC3FA1AE303AA4AB35B62827B914
:207C80004CD2DD43C05E51CFC55B54CA49D7D846CA545BC546D8D74943DDD24CCF515EC0F4
:207CA000C95758C645DBD44A40DED14FCC525DC34FD1DE40C35D52CCC65857C94AD4DB45D4
:207CC000CF515EC043DDD24C46D8D749CA545BC549D7D846C55B54CAC05E51CF4CD2DD43B4
:207CE0004AD4DB45C65857C9C35D52CC4FD1DE40CC525DC340DED14F45DBD44AC95758C694
:207D00004FD1DE40C35D52CCC65857C94AD4DB45C95758C645DBD44A40DED14FCC525DC373
:207D2000CA545BC546D8D74943DDD24CCF515EC04CD2DD43C05E51CFC55B54CA49D7D84653
:207D4000CC525DC340DED14F45DBD44AC95758C64AD4DB45C65857C9C35D52CC4FD1DE4033
:207D600049D7D846C55B54CAC05E51CF4CD2DD43CF515EC043DDD24C46D8D749CA545BC513
:207D800030AEA13FBC222DB3B92728B635ABA43AB62827B93AA4AB353FA1AE30B32D22BCF3
:207DA000B52B24BA39A7A8363CA2AD33B02E21BF33ADA23CBF212EB0BA242BB536A8A739D3
:207DC000B32D22BC3FA1AE303AA4AB35B62827B935ABA43AB92728B6BC222DB330AEA13FB3
:207DE00036A8A739BA242BB5BF212EB033ADA23CB02E21BF3CA2AD3339A7A836B52B24BA93
:207E000049D7D846C55B54CAC05E51CF4CD2DD43CF515EC043DDD24C46D8D749CA545BC572
:207E2000CC525DC340DED14F45DBD44AC95758C64AD4DB45C65857C9C35D52CC4FD1DE4052
:207E4000CA545BC546D8D74943DDD24CCF515EC04CD2DD43C05E51CFC55B54CA49D7D84632
:207E60004FD1DE40C35D52CCC65857C94AD4DB45C95758C645DBD44A40DED14FCC525DC312
:207E800036A8A739BA242BB5BF212EB033ADA23CB02E21BF3CA2AD3339A7A836B52B24BAF2
:207EA000B32D22BC3FA1AE303AA4AB35B62827B935ABA43AB92728B6BC222DB330AEA13FD2
:207EC000B52B24BA39A7A8363CA2AD33B02E21BF33ADA23CBF212EB0BA242BB536A8A739B2
:207EE00030AEA13FBC222DB3B92728B635ABA43AB62827B93AA4AB353FA1AE30B32D22BC92
:207F000035ABA43AB92728B6BC222DB330AEA13FB32D22BC3FA1AE303AA4AB35B62827B971
:207F2000B02E21BF3CA2AD3339A7A836B52B24BA36A8A739BA242BB5BF212EB033ADA23C51
:207F4000B62827B93AA4AB353FA1AE30B32D22BC30AEA13FBC222DB3B92728B635ABA43A31
:207F600033ADA23CBF212EB0BA242BB536A8A739B52B24BA39A7A8363CA2AD33B02E21BF11
:207F80004AD4DB45C65857C9C35D52CC4FD1DE40CC525DC340DED14F45DBD44AC95758C6F1
:207FA000CF515EC043DDD24C46D8D749CA545BC549D7D846C55B54CAC05E51CF4CD2DD43D1
:207FC000C95758C645DBD44A40DED14FCC525DC34FD1DE40C35D52CCC65857C94AD4DB45B1
:207FE0004CD2DD43C05E51CFC55B54CA49D7D846CA545BC546D8D74943DDD24CCF515EC091
:208000001E808F11920C039D970906981B858A1498060997148A851B118F801E9D030C9270
:208020009B050A9417898618128C831D9E000F911D838C12910F009E940A059B1886891750
:208040009D030C92118F801E148A851B980609971B858A1497090698920C039D1E808F1130
:2080600018868917940A059B910F009E1D838C129E000F91128C831D178986189B050A9410
:2080800061FFF06EED737CE2E87679E764FAF56BE77976E86BF5FA646EF0FF61E27C73EDF0
:2080A000E47A75EB68F6F9676DF3FC62E17F70EE62FCF36DEE707FE1EB757AE467F9F668D0
:2080C000E27C73ED6EF0FF616BF5FA64E77976E864FAF56BE87679E7ED737CE261FFF06EB0
:2080E00067F9F668EB757AE4EE707FE162FCF36DE17F70EE6DF3FC6268F6F967E47A75EB90
:2081000062FCF36DEE707FE1EB757AE467F9F668E47A75EB68F6F9676DF3FC62E17F70EE6F
:20812000E77976E86BF5FA646EF0FF61E27C73ED61FFF06EED737CE2E87679E764FAF56B4F
:20814000E17F70EE6DF3FC6268F6F967E47A75EB67F9F668EB757AE4EE707FE162FCF36D2F
:2081600064FAF56BE87679E7ED737CE261FFF06EE27C73ED6EF0FF616BF5FA64E77976E80F
:208180001D838C12910F009E940A059B188689179B050A9417898618128C831D9E000F91EF
:2081A00098060997148A851B118F801E9D030C921E808F11920C039D970906981B858A14CF
:2081C0009E000F91128C831D178986189B050A9418868917940A059B910F009E1D838C12AF
:2081E0001B858A1497090698920C039D1E808F119D030C92118F801E148A851B980609978F
:2082000064FAF56BE87679E7ED737CE261FFF06EE27C73ED6EF0FF616BF5FA64E77976E86E
:20822000E17F70EE6DF3FC6268F6F967E47A75EB67F9F668EB757AE4EE707FE162FCF36D4E
:20824000E77976E86BF5FA646EF0FF61E27C73ED61FFF06EED737CE2E87679E764FAF56B2E
:2082600062FCF36DEE707FE1EB757AE467F9F668E47A75EB68F6F9676DF3FC62E17F70EE0E
:208280001B858A1497090698920C039D1E808F119D030C92118F801E148A851B98060997EE
:2082A0009E000F91128C831D178986189B050A9418868917940A059B910F009E1D838C12CE
:2082C00098060997148A851B118F801E9D030C921E808F11920C039D970906981B858A14AE
:2082E0001D838C12910F009E940A059B188689179B050A9417898618128C831D9E000F918E
:2083000018868917940A059B910F009E1D838C129E000F91128C831D178986189B050A946D
:208320009D030C92118F801E148A851B980609971B858A1497090698920C039D1E808F114D
:208340009B050A9417898618128C831D9E000F911D838C12910F009E940A059B188689172D
:208360001E808F11920C039D970906981B858A1498060997148A851B118F801E9D030C920D
:2083800067F9F668EB757AE4EE707FE162FCF36DE17F70EE6DF3FC6268F6F967E47A75EBED
:2083A000E27C73ED6EF0FF616BF5FA64E77976E864FAF56BE87679E7ED737CE261FFF06ECD
:2083C000E47A75EB68F6F9676DF3FC62E17F70EE62FCF36DEE707FE1EB757AE467F9F668AD
:2083E00061FFF06EED737CE2E87679E764FAF56BE77976E86BF5FA646EF0FF61E27C73ED8D
:2084000067F9F668EB757AE4EE707FE162FCF36DE17F70EE6DF3FC6268F6F967E47A75EB6C
:20842000E27C73ED6EF0FF616BF5FA64E77976E864FAF56BE87679E7ED737CE261FFF06E4C
:20844000E47A75EB68F6F9676DF3FC62E17F70EE62FCF36DEE707FE1EB757AE467F9F6682C
:2084600061FFF06EED737CE2E87679E764FAF56BE77976E86BF5FA646EF0FF61E27C73ED0C
:2084800018868917940A059B910F009E1D838C129E000F91128C831D178986189B050A94EC
:2084A0009D030C92118F801E148A851B980609971B858A1497090698920C039D1E808F11CC
:2084C0009B050A9417898618128C831D9E000F911D838C12910F009E940A059B18868917AC
:2084E0001E808F11920C039D970906981B858A1498060997148A851B118F801E9D030C928C
:208500001B858A1497090698920C039D1E808F119D030C92118F801E148A851B980609976B
:208520009E000F91128C831D178986189B050A9418868917940A059B910F009E1D838C124B
:2085400098060997148A851B118F801E9D030C921E808F11920C039D970906981B858A142B
:208560001D838C12910F009E940A059B188689179B050A9417898618128C831D9E000F910B
:2085800064FAF56BE87679E7ED737CE261FFF06EE27C73ED6EF0FF616BF5FA64E77976E8EB
:2085A000E17F70EE6DF3FC6268F6F967E47A75EB67F9F668EB757AE4EE707FE162FCF36DCB
:2085C000E77976E86BF5FA646EF0FF61E27C73ED61FFF06EED737CE2E87679E764FAF56BAB
:2085E00062FCF36DEE707FE1EB757AE467F9F668E47A75EB68F6F9676DF3FC62E17F70EE8B
:208600001D838C12910F009E940A059B188689179B050A9417898618128C831D9E000F916A
:2086200098060997148A851B118F801E9D030C921E808F11920C039D970906981B858A144A
:208640009E000F91128C831D178986189B050A9418868917940A059B910F009E1D838C122A
:208660001B858A1497090698920C039D1E808F119D030C92118F801E148A851B980609970A
:2086800062FCF36DEE707FE1EB757AE467F9F668E47A75EB68F6F9676DF3FC62E17F70EEEA
:2086A000E77976E86BF5FA646EF0FF61E27C73ED61FFF06EED737CE2E87679E764FAF56BCA
:2086C000E17F70EE6DF3FC6268F6F967E47A75EB67F9F668EB757AE4EE707FE162FCF36DAA
:2086E00064FAF56BE87679E7ED737CE261FFF06EE27C73ED6EF0FF616BF5FA64E77976E88A
:2087000061FFF06EED737CE2E87679E764FAF56BE77976E86BF5FA646EF0FF61E27C73ED69
:20872000E47A75EB68F6F9676DF3FC62E17F70EE62FCF36DEE707FE1EB757AE467F9F66849
:20874000E27C73ED6EF0FF616BF5FA64E77976E864FAF56BE87679E7ED737CE261FFF06E29
:2087600067F9F668EB757AE4EE707FE162FCF36DE17F70EE6DF3FC6268F6F967E47A75EB09
:208780001E808F11920C039D970906981B858A1498060997148A851B118F801E9D030C92E9
:2087A0009B050A9417898618128C831D9E000F911D838C12910F009E940A059B18868917C9
:2087C0009D030C92118F801E148A851B980609971B858A1497090698920C039D1E808F11A9
:2087E00018868917940A059B910F009E1D838C129E000F91128C831D178986189B050A9489
:2088000068F6F967E47A75EBE17F70EE6DF3FC62EE707FE162FCF36D67F9F668EB757AE468
:20882000ED737CE261FFF06E64FAF56BE87679E76BF5FA64E77976E8E27C73ED6EF0FF6148
:20884000EB757AE467F9F66862FCF36DEE707FE16DF3FC62E17F70EEE47A75EB68F6F96728
:208860006EF0FF61E27C73EDE77976E86BF5FA64E87679E764FAF56B61FFF06EED737CE208
:20888000178986189B050A949E000F91128C831D910F009E1D838C1218868917940A059BE8
:2088A000920C039D1E808F111B858A1497090698148A851B980609979D030C92118F801EC8
:2088C000940A059B188689171D838C12910F009E128C831D9E000F919B050A9417898618A8
:2088E000118F801E9D030C9298060997148A851B970906981B858A141E808F11920C039D88
:20890000148A851B980609979D030C92118F801E920C039D1E808F111B858A149709069867
:20892000910F009E1D838C1218868917940A059B178986189B050A949E000F91128C831D47
:20894000970906981B858A141E808F11920C039D118F801E9D030C9298060997148A851B27
:20896000128C831D9E000F919B050A9417898618940A059B188689171D838C12910F009E07
:208980006BF5FA64E77976E8E27C73ED6EF0FF61ED737CE261FFF06E64FAF56BE87679E7E7
:2089A000EE707FE162FCF36D67F9F668EB757AE468F6F967E47A75EBE17F70EE6DF3FC62C7
:2089C000E87679E764FAF56B61FFF06EED737CE26EF0FF61E27C73EDE77976E86BF5FA64A7
:2089E0006DF3FC62E17F70EEE47A75EB68F6F967EB757AE467F9F66862FCF36DEE707FE187
:208A0000128C831D9E000F919B050A9417898618940A059B188689171D838C12910F009E66
:208A2000970906981B858A141E808F11920C039D118F801E9D030C9298060997148A851B46
:208A4000910F009E1D838C1218868917940A059B178986189B050A949E000F91128C831D26
:208A6000148A851B980609979D030C92118F801E920C039D1E808F111B858A149709069806
:208A80006DF3FC62E17F70EEE47A75EB68F6F967EB757AE467F9F66862FCF36DEE707FE1E6
:208AA000E87679E764FAF56B61FFF06EED737CE26EF0FF61E27C73EDE77976E86BF5FA64C6
:208AC000EE707FE162FCF36D67F9F668EB757AE468F6F967E47A75EBE17F70EE6DF3FC62A6
:208AE0006BF5FA64E77976E8E27C73ED6EF0FF61ED737CE261FFF06E64FAF56BE87679E786
:208B00006EF0FF61E27C73EDE77976E86BF5FA64E87679E764FAF56B61FFF06EED737CE265
:208B2000EB757AE467F9F66862FCF36DEE707FE16DF3FC62E17F70EEE47A75EB68F6F96745
:208B4000ED737CE261FFF06E64FAF56BE87679E76BF5FA64E77976E8E27C73ED6EF0FF6125
:208B600068F6F967E47A75EBE17F70EE6DF3FC62EE707FE162FCF36D67F9F668EB757AE405
:208B8000118F801E9D030C9298060997148A851B970906981B858A141E808F11920C039DE5
:208BA000940A059B188689171D838C12910F009E128C831D9E000F919B050A9417898618C5
:208BC000920C039D1E808F111B858A1497090698148A851B980609979D030C92118F801EA5
:208BE000178986189B050A949E000F91128C831D910F009E1D838C1218868917940A059B85
:208C0000118F801E9D030C9298060997148A851B970906981B858A141E808F11920C039D64
:208C2000940A059B188689171D838C12910F009E128C831D9E000F919B050A941789861844
:208C4000920C039D1E808F111B858A1497090698148A851B980609979D030C92118F801E24
:208C6000178986189B050A949E000F91128C831D910F009E1D838C1218868917940A059B04
:208C80006EF0FF61E27C73EDE77976E86BF5FA64E87679E764FAF56B61FFF06EED737CE2E4
:208CA000EB757AE467F9F66862FCF36DEE707FE16DF3FC62E17F70EEE47A75EB68F6F967C4
:208CC000ED737CE261FFF06E64FAF56BE87679E76BF5FA64E77976E8E27C73ED6EF0FF61A4
:208CE00068F6F967E47A75EBE17F70EE6DF3FC62EE707FE162FCF36D67F9F668EB757AE484
:208D00006DF3FC62E17F70EEE47A75EB68F6F967EB757AE467F9F66862FCF36DEE707FE163
:208D2000E87679E764FAF56B61FFF06EED737CE26EF0FF61E27C73EDE77976E86BF5FA6443
:208D4000EE707FE162FCF36D67F9F668EB757AE468F6F967E47A75EBE17F70EE6DF3FC6223
:208D60006BF5FA64E77976E8E27C73ED6EF0FF61ED737CE261FFF06E64FAF56BE87679E703
:208D8000128C831D9E000F919B050A9417898618940A059B188689171D838C12910F009EE3
:208DA000970906981B858A141E808F11920C039D118F801E9D030C9298060997148A851BC3
:208DC000910F009E1D838C1218868917940A059B178986189B050A949E000F91128C831DA3
:208DE000148A851B980609979D030C92118F801E920C039D1E808F111B858A149709069883
:208E00006BF5FA64E77976E8E27C73ED6EF0FF61ED737CE261FFF06E64FAF56BE87679E762
:208E2000EE707FE162FCF36D67F9F668EB757AE468F6F967E47A75EBE17F70EE6DF3FC6242
:208E4000E87679E764FAF56B61FFF06EED737CE26EF0FF61E27C73EDE77976E86BF5FA6422
:208E60006DF3FC62E17F70EEE47A75EB68F6F967EB757AE467F9F66862FCF36DEE707FE102
:208E8000148A851B980609979D030C92118F801E920C039D1E808F111B858A1497090698E2
:208EA000910F009E1D838C1218868917940A059B178986189B050A949E000F91128C831DC2
:208EC000970906981B858A141E808F11920C039D118F801E9D030C9298060997148A851BA2
:208EE000128C831D9E000F919B050A9417898618940A059B188689171D838C12910F009E82
:208F0000178986189B050A949E000F91128C831D910F009E1D838C1218868917940A059B61
:208F2000920C039D1E808F111B858A1497090698148A851B980609979D030C92118F801E41
:208F4000940A059B188689171D838C12910F009E128C831D9E000F919B050A941789861821
:208F6000118F801E9D030C9298060997148A851B970906981B858A141E808F11920C039D01
:208F800068F6F967E47A75EBE17F70EE6DF3FC62EE707FE162FCF36D67F9F668EB757AE4E1
:208FA000ED737CE261FFF06E64FAF56BE87679E76BF5FA64E77976E8E27C73ED6EF0FF61C1
:208FC000EB757AE467F9F66862FCF36DEE707FE16DF3FC62E17F70EEE47A75EB68F6F967A1
:208FE0006EF0FF61E27C73EDE77976E86BF5FA64E87679E764FAF56B61FFF06EED737CE281
:209000006DF3FC62E17F70EEE47A75EB68F6F967EB757AE467F9F66862FCF36DEE707FE160
:20902000E87679E764FAF56B61FFF06EED737CE26EF0FF61E27C73EDE77976E86BF5FA6440
:20904000EE707FE162FCF36D67F9F668EB757AE468F6F967E47A75EBE17F70EE6DF3FC6220
:209060006BF5FA64E77976E8E27C73ED6EF0FF61ED737CE261FFF06E64FAF56BE87679E700
:20908000128C831D9E000F919B050A9417898618940A059B188689171D838C12910F009EE0
:2090A000970906981B858A141E808F11920C039D118F801E9D030C9298060997148A851BC0
:2090C000910F009E1D838C1218868917940A059B178986189B050A949E000F91128C831DA0
:2090E000148A851B980609979D030C92118F801E920C039D1E808F111B858A149709069880
:20910000118F801E9D030C9298060997148A851B970906981B858A141E808F11920C039D5F
:20912000940A059B188689171D838C12910F009E128C831D9E000F919B050A94178986183F
:20914000920C039D1E808F111B858A1497090698148A851B980609979D030C92118F801E1F
:20916000178986189B050A949E000F91128C831D910F009E1D838C1218868917940A059BFF
:209180006EF0FF61E27C73EDE77976E86BF5FA64E87679E764FAF56B61FFF06EED737CE2DF
:2091A000EB757AE467F9F66862FCF36DEE707FE16DF3FC62E17F70EEE47A75EB68F6F967BF
:2091C000ED737CE261FFF06E64FAF56BE87679E76BF5FA64E77976E8E27C73ED6EF0FF619F
:2091E00068F6F967E47A75EBE17F70EE6DF3FC62EE707FE162FCF36D67F9F668EB757AE47F
:20920000178986189B050A949E000F91128C831D910F009E1D838C1218868917940A059B5E
:20922000920C039D1E808F111B858A1497090698148A851B980609979D030C92118F801E3E
:20924000940A059B188689171D838C12910F009E128C831D9E000F919B050A94178986181E
:20926000118F801E9D030C9298060997148A851B970906981B858A141E808F11920C039DFE
:2092800068F6F967E47A75EBE17F70EE6DF3FC62EE707FE162FCF36D67F9F668EB757AE4DE
:2092A000ED737CE261FFF06E64FAF56BE87679E76BF5FA64E77976E8E27C73ED6EF0FF61BE
:2092C000EB757AE467F9F66862FCF36DEE707FE16DF3FC62E17F70EEE47A75EB68F6F9679E
:2092E0006EF0FF61E27C73EDE77976E86BF5FA64E87679E764FAF56B61FFF06EED737CE27E
:209300006BF5FA64E77976E8E27C73ED6EF0FF61ED737CE261FFF06E64FAF56BE87679E75D
:20932000EE707FE162FCF36D67F9F668EB757AE468F6F967E47A75EBE17F70EE6DF3FC623D
:20934000E87679E764FAF56B61FFF06EED737CE26EF0FF61E27C73EDE77976E86BF5FA641D
:209360006DF3FC62E17F70EEE47A75EB68F6F967EB757AE467F9F66862FCF36DEE707FE1FD
:20938000148A851B980609979D030C92118F801E920C039D1E808F111B858A1497090698DD
:2093A000910F009E1D838C1218868917940A059B178986189B050A949E000F91128C831DBD
:2093C000970906981B858A141E808F11920C039D118F801E9D030C9298060997148A851B9D
:2093E000128C831D9E000F919B050A9417898618940A059B188689171D838C12910F009E7D
:20940000148A851B980609979D030C92118F801E920C039D1E808F111B858A14970906985C
:20942000910F009E1D838C1218868917940A059B178986189B050A949E000F91128C831D3C
:20944000970906981B858A141E808F11920C039D118F801E9D030C9298060997148A851B1C
:20946000128C831D9E000F919B050A9417898618940A059B188689171D838C12910F009EFC
:209480006BF5FA64E77976E8E27C73ED6EF0FF61ED737CE261FFF06E64FAF56BE87679E7DC
:2094A000EE707FE162FCF36D67F9F668EB757AE468F6F967E47A75EBE17F70EE6DF3FC62BC
:2094C000E87679E764FAF56B61FFF06EED737CE26EF0FF61E27C73EDE77976E86BF5FA649C
:2094E0006DF3FC62E17F70EEE47A75EB68F6F967EB757AE467F9F66862FCF36DEE707FE17C
:2095000068F6F967E47A75EBE17F70EE6DF3FC62EE707FE162FCF36D67F9F668EB757AE45B
:20952000ED737CE261FFF06E64FAF56BE87679E76BF5FA64E77976E8E27C73ED6EF0FF613B
:20954000EB757AE467F9F66862FCF36DEE707FE16DF3FC62E17F70EEE47A75EB68F6F9671B
:209560006EF0FF61E27C73EDE77976E86BF5FA64E87679E764FAF56B61FFF06EED737CE2FB
:20958000178986189B050A949E000F91128C831D910F009E1D838C1218868917940A059BDB
:2095A000920C039D1E808F111B858A1497090698148A851B980609979D030C92118F801EBB
:2095C000940A059B188689171D838C12910F009E128C831D9E000F919B050A94178986189B
:2095E000118F801E9D030C9298060997148A851B970906981B858A141E808F11920C039D7B
:209600006EF0FF61E27C73EDE77976E86BF5FA64E87679E764FAF56B61FFF06EED737CE25A
:20962000EB757AE467F9F66862FCF36DEE707FE16DF3FC62E17F70EEE47A75EB68F6F9673A
:20964000ED737CE261FFF06E64FAF56BE87679E76BF5FA64E77976E8E27C73ED6EF0FF611A
:2096600068F6F967E47A75EBE17F70EE6DF3FC62EE707FE162FCF36D67F9F668EB757AE4FA
:20968000118F801E9D030C9298060997148A851B970906981B858A141E808F11920C039DDA
:2096A000940A059B188689171D838C12910F009E128C831D9E000F919B050A9417898618BA
:2096C000920C039D1E808F111B858A1497090698148A851B980609979D030C92118F801E9A
:2096E000178986189B050A949E000F91128C831D910F009E1D838C1218868917940A059B7A
:20970000128C831D9E000F919B050A9417898618940A059B188689171D838C12910F009E59
:20972000970906981B858A141E808F11920C039D118F801E9D030C9298060997148A851B39
:20974000910F009E1D838C1218868917940A059B178986189B050A949E000F91128C831D19
:20976000148A851B980609979D030C92118F801E920C039D1E808F111B858A1497090698F9
:209780006DF3FC62E17F70EEE47A75EB68F6F967EB757AE467F9F66862FCF36DEE707FE1D9
:2097A000E87679E764FAF56B61FFF06EED737CE26EF0FF61E27C73EDE77976E86BF5FA64B9
:2097C000EE707FE162FCF36D67F9F668EB757AE468F6F967E47A75EBE17F70EE6DF3FC6299
:2097E0006BF5FA64E77976E8E27C73ED6EF0FF61ED737CE261FFF06E64FAF56BE87679E779
:209800001B858A1497090698920C039D1E808F119D030C92118F801E148A851B9806099758
:209820009E000F91128C831D178986189B050A9418868917940A059B910F009E1D838C1238
:2098400098060997148A851B118F801E9D030C921E808F11920C039D970906981B858A1418
:209860001D838C12910F009E940A059B188689179B050A9417898618128C831D9E000F91F8
:2098800064FAF56BE87679E7ED737CE261FFF06EE27C73ED6EF0FF616BF5FA64E77976E8D8
:2098A000E17F70EE6DF3FC6268F6F967E47A75EB67F9F668EB757AE4EE707FE162FCF36DB8
:2098C000E77976E86BF5FA646EF0FF61E27C73ED61FFF06EED737CE2E87679E764FAF56B98
:2098E00062FCF36DEE707FE1EB757AE467F9F668E47A75EB68F6F9676DF3FC62E17F70EE78
:2099000067F9F668EB757AE4EE707FE162FCF36DE17F70EE6DF3FC6268F6F967E47A75EB57
:20992000E27C73ED6EF0FF616BF5FA64E77976E864FAF56BE87679E7ED737CE261FFF06E37
:20994000E47A75EB68F6F9676DF3FC62E17F70EE62FCF36DEE707FE1EB757AE467F9F66817
:2099600061FFF06EED737CE2E87679E764FAF56BE77976E86BF5FA646EF0FF61E27C73EDF7
:2099800018868917940A059B910F009E1D838C129E000F91128C831D178986189B050A94D7
:2099A0009D030C92118F801E148A851B980609971B858A1497090698920C039D1E808F11B7
:2099C0009B050A9417898618128C831D9E000F911D838C12910F009E940A059B1886891797
:2099E0001E808F11920C039D970906981B858A1498060997148A851B118F801E9D030C9277
:209A000061FFF06EED737CE2E87679E764FAF56BE77976E86BF5FA646EF0FF61E27C73ED56
:209A2000E47A75EB68F6F9676DF3FC62E17F70EE62FCF36DEE707FE1EB757AE467F9F66836
:209A4000E27C73ED6EF0FF616BF5FA64E77976E864FAF56BE87679E7ED737CE261FFF06E16
:209A600067F9F668EB757AE4EE707FE162FCF36DE17F70EE6DF3FC6268F6F967E47A75EBF6
:209A80001E808F11920C039D970906981B858A1498060997148A851B118F801E9D030C92D6
:209AA0009B050A9417898618128C831D9E000F911D838C12910F009E940A059B18868917B6
:209AC0009D030C92118F801E148A851B980609971B858A1497090698920C039D1E808F1196
:209AE00018868917940A059B910F009E1D838C129E000F91128C831D178986189B050A9476
:209B00001D838C12910F009E940A059B188689179B050A9417898618128C831D9E000F9155
:209B200098060997148A851B118F801E9D030C921E808F11920C039D970906981B858A1435
:209B40009E000F91128C831D178986189B050A9418868917940A059B910F009E1D838C1215
:209B60001B858A1497090698920C039D1E808F119D030C92118F801E148A851B98060997F5
:209B800062FCF36DEE707FE1EB757AE467F9F668E47A75EB68F6F9676DF3FC62E17F70EED5
:209BA000E77976E86BF5FA646EF0FF61E27C73ED61FFF06EED737CE2E87679E764FAF56BB5
:209BC000E17F70EE6DF3FC6268F6F967E47A75EB67F9F668EB757AE4EE707FE162FCF36D95
:209BE00064FAF56BE87679E7ED737CE261FFF06EE27C73ED6EF0FF616BF5FA64E77976E875
:209C000062FCF36DEE707FE1EB757AE467F9F668E47A75EB68F6F9676DF3FC62E17F70EE54
:209C2000E77976E86BF5FA646EF0FF61E27C73ED61FFF06EED737CE2E87679E764FAF56B34
:209C4000E17F70EE6DF3FC6268F6F967E47A75EB67F9F668EB757AE4EE707FE162FCF36D14
:209C600064FAF56BE87679E7ED737CE261FFF06EE27C73ED6EF0FF616BF5FA64E77976E8F4
:209C80001D838C12910F009E940A059B188689179B050A9417898618128C831D9E000F91D4
:209CA00098060997148A851B118F801E9D030C921E808F11920C039D970906981B858A14B4
:209CC0009E000F91128C831D178986189B050A9418868917940A059B910F009E1D838C1294
:209CE0001B858A1497090698920C039D1E808F119D030C92118F801E148A851B9806099774
:209D00001E808F11920C039D970906981B858A1498060997148A851B118F801E9D030C9253
:209D20009B050A9417898618128C831D9E000F911D838C12910F009E940A059B1886891733
:209D40009D030C92118F801E148A851B980609971B858A1497090698920C039D1E808F1113
:209D600018868917940A059B910F009E1D838C129E000F91128C831D178986189B050A94F3
:209D800061FFF06EED737CE2E87679E764FAF56BE77976E86BF5FA646EF0FF61E27C73EDD3
:209DA000E47A75EB68F6F9676DF3FC62E17F70EE62FCF36DEE707FE1EB757AE467F9F668B3
:209DC000E27C73ED6EF0FF616BF5FA64E77976E864FAF56BE87679E7ED737CE261FFF06E93
:209DE00067F9F668EB757AE4EE707FE162FCF36DE17F70EE6DF3FC6268F6F967E47A75EB73
:209E000018868917940A059B910F009E1D838C129E000F91128C831D178986189B050A9452
:209E20009D030C92118F801E148A851B980609971B858A1497090698920C039D1E808F1132
:209E40009B050A9417898618128C831D9E000F911D838C12910F009E940A059B1886891712
:209E60001E808F11920C039D970906981B858A1498060997148A851B118F801E9D030C92F2
:209E800067F9F668EB757AE4EE707FE162FCF36DE17F70EE6DF3FC6268F6F967E47A75EBD2
:209EA000E27C73ED6EF0FF616BF5FA64E77976E864FAF56BE87679E7ED737CE261FFF06EB2
:209EC000E47A75EB68F6F9676DF3FC62E17F70EE62FCF36DEE707FE1EB757AE467F9F66892
:209EE00061FFF06EED737CE2E87679E764FAF56BE77976E86BF5FA646EF0FF61E27C73ED72
:209F000064FAF56BE87679E7ED737CE261FFF06EE27C73ED6EF0FF616BF5FA64E77976E851
:209F2000E17F70EE6DF3FC6268F6F967E47A75EB67F9F668EB757AE4EE707FE162FCF36D31
:209F4000E77976E86BF5FA646EF0FF61E27C73ED61FFF06EED737CE2E87679E764FAF56B11
:209F600062FCF36DEE707FE1EB757AE467F9F668E47A75EB68F6F9676DF3FC62E17F70EEF1
:209F80001B858A1497090698920C039D1E808F119D030C92118F801E148A851B98060997D1
:209FA0009E000F91128C831D178986189B050A9418868917940A059B910F009E1D838C12B1
:209FC00098060997148A851B118F801E9D030C921E808F11920C039D970906981B858A1491
:209FE0001D838C12910F009E940A059B188689179B050A9417898618128C831D9E000F9171
:20A0000070EEE17FFC626DF3F96768F675EBE47AF66867F97AE4EB757FE1EE70F36D62FC50
:20A02000F56B64FA79E7E8767CE2ED73F06E61FF73EDE27CFF616EF0FA646BF576E8E77930
:20A04000F36D62FC7FE1EE707AE4EB75F66867F975EBE47AF96768F6FC626DF370EEE17F10
:20A0600076E8E779FA646BF5FF616EF073EDE27CF06E61FF7CE2ED7379E7E876F56B64FAF0
:20A080000F919E00831D128C861817890A949B0589171886059B940A009E910F8C121D83D0
:20A0A0008A141B8506989709039D920C8F111E800C929D03801E118F851B148A09979806B0
:20A0C0008C121D83009E910F059B940A891718860A949B0586181789831D128C0F919E0090
:20A0E00009979806851B148A801E118F0C929D038F111E80039D920C069897098A141B8570
:20A100000C929D03801E118F851B148A099798068A141B8506989709039D920C8F111E804F
:20A1200089171886059B940A009E910F8C121D830F919E00831D128C861817890A949B052F
:20A140008F111E80039D920C069897098A141B8509979806851B148A801E118F0C929D030F
:20A160000A949B0586181789831D128C0F919E008C121D83009E910F059B940A89171886EF
:20A1800073EDE27CFF616EF0FA646BF576E8E779F56B64FA79E7E8767CE2ED73F06E61FFCF
:20A1A000F66867F97AE4EB757FE1EE70F36D62FC70EEE17FFC626DF3F96768F675EBE47AAF
:20A1C000F06E61FF7CE2ED7379E7E876F56B64FA76E8E779FA646BF5FF616EF073EDE27C8F
:20A1E00075EBE47AF96768F6FC626DF370EEE17FF36D62FC7FE1EE707AE4EB75F66867F96F
:20A200000A949B0586181789831D128C0F919E008C121D83009E910F059B940A891718864E
:20A220008F111E80039D920C069897098A141B8509979806851B148A801E118F0C929D032E
:20A2400089171886059B940A009E910F8C121D830F919E00831D128C861817890A949B050E
:20A260000C929D03801E118F851B148A099798068A141B8506989709039D920C8F111E80EE
:20A2800075EBE47AF96768F6FC626DF370EEE17FF36D62FC7FE1EE707AE4EB75F66867F9CE
:20A2A000F06E61FF7CE2ED7379E7E876F56B64FA76E8E779FA646BF5FF616EF073EDE27CAE
:20A2C000F66867F97AE4EB757FE1EE70F36D62FC70EEE17FFC626DF3F96768F675EBE47A8E
:20A2E00073EDE27CFF616EF0FA646BF576E8E779F56B64FA79E7E8767CE2ED73F06E61FF6E
:20A3000076E8E779FA646BF5FF616EF073EDE27CF06E61FF7CE2ED7379E7E876F56B64FA4D
:20A32000F36D62FC7FE1EE707AE4EB75F66867F975EBE47AF96768F6FC626DF370EEE17F2D
:20A34000F56B64FA79E7E8767CE2ED73F06E61FF73EDE27CFF616EF0FA646BF576E8E7790D
:20A3600070EEE17FFC626DF3F96768F675EBE47AF66867F97AE4EB757FE1EE70F36D62FCED
:20A3800009979806851B148A801E118F0C929D038F111E80039D920C069897098A141B85CD
:20A3A0008C121D83009E910F059B940A891718860A949B0586181789831D128C0F919E00AD
:20A3C0008A141B8506989709039D920C8F111E800C929D03801E118F851B148A099798068D
:20A3E0000F919E00831D128C861817890A949B0589171886059B940A009E910F8C121D836D
:20A4000009979806851B148A801E118F0C929D038F111E80039D920C069897098A141B854C
:20A420008C121D83009E910F059B940A891718860A949B0586181789831D128C0F919E002C
:20A440008A141B8506989709039D920C8F111E800C929D03801E118F851B148A099798060C
:20A460000F919E00831D128C861817890A949B0589171886059B940A009E910F8C121D83EC
:20A4800076E8E779FA646BF5FF616EF073EDE27CF06E61FF7CE2ED7379E7E876F56B64FACC
:20A4A000F36D62FC7FE1EE707AE4EB75F66867F975EBE47AF96768F6FC626DF370EEE17FAC
:20A4C000F56B64FA79E7E8767CE2ED73F06E61FF73EDE27CFF616EF0FA646BF576E8E7798C
:20A4E00070EEE17FFC626DF3F96768F675EBE47AF66867F97AE4EB757FE1EE70F36D62FC6C
:20A5000075EBE47AF96768F6FC626DF370EEE17FF36D62FC7FE1EE707AE4EB75F66867F94B
:20A52000F06E61FF7CE2ED7379E7E876F56B64FA76E8E779FA646BF5FF616EF073EDE27C2B
:20A54000F66867F97AE4EB757FE1EE70F36D62FC70EEE17FFC626DF3F96768F675EBE47A0B
:20A5600073EDE27CFF616EF0FA646BF576E8E779F56B64FA79E7E8767CE2ED73F06E61FFEB
:20A580000A949B0586181789831D128C0F919E008C121D83009E910F059B940A89171886CB
:20A5A0008F111E80039D920C069897098A141B8509979806851B148A801E118F0C929D03AB
:20A5C00089171886059B940A009E910F8C121D830F919E00831D128C861817890A949B058B
:20A5E0000C929D03801E118F851B148A099798068A141B8506989709039D920C8F111E806B
:20A6000073EDE27CFF616EF0FA646BF576E8E779F56B64FA79E7E8767CE2ED73F06E61FF4A
:20A62000F66867F97AE4EB757FE1EE70F36D62FC70EEE17FFC626DF3F96768F675EBE47A2A
:20A64000F06E61FF7CE2ED7379E7E876F56B64FA76E8E779FA646BF5FF616EF073EDE27C0A
:20A6600075EBE47AF96768F6FC626DF370EEE17FF36D62FC7FE1EE707AE4EB75F66867F9EA
:20A680000C929D03801E118F851B148A099798068A141B8506989709039D920C8F111E80CA
:20A6A00089171886059B940A009E910F8C121D830F919E00831D128C861817890A949B05AA
:20A6C0008F111E80039D920C069897098A141B8509979806851B148A801E118F0C929D038A
:20A6E0000A949B0586181789831D128C0F919E008C121D83009E910F059B940A891718866A
:20A700000F919E00831D128C861817890A949B0589171886059B940A009E910F8C121D8349
:20A720008A141B8506989709039D920C8F111E800C929D03801E118F851B148A0997980629
:20A740008C121D83009E910F059B940A891718860A949B0586181789831D128C0F919E0009
:20A7600009979806851B148A801E118F0C929D038F111E80039D920C069897098A141B85E9
:20A7800070EEE17FFC626DF3F96768F675EBE47AF66867F97AE4EB757FE1EE70F36D62FCC9
:20A7A000F56B64FA79E7E8767CE2ED73F06E61FF73EDE27CFF616EF0FA646BF576E8E779A9
:20A7C000F36D62FC7FE1EE707AE4EB75F66867F975EBE47AF96768F6FC626DF370EEE17F89
:20A7E00076E8E779FA646BF5FF616EF073EDE27CF06E61FF7CE2ED7379E7E876F56B64FA69
:20A80000069897098A141B858F111E80039D920C801E118F0C929D0309979806851B148A48
:20A82000831D128C0F919E000A949B0586181789059B940A891718868C121D83009E910F28
:20A84000851B148A099798060C929D03801E118F039D920C8F111E808A141B850698970908
:20A86000009E910F8C121D8389171886059B940A861817890A949B050F919E00831D128CE8
:20A8800079E7E876F56B64FAF06E61FF7CE2ED73FF616EF073EDE27C76E8E779FA646BF5C8
:20A8A000FC626DF370EEE17F75EBE47AF96768F67AE4EB75F66867F9F36D62FC7FE1EE70A8
:20A8C000FA646BF576E8E77973EDE27CFF616EF07CE2ED73F06E61FFF56B64FA79E7E87688
:20A8E0007FE1EE70F36D62FCF66867F97AE4EB75F96768F675EBE47A70EEE17FFC626DF368
:20A900007AE4EB75F66867F9F36D62FC7FE1EE70FC626DF370EEE17F75EBE47AF96768F647
:20A92000FF616EF073EDE27C76E8E779FA646BF579E7E876F56B64FAF06E61FF7CE2ED7327
:20A94000F96768F675EBE47A70EEE17FFC626DF37FE1EE70F36D62FCF66867F97AE4EB7507
:20A960007CE2ED73F06E61FFF56B64FA79E7E876FA646BF576E8E77973EDE27CFF616EF0E7
:20A98000059B940A891718868C121D83009E910F831D128C0F919E000A949B0586181789C7
:20A9A000801E118F0C929D0309979806851B148A069897098A141B858F111E80039D920CA7
:20A9C000861817890A949B050F919E00831D128C009E910F8C121D8389171886059B940A87
:20A9E000039D920C8F111E808A141B8506989709851B148A099798060C929D03801E118F67
:20AA00007CE2ED73F06E61FFF56B64FA79E7E876FA646BF576E8E77973EDE27CFF616EF046
:20AA2000F96768F675EBE47A70EEE17FFC626DF37FE1EE70F36D62FCF66867F97AE4EB7526
:20AA4000FF616EF073EDE27C76E8E779FA646BF579E7E876F56B64FAF06E61FF7CE2ED7306
:20AA60007AE4EB75F66867F9F36D62FC7FE1EE70FC626DF370EEE17F75EBE47AF96768F6E6
:20AA8000039D920C8F111E808A141B8506989709851B148A099798060C929D03801E118FC6
:20AAA000861817890A949B050F919E00831D128C009E910F8C121D8389171886059B940AA6
:20AAC000801E118F0C929D0309979806851B148A069897098A141B858F111E80039D920C86
:20AAE000059B940A891718868C121D83009E910F831D128C0F919E000A949B058618178966
:20AB0000009E910F8C121D8389171886059B940A861817890A949B050F919E00831D128C45
:20AB2000851B148A099798060C929D03801E118F039D920C8F111E808A141B850698970925
:20AB4000831D128C0F919E000A949B0586181789059B940A891718868C121D83009E910F05
:20AB6000069897098A141B858F111E80039D920C801E118F0C929D0309979806851B148AE5
:20AB80007FE1EE70F36D62FCF66867F97AE4EB75F96768F675EBE47A70EEE17FFC626DF3C5
:20ABA000FA646BF576E8E77973EDE27CFF616EF07CE2ED73F06E61FFF56B64FA79E7E876A5
:20ABC000FC626DF370EEE17F75EBE47AF96768F67AE4EB75F66867F9F36D62FC7FE1EE7085
:20ABE00079E7E876F56B64FAF06E61FF7CE2ED73FF616EF073EDE27C76E8E779FA646BF565
:20AC00007FE1EE70F36D62FCF66867F97AE4EB75F96768F675EBE47A70EEE17FFC626DF344
:20AC2000FA646BF576E8E77973EDE27CFF616EF07CE2ED73F06E61FFF56B64FA79E7E87624
:20AC4000FC626DF370EEE17F75EBE47AF96768F67AE4EB75F66867F9F36D62FC7FE1EE7004
:20AC600079E7E876F56B64FAF06E61FF7CE2ED73FF616EF073EDE27C76E8E779FA646BF5E4
:20AC8000009E910F8C121D8389171886059B940A861817890A949B050F919E00831D128CC4
:20ACA000851B148A099798060C929D03801E118F039D920C8F111E808A141B8506989709A4
:20ACC000831D128C0F919E000A949B0586181789059B940A891718868C121D83009E910F84
:20ACE000069897098A141B858F111E80039D920C801E118F0C929D0309979806851B148A64
:20AD0000039D920C8F111E808A141B8506989709851B148A099798060C929D03801E118F43
:20AD2000861817890A949B050F919E00831D128C009E910F8C121D8389171886059B940A23
:20AD4000801E118F0C929D0309979806851B148A069897098A141B858F111E80039D920C03
:20AD6000059B940A891718868C121D83009E910F831D128C0F919E000A949B0586181789E3
:20AD80007CE2ED73F06E61FFF56B64FA79E7E876FA646BF576E8E77973EDE27CFF616EF0C3
:20ADA000F96768F675EBE47A70EEE17FFC626DF37FE1EE70F36D62FCF66867F97AE4EB75A3
:20ADC000FF616EF073EDE27C76E8E779FA646BF579E7E876F56B64FAF06E61FF7CE2ED7383
:20ADE0007AE4EB75F66867F9F36D62FC7FE1EE70FC626DF370EEE17F75EBE47AF96768F663
:20AE0000059B940A891718868C121D83009E910F831D128C0F919E000A949B058618178942
:20AE2000801E118F0C929D0309979806851B148A069897098A141B858F111E80039D920C22
:20AE4000861817890A949B050F919E00831D128C009E910F8C121D8389171886059B940A02
:20AE6000039D920C8F111E808A141B8506989709851B148A099798060C929D03801E118FE2
:20AE80007AE4EB75F66867F9F36D62FC7FE1EE70FC626DF370EEE17F75EBE47AF96768F6C2
:20AEA000FF616EF073EDE27C76E8E779FA646BF579E7E876F56B64FAF06E61FF7CE2ED73A2
:20AEC000F96768F675EBE47A70EEE17FFC626DF37FE1EE70F36D62FCF66867F97AE4EB7582
:20AEE0007CE2ED73F06E61FFF56B64FA79E7E876FA646BF576E8E77973EDE27CFF616EF062
:20AF000079E7E876F56B64FAF06E61FF7CE2ED73FF616EF073EDE27C76E8E779FA646BF541
:20AF2000FC626DF370EEE17F75EBE47AF96768F67AE4EB75F66867F9F36D62FC7FE1EE7021
:20AF4000FA646BF576E8E77973EDE27CFF616EF07CE2ED73F06E61FFF56B64FA79E7E87601
:20AF60007FE1EE70F36D62FCF66867F97AE4EB75F96768F675EBE47A70EEE17FFC626DF3E1
:20AF8000069897098A141B858F111E80039D920C801E118F0C929D0309979806851B148AC1
:20AFA000831D128C0F919E000A949B0586181789059B940A891718868C121D83009E910FA1
:20AFC000851B148A099798060C929D03801E118F039D920C8F111E808A141B850698970981
:20AFE000009E910F8C121D8389171886059B940A861817890A949B050F919E00831D128C61
:20B00000039D920C8F111E808A141B8506989709851B148A099798060C929D03801E118F40
:20B02000861817890A949B050F919E00831D128C009E910F8C121D8389171886059B940A20
:20B04000801E118F0C929D0309979806851B148A069897098A141B858F111E80039D920C00
:20B06000059B940A891718868C121D83009E910F831D128C0F919E000A949B0586181789E0
:20B080007CE2ED73F06E61FFF56B64FA79E7E876FA646BF576E8E77973EDE27CFF616EF0C0
:20B0A000F96768F675EBE47A70EEE17FFC626DF37FE1EE70F36D62FCF66867F97AE4EB75A0
:20B0C000FF616EF073EDE27C76E8E779FA646BF579E7E876F56B64FAF06E61FF7CE2ED7380
:20B0E0007AE4EB75F66867F9F36D62FC7FE1EE70FC626DF370EEE17F75EBE47AF96768F660
:20B100007FE1EE70F36D62FCF66867F97AE4EB75F96768F675EBE47A70EEE17FFC626DF33F
:20B12000FA646BF576E8E77973EDE27CFF616EF07CE2ED73F06E61FFF56B64FA79E7E8761F
:20B14000FC626DF370EEE17F75EBE47AF96768F67AE4EB75F66867F9F36D62FC7FE1EE70FF
:20B1600079E7E876F56B64FAF06E61FF7CE2ED73FF616EF073EDE27C76E8E779FA646BF5DF
:20B18000009E910F8C121D8389171886059B940A861817890A949B050F919E00831D128CBF
:20B1A000851B148A099798060C929D03801E118F039D920C8F111E808A141B85069897099F
:20B1C000831D128C0F919E000A949B0586181789059B940A891718868C121D83009E910F7F
:20B1E000069897098A141B858F111E80039D920C801E118F0C929D0309979806851B148A5F
:20B2000079E7E876F56B64FAF06E61FF7CE2ED73FF616EF073EDE27C76E8E779FA646BF53E
:20B22000FC626DF370EEE17F75EBE47AF96768F67AE4EB75F66867F9F36D62FC7FE1EE701E
:20B24000FA646BF576E8E77973EDE27CFF616EF07CE2ED73F06E61FFF56B64FA79E7E876FE
:20B260007FE1EE70F36D62FCF66867F97AE4EB75F96768F675EBE47A70EEE17FFC626DF3DE
:20B28000069897098A141B858F111E80039D920C801E118F0C929D0309979806851B148ABE
:20B2A000831D128C0F919E000A949B0586181789059B940A891718868C121D83009E910F9E
:20B2C000851B148A099798060C929D03801E118F039D920C8F111E808A141B85069897097E
:20B2E000009E910F8C121D8389171886059B940A861817890A949B050F919E00831D128C5E
:20B30000059B940A891718868C121D83009E910F831D128C0F919E000A949B05861817893D
:20B32000801E118F0C929D0309979806851B148A069897098A141B858F111E80039D920C1D
:20B34000861817890A949B050F919E00831D128C009E910F8C121D8389171886059B940AFD
:20B36000039D920C8F111E808A141B8506989709851B148A099798060C929D03801E118FDD
:20B380007AE4EB75F66867F9F36D62FC7FE1EE70FC626DF370EEE17F75EBE47AF96768F6BD
:20B3A000FF616EF073EDE27C76E8E779FA646BF579E7E876F56B64FAF06E61FF7CE2ED739D
:20B3C000F96768F675EBE47A70EEE17FFC626DF37FE1EE70F36D62FCF66867F97AE4EB757D
:20B3E0007CE2ED73F06E61FFF56B64FA79E7E876FA646BF576E8E77973EDE27CFF616EF05D
:20B400007AE4EB75F66867F9F36D62FC7FE1EE70FC626DF370EEE17F75EBE47AF96768F63C
:20B42000FF616EF073EDE27C76E8E779FA646BF579E7E876F56B64FAF06E61FF7CE2ED731C
:20B44000F96768F675EBE47A70EEE17FFC626DF37FE1EE70F36D62FCF66867F97AE4EB75FC
:20B460007CE2ED73F06E61FFF56B64FA79E7E876FA646BF576E8E77973EDE27CFF616EF0DC
:20B48000059B940A891718868C121D83009E910F831D128C0F919E000A949B0586181789BC
:20B4A000801E118F0C929D0309979806851B148A069897098A141B858F111E80039D920C9C
:20B4C000861817890A949B050F919E00831D128C009E910F8C121D8389171886059B940A7C
:20B4E000039D920C8F111E808A141B8506989709851B148A099798060C929D03801E118F5C
:20B50000069897098A141B858F111E80039D920C801E118F0C929D0309979806851B148A3B
:20B52000831D128C0F919E000A949B0586181789059B940A891718868C121D83009E910F1B
:20B54000851B148A099798060C929D03801E118F039D920C8F111E808A141B8506989709FB
:20B56000009E910F8C121D8389171886059B940A861817890A949B050F919E00831D128CDB
:20B5800079E7E876F56B64FAF06E61FF7CE2ED73FF616EF073EDE27C76E8E779FA646BF5BB
:20B5A000FC626DF370EEE17F75EBE47AF96768F67AE4EB75F66867F9F36D62FC7FE1EE709B
:20B5C000FA646BF576E8E77973EDE27CFF616EF07CE2ED73F06E61FFF56B64FA79E7E8767B
:20B5E0007FE1EE70F36D62FCF66867F97AE4EB75F96768F675EBE47A70EEE17FFC626DF35B
:20B60000009E910F8C121D8389171886059B940A861817890A949B050F919E00831D128C3A
:20B62000851B148A099798060C929D03801E118F039D920C8F111E808A141B85069897091A
:20B64000831D128C0F919E000A949B0586181789059B940A891718868C121D83009E910FFA
:20B66000069897098A141B858F111E80039D920C801E118F0C929D0309979806851B148ADA
:20B680007FE1EE70F36D62FCF66867F97AE4EB75F96768F675EBE47A70EEE17FFC626DF3BA
:20B6A000FA646BF576E8E77973EDE27CFF616EF07CE2ED73F06E61FFF56B64FA79E7E8769A
:20B6C000FC626DF370EEE17F75EBE47AF96768F67AE4EB75F66867F9F36D62FC7FE1EE707A
:20B6E00079E7E876F56B64FAF06E61FF7CE2ED73FF616EF073EDE27C76E8E779FA646BF55A
:20B700007CE2ED73F06E61FFF56B64FA79E7E876FA646BF576E8E77973EDE27CFF616EF039
:20B72000F96768F675EBE47A70EEE17FFC626DF37FE1EE70F36D62FCF66867F97AE4EB7519
:20B74000FF616EF073EDE27C76E8E779FA646BF579E7E876F56B64FAF06E61FF7CE2ED73F9
:20B760007AE4EB75F66867F9F36D62FC7FE1EE70FC626DF370EEE17F75EBE47AF96768F6D9
:20B78000039D920C8F111E808A141B8506989709851B148A099798060C929D03801E118FB9
:20B7A000861817890A949B050F919E00831D128C009E910F8C121D8389171886059B940A99
:20B7C000801E118F0C929D0309979806851B148A069897098A141B858F111E80039D920C79
:20B7E000059B940A891718868C121D83009E910F831D128C0F919E000A949B058618178959
:20B8000075EBE47AF96768F6FC626DF370EEE17FF36D62FC7FE1EE707AE4EB75F66867F938
:20B82000F06E61FF7CE2ED7379E7E876F56B64FA76E8E779FA646BF5FF616EF073EDE27C18
:20B84000F66867F97AE4EB757FE1EE70F36D62FC70EEE17FFC626DF3F96768F675EBE47AF8
:20B8600073EDE27CFF616EF0FA646BF576E8E779F56B64FA79E7E8767CE2ED73F06E61FFD8
:20B880000A949B0586181789831D128C0F919E008C121D83009E910F059B940A89171886B8
:20B8A0008F111E80039D920C069897098A141B8509979806851B148A801E118F0C929D0398
:20B8C00089171886059B940A009E910F8C121D830F919E00831D128C861817890A949B0578
:20B8E0000C929D03801E118F851B148A099798068A141B8506989709039D920C8F111E8058
:20B9000009979806851B148A801E118F0C929D038F111E80039D920C069897098A141B8537
:20B920008C121D83009E910F059B940A891718860A949B0586181789831D128C0F919E0017
:20B940008A141B8506989709039D920C8F111E800C929D03801E118F851B148A09979806F7
:20B960000F919E00831D128C861817890A949B0589171886059B940A009E910F8C121D83D7
:20B9800076E8E779FA646BF5FF616EF073EDE27CF06E61FF7CE2ED7379E7E876F56B64FAB7
:20B9A000F36D62FC7FE1EE707AE4EB75F66867F975EBE47AF96768F6FC626DF370EEE17F97
:20B9C000F56B64FA79E7E8767CE2ED73F06E61FF73EDE27CFF616EF0FA646BF576E8E77977
:20B9E00070EEE17FFC626DF3F96768F675EBE47AF66867F97AE4EB757FE1EE70F36D62FC57
:20BA00000F919E00831D128C861817890A949B0589171886059B940A009E910F8C121D8336
:20BA20008A141B8506989709039D920C8F111E800C929D03801E118F851B148A0997980616
:20BA40008C121D83009E910F059B940A891718860A949B0586181789831D128C0F919E00F6
:20BA600009979806851B148A801E118F0C929D038F111E80039D920C069897098A141B85D6
:20BA800070EEE17FFC626DF3F96768F675EBE47AF66867F97AE4EB757FE1EE70F36D62FCB6
:20BAA000F56B64FA79E7E8767CE2ED73F06E61FF73EDE27CFF616EF0FA646BF576E8E77996
:20BAC000F36D62FC7FE1EE707AE4EB75F66867F975EBE47AF96768F6FC626DF370EEE17F76
:20BAE00076E8E779FA646BF5FF616EF073EDE27CF06E61FF7CE2ED7379E7E876F56B64FA56
:20BB000073EDE27CFF616EF0FA646BF576E8E779F56B64FA79E7E8767CE2ED73F06E61FF35
:20BB2000F66867F97AE4EB757FE1EE70F36D62FC70EEE17FFC626DF3F96768F675EBE47A15
:20BB4000F06E61FF7CE2ED7379E7E876F56B64FA76E8E779FA646BF5FF616EF073EDE27CF5
:20BB600075EBE47AF96768F6FC626DF370EEE17FF36D62FC7FE1EE707AE4EB75F66867F9D5
:20BB80000C929D03801E118F851B148A099798068A141B8506989709039D920C8F111E80B5
:20BBA00089171886059B940A009E910F8C121D830F919E00831D128C861817890A949B0595
:20BBC0008F111E80039D920C069897098A141B8509979806851B148A801E118F0C929D0375
:20BBE0000A949B0586181789831D128C0F919E008C121D83009E910F059B940A8917188655
:20BC00000C929D03801E118F851B148A099798068A141B8506989709039D920C8F111E8034
:20BC200089171886059B940A009E910F8C121D830F919E00831D128C861817890A949B0514
:20BC40008F111E80039D920C069897098A141B8509979806851B148A801E118F0C929D03F4
:20BC60000A949B0586181789831D128C0F919E008C121D83009E910F059B940A89171886D4
:20BC800073EDE27CFF616EF0FA646BF576E8E779F56B64FA79E7E8767CE2ED73F06E61FFB4
:20BCA000F66867F97AE4EB757FE1EE70F36D62FC70EEE17FFC626DF3F96768F675EBE47A94
:20BCC000F06E61FF7CE2ED7379E7E876F56B64FA76E8E779FA646BF5FF616EF073EDE27C74
:20BCE00075EBE47AF96768F6FC626DF370EEE17FF36D62FC7FE1EE707AE4EB75F66867F954
:20BD000070EEE17FFC626DF3F96768F675EBE47AF66867F97AE4EB757FE1EE70F36D62FC33
:20BD2000F56B64FA79E7E8767CE2ED73F06E61FF73EDE27CFF616EF0FA646BF576E8E77913
:20BD4000F36D62FC7FE1EE707AE4EB75F66867F975EBE47AF96768F6FC626DF370EEE17FF3
:20BD600076E8E779FA646BF5FF616EF073EDE27CF06E61FF7CE2ED7379E7E876F56B64FAD3
:20BD80000F919E00831D128C861817890A949B0589171886059B940A009E910F8C121D83B3
:20BDA0008A141B8506989709039D920C8F111E800C929D03801E118F851B148A0997980693
:20BDC0008C121D83009E910F059B940A891718860A949B0586181789831D128C0F919E0073
:20BDE00009979806851B148A801E118F0C929D038F111E80039D920C069897098A141B8553
:20BE000076E8E779FA646BF5FF616EF073EDE27CF06E61FF7CE2ED7379E7E876F56B64FA32
:20BE2000F36D62FC7FE1EE707AE4EB75F66867F975EBE47AF96768F6FC626DF370EEE17F12
:20BE4000F56B64FA79E7E8767CE2ED73F06E61FF73EDE27CFF616EF0FA646BF576E8E779F2
:20BE600070EEE17FFC626DF3F96768F675EBE47AF66867F97AE4EB757FE1EE70F36D62FCD2
:20BE800009979806851B148A801E118F0C929D038F111E80039D920C069897098A141B85B2
:20BEA0008C121D83009E910F059B940A891718860A949B0586181789831D128C0F919E0092
:20BEC0008A141B8506989709039D920C8F111E800C929D03801E118F851B148A0997980672
:20BEE0000F919E00831D128C861817890A949B0589171886059B940A009E910F8C121D8352
:20BF00000A949B0586181789831D128C0F919E008C121D83009E910F059B940A8917188631
:20BF20008F111E80039D920C069897098A141B8509979806851B148A801E118F0C929D0311
:20BF400089171886059B940A009E910F8C121D830F919E00831D128C861817890A949B05F1
:20BF60000C929D03801E118F851B148A099798068A141B8506989709039D920C8F111E80D1
:20BF800075EBE47AF96768F6FC626DF370EEE17FF36D62FC7FE1EE707AE4EB75F66867F9B1
:20BFA000F06E61FF7CE2ED7379E7E876F56B64FA76E8E779FA646BF5FF616EF073EDE27C91
:20BFC000F66867F97AE4EB757FE1EE70F36D62FC70EEE17FFC626DF3F96768F675EBE47A71
:20BFE00073EDE27CFF616EF0FA646BF576E8E779F56B64FA79E7E8767CE2ED73F06E61FF51
:20C000007FE1EE70F36D62FCF66867F97AE4EB75F96768F675EBE47A70EEE17FFC626DF330
:20C02000FA646BF576E8E77973EDE27CFF616EF07CE2ED73F06E61FFF56B64FA79E7E87610
:20C04000FC626DF370EEE17F75EBE47AF96768F67AE4EB75F66867F9F36D62FC7FE1EE70F0
:20C0600079E7E876F56B64FAF06E61FF7CE2ED73FF616EF073EDE27C76E8E779FA646BF5D0
:20C08000009E910F8C121D8389171886059B940A861817890A949B050F919E00831D128CB0
:20C0A000851B148A099798060C929D03801E118F039D920C8F111E808A141B850698970990
:20C0C000831D128C0F919E000A949B0586181789059B940A891718868C121D83009E910F70
:20C0E000069897098A141B858F111E80039D920C801E118F0C929D0309979806851B148A50
:20C10000039D920C8F111E808A141B8506989709851B148A099798060C929D03801E118F2F
:20C12000861817890A949B050F919E00831D128C009E910F8C121D8389171886059B940A0F
:20C14000801E118F0C929D0309979806851B148A069897098A141B858F111E80039D920CEF
:20C16000059B940A891718868C121D83009E910F831D128C0F919E000A949B0586181789CF
:20C180007CE2ED73F06E61FFF56B64FA79E7E876FA646BF576E8E77973EDE27CFF616EF0AF
:20C1A000F96768F675EBE47A70EEE17FFC626DF37FE1EE70F36D62FCF66867F97AE4EB758F
:20C1C000FF616EF073EDE27C76E8E779FA646BF579E7E876F56B64FAF06E61FF7CE2ED736F
:20C1E0007AE4EB75F66867F9F36D62FC7FE1EE70FC626DF370EEE17F75EBE47AF96768F64F
:20C20000059B940A891718868C121D83009E910F831D128C0F919E000A949B05861817892E
:20C22000801E118F0C929D0309979806851B148A069897098A141B858F111E80039D920C0E
:20C24000861817890A949B050F919E00831D128C009E910F8C121D8389171886059B940AEE
:20C26000039D920C8F111E808A141B8506989709851B148A099798060C929D03801E118FCE
:20C280007AE4EB75F66867F9F36D62FC7FE1EE70FC626DF370EEE17F75EBE47AF96768F6AE
:20C2A000FF616EF073EDE27C76E8E779FA646BF579E7E876F56B64FAF06E61FF7CE2ED738E
:20C2C000F96768F675EBE47A70EEE17FFC626DF37FE1EE70F36D62FCF66867F97AE4EB756E
:20C2E0007CE2ED73F06E61FFF56B64FA79E7E876FA646BF576E8E77973EDE27CFF616EF04E
:20C3000079E7E876F56B64FAF06E61FF7CE2ED73FF616EF073EDE27C76E8E779FA646BF52D
:20C32000FC626DF370EEE17F75EBE47AF96768F67AE4EB75F66867F9F36D62FC7FE1EE700D
:20C34000FA646BF576E8E77973EDE27CFF616EF07CE2ED73F06E61FFF56B64FA79E7E876ED
:20C360007FE1EE70F36D62FCF66867F97AE4EB75F96768F675EBE47A70EEE17FFC626DF3CD
:20C38000069897098A141B858F111E80039D920C801E118F0C929D0309979806851B148AAD
:20C3A000831D128C0F919E000A949B0586181789059B940A891718868C121D83009E910F8D
:20C3C000851B148A099798060C929D03801E118F039D920C8F111E808A141B85069897096D
:20C3E000009E910F8C121D8389171886059B940A861817890A949B050F919E00831D128C4D
:20C40000069897098A141B858F111E80039D920C801E118F0C929D0309979806851B148A2C
:20C42000831D128C0F919E000A949B0586181789059B940A891718868C121D83009E910F0C
:20C44000851B148A099798060C929D03801E118F039D920C8F111E808A141B8506989709EC
:20C46000009E910F8C121D8389171886059B940A861817890A949B050F919E00831D128CCC
:20C4800079E7E876F56B64FAF06E61FF7CE2ED73FF616EF073EDE27C76E8E779FA646BF5AC
:20C4A000FC626DF370EEE17F75EBE47AF96768F67AE4EB75F66867F9F36D62FC7FE1EE708C
:20C4C000FA646BF576E8E77973EDE27CFF616EF07CE2ED73F06E61FFF56B64FA79E7E8766C
:20C4E0007FE1EE70F36D62FCF66867F97AE4EB75F96768F675EBE47A70EEE17FFC626DF34C
:20C500007AE4EB75F66867F9F36D62FC7FE1EE70FC626DF370EEE17F75EBE47AF96768F62B
:20C52000FF616EF073EDE27C76E8E779FA646BF579E7E876F56B64FAF06E61FF7CE2ED730B
:20C54000F96768F675EBE47A70EEE17FFC626DF37FE1EE70F36D62FCF66867F97AE4EB75EB
:20C560007CE2ED73F06E61FFF56B64FA79E7E876FA646BF576E8E77973EDE27CFF616EF0CB
:20C58000059B940A891718868C121D83009E910F831D128C0F919E000A949B0586181789AB
:20C5A000801E118F0C929D0309979806851B148A069897098A141B858F111E80039D920C8B
:20C5C000861817890A949B050F919E00831D128C009E910F8C121D8389171886059B940A6B
:20C5E000039D920C8F111E808A141B8506989709851B148A099798060C929D03801E118F4B
:20C600007CE2ED73F06E61FFF56B64FA79E7E876FA646BF576E8E77973EDE27CFF616EF02A
:20C62000F96768F675EBE47A70EEE17FFC626DF37FE1EE70F36D62FCF66867F97AE4EB750A
:20C64000FF616EF073EDE27C76E8E779FA646BF579E7E876F56B64FAF06E61FF7CE2ED73EA
:20C660007AE4EB75F66867F9F36D62FC7FE1EE70FC626DF370EEE17F75EBE47AF96768F6CA
:20C68000039D920C8F111E808A141B8506989709851B148A099798060C929D03801E118FAA
:20C6A000861817890A949B050F919E00831D128C009E910F8C121D8389171886059B940A8A
:20C6C000801E118F0C929D0309979806851B148A069897098A141B858F111E80039D920C6A
:20C6E000059B940A891718868C121D83009E910F831D128C0F919E000A949B05861817894A
:20C70000009E910F8C121D8389171886059B940A861817890A949B050F919E00831D128C29
:20C72000851B148A099798060C929D03801E118F039D920C8F111E808A141B850698970909
:20C74000831D128C0F919E000A949B0586181789059B940A891718868C121D83009E910FE9
:20C76000069897098A141B858F111E80039D920C801E118F0C929D0309979806851B148AC9
:20C780007FE1EE70F36D62FCF66867F97AE4EB75F96768F675EBE47A70EEE17FFC626DF3A9
:20C7A000FA646BF576E8E77973EDE27CFF616EF07CE2ED73F06E61FFF56B64FA79E7E87689
:20C7C000FC626DF370EEE17F75EBE47AF96768F67AE4EB75F66867F9F36D62FC7FE1EE7069
:20C7E00079E7E876F56B64FAF06E61FF7CE2ED73FF616EF073EDE27C76E8E779FA646BF549
:20C8000009979806851B148A801E118F0C929D038F111E80039D920C069897098A141B8528
:20C820008C121D83009E910F059B940A891718860A949B0586181789831D128C0F919E0008
:20C840008A141B8506989709039D920C8F111E800C929D03801E118F851B148A09979806E8
:20C860000F919E00831D128C861817890A949B0589171886059B940A009E910F8C121D83C8
:20C8800076E8E779FA646BF5FF616EF073EDE27CF06E61FF7CE2ED7379E7E876F56B64FAA8
:20C8A000F36D62FC7FE1EE707AE4EB75F66867F975EBE47AF96768F6FC626DF370EEE17F88
:20C8C000F56B64FA79E7E8767CE2ED73F06E61FF73EDE27CFF616EF0FA646BF576E8E77968
:20C8E00070EEE17FFC626DF3F96768F675EBE47AF66867F97AE4EB757FE1EE70F36D62FC48
:20C9000075EBE47AF96768F6FC626DF370EEE17FF36D62FC7FE1EE707AE4EB75F66867F927
:20C92000F06E61FF7CE2ED7379E7E876F56B64FA76E8E779FA646BF5FF616EF073EDE27C07
:20C94000F66867F97AE4EB757FE1EE70F36D62FC70EEE17FFC626DF3F96768F675EBE47AE7
:20C9600073EDE27CFF616EF0FA646BF576E8E779F56B64FA79E7E8767CE2ED73F06E61FFC7
:20C980000A949B0586181789831D128C0F919E008C121D83009E910F059B940A89171886A7
:20C9A0008F111E80039D920C069897098A141B8509979806851B148A801E118F0C929D0387
:20C9C00089171886059B940A009E910F8C121D830F919E00831D128C861817890A949B0567
:20C9E0000C929D03801E118F851B148A099798068A141B8506989709039D920C8F111E8047
:20CA000073EDE27CFF616EF0FA646BF576E8E779F56B64FA79E7E8767CE2ED73F06E61FF26
:20CA2000F66867F97AE4EB757FE1EE70F36D62FC70EEE17FFC626DF3F96768F675EBE47A06
:20CA4000F06E61FF7CE2ED7379E7E876F56B64FA76E8E779FA646BF5FF616EF073EDE27CE6
:20CA600075EBE47AF96768F6FC626DF370EEE17FF36D62FC7FE1EE707AE4EB75F66867F9C6
:20CA80000C929D03801E118F851B148A099798068A141B8506989709039D920C8F111E80A6
:20CAA00089171886059B940A009E910F8C121D830F919E00831D128C861817890A949B0586
:20CAC0008F111E80039D920C069897098A141B8509979806851B148A801E118F0C929D0366
:20CAE0000A949B0586181789831D128C0F919E008C121D83009E910F059B940A8917188646
:20CB00000F919E00831D128C861817890A949B0589171886059B940A009E910F8C121D8325
:20CB20008A141B8506989709039D920C8F111E800C929D03801E118F851B148A0997980605
:20CB40008C121D83009E910F059B940A891718860A949B0586181789831D128C0F919E00E5
:20CB600009979806851B148A801E118F0C929D038F111E80039D920C069897098A141B85C5
:20CB800070EEE17FFC626DF3F96768F675EBE47AF66867F97AE4EB757FE1EE70F36D62FCA5
:20CBA000F56B64FA79E7E8767CE2ED73F06E61FF73EDE27CFF616EF0FA646BF576E8E77985
:20CBC000F36D62FC7FE1EE707AE4EB75F66867F975EBE47AF96768F6FC626DF370EEE17F65
:20CBE00076E8E779FA646BF5FF616EF073EDE27CF06E61FF7CE2ED7379E7E876F56B64FA45
:20CC000070EEE17FFC626DF3F96768F675EBE47AF66867F97AE4EB757FE1EE70F36D62FC24
:20CC2000F56B64FA79E7E8767CE2ED73F06E61FF73EDE27CFF616EF0FA646BF576E8E77904
:20CC4000F36D62FC7FE1EE707AE4EB75F66867F975EBE47AF96768F6FC626DF370EEE17FE4
:20CC600076E8E779FA646BF5FF616EF073EDE27CF06E61FF7CE2ED7379E7E876F56B64FAC4
:20CC80000F919E00831D128C861817890A949B0589171886059B940A009E910F8C121D83A4
:20CCA0008A141B8506989709039D920C8F111E800C929D03801E118F851B148A0997980684
:20CCC0008C121D83009E910F059B940A891718860A949B0586181789831D128C0F919E0064
:20CCE00009979806851B148A801E118F0C929D038F111E80039D920C069897098A141B8544
:20CD00000C929D03801E118F851B148A099798068A141B8506989709039D920C8F111E8023
:20CD200089171886059B940A009E910F8C121D830F919E00831D128C861817890A949B0503
:20CD40008F111E80039D920C069897098A141B8509979806851B148A801E118F0C929D03E3
:20CD60000A949B0586181789831D128C0F919E008C121D83009E910F059B940A89171886C3
:20CD800073EDE27CFF616EF0FA646BF576E8E779F56B64FA79E7E8767CE2ED73F06E61FFA3
:20CDA000F66867F97AE4EB757FE1EE70F36D62FC70EEE17FFC626DF3F96768F675EBE47A83
:20CDC000F06E61FF7CE2ED7379E7E876F56B64FA76E8E779FA646BF5FF616EF073EDE27C63
:20CDE00075EBE47AF96768F6FC626DF370EEE17FF36D62FC7FE1EE707AE4EB75F66867F943
:20CE00000A949B0586181789831D128C0F919E008C121D83009E910F059B940A8917188622
:20CE20008F111E80039D920C069897098A141B8509979806851B148A801E118F0C929D0302
:20CE400089171886059B940A009E910F8C121D830F919E00831D128C861817890A949B05E2
:20CE60000C929D03801E118F851B148A099798068A141B8506989709039D920C8F111E80C2
:20CE800075EBE47AF96768F6FC626DF370EEE17FF36D62FC7FE1EE707AE4EB75F66867F9A2
:20CEA000F06E61FF7CE2ED7379E7E876F56B64FA76E8E779FA646BF5FF616EF073EDE27C82
:20CEC000F66867F97AE4EB757FE1EE70F36D62FC70EEE17FFC626DF3F96768F675EBE47A62
:20CEE00073EDE27CFF616EF0FA646BF576E8E779F56B64FA79E7E8767CE2ED73F06E61FF42
:20CF000076E8E779FA646BF5FF616EF073EDE27CF06E61FF7CE2ED7379E7E876F56B64FA21
:20CF2000F36D62FC7FE1EE707AE4EB75F66867F975EBE47AF96768F6FC626DF370EEE17F01
:20CF4000F56B64FA79E7E8767CE2ED73F06E61FF73EDE27CFF616EF0FA646BF576E8E779E1
:20CF600070EEE17FFC626DF3F96768F675EBE47AF66867F97AE4EB757FE1EE70F36D62FCC1
:20CF800009979806851B148A801E118F0C929D038F111E80039D920C069897098A141B85A1
:20CFA0008C121D83009E910F059B940A891718860A949B0586181789831D128C0F919E0081
:20CFC0008A141B8506989709039D920C8F111E800C929D03801E118F851B148A0997980661
:20CFE0000F919E00831D128C861817890A949B0589171886059B940A009E910F8C121D8341
:20D000000C929D03801E118F851B148A099798068A141B8506989709039D920C8F111E8020
:20D0200089171886059B940A009E910F8C121D830F919E00831D128C861817890A949B0500
:20D040008F111E80039D920C069897098A141B8509979806851B148A801E118F0C929D03E0
:20D060000A949B0586181789831D128C0F919E008C121D83009E910F059B940A89171886C0
:20D0800073EDE27CFF616EF0FA646BF576E8E779F56B64FA79E7E8767CE2ED73F06E61FFA0
:20D0A000F66867F97AE4EB757FE1EE70F36D62FC70EEE17FFC626DF3F96768F675EBE47A80
:20D0C000F06E61FF7CE2ED7379E7E876F56B64FA76E8E779FA646BF5FF616EF073EDE27C60
:20D0E00075EBE47AF96768F6FC626DF370EEE17FF36D62FC7FE1EE707AE4EB75F66867F940
:20D1000070EEE17FFC626DF3F96768F675EBE47AF66867F97AE4EB757FE1EE70F36D62FC1F
:20D12000F56B64FA79E7E8767CE2ED73F06E61FF73EDE27CFF616EF0FA646BF576E8E779FF
:20D14000F36D62FC7FE1EE707AE4EB75F66867F975EBE47AF96768F6FC626DF370EEE17FDF
:20D1600076E8E779FA646BF5FF616EF073EDE27CF06E61FF7CE2ED7379E7E876F56B64FABF
:20D180000F919E00831D128C861817890A949B0589171886059B940A009E910F8C121D839F
:20D1A0008A141B8506989709039D920C8F111E800C929D03801E118F851B148A099798067F
:20D1C0008C121D83009E910F059B940A891718860A949B0586181789831D128C0F919E005F
:20D1E00009979806851B148A801E118F0C929D038F111E80039D920C069897098A141B853F
:20D2000076E8E779FA646BF5FF616EF073EDE27CF06E61FF7CE2ED7379E7E876F56B64FA1E
:20D22000F36D62FC7FE1EE707AE4EB75F66867F975EBE47AF96768F6FC626DF370EEE17FFE
:20D24000F56B64FA79E7E8767CE2ED73F06E61FF73EDE27CFF616EF0FA646BF576E8E779DE
:20D2600070EEE17FFC626DF3F96768F675EBE47AF66867F97AE4EB757FE1EE70F36D62FCBE
:20D2800009979806851B148A801E118F0C929D038F111E80039D920C069897098A141B859E
:20D2A0008C121D83009E910F059B940A891718860A949B0586181789831D128C0F919E007E
:20D2C0008A141B8506989709039D920C8F111E800C929D03801E118F851B148A099798065E
:20D2E0000F919E00831D128C861817890A949B0589171886059B940A009E910F8C121D833E
:20D300000A949B0586181789831D128C0F919E008C121D83009E910F059B940A891718861D
:20D320008F111E80039D920C069897098A141B8509979806851B148A801E118F0C929D03FD
:20D3400089171886059B940A009E910F8C121D830F919E00831D128C861817890A949B05DD
:20D360000C929D03801E118F851B148A099798068A141B8506989709039D920C8F111E80BD
:20D3800075EBE47AF96768F6FC626DF370EEE17FF36D62FC7FE1EE707AE4EB75F66867F99D
:20D3A000F06E61FF7CE2ED7379E7E876F56B64FA76E8E779FA646BF5FF616EF073EDE27C7D
:20D3C000F66867F97AE4EB757FE1EE70F36D62FC70EEE17FFC626DF3F96768F675EBE47A5D
:20D3E00073EDE27CFF616EF0FA646BF576E8E779F56B64FA79E7E8767CE2ED73F06E61FF3D
:20D4000075EBE47AF96768F6FC626DF370EEE17FF36D62FC7FE1EE707AE4EB75F66867F91C
:20D42000F06E61FF7CE2ED7379E7E876F56B64FA76E8E779FA646BF5FF616EF073EDE27CFC
:20D44000F66867F97AE4EB757FE1EE70F36D62FC70EEE17FFC626DF3F96768F675EBE47ADC
:20D4600073EDE27CFF616EF0FA646BF576E8E779F56B64FA79E7E8767CE2ED73F06E61FFBC
:20D480000A949B0586181789831D128C0F919E008C121D83009E910F059B940A891718869C
:20D4A0008F111E80039D920C069897098A141B8509979806851B148A801E118F0C929D037C
:20D4C00089171886059B940A009E910F8C121D830F919E00831D128C861817890A949B055C
:20D4E0000C929D03801E118F851B148A099798068A141B8506989709039D920C8F111E803C
:20D5000009979806851B148A801E118F0C929D038F111E80039D920C069897098A141B851B
:20D520008C121D83009E910F059B940A891718860A949B0586181789831D128C0F919E00FB
:20D540008A141B8506989709039D920C8F111E800C929D03801E118F851B148A09979806DB
:20D560000F919E00831D128C861817890A949B0589171886059B940A009E910F8C121D83BB
:20D5800076E8E779FA646BF5FF616EF073EDE27CF06E61FF7CE2ED7379E7E876F56B64FA9B
:20D5A000F36D62FC7FE1EE707AE4EB75F66867F975EBE47AF96768F6FC626DF370EEE17F7B
:20D5C000F56B64FA79E7E8767CE2ED73F06E61FF73EDE27CFF616EF0FA646BF576E8E7795B
:20D5E00070EEE17FFC626DF3F96768F675EBE47AF66867F97AE4EB757FE1EE70F36D62FC3B
:20D600000F919E00831D128C861817890A949B0589171886059B940A009E910F8C121D831A
:20D620008A141B8506989709039D920C8F111E800C929D03801E118F851B148A09979806FA
:20D640008C121D83009E910F059B940A891718860A949B0586181789831D128C0F919E00DA
:20D6600009979806851B148A801E118F0C929D038F111E80039D920C069897098A141B85BA
:20D6800070EEE17FFC626DF3F96768F675EBE47AF66867F97AE4EB757FE1EE70F36D62FC9A
:20D6A000F56B64FA79E7E8767CE2ED73F06E61FF73EDE27CFF616EF0FA646BF576E8E7797A
:20D6C000F36D62FC7FE1EE707AE4EB75F66867F975EBE47AF96768F6FC626DF370EEE17F5A
:20D6E00076E8E779FA646BF5FF616EF073EDE27CF06E61FF7CE2ED7379E7E876F56B64FA3A
:20D7000073EDE27CFF616EF0FA646BF576E8E779F56B64FA79E7E8767CE2ED73F06E61FF19
:20D72000F66867F97AE4EB757FE1EE70F36D62FC70EEE17FFC626DF3F96768F675EBE47AF9
:20D74000F06E61FF7CE2ED7379E7E876F56B64FA76E8E779FA646BF5FF616EF073EDE27CD9
:20D7600075EBE47AF96768F6FC626DF370EEE17FF36D62FC7FE1EE707AE4EB75F66867F9B9
:20D780000C929D03801E118F851B148A099798068A141B8506989709039D920C8F111E8099
:20D7A00089171886059B940A009E910F8C121D830F919E00831D128C861817890A949B0579
:20D7C0008F111E80039D920C069897098A141B8509979806851B148A801E118F0C929D0359
:20D7E0000A949B0586181789831D128C0F919E008C121D83009E910F059B940A8917188639
:20D800007AE4EB75F66867F9F36D62FC7FE1EE70FC626DF370EEE17F75EBE47AF96768F618
:20D82000FF616EF073EDE27C76E8E779FA646BF579E7E876F56B64FAF06E61FF7CE2ED73F8
:20D84000F96768F675EBE47A70EEE17FFC626DF37FE1EE70F36D62FCF66867F97AE4EB75D8
:20D860007CE2ED73F06E61FFF56B64FA79E7E876FA646BF576E8E77973EDE27CFF616EF0B8
:20D88000059B940A891718868C121D83009E910F831D128C0F919E000A949B058618178998
:20D8A000801E118F0C929D0309979806851B148A069897098A141B858F111E80039D920C78
:20D8C000861817890A949B050F919E00831D128C009E910F8C121D8389171886059B940A58
:20D8E000039D920C8F111E808A141B8506989709851B148A099798060C929D03801E118F38
:20D90000069897098A141B858F111E80039D920C801E118F0C929D0309979806851B148A17
:20D92000831D128C0F919E000A949B0586181789059B940A891718868C121D83009E910FF7
:20D94000851B148A099798060C929D03801E118F039D920C8F111E808A141B8506989709D7
:20D96000009E910F8C121D8389171886059B940A861817890A949B050F919E00831D128CB7
:20D9800079E7E876F56B64FAF06E61FF7CE2ED73FF616EF073EDE27C76E8E779FA646BF597
:20D9A000FC626DF370EEE17F75EBE47AF96768F67AE4EB75F66867F9F36D62FC7FE1EE7077
:20D9C000FA646BF576E8E77973EDE27CFF616EF07CE2ED73F06E61FFF56B64FA79E7E87657
:20D9E0007FE1EE70F36D62FCF66867F97AE4EB75F96768F675EBE47A70EEE17FFC626DF337
:20DA0000009E910F8C121D8389171886059B940A861817890A949B050F919E00831D128C16
:20DA2000851B148A099798060C929D03801E118F039D920C8F111E808A141B8506989709F6
:20DA4000831D128C0F919E000A949B0586181789059B940A891718868C121D83009E910FD6
:20DA6000069897098A141B858F111E80039D920C801E118F0C929D0309979806851B148AB6
:20DA80007FE1EE70F36D62FCF66867F97AE4EB75F96768F675EBE47A70EEE17FFC626DF396
:20DAA000FA646BF576E8E77973EDE27CFF616EF07CE2ED73F06E61FFF56B64FA79E7E87676
:20DAC000FC626DF370EEE17F75EBE47AF96768F67AE4EB75F66867F9F36D62FC7FE1EE7056
:20DAE00079E7E876F56B64FAF06E61FF7CE2ED73FF616EF073EDE27C76E8E779FA646BF536
:20DB00007CE2ED73F06E61FFF56B64FA79E7E876FA646BF576E8E77973EDE27CFF616EF015
:20DB2000F96768F675EBE47A70EEE17FFC626DF37FE1EE70F36D62FCF66867F97AE4EB75F5
:20DB4000FF616EF073EDE27C76E8E779FA646BF579E7E876F56B64FAF06E61FF7CE2ED73D5
:20DB60007AE4EB75F66867F9F36D62FC7FE1EE70FC626DF370EEE17F75EBE47AF96768F6B5
:20DB8000039D920C8F111E808A141B8506989709851B148A099798060C929D03801E118F95
:20DBA000861817890A949B050F919E00831D128C009E910F8C121D8389171886059B940A75
:20DBC000801E118F0C929D0309979806851B148A069897098A141B858F111E80039D920C55
:20DBE000059B940A891718868C121D83009E910F831D128C0F919E000A949B058618178935
:20DC0000039D920C8F111E808A141B8506989709851B148A099798060C929D03801E118F14
:20DC2000861817890A949B050F919E00831D128C009E910F8C121D8389171886059B940AF4
:20DC4000801E118F0C929D0309979806851B148A069897098A141B858F111E80039D920CD4
:20DC6000059B940A891718868C121D83009E910F831D128C0F919E000A949B0586181789B4
:20DC80007CE2ED73F06E61FFF56B64FA79E7E876FA646BF576E8E77973EDE27CFF616EF094
:20DCA000F96768F675EBE47A70EEE17FFC626DF37FE1EE70F36D62FCF66867F97AE4EB7574
:20DCC000FF616EF073EDE27C76E8E779FA646BF579E7E876F56B64FAF06E61FF7CE2ED7354
:20DCE0007AE4EB75F66867F9F36D62FC7FE1EE70FC626DF370EEE17F75EBE47AF96768F634
:20DD00007FE1EE70F36D62FCF66867F97AE4EB75F96768F675EBE47A70EEE17FFC626DF313
:20DD2000FA646BF576E8E77973EDE27CFF616EF07CE2ED73F06E61FFF56B64FA79E7E876F3
:20DD4000FC626DF370EEE17F75EBE47AF96768F67AE4EB75F66867F9F36D62FC7FE1EE70D3
:20DD600079E7E876F56B64FAF06E61FF7CE2ED73FF616EF073EDE27C76E8E779FA646BF5B3
:20DD8000009E910F8C121D8389171886059B940A861817890A949B050F919E00831D128C93
:20DDA000851B148A099798060C929D03801E118F039D920C8F111E808A141B850698970973
:20DDC000831D128C0F919E000A949B0586181789059B940A891718868C121D83009E910F53
:20DDE000069897098A141B858F111E80039D920C801E118F0C929D0309979806851B148A33
:20DE000079E7E876F56B64FAF06E61FF7CE2ED73FF616EF073EDE27C76E8E779FA646BF512
:20DE2000FC626DF370EEE17F75EBE47AF96768F67AE4EB75F66867F9F36D62FC7FE1EE70F2
:20DE4000FA646BF576E8E77973EDE27CFF616EF07CE2ED73F06E61FFF56B64FA79E7E876D2
:20DE60007FE1EE70F36D62FCF66867F97AE4EB75F96768F675EBE47A70EEE17FFC626DF3B2
:20DE8000069897098A141B858F111E80039D920C801E118F0C929D0309979806851B148A92
:20DEA000831D128C0F919E000A949B0586181789059B940A891718868C121D83009E910F72
:20DEC000851B148A099798060C929D03801E118F039D920C8F111E808A141B850698970952
:20DEE000009E910F8C121D8389171886059B940A861817890A949B050F919E00831D128C32
:20DF0000059B940A891718868C121D83009E910F831D128C0F919E000A949B058618178911
:20DF2000801E118F0C929D0309979806851B148A069897098A141B858F111E80039D920CF1
:20DF4000861817890A949B050F919E00831D128C009E910F8C121D8389171886059B940AD1
:20DF6000039D920C8F111E808A141B8506989709851B148A099798060C929D03801E118FB1
:20DF80007AE4EB75F66867F9F36D62FC7FE1EE70FC626DF370EEE17F75EBE47AF96768F691
:20DFA000FF616EF073EDE27C76E8E779FA646BF579E7E876F56B64FAF06E61FF7CE2ED7371
:20DFC000F96768F675EBE47A70EEE17FFC626DF37FE1EE70F36D62FCF66867F97AE4EB7551
:20DFE0007CE2ED73F06E61FFF56B64FA79E7E876FA646BF576E8E77973EDE27CFF616EF031
:20E00000118F801E9D030C9298060997148A851B970906981B858A141E808F11920C039D10
:20E02000940A059B188689171D838C12910F009E128C831D9E000F919B050A9417898618F0
:20E04000920C039D1E808F111B858A1497090698148A851B980609979D030C92118F801ED0
:20E06000178986189B050A949E000F91128C831D910F009E1D838C1218868917940A059BB0
:20E080006EF0FF61E27C73EDE77976E86BF5FA64E87679E764FAF56B61FFF06EED737CE290
:20E0A000EB757AE467F9F66862FCF36DEE707FE16DF3FC62E17F70EEE47A75EB68F6F96770
:20E0C000ED737CE261FFF06E64FAF56BE87679E76BF5FA64E77976E8E27C73ED6EF0FF6150
:20E0E00068F6F967E47A75EBE17F70EE6DF3FC62EE707FE162FCF36D67F9F668EB757AE430
:20E100006DF3FC62E17F70EEE47A75EB68F6F967EB757AE467F9F66862FCF36DEE707FE10F
:20E12000E87679E764FAF56B61FFF06EED737CE26EF0FF61E27C73EDE77976E86BF5FA64EF
:20E14000EE707FE162FCF36D67F9F668EB757AE468F6F967E47A75EBE17F70EE6DF3FC62CF
:20E160006BF5FA64E77976E8E27C73ED6EF0FF61ED737CE261FFF06E64FAF56BE87679E7AF
:20E18000128C831D9E000F919B050A9417898618940A059B188689171D838C12910F009E8F
:20E1A000970906981B858A141E808F11920C039D118F801E9D030C9298060997148A851B6F
:20E1C000910F009E1D838C1218868917940A059B178986189B050A949E000F91128C831D4F
:20E1E000148A851B980609979D030C92118F801E920C039D1E808F111B858A14970906982F
:20E200006BF5FA64E77976E8E27C73ED6EF0FF61ED737CE261FFF06E64FAF56BE87679E70E
:20E22000EE707FE162FCF36D67F9F668EB757AE468F6F967E47A75EBE17F70EE6DF3FC62EE
:20E24000E87679E764FAF56B61FFF06EED737CE26EF0FF61E27C73EDE77976E86BF5FA64CE
:20E260006DF3FC62E17F70EEE47A75EB68F6F967EB757AE467F9F66862FCF36DEE707FE1AE
:20E28000148A851B980609979D030C92118F801E920C039D1E808F111B858A14970906988E
:20E2A000910F009E1D838C1218868917940A059B178986189B050A949E000F91128C831D6E
:20E2C000970906981B858A141E808F11920C039D118F801E9D030C9298060997148A851B4E
:20E2E000128C831D9E000F919B050A9417898618940A059B188689171D838C12910F009E2E
:20E30000178986189B050A949E000F91128C831D910F009E1D838C1218868917940A059B0D
:20E32000920C039D1E808F111B858A1497090698148A851B980609979D030C92118F801EED
:20E34000940A059B188689171D838C12910F009E128C831D9E000F919B050A9417898618CD
:20E36000118F801E9D030C9298060997148A851B970906981B858A141E808F11920C039DAD
:20E3800068F6F967E47A75EBE17F70EE6DF3FC62EE707FE162FCF36D67F9F668EB757AE48D
:20E3A000ED737CE261FFF06E64FAF56BE87679E76BF5FA64E77976E8E27C73ED6EF0FF616D
:20E3C000EB757AE467F9F66862FCF36DEE707FE16DF3FC62E17F70EEE47A75EB68F6F9674D
:20E3E0006EF0FF61E27C73EDE77976E86BF5FA64E87679E764FAF56B61FFF06EED737CE22D
:20E4000068F6F967E47A75EBE17F70EE6DF3FC62EE707FE162FCF36D67F9F668EB757AE40C
:20E42000ED737CE261FFF06E64FAF56BE87679E76BF5FA64E77976E8E27C73ED6EF0FF61EC
:20E44000EB757AE467F9F66862FCF36DEE707FE16DF3FC62E17F70EEE47A75EB68F6F967CC
:20E460006EF0FF61E27C73EDE77976E86BF5FA64E87679E764FAF56B61FFF06EED737CE2AC
:20E48000178986189B050A949E000F91128C831D910F009E1D838C1218868917940A059B8C
:20E4A000920C039D1E808F111B858A1497090698148A851B980609979D030C92118F801E6C
:20E4C000940A059B188689171D838C12910F009E128C831D9E000F919B050A94178986184C
:20E4E000118F801E9D030C9298060997148A851B970906981B858A141E808F11920C039D2C
:20E50000148A851B980609979D030C92118F801E920C039D1E808F111B858A14970906980B
:20E52000910F009E1D838C1218868917940A059B178986189B050A949E000F91128C831DEB
:20E54000970906981B858A141E808F11920C039D118F801E9D030C9298060997148A851BCB
:20E56000128C831D9E000F919B050A9417898618940A059B188689171D838C12910F009EAB
:20E580006BF5FA64E77976E8E27C73ED6EF0FF61ED737CE261FFF06E64FAF56BE87679E78B
:20E5A000EE707FE162FCF36D67F9F668EB757AE468F6F967E47A75EBE17F70EE6DF3FC626B
:20E5C000E87679E764FAF56B61FFF06EED737CE26EF0FF61E27C73EDE77976E86BF5FA644B
:20E5E0006DF3FC62E17F70EEE47A75EB68F6F967EB757AE467F9F66862FCF36DEE707FE12B
:20E60000128C831D9E000F919B050A9417898618940A059B188689171D838C12910F009E0A
:20E62000970906981B858A141E808F11920C039D118F801E9D030C9298060997148A851BEA
:20E64000910F009E1D838C1218868917940A059B178986189B050A949E000F91128C831DCA
:20E66000148A851B980609979D030C92118F801E920C039D1E808F111B858A1497090698AA
:20E680006DF3FC62E17F70EEE47A75EB68F6F967EB757AE467F9F66862FCF36DEE707FE18A
:20E6A000E87679E764FAF56B61FFF06EED737CE26EF0FF61E27C73EDE77976E86BF5FA646A
:20E6C000EE707FE162FCF36D67F9F668EB757AE468F6F967E47A75EBE17F70EE6DF3FC624A
:20E6E0006BF5FA64E77976E8E27C73ED6EF0FF61ED737CE261FFF06E64FAF56BE87679E72A
:20E700006EF0FF61E27C73EDE77976E86BF5FA64E87679E764FAF56B61FFF06EED737CE209
:20E72000EB757AE467F9F66862FCF36DEE707FE16DF3FC62E17F70EEE47A75EB68F6F967E9
:20E74000ED737CE261FFF06E64FAF56BE87679E76BF5FA64E77976E8E27C73ED6EF0FF61C9
:20E7600068F6F967E47A75EBE17F70EE6DF3FC62EE707FE162FCF36D67F9F668EB757AE4A9
:20E78000118F801E9D030C9298060997148A851B970906981B858A141E808F11920C039D89
:20E7A000940A059B188689171D838C12910F009E128C831D9E000F919B050A941789861869
:20E7C000920C039D1E808F111B858A1497090698148A851B980609979D030C92118F801E49
:20E7E000178986189B050A949E000F91128C831D910F009E1D838C1218868917940A059B29
:20E8000067F9F668EB757AE4EE707FE162FCF36DE17F70EE6DF3FC6268F6F967E47A75EB08
:20E82000E27C73ED6EF0FF616BF5FA64E77976E864FAF56BE87679E7ED737CE261FFF06EE8
:20E84000E47A75EB68F6F9676DF3FC62E17F70EE62FCF36DEE707FE1EB757AE467F9F668C8
:20E8600061FFF06EED737CE2E87679E764FAF56BE77976E86BF5FA646EF0FF61E27C73EDA8
:20E8800018868917940A059B910F009E1D838C129E000F91128C831D178986189B050A9488
:20E8A0009D030C92118F801E148A851B980609971B858A1497090698920C039D1E808F1168
:20E8C0009B050A9417898618128C831D9E000F911D838C12910F009E940A059B1886891748
:20E8E0001E808F11920C039D970906981B858A1498060997148A851B118F801E9D030C9228
:20E900001B858A1497090698920C039D1E808F119D030C92118F801E148A851B9806099707
:20E920009E000F91128C831D178986189B050A9418868917940A059B910F009E1D838C12E7
:20E9400098060997148A851B118F801E9D030C921E808F11920C039D970906981B858A14C7
:20E960001D838C12910F009E940A059B188689179B050A9417898618128C831D9E000F91A7
:20E9800064FAF56BE87679E7ED737CE261FFF06EE27C73ED6EF0FF616BF5FA64E77976E887
:20E9A000E17F70EE6DF3FC6268F6F967E47A75EB67F9F668EB757AE4EE707FE162FCF36D67
:20E9C000E77976E86BF5FA646EF0FF61E27C73ED61FFF06EED737CE2E87679E764FAF56B47
:20E9E00062FCF36DEE707FE1EB757AE467F9F668E47A75EB68F6F9676DF3FC62E17F70EE27
:20EA00001D838C12910F009E940A059B188689179B050A9417898618128C831D9E000F9106
:20EA200098060997148A851B118F801E9D030C921E808F11920C039D970906981B858A14E6
:20EA40009E000F91128C831D178986189B050A9418868917940A059B910F009E1D838C12C6
:20EA60001B858A1497090698920C039D1E808F119D030C92118F801E148A851B98060997A6
:20EA800062FCF36DEE707FE1EB757AE467F9F668E47A75EB68F6F9676DF3FC62E17F70EE86
:20EAA000E77976E86BF5FA646EF0FF61E27C73ED61FFF06EED737CE2E87679E764FAF56B66
:20EAC000E17F70EE6DF3FC6268F6F967E47A75EB67F9F668EB757AE4EE707FE162FCF36D46
:20EAE00064FAF56BE87679E7ED737CE261FFF06EE27C73ED6EF0FF616BF5FA64E77976E826
:20EB000061FFF06EED737CE2E87679E764FAF56BE77976E86BF5FA646EF0FF61E27C73ED05
:20EB2000E47A75EB68F6F9676DF3FC62E17F70EE62FCF36DEE707FE1EB757AE467F9F668E5
:20EB4000E27C73ED6EF0FF616BF5FA64E77976E864FAF56BE87679E7ED737CE261FFF06EC5
:20EB600067F9F668EB757AE4EE707FE162FCF36DE17F70EE6DF3FC6268F6F967E47A75EBA5
:20EB80001E808F11920C039D970906981B858A1498060997148A851B118F801E9D030C9285
:20EBA0009B050A9417898618128C831D9E000F911D838C12910F009E940A059B1886891765
:20EBC0009D030C92118F801E148A851B980609971B858A1497090698920C039D1E808F1145
:20EBE00018868917940A059B910F009E1D838C129E000F91128C831D178986189B050A9425
:20EC00001E808F11920C039D970906981B858A1498060997148A851B118F801E9D030C9204
:20EC20009B050A9417898618128C831D9E000F911D838C12910F009E940A059B18868917E4
:20EC40009D030C92118F801E148A851B980609971B858A1497090698920C039D1E808F11C4
:20EC600018868917940A059B910F009E1D838C129E000F91128C831D178986189B050A94A4
:20EC800061FFF06EED737CE2E87679E764FAF56BE77976E86BF5FA646EF0FF61E27C73ED84
:20ECA000E47A75EB68F6F9676DF3FC62E17F70EE62FCF36DEE707FE1EB757AE467F9F66864
:20ECC000E27C73ED6EF0FF616BF5FA64E77976E864FAF56BE87679E7ED737CE261FFF06E44
:20ECE00067F9F668EB757AE4EE707FE162FCF36DE17F70EE6DF3FC6268F6F967E47A75EB24
:20ED000062FCF36DEE707FE1EB757AE467F9F668E47A75EB68F6F9676DF3FC62E17F70EE03
:20ED2000E77976E86BF5FA646EF0FF61E27C73ED61FFF06EED737CE2E87679E764FAF56BE3
:20ED4000E17F70EE6DF3FC6268F6F967E47A75EB67F9F668EB757AE4EE707FE162FCF36DC3
:20ED600064FAF56BE87679E7ED737CE261FFF06EE27C73ED6EF0FF616BF5FA64E77976E8A3
:20ED80001D838C12910F009E940A059B188689179B050A9417898618128C831D9E000F9183
:20EDA00098060997148A851B118F801E9D030C921E808F11920C039D970906981B858A1463
:20EDC0009E000F91128C831D178986189B050A9418868917940A059B910F009E1D838C1243
:20EDE0001B858A1497090698920C039D1E808F119D030C92118F801E148A851B9806099723
:20EE000064FAF56BE87679E7ED737CE261FFF06EE27C73ED6EF0FF616BF5FA64E77976E802
:20EE2000E17F70EE6DF3FC6268F6F967E47A75EB67F9F668EB757AE4EE707FE162FCF36DE2
:20EE4000E77976E86BF5FA646EF0FF61E27C73ED61FFF06EED737CE2E87679E764FAF56BC2
:20EE600062FCF36DEE707FE1EB757AE467F9F668E47A75EB68F6F9676DF3FC62E17F70EEA2
:20EE80001B858A1497090698920C039D1E808F119D030C92118F801E148A851B9806099782
:20EEA0009E000F91128C831D178986189B050A9418868917940A059B910F009E1D838C1262
:20EEC00098060997148A851B118F801E9D030C921E808F11920C039D970906981B858A1442
:20EEE0001D838C12910F009E940A059B188689179B050A9417898618128C831D9E000F9122
:20EF000018868917940A059B910F009E1D838C129E000F91128C831D178986189B050A9401
:20EF20009D030C92118F801E148A851B980609971B858A1497090698920C039D1E808F11E1
:20EF40009B050A9417898618128C831D9E000F911D838C12910F009E940A059B18868917C1
:20EF60001E808F11920C039D970906981B858A1498060997148A851B118F801E9D030C92A1
:20EF800067F9F668EB757AE4EE707FE162FCF36DE17F70EE6DF3FC6268F6F967E47A75EB81
:20EFA000E27C73ED6EF0FF616BF5FA64E77976E864FAF56BE87679E7ED737CE261FFF06E61
:20EFC000E47A75EB68F6F9676DF3FC62E17F70EE62FCF36DEE707FE1EB757AE467F9F66841
:20EFE00061FFF06EED737CE2E87679E764FAF56BE77976E86BF5FA646EF0FF61E27C73ED21
:20F0000062FCF36DEE707FE1EB757AE467F9F668E47A75EB68F6F9676DF3FC62E17F70EE00
:20F02000E77976E86BF5FA646EF0FF61E27C73ED61FFF06EED737CE2E87679E764FAF56BE0
:20F04000E17F70EE6DF3FC6268F6F967E47A75EB67F9F668EB757AE4EE707FE162FCF36DC0
:20F0600064FAF56BE87679E7ED737CE261FFF06EE27C73ED6EF0FF616BF5FA64E77976E8A0
:20F080001D838C12910F009E940A059B188689179B050A9417898618128C831D9E000F9180
:20F0A00098060997148A851B118F801E9D030C921E808F11920C039D970906981B858A1460
:20F0C0009E000F91128C831D178986189B050A9418868917940A059B910F009E1D838C1240
:20F0E0001B858A1497090698920C039D1E808F119D030C92118F801E148A851B9806099720
:20F100001E808F11920C039D970906981B858A1498060997148A851B118F801E9D030C92FF
:20F120009B050A9417898618128C831D9E000F911D838C12910F009E940A059B18868917DF
:20F140009D030C92118F801E148A851B980609971B858A1497090698920C039D1E808F11BF
:20F1600018868917940A059B910F009E1D838C129E000F91128C831D178986189B050A949F
:20F1800061FFF06EED737CE2E87679E764FAF56BE77976E86BF5FA646EF0FF61E27C73ED7F
:20F1A000E47A75EB68F6F9676DF3FC62E17F70EE62FCF36DEE707FE1EB757AE467F9F6685F
:20F1C000E27C73ED6EF0FF616BF5FA64E77976E864FAF56BE87679E7ED737CE261FFF06E3F
:20F1E00067F9F668EB757AE4EE707FE162FCF36DE17F70EE6DF3FC6268F6F967E47A75EB1F
:20F2000018868917940A059B910F009E1D838C129E000F91128C831D178986189B050A94FE
:20F220009D030C92118F801E148A851B980609971B858A1497090698920C039D1E808F11DE
:20F240009B050A9417898618128C831D9E000F911D838C12910F009E940A059B18868917BE
:20F260001E808F11920C039D970906981B858A1498060997148A851B118F801E9D030C929E
:20F2800067F9F668EB757AE4EE707FE162FCF36DE17F70EE6DF3FC6268F6F967E47A75EB7E
:20F2A000E27C73ED6EF0FF616BF5FA64E77976E864FAF56BE87679E7ED737CE261FFF06E5E
:20F2C000E47A75EB68F6F9676DF3FC62E17F70EE62FCF36DEE707FE1EB757AE467F9F6683E
:20F2E00061FFF06EED737CE2E87679E764FAF56BE77976E86BF5FA646EF0FF61E27C73ED1E
:20F3000064FAF56BE87679E7ED737CE261FFF06EE27C73ED6EF0FF616BF5FA64E77976E8FD
:20F32000E17F70EE6DF3FC6268F6F967E47A75EB67F9F668EB757AE4EE707FE162FCF36DDD
:20F34000E77976E86BF5FA646EF0FF61E27C73ED61FFF06EED737CE2E87679E764FAF56BBD
:20F3600062FCF36DEE707FE1EB757AE467F9F668E47A75EB68F6F9676DF3FC62E17F70EE9D
:20F380001B858A1497090698920C039D1E808F119D030C92118F801E148A851B980609977D
:20F3A0009E000F91128C831D178986189B050A9418868917940A059B910F009E1D838C125D
:20F3C00098060997148A851B118F801E9D030C921E808F11920C039D970906981B858A143D
:20F3E0001D838C12910F009E940A059B188689179B050A9417898618128C831D9E000F911D
:20F400001B858A1497090698920C039D1E808F119D030C92118F801E148A851B98060997FC
:20F420009E000F91128C831D178986189B050A9418868917940A059B910F009E1D838C12DC
:20F4400098060997148A851B118F801E9D030C921E808F11920C039D970906981B858A14BC
:20F460001D838C12910F009E940A059B188689179B050A9417898618128C831D9E000F919C
:20F4800064FAF56BE87679E7ED737CE261FFF06EE27C73ED6EF0FF616BF5FA64E77976E87C
:20F4A000E17F70EE6DF3FC6268F6F967E47A75EB67F9F668EB757AE4EE707FE162FCF36D5C
:20F4C000E77976E86BF5FA646EF0FF61E27C73ED61FFF06EED737CE2E87679E764FAF56B3C
:20F4E00062FCF36DEE707FE1EB757AE467F9F668E47A75EB68F6F9676DF3FC62E17F70EE1C
:20F5000067F9F668EB757AE4EE707FE162FCF36DE17F70EE6DF3FC6268F6F967E47A75EBFB
:20F52000E27C73ED6EF0FF616BF5FA64E77976E864FAF56BE87679E7ED737CE261FFF06EDB
:20F54000E47A75EB68F6F9676DF3FC62E17F70EE62FCF36DEE707FE1EB757AE467F9F668BB
:20F5600061FFF06EED737CE2E87679E764FAF56BE77976E86BF5FA646EF0FF61E27C73ED9B
:20F5800018868917940A059B910F009E1D838C129E000F91128C831D178986189B050A947B
:20F5A0009D030C92118F801E148A851B980609971B858A1497090698920C039D1E808F115B
:20F5C0009B050A9417898618128C831D9E000F911D838C12910F009E940A059B188689173B
:20F5E0001E808F11920C039D970906981B858A1498060997148A851B118F801E9D030C921B
:20F6000061FFF06EED737CE2E87679E764FAF56BE77976E86BF5FA646EF0FF61E27C73EDFA
:20F62000E47A75EB68F6F9676DF3FC62E17F70EE62FCF36DEE707FE1EB757AE467F9F668DA
:20F64000E27C73ED6EF0FF616BF5FA64E77976E864FAF56BE87679E7ED737CE261FFF06EBA
:20F6600067F9F668EB757AE4EE707FE162FCF36DE17F70EE6DF3FC6268F6F967E47A75EB9A
:20F680001E808F11920C039D970906981B858A1498060997148A851B118F801E9D030C927A
:20F6A0009B050A9417898618128C831D9E000F911D838C12910F009E940A059B188689175A
:20F6C0009D030C92118F801E148A851B980609971B858A1497090698920C039D1E808F113A
:20F6E00018868917940A059B910F009E1D838C129E000F91128C831D178986189B050A941A
:20F700001D838C12910F009E940A059B188689179B050A9417898618128C831D9E000F91F9
:20F7200098060997148A851B118F801E9D030C921E808F11920C039D970906981B858A14D9
:20F740009E000F91128C831D178986189B050A9418868917940A059B910F009E1D838C12B9
:20F760001B858A1497090698920C039D1E808F119D030C92118F801E148A851B9806099799
:20F7800062FCF36DEE707FE1EB757AE467F9F668E47A75EB68F6F9676DF3FC62E17F70EE79
:20F7A000E77976E86BF5FA646EF0FF61E27C73ED61FFF06EED737CE2E87679E764FAF56B59
:20F7C000E17F70EE6DF3FC6268F6F967E47A75EB67F9F668EB757AE4EE707FE162FCF36D39
:20F7E00064FAF56BE87679E7ED737CE261FFF06EE27C73ED6EF0FF616BF5FA64E77976E819
:20F80000148A851B980609979D030C92118F801E920C039D1E808F111B858A1497090698F8
:20F82000910F009E1D838C1218868917940A059B178986189B050A949E000F91128C831DD8
:20F84000970906981B858A141E808F11920C039D118F801E9D030C9298060997148A851BB8
:20F86000128C831D9E000F919B050A9417898618940A059B188689171D838C12910F009E98
:20F880006BF5FA64E77976E8E27C73ED6EF0FF61ED737CE261FFF06E64FAF56BE87679E778
:20F8A000EE707FE162FCF36D67F9F668EB757AE468F6F967E47A75EBE17F70EE6DF3FC6258
:20F8C000E87679E764FAF56B61FFF06EED737CE26EF0FF61E27C73EDE77976E86BF5FA6438
:20F8E0006DF3FC62E17F70EEE47A75EB68F6F967EB757AE467F9F66862FCF36DEE707FE118
:20F9000068F6F967E47A75EBE17F70EE6DF3FC62EE707FE162FCF36D67F9F668EB757AE4F7
:20F92000ED737CE261FFF06E64FAF56BE87679E76BF5FA64E77976E8E27C73ED6EF0FF61D7
:20F94000EB757AE467F9F66862FCF36DEE707FE16DF3FC62E17F70EEE47A75EB68F6F967B7
:20F960006EF0FF61E27C73EDE77976E86BF5FA64E87679E764FAF56B61FFF06EED737CE297
:20F98000178986189B050A949E000F91128C831D910F009E1D838C1218868917940A059B77
:20F9A000920C039D1E808F111B858A1497090698148A851B980609979D030C92118F801E57
:20F9C000940A059B188689171D838C12910F009E128C831D9E000F919B050A941789861837
:20F9E000118F801E9D030C9298060997148A851B970906981B858A141E808F11920C039D17
:20FA00006EF0FF61E27C73EDE77976E86BF5FA64E87679E764FAF56B61FFF06EED737CE2F6
:20FA2000EB757AE467F9F66862FCF36DEE707FE16DF3FC62E17F70EEE47A75EB68F6F967D6
:20FA4000ED737CE261FFF06E64FAF56BE87679E76BF5FA64E77976E8E27C73ED6EF0FF61B6
:20FA600068F6F967E47A75EBE17F70EE6DF3FC62EE707FE162FCF36D67F9F668EB757AE496
:20FA8000118F801E9D030C9298060997148A851B970906981B858A141E808F11920C039D76
:20FAA000940A059B188689171D838C12910F009E128C831D9E000F919B050A941789861856
:20FAC000920C039D1E808F111B858A1497090698148A851B980609979D030C92118F801E36
:20FAE000178986189B050A949E000F91128C831D910F009E1D838C1218868917940A059B16
:20FB0000128C831D9E000F919B050A9417898618940A059B188689171D838C12910F009EF5
:20FB2000970906981B858A141E808F11920C039D118F801E9D030C9298060997148A851BD5
:20FB4000910F009E1D838C1218868917940A059B178986189B050A949E000F91128C831DB5
:20FB6000148A851B980609979D030C92118F801E920C039D1E808F111B858A149709069895
:20FB80006DF3FC62E17F70EEE47A75EB68F6F967EB757AE467F9F66862FCF36DEE707FE175
:20FBA000E87679E764FAF56B61FFF06EED737CE26EF0FF61E27C73EDE77976E86BF5FA6455
:20FBC000EE707FE162FCF36D67F9F668EB757AE468F6F967E47A75EBE17F70EE6DF3FC6235
:20FBE0006BF5FA64E77976E8E27C73ED6EF0FF61ED737CE261FFF06E64FAF56BE87679E715
:20FC00006DF3FC62E17F70EEE47A75EB68F6F967EB757AE467F9F66862FCF36DEE707FE1F4
:20FC2000E87679E764FAF56B61FFF06EED737CE26EF0FF61E27C73EDE77976E86BF5FA64D4
:20FC4000EE707FE162FCF36D67F9F668EB757AE468F6F967E47A75EBE17F70EE6DF3FC62B4
:20FC60006BF5FA64E77976E8E27C73ED6EF0FF61ED737CE261FFF06E64FAF56BE87679E794
:20FC8000128C831D9E000F919B050A9417898618940A059B188689171D838C12910F009E74
:20FCA000970906981B858A141E808F11920C039D118F801E9D030C9298060997148A851B54
:20FCC000910F009E1D838C1218868917940A059B178986189B050A949E000F91128C831D34
:20FCE000148A851B980609979D030C92118F801E920C039D1E808F111B858A149709069814
:20FD0000118F801E9D030C9298060997148A851B970906981B858A141E808F11920C039DF3
:20FD2000940A059B188689171D838C12910F009E128C831D9E000F919B050A9417898618D3
:20FD4000920C039D1E808F111B858A1497090698148A851B980609979D030C92118F801EB3
:20FD6000178986189B050A949E000F91128C831D910F009E1D838C1218868917940A059B93
:20FD80006EF0FF61E27C73EDE77976E86BF5FA64E87679E764FAF56B61FFF06EED737CE273
:20FDA000EB757AE467F9F66862FCF36DEE707FE16DF3FC62E17F70EEE47A75EB68F6F96753
:20FDC000ED737CE261FFF06E64FAF56BE87679E76BF5FA64E77976E8E27C73ED6EF0FF6133
:20FDE00068F6F967E47A75EBE17F70EE6DF3FC62EE707FE162FCF36D67F9F668EB757AE413
:20FE0000178986189B050A949E000F91128C831D910F009E1D838C1218868917940A059BF2
:20FE2000920C039D1E808F111B858A1497090698148A851B980609979D030C92118F801ED2
:20FE4000940A059B188689171D838C12910F009E128C831D9E000F919B050A9417898618B2
:20FE6000118F801E9D030C9298060997148A851B970906981B858A141E808F11920C039D92
:20FE800068F6F967E47A75EBE17F70EE6DF3FC62EE707FE162FCF36D67F9F668EB757AE472
:20FEA000ED737CE261FFF06E64FAF56BE87679E76BF5FA64E77976E8E27C73ED6EF0FF6152
:20FEC000EB757AE467F9F66862FCF36DEE707FE16DF3FC62E17F70EEE47A75EB68F6F96732
:20FEE0006EF0FF61E27C73EDE77976E86BF5FA64E87679E764FAF56B61FFF06EED737CE212
:20FF00006BF5FA64E77976E8E27C73ED6EF0FF61ED737CE261FFF06E64FAF56BE87679E7F1
:20FF2000EE707FE162FCF36D67F9F668EB757AE468F6F967E47A75EBE17F70EE6DF3FC62D1
:20FF4000E87679E764FAF56B61FFF06EED737CE26EF0FF61E27C73EDE77976E86BF5FA64B1
:20FF60006DF3FC62E17F70EEE47A75EB68F6F967EB757AE467F9F66862FCF36DEE707FE191
:20FF8000148A851B980609979D030C92118F801E920C039D1E808F111B858A149709069871
:20FFA000910F009E1D838C1218868917940A059B178986189B050A949E000F91128C831D51
:20FFC000970906981B858A141E808F11920C039D118F801E9D030C9298060997148A851B31
:20FFE000128C831D9E000F919B050A9417898618940A059B188689171D838C12910F009E11
:02000004F043C7
:20000000118F801E9D030C9298060997148A851B970906981B858A141E808F11920C039DF0
:20002000940A059B188689171D838C12910F009E128C831D9E000F919B050A9417898618D0
:20004000920C039D1E808F111B858A1497090698148A851B980609979D030C92118F801EB0
:20006000178986189B050A949E000F91128C831D910F009E1D838C1218868917940A059B90
:200080006EF0FF61E27C73EDE77976E86BF5FA64E87679E764FAF56B61FFF06EED737CE270
:2000A000EB757AE467F9F66862FCF36DEE707FE16DF3FC62E17F70EEE47A75EB68F6F96750
:2000C000ED737CE261FFF06E64FAF56BE87679E76BF5FA64E77976E8E27C73ED6EF0FF6130
:2000E00068F6F967E47A75EBE17F70EE6DF3FC62EE707FE162FCF36D67F9F668EB757AE410
:200100006DF3FC62E17F70EEE47A75EB68F6F967EB757AE467F9F66862FCF36DEE707FE1EF
:20012000E87679E764FAF56B61FFF06EED737CE26EF0FF61E27C73EDE77976E86BF5FA64CF
:20014000EE707FE162FCF36D67F9F668EB757AE468F6F967E47A75EBE17F70EE6DF3FC62AF
:200160006BF5FA64E77976E8E27C73ED6EF0FF61ED737CE261FFF06E64FAF56BE87679E78F
:20018000128C831D9E000F919B050A9417898618940A059B188689171D838C12910F009E6F
:2001A000970906981B858A141E808F11920C039D118F801E9D030C9298060997148A851B4F
:2001C000910F009E1D838C1218868917940A059B178986189B050A949E000F91128C831D2F
:2001E000148A851B980609979D030C92118F801E920C039D1E808F111B858A14970906980F
:200200006BF5FA64E77976E8E27C73ED6EF0FF61ED737CE261FFF06E64FAF56BE87679E7EE
:20022000EE707FE162FCF36D67F9F668EB757AE468F6F967E47A75EBE17F70EE6DF3FC62CE
:20024000E87679E764FAF56B61FFF06EED737CE26EF0FF61E27C73EDE77976E86BF5FA64AE
:200260006DF3FC62E17F70EEE47A75EB68F6F967EB757AE467F9F66862FCF36DEE707FE18E
:20028000148A851B980609979D030C92118F801E920C039D1E808F111B858A14970906986E
:2002A000910F009E1D838C1218868917940A059B178986189B050A949E000F91128C831D4E
:2002C000970906981B858A141E808F11920C039D118F801E9D030C9298060997148A851B2E
:2002E000128C831D9E000F919B050A9417898618940A059B188689171D838C12910F009E0E
:20030000178986189B050A949E000F91128C831D910F009E1D838C1218868917940A059BED
:20032000920C039D1E808F111B858A1497090698148A851B980609979D030C92118F801ECD
:20034000940A059B188689171D838C12910F009E128C831D9E000F919B050A9417898618AD
:20036000118F801E9D030C9298060997148A851B970906981B858A141E808F11920C039D8D
:2003800068F6F967E47A75EBE17F70EE6DF3FC62EE707FE162FCF36D67F9F668EB757AE46D
:2003A000ED737CE261FFF06E64FAF56BE87679E76BF5FA64E77976E8E27C73ED6EF0FF614D
:2003C000EB757AE467F9F66862FCF36DEE707FE16DF3FC62E17F70EEE47A75EB68F6F9672D
:2003E0006EF0FF61E27C73EDE77976E86BF5FA64E87679E764FAF56B61FFF06EED737CE20D
:2004000068F6F967E47A75EBE17F70EE6DF3FC62EE707FE162FCF36D67F9F668EB757AE4EC
:20042000ED737CE261FFF06E64FAF56BE87679E76BF5FA64E77976E8E27C73ED6EF0FF61CC
:20044000EB757AE467F9F66862FCF36DEE707FE16DF3FC62E17F70EEE47A75EB68F6F967AC
:200460006EF0FF61E27C73EDE77976E86BF5FA64E87679E764FAF56B61FFF06EED737CE28C
:20048000178986189B050A949E000F91128C831D910F009E1D838C1218868917940A059B6C
:2004A000920C039D1E808F111B858A1497090698148A851B980609979D030C92118F801E4C
:2004C000940A059B188689171D838C12910F009E128C831D9E000F919B050A94178986182C
:2004E000118F801E9D030C9298060997148A851B970906981B858A141E808F11920C039D0C
:20050000148A851B980609979D030C92118F801E920C039D1E808F111B858A1497090698EB
:20052000910F009E1D838C1218868917940A059B178986189B050A949E000F91128C831DCB
:20054000970906981B858A141E808F11920C039D118F801E9D030C9298060997148A851BAB
:20056000128C831D9E000F919B050A9417898618940A059B188689171D838C12910F009E8B
:200580006BF5FA64E77976E8E27C73ED6EF0FF61ED737CE261FFF06E64FAF56BE87679E76B
:2005A000EE707FE162FCF36D67F9F668EB757AE468F6F967E47A75EBE17F70EE6DF3FC624B
:2005C000E87679E764FAF56B61FFF06EED737CE26EF0FF61E27C73EDE77976E86BF5FA642B
:2005E0006DF3FC62E17F70EEE47A75EB68F6F967EB757AE467F9F66862FCF36DEE707FE10B
:20060000128C831D9E000F919B050A9417898618940A059B188689171D838C12910F009EEA
:20062000970906981B858A141E808F11920C039D118F801E9D030C9298060997148A851BCA
:20064000910F009E1D838C1218868917940A059B178986189B050A949E000F91128C831DAA
:20066000148A851B980609979D030C92118F801E920C039D1E808F111B858A14970906988A
:200680006DF3FC62E17F70EEE47A75EB68F6F967EB757AE467F9F66862FCF36DEE707FE16A
:2006A000E87679E764FAF56B61FFF06EED737CE26EF0FF61E27C73EDE77976E86BF5FA644A
:2006C000EE707FE162FCF36D67F9F668EB757AE468F6F967E47A75EBE17F70EE6DF3FC622A
:2006E0006BF5FA64E77976E8E27C73ED6EF0FF61ED737CE261FFF06E64FAF56BE87679E70A
:200700006EF0FF61E27C73EDE77976E86BF5FA64E87679E764FAF56B61FFF06EED737CE2E9
:20072000EB757AE467F9F66862FCF36DEE707FE16DF3FC62E17F70EEE47A75EB68F6F967C9
:20074000ED737CE261FFF06E64FAF56BE87679E76BF5FA64E77976E8E27C73ED6EF0FF61A9
:2007600068F6F967E47A75EBE17F70EE6DF3FC62EE707FE162FCF36D67F9F668EB757AE489
:20078000118F801E9D030C9298060997148A851B970906981B858A141E808F11920C039D69
:2007A000940A059B188689171D838C12910F009E128C831D9E000F919B050A941789861849
:2007C000920C039D1E808F111B858A1497090698148A851B980609979D030C92118F801E29
:2007E000178986189B050A949E000F91128C831D910F009E1D838C1218868917940A059B09
:2008000067F9F668EB757AE4EE707FE162FCF36DE17F70EE6DF3FC6268F6F967E47A75EBE8
:20082000E27C73ED6EF0FF616BF5FA64E77976E864FAF56BE87679E7ED737CE261FFF06EC8
:20084000E47A75EB68F6F9676DF3FC62E17F70EE62FCF36DEE707FE1EB757AE467F9F668A8
:2008600061FFF06EED737CE2E87679E764FAF56BE77976E86BF5FA646EF0FF61E27C73ED88
:2008800018868917940A059B910F009E1D838C129E000F91128C831D178986189B050A9468
:2008A0009D030C92118F801E148A851B980609971B858A1497090698920C039D1E808F1148
:2008C0009B050A9417898618128C831D9E000F911D838C12910F009E940A059B1886891728
:2008E0001E808F11920C039D970906981B858A1498060997148A851B118F801E9D030C9208
:200900001B858A1497090698920C039D1E808F119D030C92118F801E148A851B98060997E7
:200920009E000F91128C831D178986189B050A9418868917940A059B910F009E1D838C12C7
:2009400098060997148A851B118F801E9D030C921E808F11920C039D970906981B858A14A7
:200960001D838C12910F009E940A059B188689179B050A9417898618128C831D9E000F9187
:2009800064FAF56BE87679E7ED737CE261FFF06EE27C73ED6EF0FF616BF5FA64E77976E867
:2009A000E17F70EE6DF3FC6268F6F967E47A75EB67F9F668EB757AE4EE707FE162FCF36D47
:2009C000E77976E86BF5FA646EF0FF61E27C73ED61FFF06EED737CE2E87679E764FAF56B27
:2009E00062FCF36DEE707FE1EB757AE467F9F668E47A75EB68F6F9676DF3FC62E17F70EE07
:200A00001D838C12910F009E940A059B188689179B050A9417898618128C831D9E000F91E6
:200A200098060997148A851B118F801E9D030C921E808F11920C039D970906981B858A14C6
:200A40009E000F91128C831D178986189B050A9418868917940A059B910F009E1D838C12A6
:200A60001B858A1497090698920C039D1E808F119D030C92118F801E148A851B9806099786
:200A800062FCF36DEE707FE1EB757AE467F9F668E47A75EB68F6F9676DF3FC62E17F70EE66
:200AA000E77976E86BF5FA646EF0FF61E27C73ED61FFF06EED737CE2E87679E764FAF56B46
:200AC000E17F70EE6DF3FC6268F6F967E47A75EB67F9F668EB757AE4EE707FE162FCF36D26
:200AE00064FAF56BE87679E7ED737CE261FFF06EE27C73ED6EF0FF616BF5FA64E77976E806
:200B000061FFF06EED737CE2E87679E764FAF56BE77976E86BF5FA646EF0FF61E27C73EDE5
:200B2000E47A75EB68F6F9676DF3FC62E17F70EE62FCF36DEE707FE1EB757AE467F9F668C5
:200B4000E27C73ED6EF0FF616BF5FA64E77976E864FAF56BE87679E7ED737CE261FFF06EA5
:200B600067F9F668EB757AE4EE707FE162FCF36DE17F70EE6DF3FC6268F6F967E47A75EB85
:200B80001E808F11920C039D970906981B858A1498060997148A851B118F801E9D030C9265
:200BA0009B050A9417898618128C831D9E000F911D838C12910F009E940A059B1886891745
:200BC0009D030C92118F801E148A851B980609971B858A1497090698920C039D1E808F1125
:200BE00018868917940A059B910F009E1D838C129E000F91128C831D178986189B050A9405
:200C00001E808F11920C039D970906981B858A1498060997148A851B118F801E9D030C92E4
:200C20009B050A9417898618128C831D9E000F911D838C12910F009E940A059B18868917C4
:200C40009D030C92118F801E148A851B980609971B858A1497090698920C039D1E808F11A4
:200C600018868917940A059B910F009E1D838C129E000F91128C831D178986189B050A9484
:200C800061FFF06EED737CE2E87679E764FAF56BE77976E86BF5FA646EF0FF61E27C73ED64
:200CA000E47A75EB68F6F9676DF3FC62E17F70EE62FCF36DEE707FE1EB757AE467F9F66844
:200CC000E27C73ED6EF0FF616BF5FA64E77976E864FAF56BE87679E7ED737CE261FFF06E24
:200CE00067F9F668EB757AE4EE707FE162FCF36DE17F70EE6DF3FC6268F6F967E47A75EB04
:200D000062FCF36DEE707FE1EB757AE467F9F668E47A75EB68F6F9676DF3FC62E17F70EEE3
:200D2000E77976E86BF5FA646EF0FF61E27C73ED61FFF06EED737CE2E87679E764FAF56BC3
:200D4000E17F70EE6DF3FC6268F6F967E47A75EB67F9F668EB757AE4EE707FE162FCF36DA3
:200D600064FAF56BE87679E7ED737CE261FFF06EE27C73ED6EF0FF616BF5FA64E77976E883
:200D80001D838C12910F009E940A059B188689179B050A9417898618128C831D9E000F9163
:200DA00098060997148A851B118F801E9D030C921E808F11920C039D970906981B858A1443
:200DC0009E000F91128C831D178986189B050A9418868917940A059B910F009E1D838C1223
:200DE0001B858A1497090698920C039D1E808F119D030C92118F801E148A851B9806099703
:200E000064FAF56BE87679E7ED737CE261FFF06EE27C73ED6EF0FF616BF5FA64E77976E8E2
:200E2000E17F70EE6DF3FC6268F6F967E47A75EB67F9F668EB757AE4EE707FE162FCF36DC2
:200E4000E77976E86BF5FA646EF0FF61E27C73ED61FFF06EED737CE2E87679E764FAF56BA2
:200E600062FCF36DEE707FE1EB757AE467F9F668E47A75EB68F6F9676DF3FC62E17F70EE82
:200E80001B858A1497090698920C039D1E808F119D030C92118F801E148A851B9806099762
:200EA0009E000F91128C831D178986189B050A9418868917940A059B910F009E1D838C1242
:200EC00098060997148A851B118F801E9D030C921E808F11920C039D970906981B858A1422
:200EE0001D838C12910F009E940A059B188689179B050A9417898618128C831D9E000F9102
:200F000018868917940A059B910F009E1D838C129E000F91128C831D178986189B050A94E1
:200F20009D030C92118F801E148A851B980609971B858A1497090698920C039D1E808F11C1
:200F40009B050A9417898618128C831D9E000F911D838C12910F009E940A059B18868917A1
:200F60001E808F11920C039D970906981B858A1498060997148A851B118F801E9D030C9281
:200F800067F9F668EB757AE4EE707FE162FCF36DE17F70EE6DF3FC6268F6F967E47A75EB61
:200FA000E27C73ED6EF0FF616BF5FA64E77976E864FAF56BE87679E7ED737CE261FFF06E41
:200FC000E47A75EB68F6F9676DF3FC62E17F70EE62FCF36DEE707FE1EB757AE467F9F66821
:200FE00061FFF06EED737CE2E87679E764FAF56BE77976E86BF5FA646EF0FF61E27C73ED01
:2010000062FCF36DEE707FE1EB757AE467F9F668E47A75EB68F6F9676DF3FC62E17F70EEE0
:20102000E77976E86BF5FA646EF0FF61E27C73ED61FFF06EED737CE2E87679E764FAF56BC0
:20104000E17F70EE6DF3FC6268F6F967E47A75EB67F9F668EB757AE4EE707FE162FCF36DA0
:2010600064FAF56BE87679E7ED737CE261FFF06EE27C73ED6EF0FF616BF5FA64E77976E880
:201080001D838C12910F009E940A059B188689179B050A9417898618128C831D9E000F9160
:2010A00098060997148A851B118F801E9D030C921E808F11920C039D970906981B858A1440
:2010C0009E000F91128C831D178986189B050A9418868917940A059B910F009E1D838C1220
:2010E0001B858A1497090698920C039D1E808F119D030C92118F801E148A851B9806099700
:201100001E808F11920C039D970906981B858A1498060997148A851B118F801E9D030C92DF
:201120009B050A9417898618128C831D9E000F911D838C12910F009E940A059B18868917BF
:201140009D030C92118F801E148A851B980609971B858A1497090698920C039D1E808F119F
:2011600018868917940A059B910F009E1D838C129E000F91128C831D178986189B050A947F
:2011800061FFF06EED737CE2E87679E764FAF56BE77976E86BF5FA646EF0FF61E27C73ED5F
:2011A000E47A75EB68F6F9676DF3FC62E17F70EE62FCF36DEE707FE1EB757AE467F9F6683F
:2011C000E27C73ED6EF0FF616BF5FA64E77976E864FAF56BE87679E7ED737CE261FFF06E1F
:2011E00067F9F668EB757AE4EE707FE162FCF36DE17F70EE6DF3FC6268F6F967E47A75EBFF
:2012000018868917940A059B910F009E1D838C129E000F91128C831D178986189B050A94DE
:201220009D030C92118F801E148A851B980609971B858A1497090698920C039D1E808F11BE
:201240009B050A9417898618128C831D9E000F911D838C12910F009E940A059B188689179E
:201260001E808F11920C039D970906981B858A1498060997148A851B118F801E9D030C927E
:2012800067F9F668EB757AE4EE707FE162FCF36DE17F70EE6DF3FC6268F6F967E47A75EB5E
:2012A000E27C73ED6EF0FF616BF5FA64E77976E864FAF56BE87679E7ED737CE261FFF06E3E
:2012C000E47A75EB68F6F9676DF3FC62E17F70EE62FCF36DEE707FE1EB757AE467F9F6681E
:2012E00061FFF06EED737CE2E87679E764FAF56BE77976E86BF5FA646EF0FF61E27C73EDFE
:2013000064FAF56BE87679E7ED737CE261FFF06EE27C73ED6EF0FF616BF5FA64E77976E8DD
:20132000E17F70EE6DF3FC6268F6F967E47A75EB67F9F668EB757AE4EE707FE162FCF36DBD
:20134000E77976E86BF5FA646EF0FF61E27C73ED61FFF06EED737CE2E87679E764FAF56B9D
:2013600062FCF36DEE707FE1EB757AE467F9F668E47A75EB68F6F9676DF3FC62E17F70EE7D
:201380001B858A1497090698920C039D1E808F119D030C92118F801E148A851B980609975D
:2013A0009E000F91128C831D178986189B050A9418868917940A059B910F009E1D838C123D
:2013C00098060997148A851B118F801E9D030C921E808F11920C039D970906981B858A141D
:2013E0001D838C12910F009E940A059B188689179B050A9417898618128C831D9E000F91FD
:201400001B858A1497090698920C039D1E808F119D030C92118F801E148A851B98060997DC
:201420009E000F91128C831D178986189B050A9418868917940A059B910F009E1D838C12BC
:2014400098060997148A851B118F801E9D030C921E808F11920C039D970906981B858A149C
:201460001D838C12910F009E940A059B188689179B050A9417898618128C831D9E000F917C
:2014800064FAF56BE87679E7ED737CE261FFF06EE27C73ED6EF0FF616BF5FA64E77976E85C
:2014A000E17F70EE6DF3FC6268F6F967E47A75EB67F9F668EB757AE4EE707FE162FCF36D3C
:2014C000E77976E86BF5FA646EF0FF61E27C73ED61FFF06EED737CE2E87679E764FAF56B1C
:2014E00062FCF36DEE707FE1EB757AE467F9F668E47A75EB68F6F9676DF3FC62E17F70EEFC
:2015000067F9F668EB757AE4EE707FE162FCF36DE17F70EE6DF3FC6268F6F967E47A75EBDB
:20152000E27C73ED6EF0FF616BF5FA64E77976E864FAF56BE87679E7ED737CE261FFF06EBB
:20154000E47A75EB68F6F9676DF3FC62E17F70EE62FCF36DEE707FE1EB757AE467F9F6689B
:2015600061FFF06EED737CE2E87679E764FAF56BE77976E86BF5FA646EF0FF61E27C73ED7B
:2015800018868917940A059B910F009E1D838C129E000F91128C831D178986189B050A945B
:2015A0009D030C92118F801E148A851B980609971B858A1497090698920C039D1E808F113B
:2015C0009B050A9417898618128C831D9E000F911D838C12910F009E940A059B188689171B
:2015E0001E808F11920C039D970906981B858A1498060997148A851B118F801E9D030C92FB
:2016000061FFF06EED737CE2E87679E764FAF56BE77976E86BF5FA646EF0FF61E27C73EDDA
:20162000E47A75EB68F6F9676DF3FC62E17F70EE62FCF36DEE707FE1EB757AE467F9F668BA
:20164000E27C73ED6EF0FF616BF5FA64E77976E864FAF56BE87679E7ED737CE261FFF06E9A
:2016600067F9F668EB757AE4EE707FE162FCF36DE17F70EE6DF3FC6268F6F967E47A75EB7A
:201680001E808F11920C039D970906981B858A1498060997148A851B118F801E9D030C925A
:2016A0009B050A9417898618128C831D9E000F911D838C12910F009E940A059B188689173A
:2016C0009D030C92118F801E148A851B980609971B858A1497090698920C039D1E808F111A
:2016E00018868917940A059B910F009E1D838C129E000F91128C831D178986189B050A94FA
:201700001D838C12910F009E940A059B188689179B050A9417898618128C831D9E000F91D9
:2017200098060997148A851B118F801E9D030C921E808F11920C039D970906981B858A14B9
:201740009E000F91128C831D178986189B050A9418868917940A059B910F009E1D838C1299
:201760001B858A1497090698920C039D1E808F119D030C92118F801E148A851B9806099779
:2017800062FCF36DEE707FE1EB757AE467F9F668E47A75EB68F6F9676DF3FC62E17F70EE59
:2017A000E77976E86BF5FA646EF0FF61E27C73ED61FFF06EED737CE2E87679E764FAF56B39
:2017C000E17F70EE6DF3FC6268F6F967E47A75EB67F9F668EB757AE4EE707FE162FCF36D19
:2017E00064FAF56BE87679E7ED737CE261FFF06EE27C73ED6EF0FF616BF5FA64E77976E8F9
:20180000148A851B980609979D030C92118F801E920C039D1E808F111B858A1497090698D8
:20182000910F009E1D838C1218868917940A059B178986189B050A949E000F91128C831DB8
:20184000970906981B858A141E808F11920C039D118F801E9D030C9298060997148A851B98
:20186000128C831D9E000F919B050A9417898618940A059B188689171D838C12910F009E78
:201880006BF5FA64E77976E8E27C73ED6EF0FF61ED737CE261FFF06E64FAF56BE87679E758
:2018A000EE707FE162FCF36D67F9F668EB757AE468F6F967E47A75EBE17F70EE6DF3FC6238
:2018C000E87679E764FAF56B61FFF06EED737CE26EF0FF61E27C73EDE77976E86BF5FA6418
:2018E0006DF3FC62E17F70EEE47A75EB68F6F967EB757AE467F9F66862FCF36DEE707FE1F8
:2019000068F6F967E47A75EBE17F70EE6DF3FC62EE707FE162FCF36D67F9F668EB757AE4D7
:20192000ED737CE261FFF06E64FAF56BE87679E76BF5FA64E77976E8E27C73ED6EF0FF61B7
:20194000EB757AE467F9F66862FCF36DEE707FE16DF3FC62E17F70EEE47A75EB68F6F96797
:201960006EF0FF61E27C73EDE77976E86BF5FA64E87679E764FAF56B61FFF06EED737CE277
:20198000178986189B050A949E000F91128C831D910F009E1D838C1218868917940A059B57
:2019A000920C039D1E808F111B858A1497090698148A851B980609979D030C92118F801E37
:2019C000940A059B188689171D838C12910F009E128C831D9E000F919B050A941789861817
:2019E000118F801E9D030C9298060997148A851B970906981B858A141E808F11920C039DF7
:201A00006EF0FF61E27C73EDE77976E86BF5FA64E87679E764FAF56B61FFF06EED737CE2D6
:201A2000EB757AE467F9F66862FCF36DEE707FE16DF3FC62E17F70EEE47A75EB68F6F967B6
:201A4000ED737CE261FFF06E64FAF56BE87679E76BF5FA64E77976E8E27C73ED6EF0FF6196
:201A600068F6F967E47A75EBE17F70EE6DF3FC62EE707FE162FCF36D67F9F668EB757AE476
:201A8000118F801E9D030C9298060997148A851B970906981B858A141E808F11920C039D56
:201AA000940A059B188689171D838C12910F009E128C831D9E000F919B050A941789861836
:201AC000920C039D1E808F111B858A1497090698148A851B980609979D030C92118F801E16
:201AE000178986189B050A949E000F91128C831D910F009E1D838C1218868917940A059BF6
:201B0000128C831D9E000F919B050A9417898618940A059B188689171D838C12910F009ED5
:201B2000970906981B858A141E808F11920C039D118F801E9D030C9298060997148A851BB5
:201B4000910F009E1D838C1218868917940A059B178986189B050A949E000F91128C831D95
:201B6000148A851B980609979D030C92118F801E920C039D1E808F111B858A149709069875
:201B80006DF3FC62E17F70EEE47A75EB68F6F967EB757AE467F9F66862FCF36DEE707FE155
:201BA000E87679E764FAF56B61FFF06EED737CE26EF0FF61E27C73EDE77976E86BF5FA6435
:201BC000EE707FE162FCF36D67F9F668EB757AE468F6F967E47A75EBE17F70EE6DF3FC6215
:201BE0006BF5FA64E77976E8E27C73ED6EF0FF61ED737CE261FFF06E64FAF56BE87679E7F5
:201C00006DF3FC62E17F70EEE47A75EB68F6F967EB757AE467F9F66862FCF36DEE707FE1D4
:201C2000E87679E764FAF56B61FFF06EED737CE26EF0FF61E27C73EDE77976E86BF5FA64B4
:201C4000EE707FE162FCF36D67F9F668EB757AE468F6F967E47A75EBE17F70EE6DF3FC6294
:201C60006BF5FA64E77976E8E27C73ED6EF0FF61ED737CE261FFF06E64FAF56BE87679E774
:201C8000128C831D9E000F919B050A9417898618940A059B188689171D838C12910F009E54
:201CA000970906981B858A141E808F11920C039D118F801E9D030C9298060997148A851B34
:201CC000910F009E1D838C1218868917940A059B178986189B050A949E000F91128C831D14
:201CE000148A851B980609979D030C92118F801E920C039D1E808F111B858A1497090698F4
:201D0000118F801E9D030C9298060997148A851B970906981B858A141E808F11920C039DD3
:201D2000940A059B188689171D838C12910F009E128C831D9E000F919B050A9417898618B3
:201D4000920C039D1E808F111B858A1497090698148A851B980609979D030C92118F801E93
:201D6000178986189B050A949E000F91128C831D910F009E1D838C1218868917940A059B73
:201D80006EF0FF61E27C73EDE77976E86BF5FA64E87679E764FAF56B61FFF06EED737CE253
:201DA000EB757AE467F9F66862FCF36DEE707FE16DF3FC62E17F70EEE47A75EB68F6F96733
:201DC000ED737CE261FFF06E64FAF56BE87679E76BF5FA64E77976E8E27C73ED6EF0FF6113
:201DE00068F6F967E47A75EBE17F70EE6DF3FC62EE707FE162FCF36D67F9F668EB757AE4F3
:201E0000178986189B050A949E000F91128C831D910F009E1D838C1218868917940A059BD2
:201E2000920C039D1E808F111B858A1497090698148A851B980609979D030C92118F801EB2
:201E4000940A059B188689171D838C12910F009E128C831D9E000F919B050A941789861892
:201E6000118F801E9D030C9298060997148A851B970906981B858A141E808F11920C039D72
:201E800068F6F967E47A75EBE17F70EE6DF3FC62EE707FE162FCF36D67F9F668EB757AE452
:201EA000ED737CE261FFF06E64FAF56BE87679E76BF5FA64E77976E8E27C73ED6EF0FF6132
:201EC000EB757AE467F9F66862FCF36DEE707FE16DF3FC62E17F70EEE47A75EB68F6F96712
:201EE0006EF0FF61E27C73EDE77976E86BF5FA64E87679E764FAF56B61FFF06EED737CE2F2
:201F00006BF5FA64E77976E8E27C73ED6EF0FF61ED737CE261FFF06E64FAF56BE87679E7D1
:201F2000EE707FE162FCF36D67F9F668EB757AE468F6F967E47A75EBE17F70EE6DF3FC62B1
:201F4000E87679E764FAF56B61FFF06EED737CE26EF0FF61E27C73EDE77976E86BF5FA6491
:201F60006DF3FC62E17F70EEE47A75EB68F6F967EB757AE467F9F66862FCF36DEE707FE171
:201F8000148A851B980609979D030C92118F801E920C039D1E808F111B858A149709069851
:201FA000910F009E1D838C1218868917940A059B178986189B050A949E000F91128C831D31
:201FC000970906981B858A141E808F11920C039D118F801E9D030C9298060997148A851B11
:201FE000128C831D9E000F919B050A9417898618940A059B188689171D838C12910F009EF1
:202000007FE1EE70F36D62FCF66867F97AE4EB75F96768F675EBE47A70EEE17FFC626DF3D0
:20202000FA646BF576E8E77973EDE27CFF616EF07CE2ED73F06E61FFF56B64FA79E7E876B0
:20204000FC626DF370EEE17F75EBE47AF96768F67AE4EB75F66867F9F36D62FC7FE1EE7090
:2020600079E7E876F56B64FAF06E61FF7CE2ED73FF616EF073EDE27C76E8E779FA646BF570
:20208000009E910F8C121D8389171886059B940A861817890A949B050F919E00831D128C50
:2020A000851B148A099798060C929D03801E118F039D920C8F111E808A141B850698970930
:2020C000831D128C0F919E000A949B0586181789059B940A891718868C121D83009E910F10
:2020E000069897098A141B858F111E80039D920C801E118F0C929D0309979806851B148AF0
:20210000039D920C8F111E808A141B8506989709851B148A099798060C929D03801E118FCF
:20212000861817890A949B050F919E00831D128C009E910F8C121D8389171886059B940AAF
:20214000801E118F0C929D0309979806851B148A069897098A141B858F111E80039D920C8F
:20216000059B940A891718868C121D83009E910F831D128C0F919E000A949B05861817896F
:202180007CE2ED73F06E61FFF56B64FA79E7E876FA646BF576E8E77973EDE27CFF616EF04F
:2021A000F96768F675EBE47A70EEE17FFC626DF37FE1EE70F36D62FCF66867F97AE4EB752F
:2021C000FF616EF073EDE27C76E8E779FA646BF579E7E876F56B64FAF06E61FF7CE2ED730F
:2021E0007AE4EB75F66867F9F36D62FC7FE1EE70FC626DF370EEE17F75EBE47AF96768F6EF
:20220000059B940A891718868C121D83009E910F831D128C0F919E000A949B0586181789CE
:20222000801E118F0C929D0309979806851B148A069897098A141B858F111E80039D920CAE
:20224000861817890A949B050F919E00831D128C009E910F8C121D8389171886059B940A8E
:20226000039D920C8F111E808A141B8506989709851B148A099798060C929D03801E118F6E
:202280007AE4EB75F66867F9F36D62FC7FE1EE70FC626DF370EEE17F75EBE47AF96768F64E
:2022A000FF616EF073EDE27C76E8E779FA646BF579E7E876F56B64FAF06E61FF7CE2ED732E
:2022C000F96768F675EBE47A70EEE17FFC626DF37FE1EE70F36D62FCF66867F97AE4EB750E
:2022E0007CE2ED73F06E61FFF56B64FA79E7E876FA646BF576E8E77973EDE27CFF616EF0EE
:2023000079E7E876F56B64FAF06E61FF7CE2ED73FF616EF073EDE27C76E8E779FA646BF5CD
:20232000FC626DF370EEE17F75EBE47AF96768F67AE4EB75F66867F9F36D62FC7FE1EE70AD
:20234000FA646BF576E8E77973EDE27CFF616EF07CE2ED73F06E61FFF56B64FA79E7E8768D
:202360007FE1EE70F36D62FCF66867F97AE4EB75F96768F675EBE47A70EEE17FFC626DF36D
:20238000069897098A141B858F111E80039D920C801E118F0C929D0309979806851B148A4D
:2023A000831D128C0F919E000A949B0586181789059B940A891718868C121D83009E910F2D
:2023C000851B148A099798060C929D03801E118F039D920C8F111E808A141B85069897090D
:2023E000009E910F8C121D8389171886059B940A861817890A949B050F919E00831D128CED
:20240000069897098A141B858F111E80039D920C801E118F0C929D0309979806851B148ACC
:20242000831D128C0F919E000A949B0586181789059B940A891718868C121D83009E910FAC
:20244000851B148A099798060C929D03801E118F039D920C8F111E808A141B85069897098C
:20246000009E910F8C121D8389171886059B940A861817890A949B050F919E00831D128C6C
:2024800079E7E876F56B64FAF06E61FF7CE2ED73FF616EF073EDE27C76E8E779FA646BF54C
:2024A000FC626DF370EEE17F75EBE47AF96768F67AE4EB75F66867F9F36D62FC7FE1EE702C
:2024C000FA646BF576E8E77973EDE27CFF616EF07CE2ED73F06E61FFF56B64FA79E7E8760C
:2024E0007FE1EE70F36D62FCF66867F97AE4EB75F96768F675EBE47A70EEE17FFC626DF3EC
:202500007AE4EB75F66867F9F36D62FC7FE1EE70FC626DF370EEE17F75EBE47AF96768F6CB
:20252000FF616EF073EDE27C76E8E779FA646BF579E7E876F56B64FAF06E61FF7CE2ED73AB
:20254000F96768F675EBE47A70EEE17FFC626DF37FE1EE70F36D62FCF66867F97AE4EB758B
:202560007CE2ED73F06E61FFF56B64FA79E7E876FA646BF576E8E77973EDE27CFF616EF06B
:20258000059B940A891718868C121D83009E910F831D128C0F919E000A949B05861817894B
:2025A000801E118F0C929D0309979806851B148A069897098A141B858F111E80039D920C2B
:2025C000861817890A949B050F919E00831D128C009E910F8C121D8389171886059B940A0B
:2025E000039D920C8F111E808A141B8506989709851B148A099798060C929D03801E118FEB
:202600007CE2ED73F06E61FFF56B64FA79E7E876FA646BF576E8E77973EDE27CFF616EF0CA
:20262000F96768F675EBE47A70EEE17FFC626DF37FE1EE70F36D62FCF66867F97AE4EB75AA
:20264000FF616EF073EDE27C76E8E779FA646BF579E7E876F56B64FAF06E61FF7CE2ED738A
:202660007AE4EB75F66867F9F36D62FC7FE1EE70FC626DF370EEE17F75EBE47AF96768F66A
:20268000039D920C8F111E808A141B8506989709851B148A099798060C929D03801E118F4A
:2026A000861817890A949B050F919E00831D128C009E910F8C121D8389171886059B940A2A
:2026C000801E118F0C929D0309979806851B148A069897098A141B858F111E80039D920C0A
:2026E000059B940A891718868C121D83009E910F831D128C0F919E000A949B0586181789EA
:20270000009E910F8C121D8389171886059B940A861817890A949B050F919E00831D128CC9
:20272000851B148A099798060C929D03801E118F039D920C8F111E808A141B8506989709A9
:20274000831D128C0F919E000A949B0586181789059B940A891718868C121D83009E910F89
:20276000069897098A141B858F111E80039D920C801E118F0C929D0309979806851B148A69
:202780007FE1EE70F36D62FCF66867F97AE4EB75F96768F675EBE47A70EEE17FFC626DF349
:2027A000FA646BF576E8E77973EDE27CFF616EF07CE2ED73F06E61FFF56B64FA79E7E87629
:2027C000FC626DF370EEE17F75EBE47AF96768F67AE4EB75F66867F9F36D62FC7FE1EE7009
:2027E00079E7E876F56B64FAF06E61FF7CE2ED73FF616EF073EDE27C76E8E779FA646BF5E9
:2028000009979806851B148A801E118F0C929D038F111E80039D920C069897098A141B85C8
:202820008C121D83009E910F059B940A891718860A949B0586181789831D128C0F919E00A8
:202840008A141B8506989709039D920C8F111E800C929D03801E118F851B148A0997980688
:202860000F919E00831D128C861817890A949B0589171886059B940A009E910F8C121D8368
:2028800076E8E779FA646BF5FF616EF073EDE27CF06E61FF7CE2ED7379E7E876F56B64FA48
:2028A000F36D62FC7FE1EE707AE4EB75F66867F975EBE47AF96768F6FC626DF370EEE17F28
:2028C000F56B64FA79E7E8767CE2ED73F06E61FF73EDE27CFF616EF0FA646BF576E8E77908
:2028E00070EEE17FFC626DF3F96768F675EBE47AF66867F97AE4EB757FE1EE70F36D62FCE8
:2029000075EBE47AF96768F6FC626DF370EEE17FF36D62FC7FE1EE707AE4EB75F66867F9C7
:20292000F06E61FF7CE2ED7379E7E876F56B64FA76E8E779FA646BF5FF616EF073EDE27CA7
:20294000F66867F97AE4EB757FE1EE70F36D62FC70EEE17FFC626DF3F96768F675EBE47A87
:2029600073EDE27CFF616EF0FA646BF576E8E779F56B64FA79E7E8767CE2ED73F06E61FF67
:202980000A949B0586181789831D128C0F919E008C121D83009E910F059B940A8917188647
:2029A0008F111E80039D920C069897098A141B8509979806851B148A801E118F0C929D0327
:2029C00089171886059B940A009E910F8C121D830F919E00831D128C861817890A949B0507
:2029E0000C929D03801E118F851B148A099798068A141B8506989709039D920C8F111E80E7
:202A000073EDE27CFF616EF0FA646BF576E8E779F56B64FA79E7E8767CE2ED73F06E61FFC6
:202A2000F66867F97AE4EB757FE1EE70F36D62FC70EEE17FFC626DF3F96768F675EBE47AA6
:202A4000F06E61FF7CE2ED7379E7E876F56B64FA76E8E779FA646BF5FF616EF073EDE27C86
:202A600075EBE47AF96768F6FC626DF370EEE17FF36D62FC7FE1EE707AE4EB75F66867F966
:202A80000C929D03801E118F851B148A099798068A141B8506989709039D920C8F111E8046
:202AA00089171886059B940A009E910F8C121D830F919E00831D128C861817890A949B0526
:202AC0008F111E80039D920C069897098A141B8509979806851B148A801E118F0C929D0306
:202AE0000A949B0586181789831D128C0F919E008C121D83009E910F059B940A89171886E6
:202B00000F919E00831D128C861817890A949B0589171886059B940A009E910F8C121D83C5
:202B20008A141B8506989709039D920C8F111E800C929D03801E118F851B148A09979806A5
:202B40008C121D83009E910F059B940A891718860A949B0586181789831D128C0F919E0085
:202B600009979806851B148A801E118F0C929D038F111E80039D920C069897098A141B8565
:202B800070EEE17FFC626DF3F96768F675EBE47AF66867F97AE4EB757FE1EE70F36D62FC45
:202BA000F56B64FA79E7E8767CE2ED73F06E61FF73EDE27CFF616EF0FA646BF576E8E77925
:202BC000F36D62FC7FE1EE707AE4EB75F66867F975EBE47AF96768F6FC626DF370EEE17F05
:202BE00076E8E779FA646BF5FF616EF073EDE27CF06E61FF7CE2ED7379E7E876F56B64FAE5
:202C000070EEE17FFC626DF3F96768F675EBE47AF66867F97AE4EB757FE1EE70F36D62FCC4
:202C2000F56B64FA79E7E8767CE2ED73F06E61FF73EDE27CFF616EF0FA646BF576E8E779A4
:202C4000F36D62FC7FE1EE707AE4EB75F66867F975EBE47AF96768F6FC626DF370EEE17F84
:202C600076E8E779FA646BF5FF616EF073EDE27CF06E61FF7CE2ED7379E7E876F56B64FA64
:202C80000F919E00831D128C861817890A949B0589171886059B940A009E910F8C121D8344
:202CA0008A141B8506989709039D920C8F111E800C929D03801E118F851B148A0997980624
:202CC0008C121D83009E910F059B940A891718860A949B0586181789831D128C0F919E0004
:202CE00009979806851B148A801E118F0C929D038F111E80039D920C069897098A141B85E4
:202D00000C929D03801E118F851B148A099798068A141B8506989709039D920C8F111E80C3
:202D200089171886059B940A009E910F8C121D830F919E00831D128C861817890A949B05A3
:202D40008F111E80039D920C069897098A141B8509979806851B148A801E118F0C929D0383
:202D60000A949B0586181789831D128C0F919E008C121D83009E910F059B940A8917188663
:202D800073EDE27CFF616EF0FA646BF576E8E779F56B64FA79E7E8767CE2ED73F06E61FF43
:202DA000F66867F97AE4EB757FE1EE70F36D62FC70EEE17FFC626DF3F96768F675EBE47A23
:202DC000F06E61FF7CE2ED7379E7E876F56B64FA76E8E779FA646BF5FF616EF073EDE27C03
:202DE00075EBE47AF96768F6FC626DF370EEE17FF36D62FC7FE1EE707AE4EB75F66867F9E3
:202E00000A949B0586181789831D128C0F919E008C121D83009E910F059B940A89171886C2
:202E20008F111E80039D920C069897098A141B8509979806851B148A801E118F0C929D03A2
:202E400089171886059B940A009E910F8C121D830F919E00831D128C861817890A949B0582
:202E60000C929D03801E118F851B148A099798068A141B8506989709039D920C8F111E8062
:202E800075EBE47AF96768F6FC626DF370EEE17FF36D62FC7FE1EE707AE4EB75F66867F942
:202EA000F06E61FF7CE2ED7379E7E876F56B64FA76E8E779FA646BF5FF616EF073EDE27C22
:202EC000F66867F97AE4EB757FE1EE70F36D62FC70EEE17FFC626DF3F96768F675EBE47A02
:202EE00073EDE27CFF616EF0FA646BF576E8E779F56B64FA79E7E8767CE2ED73F06E61FFE2
:202F000076E8E779FA646BF5FF616EF073EDE27CF06E61FF7CE2ED7379E7E876F56B64FAC1
:202F2000F36D62FC7FE1EE707AE4EB75F66867F975EBE47AF96768F6FC626DF370EEE17FA1
:202F4000F56B64FA79E7E8767CE2ED73F06E61FF73EDE27CFF616EF0FA646BF576E8E77981
:202F600070EEE17FFC626DF3F96768F675EBE47AF66867F97AE4EB757FE1EE70F36D62FC61
:202F800009979806851B148A801E118F0C929D038F111E80039D920C069897098A141B8541
:202FA0008C121D83009E910F059B940A891718860A949B0586181789831D128C0F919E0021
:202FC0008A141B8506989709039D920C8F111E800C929D03801E118F851B148A0997980601
:202FE0000F919E00831D128C861817890A949B0589171886059B940A009E910F8C121D83E1
:203000000C929D03801E118F851B148A099798068A141B8506989709039D920C8F111E80C0
:2030200089171886059B940A009E910F8C121D830F919E00831D128C861817890A949B05A0
:203040008F111E80039D920C069897098A141B8509979806851B148A801E118F0C929D0380
:203060000A949B0586181789831D128C0F919E008C121D83009E910F059B940A8917188660
:2030800073EDE27CFF616EF0FA646BF576E8E779F56B64FA79E7E8767CE2ED73F06E61FF40
:2030A000F66867F97AE4EB757FE1EE70F36D62FC70EEE17FFC626DF3F96768F675EBE47A20
:2030C000F06E61FF7CE2ED7379E7E876F56B64FA76E8E779FA646BF5FF616EF073EDE27C00
:2030E00075EBE47AF96768F6FC626DF370EEE17FF36D62FC7FE1EE707AE4EB75F66867F9E0
:2031000070EEE17FFC626DF3F96768F675EBE47AF66867F97AE4EB757FE1EE70F36D62FCBF
:20312000F56B64FA79E7E8767CE2ED73F06E61FF73EDE27CFF616EF0FA646BF576E8E7799F
:20314000F36D62FC7FE1EE707AE4EB75F66867F975EBE47AF96768F6FC626DF370EEE17F7F
:2031600076E8E779FA646BF5FF616EF073EDE27CF06E61FF7CE2ED7379E7E876F56B64FA5F
:203180000F919E00831D128C861817890A949B0589171886059B940A009E910F8C121D833F
:2031A0008A141B8506989709039D920C8F111E800C929D03801E118F851B148A099798061F
:2031C0008C121D83009E910F059B940A891718860A949B0586181789831D128C0F919E00FF
:2031E00009979806851B148A801E118F0C929D038F111E80039D920C069897098A141B85DF
:2032000076E8E779FA646BF5FF616EF073EDE27CF06E61FF7CE2ED7379E7E876F56B64FABE
:20322000F36D62FC7FE1EE707AE4EB75F66867F975EBE47AF96768F6FC626DF370EEE17F9E
:20324000F56B64FA79E7E8767CE2ED73F06E61FF73EDE27CFF616EF0FA646BF576E8E7797E
:2032600070EEE17FFC626DF3F96768F675EBE47AF66867F97AE4EB757FE1EE70F36D62FC5E
:2032800009979806851B148A801E118F0C929D038F111E80039D920C069897098A141B853E
:2032A0008C121D83009E910F059B940A891718860A949B0586181789831D128C0F919E001E
:2032C0008A141B8506989709039D920C8F111E800C929D03801E118F851B148A09979806FE
:2032E0000F919E00831D128C861817890A949B0589171886059B940A009E910F8C121D83DE
:203300000A949B0586181789831D128C0F919E008C121D83009E910F059B940A89171886BD
:203320008F111E80039D920C069897098A141B8509979806851B148A801E118F0C929D039D
:2033400089171886059B940A009E910F8C121D830F919E00831D128C861817890A949B057D
:203360000C929D03801E118F851B148A099798068A141B8506989709039D920C8F111E805D
:2033800075EBE47AF96768F6FC626DF370EEE17FF36D62FC7FE1EE707AE4EB75F66867F93D
:2033A000F06E61FF7CE2ED7379E7E876F56B64FA76E8E779FA646BF5FF616EF073EDE27C1D
:2033C000F66867F97AE4EB757FE1EE70F36D62FC70EEE17FFC626DF3F96768F675EBE47AFD
:2033E00073EDE27CFF616EF0FA646BF576E8E779F56B64FA79E7E8767CE2ED73F06E61FFDD
:2034000075EBE47AF96768F6FC626DF370EEE17FF36D62FC7FE1EE707AE4EB75F66867F9BC
:20342000F06E61FF7CE2ED7379E7E876F56B64FA76E8E779FA646BF5FF616EF073EDE27C9C
:20344000F66867F97AE4EB757FE1EE70F36D62FC70EEE17FFC626DF3F96768F675EBE47A7C
:2034600073EDE27CFF616EF0FA646BF576E8E779F56B64FA79E7E8767CE2ED73F06E61FF5C
:203480000A949B0586181789831D128C0F919E008C121D83009E910F059B940A891718863C
:2034A0008F111E80039D920C069897098A141B8509979806851B148A801E118F0C929D031C
:2034C00089171886059B940A009E910F8C121D830F919E00831D128C861817890A949B05FC
:2034E0000C929D03801E118F851B148A099798068A141B8506989709039D920C8F111E80DC
:2035000009979806851B148A801E118F0C929D038F111E80039D920C069897098A141B85BB
:203520008C121D83009E910F059B940A891718860A949B0586181789831D128C0F919E009B
:203540008A141B8506989709039D920C8F111E800C929D03801E118F851B148A099798067B
:203560000F919E00831D128C861817890A949B0589171886059B940A009E910F8C121D835B
:2035800076E8E779FA646BF5FF616EF073EDE27CF06E61FF7CE2ED7379E7E876F56B64FA3B
:2035A000F36D62FC7FE1EE707AE4EB75F66867F975EBE47AF96768F6FC626DF370EEE17F1B
:2035C000F56B64FA79E7E8767CE2ED73F06E61FF73EDE27CFF616EF0FA646BF576E8E779FB
:2035E00070EEE17FFC626DF3F96768F675EBE47AF66867F97AE4EB757FE1EE70F36D62FCDB
:203600000F919E00831D128C861817890A949B0589171886059B940A009E910F8C121D83BA
:203620008A141B8506989709039D920C8F111E800C929D03801E118F851B148A099798069A
:203640008C121D83009E910F059B940A891718860A949B0586181789831D128C0F919E007A
:2036600009979806851B148A801E118F0C929D038F111E80039D920C069897098A141B855A
:2036800070EEE17FFC626DF3F96768F675EBE47AF66867F97AE4EB757FE1EE70F36D62FC3A
:2036A000F56B64FA79E7E8767CE2ED73F06E61FF73EDE27CFF616EF0FA646BF576E8E7791A
:2036C000F36D62FC7FE1EE707AE4EB75F66867F975EBE47AF96768F6FC626DF370EEE17FFA
:2036E00076E8E779FA646BF5FF616EF073EDE27CF06E61FF7CE2ED7379E7E876F56B64FADA
:2037000073EDE27CFF616EF0FA646BF576E8E779F56B64FA79E7E8767CE2ED73F06E61FFB9
:20372000F66867F97AE4EB757FE1EE70F36D62FC70EEE17FFC626DF3F96768F675EBE47A99
:20374000F06E61FF7CE2ED7379E7E876F56B64FA76E8E779FA646BF5FF616EF073EDE27C79
:2037600075EBE47AF96768F6FC626DF370EEE17FF36D62FC7FE1EE707AE4EB75F66867F959
:203780000C929D03801E118F851B148A099798068A141B8506989709039D920C8F111E8039
:2037A00089171886059B940A009E910F8C121D830F919E00831D128C861817890A949B0519
:2037C0008F111E80039D920C069897098A141B8509979806851B148A801E118F0C929D03F9
:2037E0000A949B0586181789831D128C0F919E008C121D83009E910F059B940A89171886D9
:203800007AE4EB75F66867F9F36D62FC7FE1EE70FC626DF370EEE17F75EBE47AF96768F6B8
:20382000FF616EF073EDE27C76E8E779FA646BF579E7E876F56B64FAF06E61FF7CE2ED7398
:20384000F96768F675EBE47A70EEE17FFC626DF37FE1EE70F36D62FCF66867F97AE4EB7578
:203860007CE2ED73F06E61FFF56B64FA79E7E876FA646BF576E8E77973EDE27CFF616EF058
:20388000059B940A891718868C121D83009E910F831D128C0F919E000A949B058618178938
:2038A000801E118F0C929D0309979806851B148A069897098A141B858F111E80039D920C18
:2038C000861817890A949B050F919E00831D128C009E910F8C121D8389171886059B940AF8
:2038E000039D920C8F111E808A141B8506989709851B148A099798060C929D03801E118FD8
:20390000069897098A141B858F111E80039D920C801E118F0C929D0309979806851B148AB7
:20392000831D128C0F919E000A949B0586181789059B940A891718868C121D83009E910F97
:20394000851B148A099798060C929D03801E118F039D920C8F111E808A141B850698970977
:20396000009E910F8C121D8389171886059B940A861817890A949B050F919E00831D128C57
:2039800079E7E876F56B64FAF06E61FF7CE2ED73FF616EF073EDE27C76E8E779FA646BF537
:2039A000FC626DF370EEE17F75EBE47AF96768F67AE4EB75F66867F9F36D62FC7FE1EE7017
:2039C000FA646BF576E8E77973EDE27CFF616EF07CE2ED73F06E61FFF56B64FA79E7E876F7
:2039E0007FE1EE70F36D62FCF66867F97AE4EB75F96768F675EBE47A70EEE17FFC626DF3D7
:203A0000009E910F8C121D8389171886059B940A861817890A949B050F919E00831D128CB6
:203A2000851B148A099798060C929D03801E118F039D920C8F111E808A141B850698970996
:203A4000831D128C0F919E000A949B0586181789059B940A891718868C121D83009E910F76
:203A6000069897098A141B858F111E80039D920C801E118F0C929D0309979806851B148A56
:203A80007FE1EE70F36D62FCF66867F97AE4EB75F96768F675EBE47A70EEE17FFC626DF336
:203AA000FA646BF576E8E77973EDE27CFF616EF07CE2ED73F06E61FFF56B64FA79E7E87616
:203AC000FC626DF370EEE17F75EBE47AF96768F67AE4EB75F66867F9F36D62FC7FE1EE70F6
:203AE00079E7E876F56B64FAF06E61FF7CE2ED73FF616EF073EDE27C76E8E779FA646BF5D6
:203B00007CE2ED73F06E61FFF56B64FA79E7E876FA646BF576E8E77973EDE27CFF616EF0B5
:203B2000F96768F675EBE47A70EEE17FFC626DF37FE1EE70F36D62FCF66867F97AE4EB7595
:203B4000FF616EF073EDE27C76E8E779FA646BF579E7E876F56B64FAF06E61FF7CE2ED7375
:203B60007AE4EB75F66867F9F36D62FC7FE1EE70FC626DF370EEE17F75EBE47AF96768F655
:203B8000039D920C8F111E808A141B8506989709851B148A099798060C929D03801E118F35
:203BA000861817890A949B050F919E00831D128C009E910F8C121D8389171886059B940A15
:203BC000801E118F0C929D0309979806851B148A069897098A141B858F111E80039D920CF5
:203BE000059B940A891718868C121D83009E910F831D128C0F919E000A949B0586181789D5
:203C0000039D920C8F111E808A141B8506989709851B148A099798060C929D03801E118FB4
:203C2000861817890A949B050F919E00831D128C009E910F8C121D8389171886059B940A94
:203C4000801E118F0C929D0309979806851B148A069897098A141B858F111E80039D920C74
:203C6000059B940A891718868C121D83009E910F831D128C0F919E000A949B058618178954
:203C80007CE2ED73F06E61FFF56B64FA79E7E876FA646BF576E8E77973EDE27CFF616EF034
:203CA000F96768F675EBE47A70EEE17FFC626DF37FE1EE70F36D62FCF66867F97AE4EB7514
:203CC000FF616EF073EDE27C76E8E779FA646BF579E7E876F56B64FAF06E61FF7CE2ED73F4
:203CE0007AE4EB75F66867F9F36D62FC7FE1EE70FC626DF370EEE17F75EBE47AF96768F6D4
:203D00007FE1EE70F36D62FCF66867F97AE4EB75F96768F675EBE47A70EEE17FFC626DF3B3
:203D2000FA646BF576E8E77973EDE27CFF616EF07CE2ED73F06E61FFF56B64FA79E7E87693
:203D4000FC626DF370EEE17F75EBE47AF96768F67AE4EB75F66867F9F36D62FC7FE1EE7073
:203D600079E7E876F56B64FAF06E61FF7CE2ED73FF616EF073EDE27C76E8E779FA646BF553
:203D8000009E910F8C121D8389171886059B940A861817890A949B050F919E00831D128C33
:203DA000851B148A099798060C929D03801E118F039D920C8F111E808A141B850698970913
:203DC000831D128C0F919E000A949B0586181789059B940A891718868C121D83009E910FF3
:203DE000069897098A141B858F111E80039D920C801E118F0C929D0309979806851B148AD3
:203E000079E7E876F56B64FAF06E61FF7CE2ED73FF616EF073EDE27C76E8E779FA646BF5B2
:203E2000FC626DF370EEE17F75EBE47AF96768F67AE4EB75F66867F9F36D62FC7FE1EE7092
:203E4000FA646BF576E8E77973EDE27CFF616EF07CE2ED73F06E61FFF56B64FA79E7E87672
:203E60007FE1EE70F36D62FCF66867F97AE4EB75F96768F675EBE47A70EEE17FFC626DF352
:203E8000069897098A141B858F111E80039D920C801E118F0C929D0309979806851B148A32
:203EA000831D128C0F919E000A949B0586181789059B940A891718868C121D83009E910F12
:203EC000851B148A099798060C929D03801E118F039D920C8F111E808A141B8506989709F2
:203EE000009E910F8C121D8389171886059B940A861817890A949B050F919E00831D128CD2
:203F0000059B940A891718868C121D83009E910F831D128C0F919E000A949B0586181789B1
:203F2000801E118F0C929D0309979806851B148A069897098A141B858F111E80039D920C91
:203F4000861817890A949B050F919E00831D128C009E910F8C121D8389171886059B940A71
:203F6000039D920C8F111E808A141B8506989709851B148A099798060C929D03801E118F51
:203F80007AE4EB75F66867F9F36D62FC7FE1EE70FC626DF370EEE17F75EBE47AF96768F631
:203FA000FF616EF073EDE27C76E8E779FA646BF579E7E876F56B64FAF06E61FF7CE2ED7311
:203FC000F96768F675EBE47A70EEE17FFC626DF37FE1EE70F36D62FCF66867F97AE4EB75F1
:203FE0007CE2ED73F06E61FFF56B64FA79E7E876FA646BF576E8E77973EDE27CFF616EF0D1
:2040000070EEE17FFC626DF3F96768F675EBE47AF66867F97AE4EB757FE1EE70F36D62FCB0
:20402000F56B64FA79E7E8767CE2ED73F06E61FF73EDE27CFF616EF0FA646BF576E8E77990
:20404000F36D62FC7FE1EE707AE4EB75F66867F975EBE47AF96768F6FC626DF370EEE17F70
:2040600076E8E779FA646BF5FF616EF073EDE27CF06E61FF7CE2ED7379E7E876F56B64FA50
:204080000F919E00831D128C861817890A949B0589171886059B940A009E910F8C121D8330
:2040A0008A141B8506989709039D920C8F111E800C929D03801E118F851B148A0997980610
:2040C0008C121D83009E910F059B940A891718860A949B0586181789831D128C0F919E00F0
:2040E00009979806851B148A801E118F0C929D038F111E80039D920C069897098A141B85D0
:204100000C929D03801E118F851B148A099798068A141B8506989709039D920C8F111E80AF
:2041200089171886059B940A009E910F8C121D830F919E00831D128C861817890A949B058F
:204140008F111E80039D920C069897098A141B8509979806851B148A801E118F0C929D036F
:204160000A949B0586181789831D128C0F919E008C121D83009E910F059B940A891718864F
:2041800073EDE27CFF616EF0FA646BF576E8E779F56B64FA79E7E8767CE2ED73F06E61FF2F
:2041A000F66867F97AE4EB757FE1EE70F36D62FC70EEE17FFC626DF3F96768F675EBE47A0F
:2041C000F06E61FF7CE2ED7379E7E876F56B64FA76E8E779FA646BF5FF616EF073EDE27CEF
:2041E00075EBE47AF96768F6FC626DF370EEE17FF36D62FC7FE1EE707AE4EB75F66867F9CF
:204200000A949B0586181789831D128C0F919E008C121D83009E910F059B940A89171886AE
:204220008F111E80039D920C069897098A141B8509979806851B148A801E118F0C929D038E
:2042400089171886059B940A009E910F8C121D830F919E00831D128C861817890A949B056E
:204260000C929D03801E118F851B148A099798068A141B8506989709039D920C8F111E804E
:2042800075EBE47AF96768F6FC626DF370EEE17FF36D62FC7FE1EE707AE4EB75F66867F92E
:2042A000F06E61FF7CE2ED7379E7E876F56B64FA76E8E779FA646BF5FF616EF073EDE27C0E
:2042C000F66867F97AE4EB757FE1EE70F36D62FC70EEE17FFC626DF3F96768F675EBE47AEE
:2042E00073EDE27CFF616EF0FA646BF576E8E779F56B64FA79E7E8767CE2ED73F06E61FFCE
:2043000076E8E779FA646BF5FF616EF073EDE27CF06E61FF7CE2ED7379E7E876F56B64FAAD
:20432000F36D62FC7FE1EE707AE4EB75F66867F975EBE47AF96768F6FC626DF370EEE17F8D
:20434000F56B64FA79E7E8767CE2ED73F06E61FF73EDE27CFF616EF0FA646BF576E8E7796D
:2043600070EEE17FFC626DF3F96768F675EBE47AF66867F97AE4EB757FE1EE70F36D62FC4D
:2043800009979806851B148A801E118F0C929D038F111E80039D920C069897098A141B852D
:2043A0008C121D83009E910F059B940A891718860A949B0586181789831D128C0F919E000D
:2043C0008A141B8506989709039D920C8F111E800C929D03801E118F851B148A09979806ED
:2043E0000F919E00831D128C861817890A949B0589171886059B940A009E910F8C121D83CD
:2044000009979806851B148A801E118F0C929D038F111E80039D920C069897098A141B85AC
:204420008C121D83009E910F059B940A891718860A949B0586181789831D128C0F919E008C
:204440008A141B8506989709039D920C8F111E800C929D03801E118F851B148A099798066C
:204460000F919E00831D128C861817890A949B0589171886059B940A009E910F8C121D834C
:2044800076E8E779FA646BF5FF616EF073EDE27CF06E61FF7CE2ED7379E7E876F56B64FA2C
:2044A000F36D62FC7FE1EE707AE4EB75F66867F975EBE47AF96768F6FC626DF370EEE17F0C
:2044C000F56B64FA79E7E8767CE2ED73F06E61FF73EDE27CFF616EF0FA646BF576E8E779EC
:2044E00070EEE17FFC626DF3F96768F675EBE47AF66867F97AE4EB757FE1EE70F36D62FCCC
:2045000075EBE47AF96768F6FC626DF370EEE17FF36D62FC7FE1EE707AE4EB75F66867F9AB
:20452000F06E61FF7CE2ED7379E7E876F56B64FA76E8E779FA646BF5FF616EF073EDE27C8B
:20454000F66867F97AE4EB757FE1EE70F36D62FC70EEE17FFC626DF3F96768F675EBE47A6B
:2045600073EDE27CFF616EF0FA646BF576E8E779F56B64FA79E7E8767CE2ED73F06E61FF4B
:204580000A949B0586181789831D128C0F919E008C121D83009E910F059B940A891718862B
:2045A0008F111E80039D920C069897098A141B8509979806851B148A801E118F0C929D030B
:2045C00089171886059B940A009E910F8C121D830F919E00831D128C861817890A949B05EB
:2045E0000C929D03801E118F851B148A099798068A141B8506989709039D920C8F111E80CB
:2046000073EDE27CFF616EF0FA646BF576E8E779F56B64FA79E7E8767CE2ED73F06E61FFAA
:20462000F66867F97AE4EB757FE1EE70F36D62FC70EEE17FFC626DF3F96768F675EBE47A8A
:20464000F06E61FF7CE2ED7379E7E876F56B64FA76E8E779FA646BF5FF616EF073EDE27C6A
:2046600075EBE47AF96768F6FC626DF370EEE17FF36D62FC7FE1EE707AE4EB75F66867F94A
:204680000C929D03801E118F851B148A099798068A141B8506989709039D920C8F111E802A
:2046A00089171886059B940A009E910F8C121D830F919E00831D128C861817890A949B050A
:2046C0008F111E80039D920C069897098A141B8509979806851B148A801E118F0C929D03EA
:2046E0000A949B0586181789831D128C0F919E008C121D83009E910F059B940A89171886CA
:204700000F919E00831D128C861817890A949B0589171886059B940A009E910F8C121D83A9
:204720008A141B8506989709039D920C8F111E800C929D03801E118F851B148A0997980689
:204740008C121D83009E910F059B940A891718860A949B0586181789831D128C0F919E0069
:2047600009979806851B148A801E118F0C929D038F111E80039D920C069897098A141B8549
:2047800070EEE17FFC626DF3F96768F675EBE47AF66867F97AE4EB757FE1EE70F36D62FC29
:2047A000F56B64FA79E7E8767CE2ED73F06E61FF73EDE27CFF616EF0FA646BF576E8E77909
:2047C000F36D62FC7FE1EE707AE4EB75F66867F975EBE47AF96768F6FC626DF370EEE17FE9
:2047E00076E8E779FA646BF5FF616EF073EDE27CF06E61FF7CE2ED7379E7E876F56B64FAC9
:20480000069897098A141B858F111E80039D920C801E118F0C929D0309979806851B148AA8
:20482000831D128C0F919E000A949B0586181789059B940A891718868C121D83009E910F88
:20484000851B148A099798060C929D03801E118F039D920C8F111E808A141B850698970968
:20486000009E910F8C121D8389171886059B940A861817890A949B050F919E00831D128C48
:2048800079E7E876F56B64FAF06E61FF7CE2ED73FF616EF073EDE27C76E8E779FA646BF528
:2048A000FC626DF370EEE17F75EBE47AF96768F67AE4EB75F66867F9F36D62FC7FE1EE7008
:2048C000FA646BF576E8E77973EDE27CFF616EF07CE2ED73F06E61FFF56B64FA79E7E876E8
:2048E0007FE1EE70F36D62FCF66867F97AE4EB75F96768F675EBE47A70EEE17FFC626DF3C8
:204900007AE4EB75F66867F9F36D62FC7FE1EE70FC626DF370EEE17F75EBE47AF96768F6A7
:20492000FF616EF073EDE27C76E8E779FA646BF579E7E876F56B64FAF06E61FF7CE2ED7387
:20494000F96768F675EBE47A70EEE17FFC626DF37FE1EE70F36D62FCF66867F97AE4EB7567
:204960007CE2ED73F06E61FFF56B64FA79E7E876FA646BF576E8E77973EDE27CFF616EF047
:20498000059B940A891718868C121D83009E910F831D128C0F919E000A949B058618178927
:2049A000801E118F0C929D0309979806851B148A069897098A141B858F111E80039D920C07
:2049C000861817890A949B050F919E00831D128C009E910F8C121D8389171886059B940AE7
:2049E000039D920C8F111E808A141B8506989709851B148A099798060C929D03801E118FC7
:204A00007CE2ED73F06E61FFF56B64FA79E7E876FA646BF576E8E77973EDE27CFF616EF0A6
:204A2000F96768F675EBE47A70EEE17FFC626DF37FE1EE70F36D62FCF66867F97AE4EB7586
:204A4000FF616EF073EDE27C76E8E779FA646BF579E7E876F56B64FAF06E61FF7CE2ED7366
:204A60007AE4EB75F66867F9F36D62FC7FE1EE70FC626DF370EEE17F75EBE47AF96768F646
:204A8000039D920C8F111E808A141B8506989709851B148A099798060C929D03801E118F26
:204AA000861817890A949B050F919E00831D128C009E910F8C121D8389171886059B940A06
:204AC000801E118F0C929D0309979806851B148A069897098A141B858F111E80039D920CE6
:204AE000059B940A891718868C121D83009E910F831D128C0F919E000A949B0586181789C6
:204B0000009E910F8C121D8389171886059B940A861817890A949B050F919E00831D128CA5
:204B2000851B148A099798060C929D03801E118F039D920C8F111E808A141B850698970985
:204B4000831D128C0F919E000A949B0586181789059B940A891718868C121D83009E910F65
:204B6000069897098A141B858F111E80039D920C801E118F0C929D0309979806851B148A45
:204B80007FE1EE70F36D62FCF66867F97AE4EB75F96768F675EBE47A70EEE17FFC626DF325
:204BA000FA646BF576E8E77973EDE27CFF616EF07CE2ED73F06E61FFF56B64FA79E7E87605
:204BC000FC626DF370EEE17F75EBE47AF96768F67AE4EB75F66867F9F36D62FC7FE1EE70E5
:204BE00079E7E876F56B64FAF06E61FF7CE2ED73FF616EF073EDE27C76E8E779FA646BF5C5
:204C00007FE1EE70F36D62FCF66867F97AE4EB75F96768F675EBE47A70EEE17FFC626DF3A4
:204C2000FA646BF576E8E77973EDE27CFF616EF07CE2ED73F06E61FFF56B64FA79E7E87684
:204C4000FC626DF370EEE17F75EBE47AF96768F67AE4EB75F66867F9F36D62FC7FE1EE7064
:204C600079E7E876F56B64FAF06E61FF7CE2ED73FF616EF073EDE27C76E8E779FA646BF544
:204C8000009E910F8C121D8389171886059B940A861817890A949B050F919E00831D128C24
:204CA000851B148A099798060C929D03801E118F039D920C8F111E808A141B850698970904
:204CC000831D128C0F919E000A949B0586181789059B940A891718868C121D83009E910FE4
:204CE000069897098A141B858F111E80039D920C801E118F0C929D0309979806851B148AC4
:204D0000039D920C8F111E808A141B8506989709851B148A099798060C929D03801E118FA3
:204D2000861817890A949B050F919E00831D128C009E910F8C121D8389171886059B940A83
:204D4000801E118F0C929D0309979806851B148A069897098A141B858F111E80039D920C63
:204D6000059B940A891718868C121D83009E910F831D128C0F919E000A949B058618178943
:204D80007CE2ED73F06E61FFF56B64FA79E7E876FA646BF576E8E77973EDE27CFF616EF023
:204DA000F96768F675EBE47A70EEE17FFC626DF37FE1EE70F36D62FCF66867F97AE4EB7503
:204DC000FF616EF073EDE27C76E8E779FA646BF579E7E876F56B64FAF06E61FF7CE2ED73E3
:204DE0007AE4EB75F66867F9F36D62FC7FE1EE70FC626DF370EEE17F75EBE47AF96768F6C3
:204E0000059B940A891718868C121D83009E910F831D128C0F919E000A949B0586181789A2
:204E2000801E118F0C929D0309979806851B148A069897098A141B858F111E80039D920C82
:204E4000861817890A949B050F919E00831D128C009E910F8C121D8389171886059B940A62
:204E6000039D920C8F111E808A141B8506989709851B148A099798060C929D03801E118F42
:204E80007AE4EB75F66867F9F36D62FC7FE1EE70FC626DF370EEE17F75EBE47AF96768F622
:204EA000FF616EF073EDE27C76E8E779FA646BF579E7E876F56B64FAF06E61FF7CE2ED7302
:204EC000F96768F675EBE47A70EEE17FFC626DF37FE1EE70F36D62FCF66867F97AE4EB75E2
:204EE0007CE2ED73F06E61FFF56B64FA79E7E876FA646BF576E8E77973EDE27CFF616EF0C2
:204F000079E7E876F56B64FAF06E61FF7CE2ED73FF616EF073EDE27C76E8E779FA646BF5A1
:204F2000FC626DF370EEE17F75EBE47AF96768F67AE4EB75F66867F9F36D62FC7FE1EE7081
:204F4000FA646BF576E8E77973EDE27CFF616EF07CE2ED73F06E61FFF56B64FA79E7E87661
:204F60007FE1EE70F36D62FCF66867F97AE4EB75F96768F675EBE47A70EEE17FFC626DF341
:204F8000069897098A141B858F111E80039D920C801E118F0C929D0309979806851B148A21
:204FA000831D128C0F919E000A949B0586181789059B940A891718868C121D83009E910F01
:204FC000851B148A099798060C929D03801E118F039D920C8F111E808A141B8506989709E1
:204FE000009E910F8C121D8389171886059B940A861817890A949B050F919E00831D128CC1
:20500000039D920C8F111E808A141B8506989709851B148A099798060C929D03801E118FA0
:20502000861817890A949B050F919E00831D128C009E910F8C121D8389171886059B940A80
:20504000801E118F0C929D0309979806851B148A069897098A141B858F111E80039D920C60
:20506000059B940A891718868C121D83009E910F831D128C0F919E000A949B058618178940
:205080007CE2ED73F06E61FFF56B64FA79E7E876FA646BF576E8E77973EDE27CFF616EF020
:2050A000F96768F675EBE47A70EEE17FFC626DF37FE1EE70F36D62FCF66867F97AE4EB7500
:2050C000FF616EF073EDE27C76E8E779FA646BF579E7E876F56B64FAF06E61FF7CE2ED73E0
:2050E0007AE4EB75F66867F9F36D62FC7FE1EE70FC626DF370EEE17F75EBE47AF96768F6C0
:205100007FE1EE70F36D62FCF66867F97AE4EB75F96768F675EBE47A70EEE17FFC626DF39F
:20512000FA646BF576E8E77973EDE27CFF616EF07CE2ED73F06E61FFF56B64FA79E7E8767F
:20514000FC626DF370EEE17F75EBE47AF96768F67AE4EB75F66867F9F36D62FC7FE1EE705F
:2051600079E7E876F56B64FAF06E61FF7CE2ED73FF616EF073EDE27C76E8E779FA646BF53F
:20518000009E910F8C121D8389171886059B940A861817890A949B050F919E00831D128C1F
:2051A000851B148A099798060C929D03801E118F039D920C8F111E808A141B8506989709FF
:2051C000831D128C0F919E000A949B0586181789059B940A891718868C121D83009E910FDF
:2051E000069897098A141B858F111E80039D920C801E118F0C929D0309979806851B148ABF
:2052000079E7E876F56B64FAF06E61FF7CE2ED73FF616EF073EDE27C76E8E779FA646BF59E
:20522000FC626DF370EEE17F75EBE47AF96768F67AE4EB75F66867F9F36D62FC7FE1EE707E
:20524000FA646BF576E8E77973EDE27CFF616EF07CE2ED73F06E61FFF56B64FA79E7E8765E
:205260007FE1EE70F36D62FCF66867F97AE4EB75F96768F675EBE47A70EEE17FFC626DF33E
:20528000069897098A141B858F111E80039D920C801E118F0C929D0309979806851B148A1E
:2052A000831D128C0F919E000A949B0586181789059B940A891718868C121D83009E910FFE
:2052C000851B148A099798060C929D03801E118F039D920C8F111E808A141B8506989709DE
:2052E000009E910F8C121D8389171886059B940A861817890A949B050F919E00831D128CBE
:20530000059B940A891718868C121D83009E910F831D128C0F919E000A949B05861817899D
:20532000801E118F0C929D0309979806851B148A069897098A141B858F111E80039D920C7D
:20534000861817890A949B050F919E00831D128C009E910F8C121D8389171886059B940A5D
:20536000039D920C8F111E808A141B8506989709851B148A099798060C929D03801E118F3D
:205380007AE4EB75F66867F9F36D62FC7FE1EE70FC626DF370EEE17F75EBE47AF96768F61D
:2053A000FF616EF073EDE27C76E8E779FA646BF579E7E876F56B64FAF06E61FF7CE2ED73FD
:2053C000F96768F675EBE47A70EEE17FFC626DF37FE1EE70F36D62FCF66867F97AE4EB75DD
:2053E0007CE2ED73F06E61FFF56B64FA79E7E876FA646BF576E8E77973EDE27CFF616EF0BD
:205400007AE4EB75F66867F9F36D62FC7FE1EE70FC626DF370EEE17F75EBE47AF96768F69C
:20542000FF616EF073EDE27C76E8E779FA646BF579E7E876F56B64FAF06E61FF7CE2ED737C
:20544000F96768F675EBE47A70EEE17FFC626DF37FE1EE70F36D62FCF66867F97AE4EB755C
:205460007CE2ED73F06E61FFF56B64FA79E7E876FA646BF576E8E77973EDE27CFF616EF03C
:20548000059B940A891718868C121D83009E910F831D128C0F919E000A949B05861817891C
:2054A000801E118F0C929D0309979806851B148A069897098A141B858F111E80039D920CFC
:2054C000861817890A949B050F919E00831D128C009E910F8C121D8389171886059B940ADC
:2054E000039D920C8F111E808A141B8506989709851B148A099798060C929D03801E118FBC
:20550000069897098A141B858F111E80039D920C801E118F0C929D0309979806851B148A9B
:20552000831D128C0F919E000A949B0586181789059B940A891718868C121D83009E910F7B
:20554000851B148A099798060C929D03801E118F039D920C8F111E808A141B85069897095B
:20556000009E910F8C121D8389171886059B940A861817890A949B050F919E00831D128C3B
:2055800079E7E876F56B64FAF06E61FF7CE2ED73FF616EF073EDE27C76E8E779FA646BF51B
:2055A000FC626DF370EEE17F75EBE47AF96768F67AE4EB75F66867F9F36D62FC7FE1EE70FB
:2055C000FA646BF576E8E77973EDE27CFF616EF07CE2ED73F06E61FFF56B64FA79E7E876DB
:2055E0007FE1EE70F36D62FCF66867F97AE4EB75F96768F675EBE47A70EEE17FFC626DF3BB
:20560000009E910F8C121D8389171886059B940A861817890A949B050F919E00831D128C9A
:20562000851B148A099798060C929D03801E118F039D920C8F111E808A141B85069897097A
:20564000831D128C0F919E000A949B0586181789059B940A891718868C121D83009E910F5A
:20566000069897098A141B858F111E80039D920C801E118F0C929D0309979806851B148A3A
:205680007FE1EE70F36D62FCF66867F97AE4EB75F96768F675EBE47A70EEE17FFC626DF31A
:2056A000FA646BF576E8E77973EDE27CFF616EF07CE2ED73F06E61FFF56B64FA79E7E876FA
:2056C000FC626DF370EEE17F75EBE47AF96768F67AE4EB75F66867F9F36D62FC7FE1EE70DA
:2056E00079E7E876F56B64FAF06E61FF7CE2ED73FF616EF073EDE27C76E8E779FA646BF5BA
:205700007CE2ED73F06E61FFF56B64FA79E7E876FA646BF576E8E77973EDE27CFF616EF099
:20572000F96768F675EBE47A70EEE17FFC626DF37FE1EE70F36D62FCF66867F97AE4EB7579
:20574000FF616EF073EDE27C76E8E779FA646BF579E7E876F56B64FAF06E61FF7CE2ED7359
:205760007AE4EB75F66867F9F36D62FC7FE1EE70FC626DF370EEE17F75EBE47AF96768F639
:20578000039D920C8F111E808A141B8506989709851B148A099798060C929D03801E118F19
:2057A000861817890A949B050F919E00831D128C009E910F8C121D8389171886059B940AF9
:2057C000801E118F0C929D0309979806851B148A069897098A141B858F111E80039D920CD9
:2057E000059B940A891718868C121D83009E910F831D128C0F919E000A949B0586181789B9
:2058000075EBE47AF96768F6FC626DF370EEE17FF36D62FC7FE1EE707AE4EB75F66867F998
:20582000F06E61FF7CE2ED7379E7E876F56B64FA76E8E779FA646BF5FF616EF073EDE27C78
:20584000F66867F97AE4EB757FE1EE70F36D62FC70EEE17FFC626DF3F96768F675EBE47A58
:2058600073EDE27CFF616EF0FA646BF576E8E779F56B64FA79E7E8767CE2ED73F06E61FF38
:205880000A949B0586181789831D128C0F919E008C121D83009E910F059B940A8917188618
:2058A0008F111E80039D920C069897098A141B8509979806851B148A801E118F0C929D03F8
:2058C00089171886059B940A009E910F8C121D830F919E00831D128C861817890A949B05D8
:2058E0000C929D03801E118F851B148A099798068A141B8506989709039D920C8F111E80B8
:2059000009979806851B148A801E118F0C929D038F111E80039D920C069897098A141B8597
:205920008C121D83009E910F059B940A891718860A949B0586181789831D128C0F919E0077
:205940008A141B8506989709039D920C8F111E800C929D03801E118F851B148A0997980657
:205960000F919E00831D128C861817890A949B0589171886059B940A009E910F8C121D8337
:2059800076E8E779FA646BF5FF616EF073EDE27CF06E61FF7CE2ED7379E7E876F56B64FA17
:2059A000F36D62FC7FE1EE707AE4EB75F66867F975EBE47AF96768F6FC626DF370EEE17FF7
:2059C000F56B64FA79E7E8767CE2ED73F06E61FF73EDE27CFF616EF0FA646BF576E8E779D7
:2059E00070EEE17FFC626DF3F96768F675EBE47AF66867F97AE4EB757FE1EE70F36D62FCB7
:205A00000F919E00831D128C861817890A949B0589171886059B940A009E910F8C121D8396
:205A20008A141B8506989709039D920C8F111E800C929D03801E118F851B148A0997980676
:205A40008C121D83009E910F059B940A891718860A949B0586181789831D128C0F919E0056
:205A600009979806851B148A801E118F0C929D038F111E80039D920C069897098A141B8536
:205A800070EEE17FFC626DF3F96768F675EBE47AF66867F97AE4EB757FE1EE70F36D62FC16
:205AA000F56B64FA79E7E8767CE2ED73F06E61FF73EDE27CFF616EF0FA646BF576E8E779F6
:205AC000F36D62FC7FE1EE707AE4EB75F66867F975EBE47AF96768F6FC626DF370EEE17FD6
:205AE00076E8E779FA646BF5FF616EF073EDE27CF06E61FF7CE2ED7379E7E876F56B64FAB6
:205B000073EDE27CFF616EF0FA646BF576E8E779F56B64FA79E7E8767CE2ED73F06E61FF95
:205B2000F66867F97AE4EB757FE1EE70F36D62FC70EEE17FFC626DF3F96768F675EBE47A75
:205B4000F06E61FF7CE2ED7379E7E876F56B64FA76E8E779FA646BF5FF616EF073EDE27C55
:205B600075EBE47AF96768F6FC626DF370EEE17FF36D62FC7FE1EE707AE4EB75F66867F935
:205B80000C929D03801E118F851B148A099798068A141B8506989709039D920C8F111E8015
:205BA00089171886059B940A009E910F8C121D830F919E00831D128C861817890A949B05F5
:205BC0008F111E80039D920C069897098A141B8509979806851B148A801E118F0C929D03D5
:205BE0000A949B0586181789831D128C0F919E008C121D83009E910F059B940A89171886B5
:205C00000C929D03801E118F851B148A099798068A141B8506989709039D920C8F111E8094
:205C200089171886059B940A009E910F8C121D830F919E00831D128C861817890A949B0574
:205C40008F111E80039D920C069897098A141B8509979806851B148A801E118F0C929D0354
:205C60000A949B0586181789831D128C0F919E008C121D83009E910F059B940A8917188634
:205C800073EDE27CFF616EF0FA646BF576E8E779F56B64FA79E7E8767CE2ED73F06E61FF14
:205CA000F66867F97AE4EB757FE1EE70F36D62FC70EEE17FFC626DF3F96768F675EBE47AF4
:205CC000F06E61FF7CE2ED7379E7E876F56B64FA76E8E779FA646BF5FF616EF073EDE27CD4
:205CE00075EBE47AF96768F6FC626DF370EEE17FF36D62FC7FE1EE707AE4EB75F66867F9B4
:205D000070EEE17FFC626DF3F96768F675EBE47AF66867F97AE4EB757FE1EE70F36D62FC93
:205D2000F56B64FA79E7E8767CE2ED73F06E61FF73EDE27CFF616EF0FA646BF576E8E77973
:205D4000F36D62FC7FE1EE707AE4EB75F66867F975EBE47AF96768F6FC626DF370EEE17F53
:205D600076E8E779FA646BF5FF616EF073EDE27CF06E61FF7CE2ED7379E7E876F56B64FA33
:205D80000F919E00831D128C861817890A949B0589171886059B940A009E910F8C121D8313
:205DA0008A141B8506989709039D920C8F111E800C929D03801E118F851B148A09979806F3
:205DC0008C121D83009E910F059B940A891718860A949B0586181789831D128C0F919E00D3
:205DE00009979806851B148A801E118F0C929D038F111E80039D920C069897098A141B85B3
:205E000076E8E779FA646BF5FF616EF073EDE27CF06E61FF7CE2ED7379E7E876F56B64FA92
:205E2000F36D62FC7FE1EE707AE4EB75F66867F975EBE47AF96768F6FC626DF370EEE17F72
:205E4000F56B64FA79E7E8767CE2ED73F06E61FF73EDE27CFF616EF0FA646BF576E8E77952
:205E600070EEE17FFC626DF3F96768F675EBE47AF66867F97AE4EB757FE1EE70F36D62FC32
:205E800009979806851B148A801E118F0C929D038F111E80039D920C069897098A141B8512
:205EA0008C121D83009E910F059B940A891718860A949B0586181789831D128C0F919E00F2
:205EC0008A141B8506989709039D920C8F111E800C929D03801E118F851B148A09979806D2
:205EE0000F919E00831D128C861817890A949B0589171886059B940A009E910F8C121D83B2
:205F00000A949B0586181789831D128C0F919E008C121D83009E910F059B940A8917188691
:205F20008F111E80039D920C069897098A141B8509979806851B148A801E118F0C929D0371
:205F400089171886059B940A009E910F8C121D830F919E00831D128C861817890A949B0551
:205F60000C929D03801E118F851B148A099798068A141B8506989709039D920C8F111E8031
:205F800075EBE47AF96768F6FC626DF370EEE17FF36D62FC7FE1EE707AE4EB75F66867F911
:205FA000F06E61FF7CE2ED7379E7E876F56B64FA76E8E779FA646BF5FF616EF073EDE27CF1
:205FC000F66867F97AE4EB757FE1EE70F36D62FC70EEE17FFC626DF3F96768F675EBE47AD1
:205FE00073EDE27CFF616EF0FA646BF576E8E779F56B64FA79E7E8767CE2ED73F06E61FFB1
:206000001E808F11920C039D970906981B858A1498060997148A851B118F801E9D030C9290
:206020009B050A9417898618128C831D9E000F911D838C12910F009E940A059B1886891770
:206040009D030C92118F801E148A851B980609971B858A1497090698920C039D1E808F1150
:2060600018868917940A059B910F009E1D838C129E000F91128C831D178986189B050A9430
:2060800061FFF06EED737CE2E87679E764FAF56BE77976E86BF5FA646EF0FF61E27C73ED10
:2060A000E47A75EB68F6F9676DF3FC62E17F70EE62FCF36DEE707FE1EB757AE467F9F668F0
:2060C000E27C73ED6EF0FF616BF5FA64E77976E864FAF56BE87679E7ED737CE261FFF06ED0
:2060E00067F9F668EB757AE4EE707FE162FCF36DE17F70EE6DF3FC6268F6F967E47A75EBB0
:2061000062FCF36DEE707FE1EB757AE467F9F668E47A75EB68F6F9676DF3FC62E17F70EE8F
:20612000E77976E86BF5FA646EF0FF61E27C73ED61FFF06EED737CE2E87679E764FAF56B6F
:20614000E17F70EE6DF3FC6268F6F967E47A75EB67F9F668EB757AE4EE707FE162FCF36D4F
:2061600064FAF56BE87679E7ED737CE261FFF06EE27C73ED6EF0FF616BF5FA64E77976E82F
:206180001D838C12910F009E940A059B188689179B050A9417898618128C831D9E000F910F
:2061A00098060997148A851B118F801E9D030C921E808F11920C039D970906981B858A14EF
:2061C0009E000F91128C831D178986189B050A9418868917940A059B910F009E1D838C12CF
:2061E0001B858A1497090698920C039D1E808F119D030C92118F801E148A851B98060997AF
:2062000064FAF56BE87679E7ED737CE261FFF06EE27C73ED6EF0FF616BF5FA64E77976E88E
:20622000E17F70EE6DF3FC6268F6F967E47A75EB67F9F668EB757AE4EE707FE162FCF36D6E
:20624000E77976E86BF5FA646EF0FF61E27C73ED61FFF06EED737CE2E87679E764FAF56B4E
:2062600062FCF36DEE707FE1EB757AE467F9F668E47A75EB68F6F9676DF3FC62E17F70EE2E
:206280001B858A1497090698920C039D1E808F119D030C92118F801E148A851B980609970E
:2062A0009E000F91128C831D178986189B050A9418868917940A059B910F009E1D838C12EE
:2062C00098060997148A851B118F801E9D030C921E808F11920C039D970906981B858A14CE
:2062E0001D838C12910F009E940A059B188689179B050A9417898618128C831D9E000F91AE
:2063000018868917940A059B910F009E1D838C129E000F91128C831D178986189B050A948D
:206320009D030C92118F801E148A851B980609971B858A1497090698920C039D1E808F116D
:206340009B050A9417898618128C831D9E000F911D838C12910F009E940A059B188689174D
:206360001E808F11920C039D970906981B858A1498060997148A851B118F801E9D030C922D
:2063800067F9F668EB757AE4EE707FE162FCF36DE17F70EE6DF3FC6268F6F967E47A75EB0D
:2063A000E27C73ED6EF0FF616BF5FA64E77976E864FAF56BE87679E7ED737CE261FFF06EED
:2063C000E47A75EB68F6F9676DF3FC62E17F70EE62FCF36DEE707FE1EB757AE467F9F668CD
:2063E00061FFF06EED737CE2E87679E764FAF56BE77976E86BF5FA646EF0FF61E27C73EDAD
:2064000067F9F668EB757AE4EE707FE162FCF36DE17F70EE6DF3FC6268F6F967E47A75EB8C
:20642000E27C73ED6EF0FF616BF5FA64E77976E864FAF56BE87679E7ED737CE261FFF06E6C
:20644000E47A75EB68F6F9676DF3FC62E17F70EE62FCF36DEE707FE1EB757AE467F9F6684C
:2064600061FFF06EED737CE2E87679E764FAF56BE77976E86BF5FA646EF0FF61E27C73ED2C
:2064800018868917940A059B910F009E1D838C129E000F91128C831D178986189B050A940C
:2064A0009D030C92118F801E148A851B980609971B858A1497090698920C039D1E808F11EC
:2064C0009B050A9417898618128C831D9E000F911D838C12910F009E940A059B18868917CC
:2064E0001E808F11920C039D970906981B858A1498060997148A851B118F801E9D030C92AC
:206500001B858A1497090698920C039D1E808F119D030C92118F801E148A851B980609978B
:206520009E000F91128C831D178986189B050A9418868917940A059B910F009E1D838C126B
:2065400098060997148A851B118F801E9D030C921E808F11920C039D970906981B858A144B
:206560001D838C12910F009E940A059B188689179B050A9417898618128C831D9E000F912B
:2065800064FAF56BE87679E7ED737CE261FFF06EE27C73ED6EF0FF616BF5FA64E77976E80B
:2065A000E17F70EE6DF3FC6268F6F967E47A75EB67F9F668EB757AE4EE707FE162FCF36DEB
:2065C000E77976E86BF5FA646EF0FF61E27C73ED61FFF06EED737CE2E87679E764FAF56BCB
:2065E00062FCF36DEE707FE1EB757AE467F9F668E47A75EB68F6F9676DF3FC62E17F70EEAB
:206600001D838C12910F009E940A059B188689179B050A9417898618128C831D9E000F918A
:2066200098060997148A851B118F801E9D030C921E808F11920C039D970906981B858A146A
:206640009E000F91128C831D178986189B050A9418868917940A059B910F009E1D838C124A
:206660001B858A1497090698920C039D1E808F119D030C92118F801E148A851B980609972A
:2066800062FCF36DEE707FE1EB757AE467F9F668E47A75EB68F6F9676DF3FC62E17F70EE0A
:2066A000E77976E86BF5FA646EF0FF61E27C73ED61FFF06EED737CE2E87679E764FAF56BEA
:2066C000E17F70EE6DF3FC6268F6F967E47A75EB67F9F668EB757AE4EE707FE162FCF36DCA
:2066E00064FAF56BE87679E7ED737CE261FFF06EE27C73ED6EF0FF616BF5FA64E77976E8AA
:2067000061FFF06EED737CE2E87679E764FAF56BE77976E86BF5FA646EF0FF61E27C73ED89
:20672000E47A75EB68F6F9676DF3FC62E17F70EE62FCF36DEE707FE1EB757AE467F9F66869
:20674000E27C73ED6EF0FF616BF5FA64E77976E864FAF56BE87679E7ED737CE261FFF06E49
:2067600067F9F668EB757AE4EE707FE162FCF36DE17F70EE6DF3FC6268F6F967E47A75EB29
:206780001E808F11920C039D970906981B858A1498060997148A851B118F801E9D030C9209
:2067A0009B050A9417898618128C831D9E000F911D838C12910F009E940A059B18868917E9
:2067C0009D030C92118F801E148A851B980609971B858A1497090698920C039D1E808F11C9
:2067E00018868917940A059B910F009E1D838C129E000F91128C831D178986189B050A94A9
:2068000068F6F967E47A75EBE17F70EE6DF3FC62EE707FE162FCF36D67F9F668EB757AE488
:20682000ED737CE261FFF06E64FAF56BE87679E76BF5FA64E77976E8E27C73ED6EF0FF6168
:20684000EB757AE467F9F66862FCF36DEE707FE16DF3FC62E17F70EEE47A75EB68F6F96748
:206860006EF0FF61E27C73EDE77976E86BF5FA64E87679E764FAF56B61FFF06EED737CE228
:20688000178986189B050A949E000F91128C831D910F009E1D838C1218868917940A059B08
:2068A000920C039D1E808F111B858A1497090698148A851B980609979D030C92118F801EE8
:2068C000940A059B188689171D838C12910F009E128C831D9E000F919B050A9417898618C8
:2068E000118F801E9D030C9298060997148A851B970906981B858A141E808F11920C039DA8
:20690000148A851B980609979D030C92118F801E920C039D1E808F111B858A149709069887
:20692000910F009E1D838C1218868917940A059B178986189B050A949E000F91128C831D67
:20694000970906981B858A141E808F11920C039D118F801E9D030C9298060997148A851B47
:20696000128C831D9E000F919B050A9417898618940A059B188689171D838C12910F009E27
:206980006BF5FA64E77976E8E27C73ED6EF0FF61ED737CE261FFF06E64FAF56BE87679E707
:2069A000EE707FE162FCF36D67F9F668EB757AE468F6F967E47A75EBE17F70EE6DF3FC62E7
:2069C000E87679E764FAF56B61FFF06EED737CE26EF0FF61E27C73EDE77976E86BF5FA64C7
:2069E0006DF3FC62E17F70EEE47A75EB68F6F967EB757AE467F9F66862FCF36DEE707FE1A7
:206A0000128C831D9E000F919B050A9417898618940A059B188689171D838C12910F009E86
:206A2000970906981B858A141E808F11920C039D118F801E9D030C9298060997148A851B66
:206A4000910F009E1D838C1218868917940A059B178986189B050A949E000F91128C831D46
:206A6000148A851B980609979D030C92118F801E920C039D1E808F111B858A149709069826
:206A80006DF3FC62E17F70EEE47A75EB68F6F967EB757AE467F9F66862FCF36DEE707FE106
:206AA000E87679E764FAF56B61FFF06EED737CE26EF0FF61E27C73EDE77976E86BF5FA64E6
:206AC000EE707FE162FCF36D67F9F668EB757AE468F6F967E47A75EBE17F70EE6DF3FC62C6
:206AE0006BF5FA64E77976E8E27C73ED6EF0FF61ED737CE261FFF06E64FAF56BE87679E7A6
:206B00006EF0FF61E27C73EDE77976E86BF5FA64E87679E764FAF56B61FFF06EED737CE285
:206B2000EB757AE467F9F66862FCF36DEE707FE16DF3FC62E17F70EEE47A75EB68F6F96765
:206B4000ED737CE261FFF06E64FAF56BE87679E76BF5FA64E77976E8E27C73ED6EF0FF6145
:206B600068F6F967E47A75EBE17F70EE6DF3FC62EE707FE162FCF36D67F9F668EB757AE425
:206B8000118F801E9D030C9298060997148A851B970906981B858A141E808F11920C039D05
:206BA000940A059B188689171D838C12910F009E128C831D9E000F919B050A9417898618E5
:206BC000920C039D1E808F111B858A1497090698148A851B980609979D030C92118F801EC5
:206BE000178986189B050A949E000F91128C831D910F009E1D838C1218868917940A059BA5
:206C0000118F801E9D030C9298060997148A851B970906981B858A141E808F11920C039D84
:206C2000940A059B188689171D838C12910F009E128C831D9E000F919B050A941789861864
:206C4000920C039D1E808F111B858A1497090698148A851B980609979D030C92118F801E44
:206C6000178986189B050A949E000F91128C831D910F009E1D838C1218868917940A059B24
:206C80006EF0FF61E27C73EDE77976E86BF5FA64E87679E764FAF56B61FFF06EED737CE204
:206CA000EB757AE467F9F66862FCF36DEE707FE16DF3FC62E17F70EEE47A75EB68F6F967E4
:206CC000ED737CE261FFF06E64FAF56BE87679E76BF5FA64E77976E8E27C73ED6EF0FF61C4
:206CE00068F6F967E47A75EBE17F70EE6DF3FC62EE707FE162FCF36D67F9F668EB757AE4A4
:206D00006DF3FC62E17F70EEE47A75EB68F6F967EB757AE467F9F66862FCF36DEE707FE183
:206D2000E87679E764FAF56B61FFF06EED737CE26EF0FF61E27C73EDE77976E86BF5FA6463
:206D4000EE707FE162FCF36D67F9F668EB757AE468F6F967E47A75EBE17F70EE6DF3FC6243
:206D60006BF5FA64E77976E8E27C73ED6EF0FF61ED737CE261FFF06E64FAF56BE87679E723
:206D8000128C831D9E000F919B050A9417898618940A059B188689171D838C12910F009E03
:206DA000970906981B858A141E808F11920C039D118F801E9D030C9298060997148A851BE3
:206DC000910F009E1D838C1218868917940A059B178986189B050A949E000F91128C831DC3
:206DE000148A851B980609979D030C92118F801E920C039D1E808F111B858A1497090698A3
:206E00006BF5FA64E77976E8E27C73ED6EF0FF61ED737CE261FFF06E64FAF56BE87679E782
:206E2000EE707FE162FCF36D67F9F668EB757AE468F6F967E47A75EBE17F70EE6DF3FC6262
:206E4000E87679E764FAF56B61FFF06EED737CE26EF0FF61E27C73EDE77976E86BF5FA6442
:206E60006DF3FC62E17F70EEE47A75EB68F6F967EB757AE467F9F66862FCF36DEE707FE122
:206E8000148A851B980609979D030C92118F801E920C039D1E808F111B858A149709069802
:206EA000910F009E1D838C1218868917940A059B178986189B050A949E000F91128C831DE2
:206EC000970906981B858A141E808F11920C039D118F801E9D030C9298060997148A851BC2
:206EE000128C831D9E000F919B050A9417898618940A059B188689171D838C12910F009EA2
:206F0000178986189B050A949E000F91128C831D910F009E1D838C1218868917940A059B81
:206F2000920C039D1E808F111B858A1497090698148A851B980609979D030C92118F801E61
:206F4000940A059B188689171D838C12910F009E128C831D9E000F919B050A941789861841
:206F6000118F801E9D030C9298060997148A851B970906981B858A141E808F11920C039D21
:206F800068F6F967E47A75EBE17F70EE6DF3FC62EE707FE162FCF36D67F9F668EB757AE401
:206FA000ED737CE261FFF06E64FAF56BE87679E76BF5FA64E77976E8E27C73ED6EF0FF61E1
:206FC000EB757AE467F9F66862FCF36DEE707FE16DF3FC62E17F70EEE47A75EB68F6F967C1
:206FE0006EF0FF61E27C73EDE77976E86BF5FA64E87679E764FAF56B61FFF06EED737CE2A1
:207000006DF3FC62E17F70EEE47A75EB68F6F967EB757AE467F9F66862FCF36DEE707FE180
:20702000E87679E764FAF56B61FFF06EED737CE26EF0FF61E27C73EDE77976E86BF5FA6460
:20704000EE707FE162FCF36D67F9F668EB757AE468F6F967E47A75EBE17F70EE6DF3FC6240
:207060006BF5FA64E77976E8E27C73ED6EF0FF61ED737CE261FFF06E64FAF56BE87679E720
:20708000128C831D9E000F919B050A9417898618940A059B188689171D838C12910F009E00
:2070A000970906981B858A141E808F11920C039D118F801E9D030C9298060997148A851BE0
:2070C000910F009E1D838C1218868917940A059B178986189B050A949E000F91128C831DC0
:2070E000148A851B980609979D030C92118F801E920C039D1E808F111B858A1497090698A0
:20710000118F801E9D030C9298060997148A851B970906981B858A141E808F11920C039D7F
:20712000940A059B188689171D838C12910F009E128C831D9E000F919B050A94178986185F
:20714000920C039D1E808F111B858A1497090698148A851B980609979D030C92118F801E3F
:20716000178986189B050A949E000F91128C831D910F009E1D838C1218868917940A059B1F
:207180006EF0FF61E27C73EDE77976E86BF5FA64E87679E764FAF56B61FFF06EED737CE2FF
:2071A000EB757AE467F9F66862FCF36DEE707FE16DF3FC62E17F70EEE47A75EB68F6F967DF
:2071C000ED737CE261FFF06E64FAF56BE87679E76BF5FA64E77976E8E27C73ED6EF0FF61BF
:2071E00068F6F967E47A75EBE17F70EE6DF3FC62EE707FE162FCF36D67F9F668EB757AE49F
:20720000178986189B050A949E000F91128C831D910F009E1D838C1218868917940A059B7E
:20722000920C039D1E808F111B858A1497090698148A851B980609979D030C92118F801E5E
:20724000940A059B188689171D838C12910F009E128C831D9E000F919B050A94178986183E
:20726000118F801E9D030C9298060997148A851B970906981B858A141E808F11920C039D1E
:2072800068F6F967E47A75EBE17F70EE6DF3FC62EE707FE162FCF36D67F9F668EB757AE4FE
:2072A000ED737CE261FFF06E64FAF56BE87679E76BF5FA64E77976E8E27C73ED6EF0FF61DE
:2072C000EB757AE467F9F66862FCF36DEE707FE16DF3FC62E17F70EEE47A75EB68F6F967BE
:2072E0006EF0FF61E27C73EDE77976E86BF5FA64E87679E764FAF56B61FFF06EED737CE29E
:207300006BF5FA64E77976E8E27C73ED6EF0FF61ED737CE261FFF06E64FAF56BE87679E77D
:20732000EE707FE162FCF36D67F9F668EB757AE468F6F967E47A75EBE17F70EE6DF3FC625D
:20734000E87679E764FAF56B61FFF06EED737CE26EF0FF61E27C73EDE77976E86BF5FA643D
:207360006DF3FC62E17F70EEE47A75EB68F6F967EB757AE467F9F66862FCF36DEE707FE11D
:20738000148A851B980609979D030C92118F801E920C039D1E808F111B858A1497090698FD
:2073A000910F009E1D838C1218868917940A059B178986189B050A949E000F91128C831DDD
:2073C000970906981B858A141E808F11920C039D118F801E9D030C9298060997148A851BBD
:2073E000128C831D9E000F919B050A9417898618940A059B188689171D838C12910F009E9D
:20740000148A851B980609979D030C92118F801E920C039D1E808F111B858A14970906987C
:20742000910F009E1D838C1218868917940A059B178986189B050A949E000F91128C831D5C
:20744000970906981B858A141E808F11920C039D118F801E9D030C9298060997148A851B3C
:20746000128C831D9E000F919B050A9417898618940A059B188689171D838C12910F009E1C
:207480006BF5FA64E77976E8E27C73ED6EF0FF61ED737CE261FFF06E64FAF56BE87679E7FC
:2074A000EE707FE162FCF36D67F9F668EB757AE468F6F967E47A75EBE17F70EE6DF3FC62DC
:2074C000E87679E764FAF56B61FFF06EED737CE26EF0FF61E27C73EDE77976E86BF5FA64BC
:2074E0006DF3FC62E17F70EEE47A75EB68F6F967EB757AE467F9F66862FCF36DEE707FE19C
:2075000068F6F967E47A75EBE17F70EE6DF3FC62EE707FE162FCF36D67F9F668EB757AE47B
:20752000ED737CE261FFF06E64FAF56BE87679E76BF5FA64E77976E8E27C73ED6EF0FF615B
:20754000EB757AE467F9F66862FCF36DEE707FE16DF3FC62E17F70EEE47A75EB68F6F9673B
:207560006EF0FF61E27C73EDE77976E86BF5FA64E87679E764FAF56B61FFF06EED737CE21B
:20758000178986189B050A949E000F91128C831D910F009E1D838C1218868917940A059BFB
:2075A000920C039D1E808F111B858A1497090698148A851B980609979D030C92118F801EDB
:2075C000940A059B188689171D838C12910F009E128C831D9E000F919B050A9417898618BB
:2075E000118F801E9D030C9298060997148A851B970906981B858A141E808F11920C039D9B
:207600006EF0FF61E27C73EDE77976E86BF5FA64E87679E764FAF56B61FFF06EED737CE27A
:20762000EB757AE467F9F66862FCF36DEE707FE16DF3FC62E17F70EEE47A75EB68F6F9675A
:20764000ED737CE261FFF06E64FAF56BE87679E76BF5FA64E77976E8E27C73ED6EF0FF613A
:2076600068F6F967E47A75EBE17F70EE6DF3FC62EE707FE162FCF36D67F9F668EB757AE41A
:20768000118F801E9D030C9298060997148A851B970906981B858A141E808F11920C039DFA
:2076A000940A059B188689171D838C12910F009E128C831D9E000F919B050A9417898618DA
:2076C000920C039D1E808F111B858A1497090698148A851B980609979D030C92118F801EBA
:2076E000178986189B050A949E000F91128C831D910F009E1D838C1218868917940A059B9A
:20770000128C831D9E000F919B050A9417898618940A059B188689171D838C12910F009E79
:20772000970906981B858A141E808F11920C039D118F801E9D030C9298060997148A851B59
:20774000910F009E1D838C1218868917940A059B178986189B050A949E000F91128C831D39
:20776000148A851B980609979D030C92118F801E920C039D1E808F111B858A149709069819
:207780006DF3FC62E17F70EEE47A75EB68F6F967EB757AE467F9F66862FCF36DEE707FE1F9
:2077A000E87679E764FAF56B61FFF06EED737CE26EF0FF61E27C73EDE77976E86BF5FA64D9
:2077C000EE707FE162FCF36D67F9F668EB757AE468F6F967E47A75EBE17F70EE6DF3FC62B9
:2077E0006BF5FA64E77976E8E27C73ED6EF0FF61ED737CE261FFF06E64FAF56BE87679E799
:207800001B858A1497090698920C039D1E808F119D030C92118F801E148A851B9806099778
:207820009E000F91128C831D178986189B050A9418868917940A059B910F009E1D838C1258
:2078400098060997148A851B118F801E9D030C921E808F11920C039D970906981B858A1438
:207860001D838C12910F009E940A059B188689179B050A9417898618128C831D9E000F9118
:2078800064FAF56BE87679E7ED737CE261FFF06EE27C73ED6EF0FF616BF5FA64E77976E8F8
:2078A000E17F70EE6DF3FC6268F6F967E47A75EB67F9F668EB757AE4EE707FE162FCF36DD8
:2078C000E77976E86BF5FA646EF0FF61E27C73ED61FFF06EED737CE2E87679E764FAF56BB8
:2078E00062FCF36DEE707FE1EB757AE467F9F668E47A75EB68F6F9676DF3FC62E17F70EE98
:2079000067F9F668EB757AE4EE707FE162FCF36DE17F70EE6DF3FC6268F6F967E47A75EB77
:20792000E27C73ED6EF0FF616BF5FA64E77976E864FAF56BE87679E7ED737CE261FFF06E57
:20794000E47A75EB68F6F9676DF3FC62E17F70EE62FCF36DEE707FE1EB757AE467F9F66837
:2079600061FFF06EED737CE2E87679E764FAF56BE77976E86BF5FA646EF0FF61E27C73ED17
:2079800018868917940A059B910F009E1D838C129E000F91128C831D178986189B050A94F7
:2079A0009D030C92118F801E148A851B980609971B858A1497090698920C039D1E808F11D7
:2079C0009B050A9417898618128C831D9E000F911D838C12910F009E940A059B18868917B7
:2079E0001E808F11920C039D970906981B858A1498060997148A851B118F801E9D030C9297
:207A000061FFF06EED737CE2E87679E764FAF56BE77976E86BF5FA646EF0FF61E27C73ED76
:207A2000E47A75EB68F6F9676DF3FC62E17F70EE62FCF36DEE707FE1EB757AE467F9F66856
:207A4000E27C73ED6EF0FF616BF5FA64E77976E864FAF56BE87679E7ED737CE261FFF06E36
:207A600067F9F668EB757AE4EE707FE162FCF36DE17F70EE6DF3FC6268F6F967E47A75EB16
:207A80001E808F11920C039D970906981B858A1498060997148A851B118F801E9D030C92F6
:207AA0009B050A9417898618128C831D9E000F911D838C12910F009E940A059B18868917D6
:207AC0009D030C92118F801E148A851B980609971B858A1497090698920C039D1E808F11B6
:207AE00018868917940A059B910F009E1D838C129E000F91128C831D178986189B050A9496
:207B00001D838C12910F009E940A059B188689179B050A9417898618128C831D9E000F9175
:207B200098060997148A851B118F801E9D030C921E808F11920C039D970906981B858A1455
:207B40009E000F91128C831D178986189B050A9418868917940A059B910F009E1D838C1235
:207B60001B858A1497090698920C039D1E808F119D030C92118F801E148A851B9806099715
:207B800062FCF36DEE707FE1EB757AE467F9F668E47A75EB68F6F9676DF3FC62E17F70EEF5
:207BA000E77976E86BF5FA646EF0FF61E27C73ED61FFF06EED737CE2E87679E764FAF56BD5
:207BC000E17F70EE6DF3FC6268F6F967E47A75EB67F9F668EB757AE4EE707FE162FCF36DB5
:207BE00064FAF56BE87679E7ED737CE261FFF06EE27C73ED6EF0FF616BF5FA64E77976E895
:207C000062FCF36DEE707FE1EB757AE467F9F668E47A75EB68F6F9676DF3FC62E17F70EE74
:207C2000E77976E86BF5FA646EF0FF61E27C73ED61FFF06EED737CE2E87679E764FAF56B54
:207C4000E17F70EE6DF3FC6268F6F967E47A75EB67F9F668EB757AE4EE707FE162FCF36D34
:207C600064FAF56BE87679E7ED737CE261FFF06EE27C73ED6EF0FF616BF5FA64E77976E814
:207C80001D838C12910F009E940A059B188689179B050A9417898618128C831D9E000F91F4
:207CA00098060997148A851B118F801E9D030C921E808F11920C039D970906981B858A14D4
:207CC0009E000F91128C831D178986189B050A9418868917940A059B910F009E1D838C12B4
:207CE0001B858A1497090698920C039D1E808F119D030C92118F801E148A851B9806099794
:207D00001E808F11920C039D970906981B858A1498060997148A851B118F801E9D030C9273
:207D20009B050A9417898618128C831D9E000F911D838C12910F009E940A059B1886891753
:207D40009D030C92118F801E148A851B980609971B858A1497090698920C039D1E808F1133
:207D600018868917940A059B910F009E1D838C129E000F91128C831D178986189B050A9413
:207D800061FFF06EED737CE2E87679E764FAF56BE77976E86BF5FA646EF0FF61E27C73EDF3
:207DA000E47A75EB68F6F9676DF3FC62E17F70EE62FCF36DEE707FE1EB757AE467F9F668D3
:207DC000E27C73ED6EF0FF616BF5FA64E77976E864FAF56BE87679E7ED737CE261FFF06EB3
:207DE00067F9F668EB757AE4EE707FE162FCF36DE17F70EE6DF3FC6268F6F967E47A75EB93
:207E000018868917940A059B910F009E1D838C129E000F91128C831D178986189B050A9472
:207E20009D030C92118F801E148A851B980609971B858A1497090698920C039D1E808F1152
:207E40009B050A9417898618128C831D9E000F911D838C12910F009E940A059B1886891732
:207E60001E808F11920C039D970906981B858A1498060997148A851B118F801E9D030C9212
:207E800067F9F668EB757AE4EE707FE162FCF36DE17F70EE6DF3FC6268F6F967E47A75EBF2
:207EA000E27C73ED6EF0FF616BF5FA64E77976E864FAF56BE87679E7ED737CE261FFF06ED2
:207EC000E47A75EB68F6F9676DF3FC62E17F70EE62FCF36DEE707FE1EB757AE467F9F668B2
:207EE00061FFF06EED737CE2E87679E764FAF56BE77976E86BF5FA646EF0FF61E27C73ED92
:207F000064FAF56BE87679E7ED737CE261FFF06EE27C73ED6EF0FF616BF5FA64E77976E871
:207F2000E17F70EE6DF3FC6268F6F967E47A75EB67F9F668EB757AE4EE707FE162FCF36D51
:207F4000E77976E86BF5FA646EF0FF61E27C73ED61FFF06EED737CE2E87679E764FAF56B31
:207F600062FCF36DEE707FE1EB757AE467F9F668E47A75EB68F6F9676DF3FC62E17F70EE11
:207F80001B858A1497090698920C039D1E808F119D030C92118F801E148A851B98060997F1
:207FA0009E000F91128C831D178986189B050A9418868917940A059B910F009E1D838C12D1
:207FC00098060997148A851B118F801E9D030C921E808F11920C039D970906981B858A14B1
:207FE0001D838C12910F009E940A059B188689179B050A9417898618128C831D9E000F9191
:208000004FD1DE40C35D52CCC65857C94AD4DB45C95758C645DBD44A40DED14FCC525DC370
:20802000CA545BC546D8D74943DDD24CCF515EC04CD2DD43C05E51CFC55B54CA49D7D84650
:20804000CC525DC340DED14F45DBD44AC95758C64AD4DB45C65857C9C35D52CC4FD1DE4030
:2080600049D7D846C55B54CAC05E51CF4CD2DD43CF515EC043DDD24C46D8D749CA545BC510
:2080800030AEA13FBC222DB3B92728B635ABA43AB62827B93AA4AB353FA1AE30B32D22BCF0
:2080A000B52B24BA39A7A8363CA2AD33B02E21BF33ADA23CBF212EB0BA242BB536A8A739D0
:2080C000B32D22BC3FA1AE303AA4AB35B62827B935ABA43AB92728B6BC222DB330AEA13FB0
:2080E00036A8A739BA242BB5BF212EB033ADA23CB02E21BF3CA2AD3339A7A836B52B24BA90
:2081000033ADA23CBF212EB0BA242BB536A8A739B52B24BA39A7A8363CA2AD33B02E21BF6F
:20812000B62827B93AA4AB353FA1AE30B32D22BC30AEA13FBC222DB3B92728B635ABA43A4F
:20814000B02E21BF3CA2AD3339A7A836B52B24BA36A8A739BA242BB5BF212EB033ADA23C2F
:2081600035ABA43AB92728B6BC222DB330AEA13FB32D22BC3FA1AE303AA4AB35B62827B90F
:208180004CD2DD43C05E51CFC55B54CA49D7D846CA545BC546D8D74943DDD24CCF515EC0EF
:2081A000C95758C645DBD44A40DED14FCC525DC34FD1DE40C35D52CCC65857C94AD4DB45CF
:2081C000CF515EC043DDD24C46D8D749CA545BC549D7D846C55B54CAC05E51CF4CD2DD43AF
:2081E0004AD4DB45C65857C9C35D52CC4FD1DE40CC525DC340DED14F45DBD44AC95758C68F
:2082000035ABA43AB92728B6BC222DB330AEA13FB32D22BC3FA1AE303AA4AB35B62827B96E
:20822000B02E21BF3CA2AD3339A7A836B52B24BA36A8A739BA242BB5BF212EB033ADA23C4E
:20824000B62827B93AA4AB353FA1AE30B32D22BC30AEA13FBC222DB3B92728B635ABA43A2E
:2082600033ADA23CBF212EB0BA242BB536A8A739B52B24BA39A7A8363CA2AD33B02E21BF0E
:208280004AD4DB45C65857C9C35D52CC4FD1DE40CC525DC340DED14F45DBD44AC95758C6EE
:2082A000CF515EC043DDD24C46D8D749CA545BC549D7D846C55B54CAC05E51CF4CD2DD43CE
:2082C000C95758C645DBD44A40DED14FCC525DC34FD1DE40C35D52CCC65857C94AD4DB45AE
:2082E0004CD2DD43C05E51CFC55B54CA49D7D846CA545BC546D8D74943DDD24CCF515EC08E
:2083000049D7D846C55B54CAC05E51CF4CD2DD43CF515EC043DDD24C46D8D749CA545BC56D
:20832000CC525DC340DED14F45DBD44AC95758C64AD4DB45C65857C9C35D52CC4FD1DE404D
:20834000CA545BC546D8D74943DDD24CCF515EC04CD2DD43C05E51CFC55B54CA49D7D8462D
:208360004FD1DE40C35D52CCC65857C94AD4DB45C95758C645DBD44A40DED14FCC525DC30D
:2083800036A8A739BA242BB5BF212EB033ADA23CB02E21BF3CA2AD3339A7A836B52B24BAED
:2083A000B32D22BC3FA1AE303AA4AB35B62827B935ABA43AB92728B6BC222DB330AEA13FCD
:2083C000B52B24BA39A7A8363CA2AD33B02E21BF33ADA23CBF212EB0BA242BB536A8A739AD
:2083E00030AEA13FBC222DB3B92728B635ABA43AB62827B93AA4AB353FA1AE30B32D22BC8D
:2084000036A8A739BA242BB5BF212EB033ADA23CB02E21BF3CA2AD3339A7A836B52B24BA6C
:20842000B32D22BC3FA1AE303AA4AB35B62827B935ABA43AB92728B6BC222DB330AEA13F4C
:20844000B52B24BA39A7A8363CA2AD33B02E21BF33ADA23CBF212EB0BA242BB536A8A7392C
:2084600030AEA13FBC222DB3B92728B635ABA43AB62827B93AA4AB353FA1AE30B32D22BC0C
:2084800049D7D846C55B54CAC05E51CF4CD2DD43CF515EC043DDD24C46D8D749CA545BC5EC
:2084A000CC525DC340DED14F45DBD44AC95758C64AD4DB45C65857C9C35D52CC4FD1DE40CC
:2084C000CA545BC546D8D74943DDD24CCF515EC04CD2DD43C05E51CFC55B54CA49D7D846AC
:2084E0004FD1DE40C35D52CCC65857C94AD4DB45C95758C645DBD44A40DED14FCC525DC38C
:208500004AD4DB45C65857C9C35D52CC4FD1DE40CC525DC340DED14F45DBD44AC95758C66B
:20852000CF515EC043DDD24C46D8D749CA545BC549D7D846C55B54CAC05E51CF4CD2DD434B
:20854000C95758C645DBD44A40DED14FCC525DC34FD1DE40C35D52CCC65857C94AD4DB452B
:208560004CD2DD43C05E51CFC55B54CA49D7D846CA545BC546D8D74943DDD24CCF515EC00B
:2085800035ABA43AB92728B6BC222DB330AEA13FB32D22BC3FA1AE303AA4AB35B62827B9EB
:2085A000B02E21BF3CA2AD3339A7A836B52B24BA36A8A739BA242BB5BF212EB033ADA23CCB
:2085C000B62827B93AA4AB353FA1AE30B32D22BC30AEA13FBC222DB3B92728B635ABA43AAB
:2085E00033ADA23CBF212EB0BA242BB536A8A739B52B24BA39A7A8363CA2AD33B02E21BF8B
:208600004CD2DD43C05E51CFC55B54CA49D7D846CA545BC546D8D74943DDD24CCF515EC06A
:20862000C95758C645DBD44A40DED14FCC525DC34FD1DE40C35D52CCC65857C94AD4DB454A
:20864000CF515EC043DDD24C46D8D749CA545BC549D7D846C55B54CAC05E51CF4CD2DD432A
:208660004AD4DB45C65857C9C35D52CC4FD1DE40CC525DC340DED14F45DBD44AC95758C60A
:2086800033ADA23CBF212EB0BA242BB536A8A739B52B24BA39A7A8363CA2AD33B02E21BFEA
:2086A000B62827B93AA4AB353FA1AE30B32D22BC30AEA13FBC222DB3B92728B635ABA43ACA
:2086C000B02E21BF3CA2AD3339A7A836B52B24BA36A8A739BA242BB5BF212EB033ADA23CAA
:2086E00035ABA43AB92728B6BC222DB330AEA13FB32D22BC3FA1AE303AA4AB35B62827B98A
:2087000030AEA13FBC222DB3B92728B635ABA43AB62827B93AA4AB353FA1AE30B32D22BC69
:20872000B52B24BA39A7A8363CA2AD33B02E21BF33ADA23CBF212EB0BA242BB536A8A73949
:20874000B32D22BC3FA1AE303AA4AB35B62827B935ABA43AB92728B6BC222DB330AEA13F29
:2087600036A8A739BA242BB5BF212EB033ADA23CB02E21BF3CA2AD3339A7A836B52B24BA09
:208780004FD1DE40C35D52CCC65857C94AD4DB45C95758C645DBD44A40DED14FCC525DC3E9
:2087A000CA545BC546D8D74943DDD24CCF515EC04CD2DD43C05E51CFC55B54CA49D7D846C9
:2087C000CC525DC340DED14F45DBD44AC95758C64AD4DB45C65857C9C35D52CC4FD1DE40A9
:2087E00049D7D846C55B54CAC05E51CF4CD2DD43CF515EC043DDD24C46D8D749CA545BC589
:2088000039A7A836B52B24BAB02E21BF3CA2AD33BF212EB033ADA23C36A8A739BA242BB568
:20882000BC222DB330AEA13F35ABA43AB92728B63AA4AB35B62827B9B32D22BC3FA1AE3048
:20884000BA242BB536A8A73933ADA23CBF212EB03CA2AD33B02E21BFB52B24BA39A7A83628
:208860003FA1AE30B32D22BCB62827B93AA4AB35B92728B635ABA43A30AEA13FBC222DB308
:2088800046D8D749CA545BC5CF515EC043DDD24CC05E51CF4CD2DD4349D7D846C55B54CAE8
:2088A000C35D52CC4FD1DE404AD4DB45C65857C945DBD44AC95758C6CC525DC340DED14FC8
:2088C000C55B54CA49D7D8464CD2DD43C05E51CF43DDD24CCF515EC0CA545BC546D8D749A8
:2088E00040DED14FCC525DC3C95758C645DBD44AC65857C94AD4DB454FD1DE40C35D52CC88
:2089000045DBD44AC95758C6CC525DC340DED14FC35D52CC4FD1DE404AD4DB45C65857C967
:20892000C05E51CF4CD2DD4349D7D846C55B54CA46D8D749CA545BC5CF515EC043DDD24C47
:20894000C65857C94AD4DB454FD1DE40C35D52CC40DED14FCC525DC3C95758C645DBD44A27
:2089600043DDD24CCF515EC0CA545BC546D8D749C55B54CA49D7D8464CD2DD43C05E51CF07
:208980003AA4AB35B62827B9B32D22BC3FA1AE30BC222DB330AEA13F35ABA43AB92728B6E7
:2089A000BF212EB033ADA23C36A8A739BA242BB539A7A836B52B24BAB02E21BF3CA2AD33C7
:2089C000B92728B635ABA43A30AEA13FBC222DB33FA1AE30B32D22BCB62827B93AA4AB35A7
:2089E0003CA2AD33B02E21BFB52B24BA39A7A836BA242BB536A8A73933ADA23CBF212EB087
:208A000043DDD24CCF515EC0CA545BC546D8D749C55B54CA49D7D8464CD2DD43C05E51CF66
:208A2000C65857C94AD4DB454FD1DE40C35D52CC40DED14FCC525DC3C95758C645DBD44A46
:208A4000C05E51CF4CD2DD4349D7D846C55B54CA46D8D749CA545BC5CF515EC043DDD24C26
:208A600045DBD44AC95758C6CC525DC340DED14FC35D52CC4FD1DE404AD4DB45C65857C906
:208A80003CA2AD33B02E21BFB52B24BA39A7A836BA242BB536A8A73933ADA23CBF212EB0E6
:208AA000B92728B635ABA43A30AEA13FBC222DB33FA1AE30B32D22BCB62827B93AA4AB35C6
:208AC000BF212EB033ADA23C36A8A739BA242BB539A7A836B52B24BAB02E21BF3CA2AD33A6
:208AE0003AA4AB35B62827B9B32D22BC3FA1AE30BC222DB330AEA13F35ABA43AB92728B686
:208B00003FA1AE30B32D22BCB62827B93AA4AB35B92728B635ABA43A30AEA13FBC222DB365
:208B2000BA242BB536A8A73933ADA23CBF212EB03CA2AD33B02E21BFB52B24BA39A7A83645
:208B4000BC222DB330AEA13F35ABA43AB92728B63AA4AB35B62827B9B32D22BC3FA1AE3025
:208B600039A7A836B52B24BAB02E21BF3CA2AD33BF212EB033ADA23C36A8A739BA242BB505
:208B800040DED14FCC525DC3C95758C645DBD44AC65857C94AD4DB454FD1DE40C35D52CCE5
:208BA000C55B54CA49D7D8464CD2DD43C05E51CF43DDD24CCF515EC0CA545BC546D8D749C5
:208BC000C35D52CC4FD1DE404AD4DB45C65857C945DBD44AC95758C6CC525DC340DED14FA5
:208BE00046D8D749CA545BC5CF515EC043DDD24CC05E51CF4CD2DD4349D7D846C55B54CA85
:208C000040DED14FCC525DC3C95758C645DBD44AC65857C94AD4DB454FD1DE40C35D52CC64
:208C2000C55B54CA49D7D8464CD2DD43C05E51CF43DDD24CCF515EC0CA545BC546D8D74944
:208C4000C35D52CC4FD1DE404AD4DB45C65857C945DBD44AC95758C6CC525DC340DED14F24
:208C600046D8D749CA545BC5CF515EC043DDD24CC05E51CF4CD2DD4349D7D846C55B54CA04
:208C80003FA1AE30B32D22BCB62827B93AA4AB35B92728B635ABA43A30AEA13FBC222DB3E4
:208CA000BA242BB536A8A73933ADA23CBF212EB03CA2AD33B02E21BFB52B24BA39A7A836C4
:208CC000BC222DB330AEA13F35ABA43AB92728B63AA4AB35B62827B9B32D22BC3FA1AE30A4
:208CE00039A7A836B52B24BAB02E21BF3CA2AD33BF212EB033ADA23C36A8A739BA242BB584
:208D00003CA2AD33B02E21BFB52B24BA39A7A836BA242BB536A8A73933ADA23CBF212EB063
:208D2000B92728B635ABA43A30AEA13FBC222DB33FA1AE30B32D22BCB62827B93AA4AB3543
:208D4000BF212EB033ADA23C36A8A739BA242BB539A7A836B52B24BAB02E21BF3CA2AD3323
:208D60003AA4AB35B62827B9B32D22BC3FA1AE30BC222DB330AEA13F35ABA43AB92728B603
:208D800043DDD24CCF515EC0CA545BC546D8D749C55B54CA49D7D8464CD2DD43C05E51CFE3
:208DA000C65857C94AD4DB454FD1DE40C35D52CC40DED14FCC525DC3C95758C645DBD44AC3
:208DC000C05E51CF4CD2DD4349D7D846C55B54CA46D8D749CA545BC5CF515EC043DDD24CA3
:208DE00045DBD44AC95758C6CC525DC340DED14FC35D52CC4FD1DE404AD4DB45C65857C983
:208E00003AA4AB35B62827B9B32D22BC3FA1AE30BC222DB330AEA13F35ABA43AB92728B662
:208E2000BF212EB033ADA23C36A8A739BA242BB539A7A836B52B24BAB02E21BF3CA2AD3342
:208E4000B92728B635ABA43A30AEA13FBC222DB33FA1AE30B32D22BCB62827B93AA4AB3522
:208E60003CA2AD33B02E21BFB52B24BA39A7A836BA242BB536A8A73933ADA23CBF212EB002
:208E800045DBD44AC95758C6CC525DC340DED14FC35D52CC4FD1DE404AD4DB45C65857C9E2
:208EA000C05E51CF4CD2DD4349D7D846C55B54CA46D8D749CA545BC5CF515EC043DDD24CC2
:208EC000C65857C94AD4DB454FD1DE40C35D52CC40DED14FCC525DC3C95758C645DBD44AA2
:208EE00043DDD24CCF515EC0CA545BC546D8D749C55B54CA49D7D8464CD2DD43C05E51CF82
:208F000046D8D749CA545BC5CF515EC043DDD24CC05E51CF4CD2DD4349D7D846C55B54CA61
:208F2000C35D52CC4FD1DE404AD4DB45C65857C945DBD44AC95758C6CC525DC340DED14F41
:208F4000C55B54CA49D7D8464CD2DD43C05E51CF43DDD24CCF515EC0CA545BC546D8D74921
:208F600040DED14FCC525DC3C95758C645DBD44AC65857C94AD4DB454FD1DE40C35D52CC01
:208F800039A7A836B52B24BAB02E21BF3CA2AD33BF212EB033ADA23C36A8A739BA242BB5E1
:208FA000BC222DB330AEA13F35ABA43AB92728B63AA4AB35B62827B9B32D22BC3FA1AE30C1
:208FC000BA242BB536A8A73933ADA23CBF212EB03CA2AD33B02E21BFB52B24BA39A7A836A1
:208FE0003FA1AE30B32D22BCB62827B93AA4AB35B92728B635ABA43A30AEA13FBC222DB381
:209000003CA2AD33B02E21BFB52B24BA39A7A836BA242BB536A8A73933ADA23CBF212EB060
:20902000B92728B635ABA43A30AEA13FBC222DB33FA1AE30B32D22BCB62827B93AA4AB3540
:20904000BF212EB033ADA23C36A8A739BA242BB539A7A836B52B24BAB02E21BF3CA2AD3320
:209060003AA4AB35B62827B9B32D22BC3FA1AE30BC222DB330AEA13F35ABA43AB92728B600
:2090800043DDD24CCF515EC0CA545BC546D8D749C55B54CA49D7D8464CD2DD43C05E51CFE0
:2090A000C65857C94AD4DB454FD1DE40C35D52CC40DED14FCC525DC3C95758C645DBD44AC0
:2090C000C05E51CF4CD2DD4349D7D846C55B54CA46D8D749CA545BC5CF515EC043DDD24CA0
:2090E00045DBD44AC95758C6CC525DC340DED14FC35D52CC4FD1DE404AD4DB45C65857C980
:2091000040DED14FCC525DC3C95758C645DBD44AC65857C94AD4DB454FD1DE40C35D52CC5F
:20912000C55B54CA49D7D8464CD2DD43C05E51CF43DDD24CCF515EC0CA545BC546D8D7493F
:20914000C35D52CC4FD1DE404AD4DB45C65857C945DBD44AC95758C6CC525DC340DED14F1F
:2091600046D8D749CA545BC5CF515EC043DDD24CC05E51CF4CD2DD4349D7D846C55B54CAFF
:209180003FA1AE30B32D22BCB62827B93AA4AB35B92728B635ABA43A30AEA13FBC222DB3DF
:2091A000BA242BB536A8A73933ADA23CBF212EB03CA2AD33B02E21BFB52B24BA39A7A836BF
:2091C000BC222DB330AEA13F35ABA43AB92728B63AA4AB35B62827B9B32D22BC3FA1AE309F
:2091E00039A7A836B52B24BAB02E21BF3CA2AD33BF212EB033ADA23C36A8A739BA242BB57F
:2092000046D8D749CA545BC5CF515EC043DDD24CC05E51CF4CD2DD4349D7D846C55B54CA5E
:20922000C35D52CC4FD1DE404AD4DB45C65857C945DBD44AC95758C6CC525DC340DED14F3E
:20924000C55B54CA49D7D8464CD2DD43C05E51CF43DDD24CCF515EC0CA545BC546D8D7491E
:2092600040DED14FCC525DC3C95758C645DBD44AC65857C94AD4DB454FD1DE40C35D52CCFE
:2092800039A7A836B52B24BAB02E21BF3CA2AD33BF212EB033ADA23C36A8A739BA242BB5DE
:2092A000BC222DB330AEA13F35ABA43AB92728B63AA4AB35B62827B9B32D22BC3FA1AE30BE
:2092C000BA242BB536A8A73933ADA23CBF212EB03CA2AD33B02E21BFB52B24BA39A7A8369E
:2092E0003FA1AE30B32D22BCB62827B93AA4AB35B92728B635ABA43A30AEA13FBC222DB37E
:209300003AA4AB35B62827B9B32D22BC3FA1AE30BC222DB330AEA13F35ABA43AB92728B65D
:20932000BF212EB033ADA23C36A8A739BA242BB539A7A836B52B24BAB02E21BF3CA2AD333D
:20934000B92728B635ABA43A30AEA13FBC222DB33FA1AE30B32D22BCB62827B93AA4AB351D
:209360003CA2AD33B02E21BFB52B24BA39A7A836BA242BB536A8A73933ADA23CBF212EB0FD
:2093800045DBD44AC95758C6CC525DC340DED14FC35D52CC4FD1DE404AD4DB45C65857C9DD
:2093A000C05E51CF4CD2DD4349D7D846C55B54CA46D8D749CA545BC5CF515EC043DDD24CBD
:2093C000C65857C94AD4DB454FD1DE40C35D52CC40DED14FCC525DC3C95758C645DBD44A9D
:2093E00043DDD24CCF515EC0CA545BC546D8D749C55B54CA49D7D8464CD2DD43C05E51CF7D
:2094000045DBD44AC95758C6CC525DC340DED14FC35D52CC4FD1DE404AD4DB45C65857C95C
:20942000C05E51CF4CD2DD4349D7D846C55B54CA46D8D749CA545BC5CF515EC043DDD24C3C
:20944000C65857C94AD4DB454FD1DE40C35D52CC40DED14FCC525DC3C95758C645DBD44A1C
:2094600043DDD24CCF515EC0CA545BC546D8D749C55B54CA49D7D8464CD2DD43C05E51CFFC
:209480003AA4AB35B62827B9B32D22BC3FA1AE30BC222DB330AEA13F35ABA43AB92728B6DC
:2094A000BF212EB033ADA23C36A8A739BA242BB539A7A836B52B24BAB02E21BF3CA2AD33BC
:2094C000B92728B635ABA43A30AEA13FBC222DB33FA1AE30B32D22BCB62827B93AA4AB359C
:2094E0003CA2AD33B02E21BFB52B24BA39A7A836BA242BB536A8A73933ADA23CBF212EB07C
:2095000039A7A836B52B24BAB02E21BF3CA2AD33BF212EB033ADA23C36A8A739BA242BB55B
:20952000BC222DB330AEA13F35ABA43AB92728B63AA4AB35B62827B9B32D22BC3FA1AE303B
:20954000BA242BB536A8A73933ADA23CBF212EB03CA2AD33B02E21BFB52B24BA39A7A8361B
:209560003FA1AE30B32D22BCB62827B93AA4AB35B92728B635ABA43A30AEA13FBC222DB3FB
:2095800046D8D749CA545BC5CF515EC043DDD24CC05E51CF4CD2DD4349D7D846C55B54CADB
:2095A000C35D52CC4FD1DE404AD4DB45C65857C945DBD44AC95758C6CC525DC340DED14FBB
:2095C000C55B54CA49D7D8464CD2DD43C05E51CF43DDD24CCF515EC0CA545BC546D8D7499B
:2095E00040DED14FCC525DC3C95758C645DBD44AC65857C94AD4DB454FD1DE40C35D52CC7B
:209600003FA1AE30B32D22BCB62827B93AA4AB35B92728B635ABA43A30AEA13FBC222DB35A
:20962000BA242BB536A8A73933ADA23CBF212EB03CA2AD33B02E21BFB52B24BA39A7A8363A
:20964000BC222DB330AEA13F35ABA43AB92728B63AA4AB35B62827B9B32D22BC3FA1AE301A
:2096600039A7A836B52B24BAB02E21BF3CA2AD33BF212EB033ADA23C36A8A739BA242BB5FA
:2096800040DED14FCC525DC3C95758C645DBD44AC65857C94AD4DB454FD1DE40C35D52CCDA
:2096A000C55B54CA49D7D8464CD2DD43C05E51CF43DDD24CCF515EC0CA545BC546D8D749BA
:2096C000C35D52CC4FD1DE404AD4DB45C65857C945DBD44AC95758C6CC525DC340DED14F9A
:2096E00046D8D749CA545BC5CF515EC043DDD24CC05E51CF4CD2DD4349D7D846C55B54CA7A
:2097000043DDD24CCF515EC0CA545BC546D8D749C55B54CA49D7D8464CD2DD43C05E51CF59
:20972000C65857C94AD4DB454FD1DE40C35D52CC40DED14FCC525DC3C95758C645DBD44A39
:20974000C05E51CF4CD2DD4349D7D846C55B54CA46D8D749CA545BC5CF515EC043DDD24C19
:2097600045DBD44AC95758C6CC525DC340DED14FC35D52CC4FD1DE404AD4DB45C65857C9F9
:209780003CA2AD33B02E21BFB52B24BA39A7A836BA242BB536A8A73933ADA23CBF212EB0D9
:2097A000B92728B635ABA43A30AEA13FBC222DB33FA1AE30B32D22BCB62827B93AA4AB35B9
:2097C000BF212EB033ADA23C36A8A739BA242BB539A7A836B52B24BAB02E21BF3CA2AD3399
:2097E0003AA4AB35B62827B9B32D22BC3FA1AE30BC222DB330AEA13F35ABA43AB92728B679
:209800004AD4DB45C65857C9C35D52CC4FD1DE40CC525DC340DED14F45DBD44AC95758C658
:20982000CF515EC043DDD24C46D8D749CA545BC549D7D846C55B54CAC05E51CF4CD2DD4338
:20984000C95758C645DBD44A40DED14FCC525DC34FD1DE40C35D52CCC65857C94AD4DB4518
:209860004CD2DD43C05E51CFC55B54CA49D7D846CA545BC546D8D74943DDD24CCF515EC0F8
:2098800035ABA43AB92728B6BC222DB330AEA13FB32D22BC3FA1AE303AA4AB35B62827B9D8
:2098A000B02E21BF3CA2AD3339A7A836B52B24BA36A8A739BA242BB5BF212EB033ADA23CB8
:2098C000B62827B93AA4AB353FA1AE30B32D22BC30AEA13FBC222DB3B92728B635ABA43A98
:2098E00033ADA23CBF212EB0BA242BB536A8A739B52B24BA39A7A8363CA2AD33B02E21BF78
:2099000036A8A739BA242BB5BF212EB033ADA23CB02E21BF3CA2AD3339A7A836B52B24BA57
:20992000B32D22BC3FA1AE303AA4AB35B62827B935ABA43AB92728B6BC222DB330AEA13F37
:20994000B52B24BA39A7A8363CA2AD33B02E21BF33ADA23CBF212EB0BA242BB536A8A73917
:2099600030AEA13FBC222DB3B92728B635ABA43AB62827B93AA4AB353FA1AE30B32D22BCF7
:2099800049D7D846C55B54CAC05E51CF4CD2DD43CF515EC043DDD24C46D8D749CA545BC5D7
:2099A000CC525DC340DED14F45DBD44AC95758C64AD4DB45C65857C9C35D52CC4FD1DE40B7
:2099C000CA545BC546D8D74943DDD24CCF515EC04CD2DD43C05E51CFC55B54CA49D7D84697
:2099E0004FD1DE40C35D52CCC65857C94AD4DB45C95758C645DBD44A40DED14FCC525DC377
:209A000030AEA13FBC222DB3B92728B635ABA43AB62827B93AA4AB353FA1AE30B32D22BC56
:209A2000B52B24BA39A7A8363CA2AD33B02E21BF33ADA23CBF212EB0BA242BB536A8A73936
:209A4000B32D22BC3FA1AE303AA4AB35B62827B935ABA43AB92728B6BC222DB330AEA13F16
:209A600036A8A739BA242BB5BF212EB033ADA23CB02E21BF3CA2AD3339A7A836B52B24BAF6
:209A80004FD1DE40C35D52CCC65857C94AD4DB45C95758C645DBD44A40DED14FCC525DC3D6
:209AA000CA545BC546D8D74943DDD24CCF515EC04CD2DD43C05E51CFC55B54CA49D7D846B6
:209AC000CC525DC340DED14F45DBD44AC95758C64AD4DB45C65857C9C35D52CC4FD1DE4096
:209AE00049D7D846C55B54CAC05E51CF4CD2DD43CF515EC043DDD24C46D8D749CA545BC576
:209B00004CD2DD43C05E51CFC55B54CA49D7D846CA545BC546D8D74943DDD24CCF515EC055
:209B2000C95758C645DBD44A40DED14FCC525DC34FD1DE40C35D52CCC65857C94AD4DB4535
:209B4000CF515EC043DDD24C46D8D749CA545BC549D7D846C55B54CAC05E51CF4CD2DD4315
:209B60004AD4DB45C65857C9C35D52CC4FD1DE40CC525DC340DED14F45DBD44AC95758C6F5
:209B800033ADA23CBF212EB0BA242BB536A8A739B52B24BA39A7A8363CA2AD33B02E21BFD5
:209BA000B62827B93AA4AB353FA1AE30B32D22BC30AEA13FBC222DB3B92728B635ABA43AB5
:209BC000B02E21BF3CA2AD3339A7A836B52B24BA36A8A739BA242BB5BF212EB033ADA23C95
:209BE00035ABA43AB92728B6BC222DB330AEA13FB32D22BC3FA1AE303AA4AB35B62827B975
:209C000033ADA23CBF212EB0BA242BB536A8A739B52B24BA39A7A8363CA2AD33B02E21BF54
:209C2000B62827B93AA4AB353FA1AE30B32D22BC30AEA13FBC222DB3B92728B635ABA43A34
:209C4000B02E21BF3CA2AD3339A7A836B52B24BA36A8A739BA242BB5BF212EB033ADA23C14
:209C600035ABA43AB92728B6BC222DB330AEA13FB32D22BC3FA1AE303AA4AB35B62827B9F4
:209C80004CD2DD43C05E51CFC55B54CA49D7D846CA545BC546D8D74943DDD24CCF515EC0D4
:209CA000C95758C645DBD44A40DED14FCC525DC34FD1DE40C35D52CCC65857C94AD4DB45B4
:209CC000CF515EC043DDD24C46D8D749CA545BC549D7D846C55B54CAC05E51CF4CD2DD4394
:209CE0004AD4DB45C65857C9C35D52CC4FD1DE40CC525DC340DED14F45DBD44AC95758C674
:209D00004FD1DE40C35D52CCC65857C94AD4DB45C95758C645DBD44A40DED14FCC525DC353
:209D2000CA545BC546D8D74943DDD24CCF515EC04CD2DD43C05E51CFC55B54CA49D7D84633
:209D4000CC525DC340DED14F45DBD44AC95758C64AD4DB45C65857C9C35D52CC4FD1DE4013
:209D600049D7D846C55B54CAC05E51CF4CD2DD43CF515EC043DDD24C46D8D749CA545BC5F3
:209D800030AEA13FBC222DB3B92728B635ABA43AB62827B93AA4AB353FA1AE30B32D22BCD3
:209DA000B52B24BA39A7A8363CA2AD33B02E21BF33ADA23CBF212EB0BA242BB536A8A739B3
:209DC000B32D22BC3FA1AE303AA4AB35B62827B935ABA43AB92728B6BC222DB330AEA13F93
:209DE00036A8A739BA242BB5BF212EB033ADA23CB02E21BF3CA2AD3339A7A836B52B24BA73
:209E000049D7D846C55B54CAC05E51CF4CD2DD43CF515EC043DDD24C46D8D749CA545BC552
:209E2000CC525DC340DED14F45DBD44AC95758C64AD4DB45C65857C9C35D52CC4FD1DE4032
:209E4000CA545BC546D8D74943DDD24CCF515EC04CD2DD43C05E51CFC55B54CA49D7D84612
:209E60004FD1DE40C35D52CCC65857C94AD4DB45C95758C645DBD44A40DED14FCC525DC3F2
:209E800036A8A739BA242BB5BF212EB033ADA23CB02E21BF3CA2AD3339A7A836B52B24BAD2
:209EA000B32D22BC3FA1AE303AA4AB35B62827B935ABA43AB92728B6BC222DB330AEA13FB2
:209EC000B52B24BA39A7A8363CA2AD33B02E21BF33ADA23CBF212EB0BA242BB536A8A73992
:209EE00030AEA13FBC222DB3B92728B635ABA43AB62827B93AA4AB353FA1AE30B32D22BC72
:209F000035ABA43AB92728B6BC222DB330AEA13FB32D22BC3FA1AE303AA4AB35B62827B951
:209F2000B02E21BF3CA2AD3339A7A836B52B24BA36A8A739BA242BB5BF212EB033ADA23C31
:209F4000B62827B93AA4AB353FA1AE30B32D22BC30AEA13FBC222DB3B92728B635ABA43A11
:209F600033ADA23CBF212EB0BA242BB536A8A739B52B24BA39A7A8363CA2AD33B02E21BFF1
:209F80004AD4DB45C65857C9C35D52CC4FD1DE40CC525DC340DED14F45DBD44AC95758C6D1
:209FA000CF515EC043DDD24C46D8D749CA545BC549D7D846C55B54CAC05E51CF4CD2DD43B1
:209FC000C95758C645DBD44A40DED14FCC525DC34FD1DE40C35D52CCC65857C94AD4DB4591
:209FE0004CD2DD43C05E51CFC55B54CA49D7D846CA545BC546D8D74943DDD24CCF515EC071
:20A0000021BFB02EAD333CA2A83639A724BAB52BA73936A82BB5BA242EB0BF21A23C33AD50
:20A02000A43A35AB28B6B9272DB3BC22A13F30AE22BCB32DAE303FA1AB353AA427B9B62830
:20A04000A23C33AD2EB0BF212BB5BA24A73936A824BAB52BA83639A7AD333CA221BFB02E10
:20A0600027B9B628AB353AA4AE303FA122BCB32DA13F30AE2DB3BC2228B6B927A43A35ABF0
:20A080005EC0CF51D24C43DDD74946D85BC5CA54D84649D754CAC55B51CFC05EDD434CD2D0
:20A0A000DB454AD457C9C65852CCC35DDE404FD15DC3CC52D14F40DED44A45DB58C6C957B0
:20A0C000DD434CD251CFC05E54CAC55BD84649D75BC5CA54D74946D8D24C43DD5EC0CF5190
:20A0E00058C6C957D44A45DBD14F40DE5DC3CC52DE404FD152CCC35D57C9C658DB454AD470
:20A100005DC3CC52D14F40DED44A45DB58C6C957DB454AD457C9C65852CCC35DDE404FD14F
:20A12000D84649D754CAC55B51CFC05EDD434CD25EC0CF51D24C43DDD74946D85BC5CA542F
:20A14000DE404FD152CCC35D57C9C658DB454AD458C6C957D44A45DBD14F40DE5DC3CC520F
:20A160005BC5CA54D74946D8D24C43DD5EC0CF51DD434CD251CFC05E54CAC55BD84649D7EF
:20A1800022BCB32DAE303FA1AB353AA427B9B628A43A35AB28B6B9272DB3BC22A13F30AECF
:20A1A000A73936A82BB5BA242EB0BF21A23C33AD21BFB02EAD333CA2A83639A724BAB52BAF
:20A1C000A13F30AE2DB3BC2228B6B927A43A35AB27B9B628AB353AA4AE303FA122BCB32D8F
:20A1E00024BAB52BA83639A7AD333CA221BFB02EA23C33AD2EB0BF212BB5BA24A73936A86F
:20A200005BC5CA54D74946D8D24C43DD5EC0CF51DD434CD251CFC05E54CAC55BD84649D74E
:20A22000DE404FD152CCC35D57C9C658DB454AD458C6C957D44A45DBD14F40DE5DC3CC522E
:20A24000D84649D754CAC55B51CFC05EDD434CD25EC0CF51D24C43DDD74946D85BC5CA540E
:20A260005DC3CC52D14F40DED44A45DB58C6C957DB454AD457C9C65852CCC35DDE404FD1EE
:20A2800024BAB52BA83639A7AD333CA221BFB02EA23C33AD2EB0BF212BB5BA24A73936A8CE
:20A2A000A13F30AE2DB3BC2228B6B927A43A35AB27B9B628AB353AA4AE303FA122BCB32DAE
:20A2C000A73936A82BB5BA242EB0BF21A23C33AD21BFB02EAD333CA2A83639A724BAB52B8E
:20A2E00022BCB32DAE303FA1AB353AA427B9B628A43A35AB28B6B9272DB3BC22A13F30AE6E
:20A3000027B9B628AB353AA4AE303FA122BCB32DA13F30AE2DB3BC2228B6B927A43A35AB4D
:20A32000A23C33AD2EB0BF212BB5BA24A73936A824BAB52BA83639A7AD333CA221BFB02E2D
:20A34000A43A35AB28B6B9272DB3BC22A13F30AE22BCB32DAE303FA1AB353AA427B9B6280D
:20A3600021BFB02EAD333CA2A83639A724BAB52BA73936A82BB5BA242EB0BF21A23C33ADED
:20A3800058C6C957D44A45DBD14F40DE5DC3CC52DE404FD152CCC35D57C9C658DB454AD4CD
:20A3A000DD434CD251CFC05E54CAC55BD84649D75BC5CA54D74946D8D24C43DD5EC0CF51AD
:20A3C000DB454AD457C9C65852CCC35DDE404FD15DC3CC52D14F40DED44A45DB58C6C9578D
:20A3E0005EC0CF51D24C43DDD74946D85BC5CA54D84649D754CAC55B51CFC05EDD434CD26D
:20A4000058C6C957D44A45DBD14F40DE5DC3CC52DE404FD152CCC35D57C9C658DB454AD44C
:20A42000DD434CD251CFC05E54CAC55BD84649D75BC5CA54D74946D8D24C43DD5EC0CF512C
:20A44000DB454AD457C9C65852CCC35DDE404FD15DC3CC52D14F40DED44A45DB58C6C9570C
:20A460005EC0CF51D24C43DDD74946D85BC5CA54D84649D754CAC55B51CFC05EDD434CD2EC
:20A4800027B9B628AB353AA4AE303FA122BCB32DA13F30AE2DB3BC2228B6B927A43A35ABCC
:20A4A000A23C33AD2EB0BF212BB5BA24A73936A824BAB52BA83639A7AD333CA221BFB02EAC
:20A4C000A43A35AB28B6B9272DB3BC22A13F30AE22BCB32DAE303FA1AB353AA427B9B6288C
:20A4E00021BFB02EAD333CA2A83639A724BAB52BA73936A82BB5BA242EB0BF21A23C33AD6C
:20A5000024BAB52BA83639A7AD333CA221BFB02EA23C33AD2EB0BF212BB5BA24A73936A84B
:20A52000A13F30AE2DB3BC2228B6B927A43A35AB27B9B628AB353AA4AE303FA122BCB32D2B
:20A54000A73936A82BB5BA242EB0BF21A23C33AD21BFB02EAD333CA2A83639A724BAB52B0B
:20A5600022BCB32DAE303FA1AB353AA427B9B628A43A35AB28B6B9272DB3BC22A13F30AEEB
:20A580005BC5CA54D74946D8D24C43DD5EC0CF51DD434CD251CFC05E54CAC55BD84649D7CB
:20A5A000DE404FD152CCC35D57C9C658DB454AD458C6C957D44A45DBD14F40DE5DC3CC52AB
:20A5C000D84649D754CAC55B51CFC05EDD434CD25EC0CF51D24C43DDD74946D85BC5CA548B
:20A5E0005DC3CC52D14F40DED44A45DB58C6C957DB454AD457C9C65852CCC35DDE404FD16B
:20A6000022BCB32DAE303FA1AB353AA427B9B628A43A35AB28B6B9272DB3BC22A13F30AE4A
:20A62000A73936A82BB5BA242EB0BF21A23C33AD21BFB02EAD333CA2A83639A724BAB52B2A
:20A64000A13F30AE2DB3BC2228B6B927A43A35AB27B9B628AB353AA4AE303FA122BCB32D0A
:20A6600024BAB52BA83639A7AD333CA221BFB02EA23C33AD2EB0BF212BB5BA24A73936A8EA
:20A680005DC3CC52D14F40DED44A45DB58C6C957DB454AD457C9C65852CCC35DDE404FD1CA
:20A6A000D84649D754CAC55B51CFC05EDD434CD25EC0CF51D24C43DDD74946D85BC5CA54AA
:20A6C000DE404FD152CCC35D57C9C658DB454AD458C6C957D44A45DBD14F40DE5DC3CC528A
:20A6E0005BC5CA54D74946D8D24C43DD5EC0CF51DD434CD251CFC05E54CAC55BD84649D76A
:20A700005EC0CF51D24C43DDD74946D85BC5CA54D84649D754CAC55B51CFC05EDD434CD249
:20A72000DB454AD457C9C65852CCC35DDE404FD15DC3CC52D14F40DED44A45DB58C6C95729
:20A74000DD434CD251CFC05E54CAC55BD84649D75BC5CA54D74946D8D24C43DD5EC0CF5109
:20A7600058C6C957D44A45DBD14F40DE5DC3CC52DE404FD152CCC35D57C9C658DB454AD4E9
:20A7800021BFB02EAD333CA2A83639A724BAB52BA73936A82BB5BA242EB0BF21A23C33ADC9
:20A7A000A43A35AB28B6B9272DB3BC22A13F30AE22BCB32DAE303FA1AB353AA427B9B628A9
:20A7C000A23C33AD2EB0BF212BB5BA24A73936A824BAB52BA83639A7AD333CA221BFB02E89
:20A7E00027B9B628AB353AA4AE303FA122BCB32DA13F30AE2DB3BC2228B6B927A43A35AB69
:20A8000057C9C658DB454AD4DE404FD152CCC35DD14F40DE5DC3CC5258C6C957D44A45DB48
:20A82000D24C43DD5EC0CF515BC5CA54D74946D854CAC55BD84649D7DD434CD251CFC05E28
:20A84000D44A45DB58C6C9575DC3CC52D14F40DE52CCC35DDE404FD1DB454AD457C9C65808
:20A8600051CFC05EDD434CD2D84649D754CAC55BD74946D85BC5CA545EC0CF51D24C43DDE8
:20A8800028B6B927A43A35ABA13F30AE2DB3BC22AE303FA122BCB32D27B9B628AB353AA4C8
:20A8A000AD333CA221BFB02E24BAB52BA83639A72BB5BA24A73936A8A23C33AD2EB0BF21A8
:20A8C000AB353AA427B9B62822BCB32DAE303FA12DB3BC22A13F30AEA43A35AB28B6B92788
:20A8E0002EB0BF21A23C33ADA73936A82BB5BA24A83639A724BAB52B21BFB02EAD333CA268
:20A900002BB5BA24A73936A8A23C33AD2EB0BF21AD333CA221BFB02E24BAB52BA83639A747
:20A92000AE303FA122BCB32D27B9B628AB353AA428B6B927A43A35ABA13F30AE2DB3BC2227
:20A94000A83639A724BAB52B21BFB02EAD333CA22EB0BF21A23C33ADA73936A82BB5BA2407
:20A960002DB3BC22A13F30AEA43A35AB28B6B927AB353AA427B9B62822BCB32DAE303FA1E7
:20A9800054CAC55BD84649D7DD434CD251CFC05ED24C43DD5EC0CF515BC5CA54D74946D8C7
:20A9A000D14F40DE5DC3CC5258C6C957D44A45DB57C9C658DB454AD4DE404FD152CCC35DA7
:20A9C000D74946D85BC5CA545EC0CF51D24C43DD51CFC05EDD434CD2D84649D754CAC55B87
:20A9E00052CCC35DDE404FD1DB454AD457C9C658D44A45DB58C6C9575DC3CC52D14F40DE67
:20AA00002DB3BC22A13F30AEA43A35AB28B6B927AB353AA427B9B62822BCB32DAE303FA146
:20AA2000A83639A724BAB52B21BFB02EAD333CA22EB0BF21A23C33ADA73936A82BB5BA2426
:20AA4000AE303FA122BCB32D27B9B628AB353AA428B6B927A43A35ABA13F30AE2DB3BC2206
:20AA60002BB5BA24A73936A8A23C33AD2EB0BF21AD333CA221BFB02E24BAB52BA83639A7E6
:20AA800052CCC35DDE404FD1DB454AD457C9C658D44A45DB58C6C9575DC3CC52D14F40DEC6
:20AAA000D74946D85BC5CA545EC0CF51D24C43DD51CFC05EDD434CD2D84649D754CAC55BA6
:20AAC000D14F40DE5DC3CC5258C6C957D44A45DB57C9C658DB454AD4DE404FD152CCC35D86
:20AAE00054CAC55BD84649D7DD434CD251CFC05ED24C43DD5EC0CF515BC5CA54D74946D866
:20AB000051CFC05EDD434CD2D84649D754CAC55BD74946D85BC5CA545EC0CF51D24C43DD45
:20AB2000D44A45DB58C6C9575DC3CC52D14F40DE52CCC35DDE404FD1DB454AD457C9C65825
:20AB4000D24C43DD5EC0CF515BC5CA54D74946D854CAC55BD84649D7DD434CD251CFC05E05
:20AB600057C9C658DB454AD4DE404FD152CCC35DD14F40DE5DC3CC5258C6C957D44A45DBE5
:20AB80002EB0BF21A23C33ADA73936A82BB5BA24A83639A724BAB52B21BFB02EAD333CA2C5
:20ABA000AB353AA427B9B62822BCB32DAE303FA12DB3BC22A13F30AEA43A35AB28B6B927A5
:20ABC000AD333CA221BFB02E24BAB52BA83639A72BB5BA24A73936A8A23C33AD2EB0BF2185
:20ABE00028B6B927A43A35ABA13F30AE2DB3BC22AE303FA122BCB32D27B9B628AB353AA465
:20AC00002EB0BF21A23C33ADA73936A82BB5BA24A83639A724BAB52B21BFB02EAD333CA244
:20AC2000AB353AA427B9B62822BCB32DAE303FA12DB3BC22A13F30AEA43A35AB28B6B92724
:20AC4000AD333CA221BFB02E24BAB52BA83639A72BB5BA24A73936A8A23C33AD2EB0BF2104
:20AC600028B6B927A43A35ABA13F30AE2DB3BC22AE303FA122BCB32D27B9B628AB353AA4E4
:20AC800051CFC05EDD434CD2D84649D754CAC55BD74946D85BC5CA545EC0CF51D24C43DDC4
:20ACA000D44A45DB58C6C9575DC3CC52D14F40DE52CCC35DDE404FD1DB454AD457C9C658A4
:20ACC000D24C43DD5EC0CF515BC5CA54D74946D854CAC55BD84649D7DD434CD251CFC05E84
:20ACE00057C9C658DB454AD4DE404FD152CCC35DD14F40DE5DC3CC5258C6C957D44A45DB64
:20AD000052CCC35DDE404FD1DB454AD457C9C658D44A45DB58C6C9575DC3CC52D14F40DE43
:20AD2000D74946D85BC5CA545EC0CF51D24C43DD51CFC05EDD434CD2D84649D754CAC55B23
:20AD4000D14F40DE5DC3CC5258C6C957D44A45DB57C9C658DB454AD4DE404FD152CCC35D03
:20AD600054CAC55BD84649D7DD434CD251CFC05ED24C43DD5EC0CF515BC5CA54D74946D8E3
:20AD80002DB3BC22A13F30AEA43A35AB28B6B927AB353AA427B9B62822BCB32DAE303FA1C3
:20ADA000A83639A724BAB52B21BFB02EAD333CA22EB0BF21A23C33ADA73936A82BB5BA24A3
:20ADC000AE303FA122BCB32D27B9B628AB353AA428B6B927A43A35ABA13F30AE2DB3BC2283
:20ADE0002BB5BA24A73936A8A23C33AD2EB0BF21AD333CA221BFB02E24BAB52BA83639A763
:20AE000054CAC55BD84649D7DD434CD251CFC05ED24C43DD5EC0CF515BC5CA54D74946D842
:20AE2000D14F40DE5DC3CC5258C6C957D44A45DB57C9C658DB454AD4DE404FD152CCC35D22
:20AE4000D74946D85BC5CA545EC0CF51D24C43DD51CFC05EDD434CD2D84649D754CAC55B02
:20AE600052CCC35DDE404FD1DB454AD457C9C658D44A45DB58C6C9575DC3CC52D14F40DEE2
:20AE80002BB5BA24A73936A8A23C33AD2EB0BF21AD333CA221BFB02E24BAB52BA83639A7C2
:20AEA000AE303FA122BCB32D27B9B628AB353AA428B6B927A43A35ABA13F30AE2DB3BC22A2
:20AEC000A83639A724BAB52B21BFB02EAD333CA22EB0BF21A23C33ADA73936A82BB5BA2482
:20AEE0002DB3BC22A13F30AEA43A35AB28B6B927AB353AA427B9B62822BCB32DAE303FA162
:20AF000028B6B927A43A35ABA13F30AE2DB3BC22AE303FA122BCB32D27B9B628AB353AA441
:20AF2000AD333CA221BFB02E24BAB52BA83639A72BB5BA24A73936A8A23C33AD2EB0BF2121
:20AF4000AB353AA427B9B62822BCB32DAE303FA12DB3BC22A13F30AEA43A35AB28B6B92701
:20AF60002EB0BF21A23C33ADA73936A82BB5BA24A83639A724BAB52B21BFB02EAD333CA2E1
:20AF800057C9C658DB454AD4DE404FD152CCC35DD14F40DE5DC3CC5258C6C957D44A45DBC1
:20AFA000D24C43DD5EC0CF515BC5CA54D74946D854CAC55BD84649D7DD434CD251CFC05EA1
:20AFC000D44A45DB58C6C9575DC3CC52D14F40DE52CCC35DDE404FD1DB454AD457C9C65881
:20AFE00051CFC05EDD434CD2D84649D754CAC55BD74946D85BC5CA545EC0CF51D24C43DD61
:20B0000052CCC35DDE404FD1DB454AD457C9C658D44A45DB58C6C9575DC3CC52D14F40DE40
:20B02000D74946D85BC5CA545EC0CF51D24C43DD51CFC05EDD434CD2D84649D754CAC55B20
:20B04000D14F40DE5DC3CC5258C6C957D44A45DB57C9C658DB454AD4DE404FD152CCC35D00
:20B0600054CAC55BD84649D7DD434CD251CFC05ED24C43DD5EC0CF515BC5CA54D74946D8E0
:20B080002DB3BC22A13F30AEA43A35AB28B6B927AB353AA427B9B62822BCB32DAE303FA1C0
:20B0A000A83639A724BAB52B21BFB02EAD333CA22EB0BF21A23C33ADA73936A82BB5BA24A0
:20B0C000AE303FA122BCB32D27B9B628AB353AA428B6B927A43A35ABA13F30AE2DB3BC2280
:20B0E0002BB5BA24A73936A8A23C33AD2EB0BF21AD333CA221BFB02E24BAB52BA83639A760
:20B100002EB0BF21A23C33ADA73936A82BB5BA24A83639A724BAB52B21BFB02EAD333CA23F
:20B12000AB353AA427B9B62822BCB32DAE303FA12DB3BC22A13F30AEA43A35AB28B6B9271F
:20B14000AD333CA221BFB02E24BAB52BA83639A72BB5BA24A73936A8A23C33AD2EB0BF21FF
:20B1600028B6B927A43A35ABA13F30AE2DB3BC22AE303FA122BCB32D27B9B628AB353AA4DF
:20B1800051CFC05EDD434CD2D84649D754CAC55BD74946D85BC5CA545EC0CF51D24C43DDBF
:20B1A000D44A45DB58C6C9575DC3CC52D14F40DE52CCC35DDE404FD1DB454AD457C9C6589F
:20B1C000D24C43DD5EC0CF515BC5CA54D74946D854CAC55BD84649D7DD434CD251CFC05E7F
:20B1E00057C9C658DB454AD4DE404FD152CCC35DD14F40DE5DC3CC5258C6C957D44A45DB5F
:20B2000028B6B927A43A35ABA13F30AE2DB3BC22AE303FA122BCB32D27B9B628AB353AA43E
:20B22000AD333CA221BFB02E24BAB52BA83639A72BB5BA24A73936A8A23C33AD2EB0BF211E
:20B24000AB353AA427B9B62822BCB32DAE303FA12DB3BC22A13F30AEA43A35AB28B6B927FE
:20B260002EB0BF21A23C33ADA73936A82BB5BA24A83639A724BAB52B21BFB02EAD333CA2DE
:20B2800057C9C658DB454AD4DE404FD152CCC35DD14F40DE5DC3CC5258C6C957D44A45DBBE
:20B2A000D24C43DD5EC0CF515BC5CA54D74946D854CAC55BD84649D7DD434CD251CFC05E9E
:20B2C000D44A45DB58C6C9575DC3CC52D14F40DE52CCC35DDE404FD1DB454AD457C9C6587E
:20B2E00051CFC05EDD434CD2D84649D754CAC55BD74946D85BC5CA545EC0CF51D24C43DD5E
:20B3000054CAC55BD84649D7DD434CD251CFC05ED24C43DD5EC0CF515BC5CA54D74946D83D
:20B32000D14F40DE5DC3CC5258C6C957D44A45DB57C9C658DB454AD4DE404FD152CCC35D1D
:20B34000D74946D85BC5CA545EC0CF51D24C43DD51CFC05EDD434CD2D84649D754CAC55BFD
:20B3600052CCC35DDE404FD1DB454AD457C9C658D44A45DB58C6C9575DC3CC52D14F40DEDD
:20B380002BB5BA24A73936A8A23C33AD2EB0BF21AD333CA221BFB02E24BAB52BA83639A7BD
:20B3A000AE303FA122BCB32D27B9B628AB353AA428B6B927A43A35ABA13F30AE2DB3BC229D
:20B3C000A83639A724BAB52B21BFB02EAD333CA22EB0BF21A23C33ADA73936A82BB5BA247D
:20B3E0002DB3BC22A13F30AEA43A35AB28B6B927AB353AA427B9B62822BCB32DAE303FA15D
:20B400002BB5BA24A73936A8A23C33AD2EB0BF21AD333CA221BFB02E24BAB52BA83639A73C
:20B42000AE303FA122BCB32D27B9B628AB353AA428B6B927A43A35ABA13F30AE2DB3BC221C
:20B44000A83639A724BAB52B21BFB02EAD333CA22EB0BF21A23C33ADA73936A82BB5BA24FC
:20B460002DB3BC22A13F30AEA43A35AB28B6B927AB353AA427B9B62822BCB32DAE303FA1DC
:20B4800054CAC55BD84649D7DD434CD251CFC05ED24C43DD5EC0CF515BC5CA54D74946D8BC
:20B4A000D14F40DE5DC3CC5258C6C957D44A45DB57C9C658DB454AD4DE404FD152CCC35D9C
:20B4C000D74946D85BC5CA545EC0CF51D24C43DD51CFC05EDD434CD2D84649D754CAC55B7C
:20B4E00052CCC35DDE404FD1DB454AD457C9C658D44A45DB58C6C9575DC3CC52D14F40DE5C
:20B5000057C9C658DB454AD4DE404FD152CCC35DD14F40DE5DC3CC5258C6C957D44A45DB3B
:20B52000D24C43DD5EC0CF515BC5CA54D74946D854CAC55BD84649D7DD434CD251CFC05E1B
:20B54000D44A45DB58C6C9575DC3CC52D14F40DE52CCC35DDE404FD1DB454AD457C9C658FB
:20B5600051CFC05EDD434CD2D84649D754CAC55BD74946D85BC5CA545EC0CF51D24C43DDDB
:20B5800028B6B927A43A35ABA13F30AE2DB3BC22AE303FA122BCB32D27B9B628AB353AA4BB
:20B5A000AD333CA221BFB02E24BAB52BA83639A72BB5BA24A73936A8A23C33AD2EB0BF219B
:20B5C000AB353AA427B9B62822BCB32DAE303FA12DB3BC22A13F30AEA43A35AB28B6B9277B
:20B5E0002EB0BF21A23C33ADA73936A82BB5BA24A83639A724BAB52B21BFB02EAD333CA25B
:20B6000051CFC05EDD434CD2D84649D754CAC55BD74946D85BC5CA545EC0CF51D24C43DD3A
:20B62000D44A45DB58C6C9575DC3CC52D14F40DE52CCC35DDE404FD1DB454AD457C9C6581A
:20B64000D24C43DD5EC0CF515BC5CA54D74946D854CAC55BD84649D7DD434CD251CFC05EFA
:20B6600057C9C658DB454AD4DE404FD152CCC35DD14F40DE5DC3CC5258C6C957D44A45DBDA
:20B680002EB0BF21A23C33ADA73936A82BB5BA24A83639A724BAB52B21BFB02EAD333CA2BA
:20B6A000AB353AA427B9B62822BCB32DAE303FA12DB3BC22A13F30AEA43A35AB28B6B9279A
:20B6C000AD333CA221BFB02E24BAB52BA83639A72BB5BA24A73936A8A23C33AD2EB0BF217A
:20B6E00028B6B927A43A35ABA13F30AE2DB3BC22AE303FA122BCB32D27B9B628AB353AA45A
:20B700002DB3BC22A13F30AEA43A35AB28B6B927AB353AA427B9B62822BCB32DAE303FA139
:20B72000A83639A724BAB52B21BFB02EAD333CA22EB0BF21A23C33ADA73936A82BB5BA2419
:20B74000AE303FA122BCB32D27B9B628AB353AA428B6B927A43A35ABA13F30AE2DB3BC22F9
:20B760002BB5BA24A73936A8A23C33AD2EB0BF21AD333CA221BFB02E24BAB52BA83639A7D9
:20B7800052CCC35DDE404FD1DB454AD457C9C658D44A45DB58C6C9575DC3CC52D14F40DEB9
:20B7A000D74946D85BC5CA545EC0CF51D24C43DD51CFC05EDD434CD2D84649D754CAC55B99
:20B7C000D14F40DE5DC3CC5258C6C957D44A45DB57C9C658DB454AD4DE404FD152CCC35D79
:20B7E00054CAC55BD84649D7DD434CD251CFC05ED24C43DD5EC0CF515BC5CA54D74946D859
:20B8000024BAB52BA83639A7AD333CA221BFB02EA23C33AD2EB0BF212BB5BA24A73936A838
:20B82000A13F30AE2DB3BC2228B6B927A43A35AB27B9B628AB353AA4AE303FA122BCB32D18
:20B84000A73936A82BB5BA242EB0BF21A23C33AD21BFB02EAD333CA2A83639A724BAB52BF8
:20B8600022BCB32DAE303FA1AB353AA427B9B628A43A35AB28B6B9272DB3BC22A13F30AED8
:20B880005BC5CA54D74946D8D24C43DD5EC0CF51DD434CD251CFC05E54CAC55BD84649D7B8
:20B8A000DE404FD152CCC35D57C9C658DB454AD458C6C957D44A45DBD14F40DE5DC3CC5298
:20B8C000D84649D754CAC55B51CFC05EDD434CD25EC0CF51D24C43DDD74946D85BC5CA5478
:20B8E0005DC3CC52D14F40DED44A45DB58C6C957DB454AD457C9C65852CCC35DDE404FD158
:20B9000058C6C957D44A45DBD14F40DE5DC3CC52DE404FD152CCC35D57C9C658DB454AD437
:20B92000DD434CD251CFC05E54CAC55BD84649D75BC5CA54D74946D8D24C43DD5EC0CF5117
:20B94000DB454AD457C9C65852CCC35DDE404FD15DC3CC52D14F40DED44A45DB58C6C957F7
:20B960005EC0CF51D24C43DDD74946D85BC5CA54D84649D754CAC55B51CFC05EDD434CD2D7
:20B9800027B9B628AB353AA4AE303FA122BCB32DA13F30AE2DB3BC2228B6B927A43A35ABB7
:20B9A000A23C33AD2EB0BF212BB5BA24A73936A824BAB52BA83639A7AD333CA221BFB02E97
:20B9C000A43A35AB28B6B9272DB3BC22A13F30AE22BCB32DAE303FA1AB353AA427B9B62877
:20B9E00021BFB02EAD333CA2A83639A724BAB52BA73936A82BB5BA242EB0BF21A23C33AD57
:20BA00005EC0CF51D24C43DDD74946D85BC5CA54D84649D754CAC55B51CFC05EDD434CD236
:20BA2000DB454AD457C9C65852CCC35DDE404FD15DC3CC52D14F40DED44A45DB58C6C95716
:20BA4000DD434CD251CFC05E54CAC55BD84649D75BC5CA54D74946D8D24C43DD5EC0CF51F6
:20BA600058C6C957D44A45DBD14F40DE5DC3CC52DE404FD152CCC35D57C9C658DB454AD4D6
:20BA800021BFB02EAD333CA2A83639A724BAB52BA73936A82BB5BA242EB0BF21A23C33ADB6
:20BAA000A43A35AB28B6B9272DB3BC22A13F30AE22BCB32DAE303FA1AB353AA427B9B62896
:20BAC000A23C33AD2EB0BF212BB5BA24A73936A824BAB52BA83639A7AD333CA221BFB02E76
:20BAE00027B9B628AB353AA4AE303FA122BCB32DA13F30AE2DB3BC2228B6B927A43A35AB56
:20BB000022BCB32DAE303FA1AB353AA427B9B628A43A35AB28B6B9272DB3BC22A13F30AE35
:20BB2000A73936A82BB5BA242EB0BF21A23C33AD21BFB02EAD333CA2A83639A724BAB52B15
:20BB4000A13F30AE2DB3BC2228B6B927A43A35AB27B9B628AB353AA4AE303FA122BCB32DF5
:20BB600024BAB52BA83639A7AD333CA221BFB02EA23C33AD2EB0BF212BB5BA24A73936A8D5
:20BB80005DC3CC52D14F40DED44A45DB58C6C957DB454AD457C9C65852CCC35DDE404FD1B5
:20BBA000D84649D754CAC55B51CFC05EDD434CD25EC0CF51D24C43DDD74946D85BC5CA5495
:20BBC000DE404FD152CCC35D57C9C658DB454AD458C6C957D44A45DBD14F40DE5DC3CC5275
:20BBE0005BC5CA54D74946D8D24C43DD5EC0CF51DD434CD251CFC05E54CAC55BD84649D755
:20BC00005DC3CC52D14F40DED44A45DB58C6C957DB454AD457C9C65852CCC35DDE404FD134
:20BC2000D84649D754CAC55B51CFC05EDD434CD25EC0CF51D24C43DDD74946D85BC5CA5414
:20BC4000DE404FD152CCC35D57C9C658DB454AD458C6C957D44A45DBD14F40DE5DC3CC52F4
:20BC60005BC5CA54D74946D8D24C43DD5EC0CF51DD434CD251CFC05E54CAC55BD84649D7D4
:20BC800022BCB32DAE303FA1AB353AA427B9B628A43A35AB28B6B9272DB3BC22A13F30AEB4
:20BCA000A73936A82BB5BA242EB0BF21A23C33AD21BFB02EAD333CA2A83639A724BAB52B94
:20BCC000A13F30AE2DB3BC2228B6B927A43A35AB27B9B628AB353AA4AE303FA122BCB32D74
:20BCE00024BAB52BA83639A7AD333CA221BFB02EA23C33AD2EB0BF212BB5BA24A73936A854
:20BD000021BFB02EAD333CA2A83639A724BAB52BA73936A82BB5BA242EB0BF21A23C33AD33
:20BD2000A43A35AB28B6B9272DB3BC22A13F30AE22BCB32DAE303FA1AB353AA427B9B62813
:20BD4000A23C33AD2EB0BF212BB5BA24A73936A824BAB52BA83639A7AD333CA221BFB02EF3
:20BD600027B9B628AB353AA4AE303FA122BCB32DA13F30AE2DB3BC2228B6B927A43A35ABD3
:20BD80005EC0CF51D24C43DDD74946D85BC5CA54D84649D754CAC55B51CFC05EDD434CD2B3
:20BDA000DB454AD457C9C65852CCC35DDE404FD15DC3CC52D14F40DED44A45DB58C6C95793
:20BDC000DD434CD251CFC05E54CAC55BD84649D75BC5CA54D74946D8D24C43DD5EC0CF5173
:20BDE00058C6C957D44A45DBD14F40DE5DC3CC52DE404FD152CCC35D57C9C658DB454AD453
:20BE000027B9B628AB353AA4AE303FA122BCB32DA13F30AE2DB3BC2228B6B927A43A35AB32
:20BE2000A23C33AD2EB0BF212BB5BA24A73936A824BAB52BA83639A7AD333CA221BFB02E12
:20BE4000A43A35AB28B6B9272DB3BC22A13F30AE22BCB32DAE303FA1AB353AA427B9B628F2
:20BE600021BFB02EAD333CA2A83639A724BAB52BA73936A82BB5BA242EB0BF21A23C33ADD2
:20BE800058C6C957D44A45DBD14F40DE5DC3CC52DE404FD152CCC35D57C9C658DB454AD4B2
:20BEA000DD434CD251CFC05E54CAC55BD84649D75BC5CA54D74946D8D24C43DD5EC0CF5192
:20BEC000DB454AD457C9C65852CCC35DDE404FD15DC3CC52D14F40DED44A45DB58C6C95772
:20BEE0005EC0CF51D24C43DDD74946D85BC5CA54D84649D754CAC55B51CFC05EDD434CD252
:20BF00005BC5CA54D74946D8D24C43DD5EC0CF51DD434CD251CFC05E54CAC55BD84649D731
:20BF2000DE404FD152CCC35D57C9C658DB454AD458C6C957D44A45DBD14F40DE5DC3CC5211
:20BF4000D84649D754CAC55B51CFC05EDD434CD25EC0CF51D24C43DDD74946D85BC5CA54F1
:20BF60005DC3CC52D14F40DED44A45DB58C6C957DB454AD457C9C65852CCC35DDE404FD1D1
:20BF800024BAB52BA83639A7AD333CA221BFB02EA23C33AD2EB0BF212BB5BA24A73936A8B1
:20BFA000A13F30AE2DB3BC2228B6B927A43A35AB27B9B628AB353AA4AE303FA122BCB32D91
:20BFC000A73936A82BB5BA242EB0BF21A23C33AD21BFB02EAD333CA2A83639A724BAB52B71
:20BFE00022BCB32DAE303FA1AB353AA427B9B628A43A35AB28B6B9272DB3BC22A13F30AE51
:20C000002EB0BF21A23C33ADA73936A82BB5BA24A83639A724BAB52B21BFB02EAD333CA230
:20C02000AB353AA427B9B62822BCB32DAE303FA12DB3BC22A13F30AEA43A35AB28B6B92710
:20C04000AD333CA221BFB02E24BAB52BA83639A72BB5BA24A73936A8A23C33AD2EB0BF21F0
:20C0600028B6B927A43A35ABA13F30AE2DB3BC22AE303FA122BCB32D27B9B628AB353AA4D0
:20C0800051CFC05EDD434CD2D84649D754CAC55BD74946D85BC5CA545EC0CF51D24C43DDB0
:20C0A000D44A45DB58C6C9575DC3CC52D14F40DE52CCC35DDE404FD1DB454AD457C9C65890
:20C0C000D24C43DD5EC0CF515BC5CA54D74946D854CAC55BD84649D7DD434CD251CFC05E70
:20C0E00057C9C658DB454AD4DE404FD152CCC35DD14F40DE5DC3CC5258C6C957D44A45DB50
:20C1000052CCC35DDE404FD1DB454AD457C9C658D44A45DB58C6C9575DC3CC52D14F40DE2F
:20C12000D74946D85BC5CA545EC0CF51D24C43DD51CFC05EDD434CD2D84649D754CAC55B0F
:20C14000D14F40DE5DC3CC5258C6C957D44A45DB57C9C658DB454AD4DE404FD152CCC35DEF
:20C1600054CAC55BD84649D7DD434CD251CFC05ED24C43DD5EC0CF515BC5CA54D74946D8CF
:20C180002DB3BC22A13F30AEA43A35AB28B6B927AB353AA427B9B62822BCB32DAE303FA1AF
:20C1A000A83639A724BAB52B21BFB02EAD333CA22EB0BF21A23C33ADA73936A82BB5BA248F
:20C1C000AE303FA122BCB32D27B9B628AB353AA428B6B927A43A35ABA13F30AE2DB3BC226F
:20C1E0002BB5BA24A73936A8A23C33AD2EB0BF21AD333CA221BFB02E24BAB52BA83639A74F
:20C2000054CAC55BD84649D7DD434CD251CFC05ED24C43DD5EC0CF515BC5CA54D74946D82E
:20C22000D14F40DE5DC3CC5258C6C957D44A45DB57C9C658DB454AD4DE404FD152CCC35D0E
:20C24000D74946D85BC5CA545EC0CF51D24C43DD51CFC05EDD434CD2D84649D754CAC55BEE
:20C2600052CCC35DDE404FD1DB454AD457C9C658D44A45DB58C6C9575DC3CC52D14F40DECE
:20C280002BB5BA24A73936A8A23C33AD2EB0BF21AD333CA221BFB02E24BAB52BA83639A7AE
:20C2A000AE303FA122BCB32D27B9B628AB353AA428B6B927A43A35ABA13F30AE2DB3BC228E
:20C2C000A83639A724BAB52B21BFB02EAD333CA22EB0BF21A23C33ADA73936A82BB5BA246E
:20C2E0002DB3BC22A13F30AEA43A35AB28B6B927AB353AA427B9B62822BCB32DAE303FA14E
:20C3000028B6B927A43A35ABA13F30AE2DB3BC22AE303FA122BCB32D27B9B628AB353AA42D
:20C32000AD333CA221BFB02E24BAB52BA83639A72BB5BA24A73936A8A23C33AD2EB0BF210D
:20C34000AB353AA427B9B62822BCB32DAE303FA12DB3BC22A13F30AEA43A35AB28B6B927ED
:20C360002EB0BF21A23C33ADA73936A82BB5BA24A83639A724BAB52B21BFB02EAD333CA2CD
:20C3800057C9C658DB454AD4DE404FD152CCC35DD14F40DE5DC3CC5258C6C957D44A45DBAD
:20C3A000D24C43DD5EC0CF515BC5CA54D74946D854CAC55BD84649D7DD434CD251CFC05E8D
:20C3C000D44A45DB58C6C9575DC3CC52D14F40DE52CCC35DDE404FD1DB454AD457C9C6586D
:20C3E00051CFC05EDD434CD2D84649D754CAC55BD74946D85BC5CA545EC0CF51D24C43DD4D
:20C4000057C9C658DB454AD4DE404FD152CCC35DD14F40DE5DC3CC5258C6C957D44A45DB2C
:20C42000D24C43DD5EC0CF515BC5CA54D74946D854CAC55BD84649D7DD434CD251CFC05E0C
:20C44000D44A45DB58C6C9575DC3CC52D14F40DE52CCC35DDE404FD1DB454AD457C9C658EC
:20C4600051CFC05EDD434CD2D84649D754CAC55BD74946D85BC5CA545EC0CF51D24C43DDCC
:20C4800028B6B927A43A35ABA13F30AE2DB3BC22AE303FA122BCB32D27B9B628AB353AA4AC
:20C4A000AD333CA221BFB02E24BAB52BA83639A72BB5BA24A73936A8A23C33AD2EB0BF218C
:20C4C000AB353AA427B9B62822BCB32DAE303FA12DB3BC22A13F30AEA43A35AB28B6B9276C
:20C4E0002EB0BF21A23C33ADA73936A82BB5BA24A83639A724BAB52B21BFB02EAD333CA24C
:20C500002BB5BA24A73936A8A23C33AD2EB0BF21AD333CA221BFB02E24BAB52BA83639A72B
:20C52000AE303FA122BCB32D27B9B628AB353AA428B6B927A43A35ABA13F30AE2DB3BC220B
:20C54000A83639A724BAB52B21BFB02EAD333CA22EB0BF21A23C33ADA73936A82BB5BA24EB
:20C560002DB3BC22A13F30AEA43A35AB28B6B927AB353AA427B9B62822BCB32DAE303FA1CB
:20C5800054CAC55BD84649D7DD434CD251CFC05ED24C43DD5EC0CF515BC5CA54D74946D8AB
:20C5A000D14F40DE5DC3CC5258C6C957D44A45DB57C9C658DB454AD4DE404FD152CCC35D8B
:20C5C000D74946D85BC5CA545EC0CF51D24C43DD51CFC05EDD434CD2D84649D754CAC55B6B
:20C5E00052CCC35DDE404FD1DB454AD457C9C658D44A45DB58C6C9575DC3CC52D14F40DE4B
:20C600002DB3BC22A13F30AEA43A35AB28B6B927AB353AA427B9B62822BCB32DAE303FA12A
:20C62000A83639A724BAB52B21BFB02EAD333CA22EB0BF21A23C33ADA73936A82BB5BA240A
:20C64000AE303FA122BCB32D27B9B628AB353AA428B6B927A43A35ABA13F30AE2DB3BC22EA
:20C660002BB5BA24A73936A8A23C33AD2EB0BF21AD333CA221BFB02E24BAB52BA83639A7CA
:20C6800052CCC35DDE404FD1DB454AD457C9C658D44A45DB58C6C9575DC3CC52D14F40DEAA
:20C6A000D74946D85BC5CA545EC0CF51D24C43DD51CFC05EDD434CD2D84649D754CAC55B8A
:20C6C000D14F40DE5DC3CC5258C6C957D44A45DB57C9C658DB454AD4DE404FD152CCC35D6A
:20C6E00054CAC55BD84649D7DD434CD251CFC05ED24C43DD5EC0CF515BC5CA54D74946D84A
:20C7000051CFC05EDD434CD2D84649D754CAC55BD74946D85BC5CA545EC0CF51D24C43DD29
:20C72000D44A45DB58C6C9575DC3CC52D14F40DE52CCC35DDE404FD1DB454AD457C9C65809
:20C74000D24C43DD5EC0CF515BC5CA54D74946D854CAC55BD84649D7DD434CD251CFC05EE9
:20C7600057C9C658DB454AD4DE404FD152CCC35DD14F40DE5DC3CC5258C6C957D44A45DBC9
:20C780002EB0BF21A23C33ADA73936A82BB5BA24A83639A724BAB52B21BFB02EAD333CA2A9
:20C7A000AB353AA427B9B62822BCB32DAE303FA12DB3BC22A13F30AEA43A35AB28B6B92789
:20C7C000AD333CA221BFB02E24BAB52BA83639A72BB5BA24A73936A8A23C33AD2EB0BF2169
:20C7E00028B6B927A43A35ABA13F30AE2DB3BC22AE303FA122BCB32D27B9B628AB353AA449
:20C8000058C6C957D44A45DBD14F40DE5DC3CC52DE404FD152CCC35D57C9C658DB454AD428
:20C82000DD434CD251CFC05E54CAC55BD84649D75BC5CA54D74946D8D24C43DD5EC0CF5108
:20C84000DB454AD457C9C65852CCC35DDE404FD15DC3CC52D14F40DED44A45DB58C6C957E8
:20C860005EC0CF51D24C43DDD74946D85BC5CA54D84649D754CAC55B51CFC05EDD434CD2C8
:20C8800027B9B628AB353AA4AE303FA122BCB32DA13F30AE2DB3BC2228B6B927A43A35ABA8
:20C8A000A23C33AD2EB0BF212BB5BA24A73936A824BAB52BA83639A7AD333CA221BFB02E88
:20C8C000A43A35AB28B6B9272DB3BC22A13F30AE22BCB32DAE303FA1AB353AA427B9B62868
:20C8E00021BFB02EAD333CA2A83639A724BAB52BA73936A82BB5BA242EB0BF21A23C33AD48
:20C9000024BAB52BA83639A7AD333CA221BFB02EA23C33AD2EB0BF212BB5BA24A73936A827
:20C92000A13F30AE2DB3BC2228B6B927A43A35AB27B9B628AB353AA4AE303FA122BCB32D07
:20C94000A73936A82BB5BA242EB0BF21A23C33AD21BFB02EAD333CA2A83639A724BAB52BE7
:20C9600022BCB32DAE303FA1AB353AA427B9B628A43A35AB28B6B9272DB3BC22A13F30AEC7
:20C980005BC5CA54D74946D8D24C43DD5EC0CF51DD434CD251CFC05E54CAC55BD84649D7A7
:20C9A000DE404FD152CCC35D57C9C658DB454AD458C6C957D44A45DBD14F40DE5DC3CC5287
:20C9C000D84649D754CAC55B51CFC05EDD434CD25EC0CF51D24C43DDD74946D85BC5CA5467
:20C9E0005DC3CC52D14F40DED44A45DB58C6C957DB454AD457C9C65852CCC35DDE404FD147
:20CA000022BCB32DAE303FA1AB353AA427B9B628A43A35AB28B6B9272DB3BC22A13F30AE26
:20CA2000A73936A82BB5BA242EB0BF21A23C33AD21BFB02EAD333CA2A83639A724BAB52B06
:20CA4000A13F30AE2DB3BC2228B6B927A43A35AB27B9B628AB353AA4AE303FA122BCB32DE6
:20CA600024BAB52BA83639A7AD333CA221BFB02EA23C33AD2EB0BF212BB5BA24A73936A8C6
:20CA80005DC3CC52D14F40DED44A45DB58C6C957DB454AD457C9C65852CCC35DDE404FD1A6
:20CAA000D84649D754CAC55B51CFC05EDD434CD25EC0CF51D24C43DDD74946D85BC5CA5486
:20CAC000DE404FD152CCC35D57C9C658DB454AD458C6C957D44A45DBD14F40DE5DC3CC5266
:20CAE0005BC5CA54D74946D8D24C43DD5EC0CF51DD434CD251CFC05E54CAC55BD84649D746
:20CB00005EC0CF51D24C43DDD74946D85BC5CA54D84649D754CAC55B51CFC05EDD434CD225
:20CB2000DB454AD457C9C65852CCC35DDE404FD15DC3CC52D14F40DED44A45DB58C6C95705
:20CB4000DD434CD251CFC05E54CAC55BD84649D75BC5CA54D74946D8D24C43DD5EC0CF51E5
:20CB600058C6C957D44A45DBD14F40DE5DC3CC52DE404FD152CCC35D57C9C658DB454AD4C5
:20CB800021BFB02EAD333CA2A83639A724BAB52BA73936A82BB5BA242EB0BF21A23C33ADA5
:20CBA000A43A35AB28B6B9272DB3BC22A13F30AE22BCB32DAE303FA1AB353AA427B9B62885
:20CBC000A23C33AD2EB0BF212BB5BA24A73936A824BAB52BA83639A7AD333CA221BFB02E65
:20CBE00027B9B628AB353AA4AE303FA122BCB32DA13F30AE2DB3BC2228B6B927A43A35AB45
:20CC000021BFB02EAD333CA2A83639A724BAB52BA73936A82BB5BA242EB0BF21A23C33AD24
:20CC2000A43A35AB28B6B9272DB3BC22A13F30AE22BCB32DAE303FA1AB353AA427B9B62804
:20CC4000A23C33AD2EB0BF212BB5BA24A73936A824BAB52BA83639A7AD333CA221BFB02EE4
:20CC600027B9B628AB353AA4AE303FA122BCB32DA13F30AE2DB3BC2228B6B927A43A35ABC4
:20CC80005EC0CF51D24C43DDD74946D85BC5CA54D84649D754CAC55B51CFC05EDD434CD2A4
:20CCA000DB454AD457C9C65852CCC35DDE404FD15DC3CC52D14F40DED44A45DB58C6C95784
:20CCC000DD434CD251CFC05E54CAC55BD84649D75BC5CA54D74946D8D24C43DD5EC0CF5164
:20CCE00058C6C957D44A45DBD14F40DE5DC3CC52DE404FD152CCC35D57C9C658DB454AD444
:20CD00005DC3CC52D14F40DED44A45DB58C6C957DB454AD457C9C65852CCC35DDE404FD123
:20CD2000D84649D754CAC55B51CFC05EDD434CD25EC0CF51D24C43DDD74946D85BC5CA5403
:20CD4000DE404FD152CCC35D57C9C658DB454AD458C6C957D44A45DBD14F40DE5DC3CC52E3
:20CD60005BC5CA54D74946D8D24C43DD5EC0CF51DD434CD251CFC05E54CAC55BD84649D7C3
:20CD800022BCB32DAE303FA1AB353AA427B9B628A43A35AB28B6B9272DB3BC22A13F30AEA3
:20CDA000A73936A82BB5BA242EB0BF21A23C33AD21BFB02EAD333CA2A83639A724BAB52B83
:20CDC000A13F30AE2DB3BC2228B6B927A43A35AB27B9B628AB353AA4AE303FA122BCB32D63
:20CDE00024BAB52BA83639A7AD333CA221BFB02EA23C33AD2EB0BF212BB5BA24A73936A843
:20CE00005BC5CA54D74946D8D24C43DD5EC0CF51DD434CD251CFC05E54CAC55BD84649D722
:20CE2000DE404FD152CCC35D57C9C658DB454AD458C6C957D44A45DBD14F40DE5DC3CC5202
:20CE4000D84649D754CAC55B51CFC05EDD434CD25EC0CF51D24C43DDD74946D85BC5CA54E2
:20CE60005DC3CC52D14F40DED44A45DB58C6C957DB454AD457C9C65852CCC35DDE404FD1C2
:20CE800024BAB52BA83639A7AD333CA221BFB02EA23C33AD2EB0BF212BB5BA24A73936A8A2
:20CEA000A13F30AE2DB3BC2228B6B927A43A35AB27B9B628AB353AA4AE303FA122BCB32D82
:20CEC000A73936A82BB5BA242EB0BF21A23C33AD21BFB02EAD333CA2A83639A724BAB52B62
:20CEE00022BCB32DAE303FA1AB353AA427B9B628A43A35AB28B6B9272DB3BC22A13F30AE42
:20CF000027B9B628AB353AA4AE303FA122BCB32DA13F30AE2DB3BC2228B6B927A43A35AB21
:20CF2000A23C33AD2EB0BF212BB5BA24A73936A824BAB52BA83639A7AD333CA221BFB02E01
:20CF4000A43A35AB28B6B9272DB3BC22A13F30AE22BCB32DAE303FA1AB353AA427B9B628E1
:20CF600021BFB02EAD333CA2A83639A724BAB52BA73936A82BB5BA242EB0BF21A23C33ADC1
:20CF800058C6C957D44A45DBD14F40DE5DC3CC52DE404FD152CCC35D57C9C658DB454AD4A1
:20CFA000DD434CD251CFC05E54CAC55BD84649D75BC5CA54D74946D8D24C43DD5EC0CF5181
:20CFC000DB454AD457C9C65852CCC35DDE404FD15DC3CC52D14F40DED44A45DB58C6C95761
:20CFE0005EC0CF51D24C43DDD74946D85BC5CA54D84649D754CAC55B51CFC05EDD434CD241
:20D000005DC3CC52D14F40DED44A45DB58C6C957DB454AD457C9C65852CCC35DDE404FD120
:20D02000D84649D754CAC55B51CFC05EDD434CD25EC0CF51D24C43DDD74946D85BC5CA5400
:20D04000DE404FD152CCC35D57C9C658DB454AD458C6C957D44A45DBD14F40DE5DC3CC52E0
:20D060005BC5CA54D74946D8D24C43DD5EC0CF51DD434CD251CFC05E54CAC55BD84649D7C0
:20D0800022BCB32DAE303FA1AB353AA427B9B628A43A35AB28B6B9272DB3BC22A13F30AEA0
:20D0A000A73936A82BB5BA242EB0BF21A23C33AD21BFB02EAD333CA2A83639A724BAB52B80
:20D0C000A13F30AE2DB3BC2228B6B927A43A35AB27B9B628AB353AA4AE303FA122BCB32D60
:20D0E00024BAB52BA83639A7AD333CA221BFB02EA23C33AD2EB0BF212BB5BA24A73936A840
:20D1000021BFB02EAD333CA2A83639A724BAB52BA73936A82BB5BA242EB0BF21A23C33AD1F
:20D12000A43A35AB28B6B9272DB3BC22A13F30AE22BCB32DAE303FA1AB353AA427B9B628FF
:20D14000A23C33AD2EB0BF212BB5BA24A73936A824BAB52BA83639A7AD333CA221BFB02EDF
:20D1600027B9B628AB353AA4AE303FA122BCB32DA13F30AE2DB3BC2228B6B927A43A35ABBF
:20D180005EC0CF51D24C43DDD74946D85BC5CA54D84649D754CAC55B51CFC05EDD434CD29F
:20D1A000DB454AD457C9C65852CCC35DDE404FD15DC3CC52D14F40DED44A45DB58C6C9577F
:20D1C000DD434CD251CFC05E54CAC55BD84649D75BC5CA54D74946D8D24C43DD5EC0CF515F
:20D1E00058C6C957D44A45DBD14F40DE5DC3CC52DE404FD152CCC35D57C9C658DB454AD43F
:20D2000027B9B628AB353AA4AE303FA122BCB32DA13F30AE2DB3BC2228B6B927A43A35AB1E
:20D22000A23C33AD2EB0BF212BB5BA24A73936A824BAB52BA83639A7AD333CA221BFB02EFE
:20D24000A43A35AB28B6B9272DB3BC22A13F30AE22BCB32DAE303FA1AB353AA427B9B628DE
:20D2600021BFB02EAD333CA2A83639A724BAB52BA73936A82BB5BA242EB0BF21A23C33ADBE
:20D2800058C6C957D44A45DBD14F40DE5DC3CC52DE404FD152CCC35D57C9C658DB454AD49E
:20D2A000DD434CD251CFC05E54CAC55BD84649D75BC5CA54D74946D8D24C43DD5EC0CF517E
:20D2C000DB454AD457C9C65852CCC35DDE404FD15DC3CC52D14F40DED44A45DB58C6C9575E
:20D2E0005EC0CF51D24C43DDD74946D85BC5CA54D84649D754CAC55B51CFC05EDD434CD23E
:20D300005BC5CA54D74946D8D24C43DD5EC0CF51DD434CD251CFC05E54CAC55BD84649D71D
:20D32000DE404FD152CCC35D57C9C658DB454AD458C6C957D44A45DBD14F40DE5DC3CC52FD
:20D34000D84649D754CAC55B51CFC05EDD434CD25EC0CF51D24C43DDD74946D85BC5CA54DD
:20D360005DC3CC52D14F40DED44A45DB58C6C957DB454AD457C9C65852CCC35DDE404FD1BD
:20D3800024BAB52BA83639A7AD333CA221BFB02EA23C33AD2EB0BF212BB5BA24A73936A89D
:20D3A000A13F30AE2DB3BC2228B6B927A43A35AB27B9B628AB353AA4AE303FA122BCB32D7D
:20D3C000A73936A82BB5BA242EB0BF21A23C33AD21BFB02EAD333CA2A83639A724BAB52B5D
:20D3E00022BCB32DAE303FA1AB353AA427B9B628A43A35AB28B6B9272DB3BC22A13F30AE3D
:20D4000024BAB52BA83639A7AD333CA221BFB02EA23C33AD2EB0BF212BB5BA24A73936A81C
:20D42000A13F30AE2DB3BC2228B6B927A43A35AB27B9B628AB353AA4AE303FA122BCB32DFC
:20D44000A73936A82BB5BA242EB0BF21A23C33AD21BFB02EAD333CA2A83639A724BAB52BDC
:20D4600022BCB32DAE303FA1AB353AA427B9B628A43A35AB28B6B9272DB3BC22A13F30AEBC
:20D480005BC5CA54D74946D8D24C43DD5EC0CF51DD434CD251CFC05E54CAC55BD84649D79C
:20D4A000DE404FD152CCC35D57C9C658DB454AD458C6C957D44A45DBD14F40DE5DC3CC527C
:20D4C000D84649D754CAC55B51CFC05EDD434CD25EC0CF51D24C43DDD74946D85BC5CA545C
:20D4E0005DC3CC52D14F40DED44A45DB58C6C957DB454AD457C9C65852CCC35DDE404FD13C
:20D5000058C6C957D44A45DBD14F40DE5DC3CC52DE404FD152CCC35D57C9C658DB454AD41B
:20D52000DD434CD251CFC05E54CAC55BD84649D75BC5CA54D74946D8D24C43DD5EC0CF51FB
:20D54000DB454AD457C9C65852CCC35DDE404FD15DC3CC52D14F40DED44A45DB58C6C957DB
:20D560005EC0CF51D24C43DDD74946D85BC5CA54D84649D754CAC55B51CFC05EDD434CD2BB
:20D5800027B9B628AB353AA4AE303FA122BCB32DA13F30AE2DB3BC2228B6B927A43A35AB9B
:20D5A000A23C33AD2EB0BF212BB5BA24A73936A824BAB52BA83639A7AD333CA221BFB02E7B
:20D5C000A43A35AB28B6B9272DB3BC22A13F30AE22BCB32DAE303FA1AB353AA427B9B6285B
:20D5E00021BFB02EAD333CA2A83639A724BAB52BA73936A82BB5BA242EB0BF21A23C33AD3B
:20D600005EC0CF51D24C43DDD74946D85BC5CA54D84649D754CAC55B51CFC05EDD434CD21A
:20D62000DB454AD457C9C65852CCC35DDE404FD15DC3CC52D14F40DED44A45DB58C6C957FA
:20D64000DD434CD251CFC05E54CAC55BD84649D75BC5CA54D74946D8D24C43DD5EC0CF51DA
:20D6600058C6C957D44A45DBD14F40DE5DC3CC52DE404FD152CCC35D57C9C658DB454AD4BA
:20D6800021BFB02EAD333CA2A83639A724BAB52BA73936A82BB5BA242EB0BF21A23C33AD9A
:20D6A000A43A35AB28B6B9272DB3BC22A13F30AE22BCB32DAE303FA1AB353AA427B9B6287A
:20D6C000A23C33AD2EB0BF212BB5BA24A73936A824BAB52BA83639A7AD333CA221BFB02E5A
:20D6E00027B9B628AB353AA4AE303FA122BCB32DA13F30AE2DB3BC2228B6B927A43A35AB3A
:20D7000022BCB32DAE303FA1AB353AA427B9B628A43A35AB28B6B9272DB3BC22A13F30AE19
:20D72000A73936A82BB5BA242EB0BF21A23C33AD21BFB02EAD333CA2A83639A724BAB52BF9
:20D74000A13F30AE2DB3BC2228B6B927A43A35AB27B9B628AB353AA4AE303FA122BCB32DD9
:20D7600024BAB52BA83639A7AD333CA221BFB02EA23C33AD2EB0BF212BB5BA24A73936A8B9
:20D780005DC3CC52D14F40DED44A45DB58C6C957DB454AD457C9C65852CCC35DDE404FD199
:20D7A000D84649D754CAC55B51CFC05EDD434CD25EC0CF51D24C43DDD74946D85BC5CA5479
:20D7C000DE404FD152CCC35D57C9C658DB454AD458C6C957D44A45DBD14F40DE5DC3CC5259
:20D7E0005BC5CA54D74946D8D24C43DD5EC0CF51DD434CD251CFC05E54CAC55BD84649D739
:20D800002BB5BA24A73936A8A23C33AD2EB0BF21AD333CA221BFB02E24BAB52BA83639A718
:20D82000AE303FA122BCB32D27B9B628AB353AA428B6B927A43A35ABA13F30AE2DB3BC22F8
:20D84000A83639A724BAB52B21BFB02EAD333CA22EB0BF21A23C33ADA73936A82BB5BA24D8
:20D860002DB3BC22A13F30AEA43A35AB28B6B927AB353AA427B9B62822BCB32DAE303FA1B8
:20D8800054CAC55BD84649D7DD434CD251CFC05ED24C43DD5EC0CF515BC5CA54D74946D898
:20D8A000D14F40DE5DC3CC5258C6C957D44A45DB57C9C658DB454AD4DE404FD152CCC35D78
:20D8C000D74946D85BC5CA545EC0CF51D24C43DD51CFC05EDD434CD2D84649D754CAC55B58
:20D8E00052CCC35DDE404FD1DB454AD457C9C658D44A45DB58C6C9575DC3CC52D14F40DE38
:20D9000057C9C658DB454AD4DE404FD152CCC35DD14F40DE5DC3CC5258C6C957D44A45DB17
:20D92000D24C43DD5EC0CF515BC5CA54D74946D854CAC55BD84649D7DD434CD251CFC05EF7
:20D94000D44A45DB58C6C9575DC3CC52D14F40DE52CCC35DDE404FD1DB454AD457C9C658D7
:20D9600051CFC05EDD434CD2D84649D754CAC55BD74946D85BC5CA545EC0CF51D24C43DDB7
:20D9800028B6B927A43A35ABA13F30AE2DB3BC22AE303FA122BCB32D27B9B628AB353AA497
:20D9A000AD333CA221BFB02E24BAB52BA83639A72BB5BA24A73936A8A23C33AD2EB0BF2177
:20D9C000AB353AA427B9B62822BCB32DAE303FA12DB3BC22A13F30AEA43A35AB28B6B92757
:20D9E0002EB0BF21A23C33ADA73936A82BB5BA24A83639A724BAB52B21BFB02EAD333CA237
:20DA000051CFC05EDD434CD2D84649D754CAC55BD74946D85BC5CA545EC0CF51D24C43DD16
:20DA2000D44A45DB58C6C9575DC3CC52D14F40DE52CCC35DDE404FD1DB454AD457C9C658F6
:20DA4000D24C43DD5EC0CF515BC5CA54D74946D854CAC55BD84649D7DD434CD251CFC05ED6
:20DA600057C9C658DB454AD4DE404FD152CCC35DD14F40DE5DC3CC5258C6C957D44A45DBB6
:20DA80002EB0BF21A23C33ADA73936A82BB5BA24A83639A724BAB52B21BFB02EAD333CA296
:20DAA000AB353AA427B9B62822BCB32DAE303FA12DB3BC22A13F30AEA43A35AB28B6B92776
:20DAC000AD333CA221BFB02E24BAB52BA83639A72BB5BA24A73936A8A23C33AD2EB0BF2156
:20DAE00028B6B927A43A35ABA13F30AE2DB3BC22AE303FA122BCB32D27B9B628AB353AA436
:20DB00002DB3BC22A13F30AEA43A35AB28B6B927AB353AA427B9B62822BCB32DAE303FA115
:20DB2000A83639A724BAB52B21BFB02EAD333CA22EB0BF21A23C33ADA73936A82BB5BA24F5
:20DB4000AE303FA122BCB32D27B9B628AB353AA428B6B927A43A35ABA13F30AE2DB3BC22D5
:20DB60002BB5BA24A73936A8A23C33AD2EB0BF21AD333CA221BFB02E24BAB52BA83639A7B5
:20DB800052CCC35DDE404FD1DB454AD457C9C658D44A45DB58C6C9575DC3CC52D14F40DE95
:20DBA000D74946D85BC5CA545EC0CF51D24C43DD51CFC05EDD434CD2D84649D754CAC55B75
:20DBC000D14F40DE5DC3CC5258C6C957D44A45DB57C9C658DB454AD4DE404FD152CCC35D55
:20DBE00054CAC55BD84649D7DD434CD251CFC05ED24C43DD5EC0CF515BC5CA54D74946D835
:20DC000052CCC35DDE404FD1DB454AD457C9C658D44A45DB58C6C9575DC3CC52D14F40DE14
:20DC2000D74946D85BC5CA545EC0CF51D24C43DD51CFC05EDD434CD2D84649D754CAC55BF4
:20DC4000D14F40DE5DC3CC5258C6C957D44A45DB57C9C658DB454AD4DE404FD152CCC35DD4
:20DC600054CAC55BD84649D7DD434CD251CFC05ED24C43DD5EC0CF515BC5CA54D74946D8B4
:20DC80002DB3BC22A13F30AEA43A35AB28B6B927AB353AA427B9B62822BCB32DAE303FA194
:20DCA000A83639A724BAB52B21BFB02EAD333CA22EB0BF21A23C33ADA73936A82BB5BA2474
:20DCC000AE303FA122BCB32D27B9B628AB353AA428B6B927A43A35ABA13F30AE2DB3BC2254
:20DCE0002BB5BA24A73936A8A23C33AD2EB0BF21AD333CA221BFB02E24BAB52BA83639A734
:20DD00002EB0BF21A23C33ADA73936A82BB5BA24A83639A724BAB52B21BFB02EAD333CA213
:20DD2000AB353AA427B9B62822BCB32DAE303FA12DB3BC22A13F30AEA43A35AB28B6B927F3
:20DD4000AD333CA221BFB02E24BAB52BA83639A72BB5BA24A73936A8A23C33AD2EB0BF21D3
:20DD600028B6B927A43A35ABA13F30AE2DB3BC22AE303FA122BCB32D27B9B628AB353AA4B3
:20DD800051CFC05EDD434CD2D84649D754CAC55BD74946D85BC5CA545EC0CF51D24C43DD93
:20DDA000D44A45DB58C6C9575DC3CC52D14F40DE52CCC35DDE404FD1DB454AD457C9C65873
:20DDC000D24C43DD5EC0CF515BC5CA54D74946D854CAC55BD84649D7DD434CD251CFC05E53
:20DDE00057C9C658DB454AD4DE404FD152CCC35DD14F40DE5DC3CC5258C6C957D44A45DB33
:20DE000028B6B927A43A35ABA13F30AE2DB3BC22AE303FA122BCB32D27B9B628AB353AA412
:20DE2000AD333CA221BFB02E24BAB52BA83639A72BB5BA24A73936A8A23C33AD2EB0BF21F2
:20DE4000AB353AA427B9B62822BCB32DAE303FA12DB3BC22A13F30AEA43A35AB28B6B927D2
:20DE60002EB0BF21A23C33ADA73936A82BB5BA24A83639A724BAB52B21BFB02EAD333CA2B2
:20DE800057C9C658DB454AD4DE404FD152CCC35DD14F40DE5DC3CC5258C6C957D44A45DB92
:20DEA000D24C43DD5EC0CF515BC5CA54D74946D854CAC55BD84649D7DD434CD251CFC05E72
:20DEC000D44A45DB58C6C9575DC3CC52D14F40DE52CCC35DDE404FD1DB454AD457C9C65852
:20DEE00051CFC05EDD434CD2D84649D754CAC55BD74946D85BC5CA545EC0CF51D24C43DD32
:20DF000054CAC55BD84649D7DD434CD251CFC05ED24C43DD5EC0CF515BC5CA54D74946D811
:20DF2000D14F40DE5DC3CC5258C6C957D44A45DB57C9C658DB454AD4DE404FD152CCC35DF1
:20DF4000D74946D85BC5CA545EC0CF51D24C43DD51CFC05EDD434CD2D84649D754CAC55BD1
:20DF600052CCC35DDE404FD1DB454AD457C9C658D44A45DB58C6C9575DC3CC52D14F40DEB1
:20DF80002BB5BA24A73936A8A23C33AD2EB0BF21AD333CA221BFB02E24BAB52BA83639A791
:20DFA000AE303FA122BCB32D27B9B628AB353AA428B6B927A43A35ABA13F30AE2DB3BC2271
:20DFC000A83639A724BAB52B21BFB02EAD333CA22EB0BF21A23C33ADA73936A82BB5BA2451
:20DFE0002DB3BC22A13F30AEA43A35AB28B6B927AB353AA427B9B62822BCB32DAE303FA131
:20E0000040DED14FCC525DC3C95758C645DBD44AC65857C94AD4DB454FD1DE40C35D52CC10
:20E02000C55B54CA49D7D8464CD2DD43C05E51CF43DDD24CCF515EC0CA545BC546D8D749F0
:20E04000C35D52CC4FD1DE404AD4DB45C65857C945DBD44AC95758C6CC525DC340DED14FD0
:20E0600046D8D749CA545BC5CF515EC043DDD24CC05E51CF4CD2DD4349D7D846C55B54CAB0
:20E080003FA1AE30B32D22BCB62827B93AA4AB35B92728B635ABA43A30AEA13FBC222DB390
:20E0A000BA242BB536A8A73933ADA23CBF212EB03CA2AD33B02E21BFB52B24BA39A7A83670
:20E0C000BC222DB330AEA13F35ABA43AB92728B63AA4AB35B62827B9B32D22BC3FA1AE3050
:20E0E00039A7A836B52B24BAB02E21BF3CA2AD33BF212EB033ADA23C36A8A739BA242BB530
:20E100003CA2AD33B02E21BFB52B24BA39A7A836BA242BB536A8A73933ADA23CBF212EB00F
:20E12000B92728B635ABA43A30AEA13FBC222DB33FA1AE30B32D22BCB62827B93AA4AB35EF
:20E14000BF212EB033ADA23C36A8A739BA242BB539A7A836B52B24BAB02E21BF3CA2AD33CF
:20E160003AA4AB35B62827B9B32D22BC3FA1AE30BC222DB330AEA13F35ABA43AB92728B6AF
:20E1800043DDD24CCF515EC0CA545BC546D8D749C55B54CA49D7D8464CD2DD43C05E51CF8F
:20E1A000C65857C94AD4DB454FD1DE40C35D52CC40DED14FCC525DC3C95758C645DBD44A6F
:20E1C000C05E51CF4CD2DD4349D7D846C55B54CA46D8D749CA545BC5CF515EC043DDD24C4F
:20E1E00045DBD44AC95758C6CC525DC340DED14FC35D52CC4FD1DE404AD4DB45C65857C92F
:20E200003AA4AB35B62827B9B32D22BC3FA1AE30BC222DB330AEA13F35ABA43AB92728B60E
:20E22000BF212EB033ADA23C36A8A739BA242BB539A7A836B52B24BAB02E21BF3CA2AD33EE
:20E24000B92728B635ABA43A30AEA13FBC222DB33FA1AE30B32D22BCB62827B93AA4AB35CE
:20E260003CA2AD33B02E21BFB52B24BA39A7A836BA242BB536A8A73933ADA23CBF212EB0AE
:20E2800045DBD44AC95758C6CC525DC340DED14FC35D52CC4FD1DE404AD4DB45C65857C98E
:20E2A000C05E51CF4CD2DD4349D7D846C55B54CA46D8D749CA545BC5CF515EC043DDD24C6E
:20E2C000C65857C94AD4DB454FD1DE40C35D52CC40DED14FCC525DC3C95758C645DBD44A4E
:20E2E00043DDD24CCF515EC0CA545BC546D8D749C55B54CA49D7D8464CD2DD43C05E51CF2E
:20E3000046D8D749CA545BC5CF515EC043DDD24CC05E51CF4CD2DD4349D7D846C55B54CA0D
:20E32000C35D52CC4FD1DE404AD4DB45C65857C945DBD44AC95758C6CC525DC340DED14FED
:20E34000C55B54CA49D7D8464CD2DD43C05E51CF43DDD24CCF515EC0CA545BC546D8D749CD
:20E3600040DED14FCC525DC3C95758C645DBD44AC65857C94AD4DB454FD1DE40C35D52CCAD
:20E3800039A7A836B52B24BAB02E21BF3CA2AD33BF212EB033ADA23C36A8A739BA242BB58D
:20E3A000BC222DB330AEA13F35ABA43AB92728B63AA4AB35B62827B9B32D22BC3FA1AE306D
:20E3C000BA242BB536A8A73933ADA23CBF212EB03CA2AD33B02E21BFB52B24BA39A7A8364D
:20E3E0003FA1AE30B32D22BCB62827B93AA4AB35B92728B635ABA43A30AEA13FBC222DB32D
:20E4000039A7A836B52B24BAB02E21BF3CA2AD33BF212EB033ADA23C36A8A739BA242BB50C
:20E42000BC222DB330AEA13F35ABA43AB92728B63AA4AB35B62827B9B32D22BC3FA1AE30EC
:20E44000BA242BB536A8A73933ADA23CBF212EB03CA2AD33B02E21BFB52B24BA39A7A836CC
:20E460003FA1AE30B32D22BCB62827B93AA4AB35B92728B635ABA43A30AEA13FBC222DB3AC
:20E4800046D8D749CA545BC5CF515EC043DDD24CC05E51CF4CD2DD4349D7D846C55B54CA8C
:20E4A000C35D52CC4FD1DE404AD4DB45C65857C945DBD44AC95758C6CC525DC340DED14F6C
:20E4C000C55B54CA49D7D8464CD2DD43C05E51CF43DDD24CCF515EC0CA545BC546D8D7494C
:20E4E00040DED14FCC525DC3C95758C645DBD44AC65857C94AD4DB454FD1DE40C35D52CC2C
:20E5000045DBD44AC95758C6CC525DC340DED14FC35D52CC4FD1DE404AD4DB45C65857C90B
:20E52000C05E51CF4CD2DD4349D7D846C55B54CA46D8D749CA545BC5CF515EC043DDD24CEB
:20E54000C65857C94AD4DB454FD1DE40C35D52CC40DED14FCC525DC3C95758C645DBD44ACB
:20E5600043DDD24CCF515EC0CA545BC546D8D749C55B54CA49D7D8464CD2DD43C05E51CFAB
:20E580003AA4AB35B62827B9B32D22BC3FA1AE30BC222DB330AEA13F35ABA43AB92728B68B
:20E5A000BF212EB033ADA23C36A8A739BA242BB539A7A836B52B24BAB02E21BF3CA2AD336B
:20E5C000B92728B635ABA43A30AEA13FBC222DB33FA1AE30B32D22BCB62827B93AA4AB354B
:20E5E0003CA2AD33B02E21BFB52B24BA39A7A836BA242BB536A8A73933ADA23CBF212EB02B
:20E6000043DDD24CCF515EC0CA545BC546D8D749C55B54CA49D7D8464CD2DD43C05E51CF0A
:20E62000C65857C94AD4DB454FD1DE40C35D52CC40DED14FCC525DC3C95758C645DBD44AEA
:20E64000C05E51CF4CD2DD4349D7D846C55B54CA46D8D749CA545BC5CF515EC043DDD24CCA
:20E6600045DBD44AC95758C6CC525DC340DED14FC35D52CC4FD1DE404AD4DB45C65857C9AA
:20E680003CA2AD33B02E21BFB52B24BA39A7A836BA242BB536A8A73933ADA23CBF212EB08A
:20E6A000B92728B635ABA43A30AEA13FBC222DB33FA1AE30B32D22BCB62827B93AA4AB356A
:20E6C000BF212EB033ADA23C36A8A739BA242BB539A7A836B52B24BAB02E21BF3CA2AD334A
:20E6E0003AA4AB35B62827B9B32D22BC3FA1AE30BC222DB330AEA13F35ABA43AB92728B62A
:20E700003FA1AE30B32D22BCB62827B93AA4AB35B92728B635ABA43A30AEA13FBC222DB309
:20E72000BA242BB536A8A73933ADA23CBF212EB03CA2AD33B02E21BFB52B24BA39A7A836E9
:20E74000BC222DB330AEA13F35ABA43AB92728B63AA4AB35B62827B9B32D22BC3FA1AE30C9
:20E7600039A7A836B52B24BAB02E21BF3CA2AD33BF212EB033ADA23C36A8A739BA242BB5A9
:20E7800040DED14FCC525DC3C95758C645DBD44AC65857C94AD4DB454FD1DE40C35D52CC89
:20E7A000C55B54CA49D7D8464CD2DD43C05E51CF43DDD24CCF515EC0CA545BC546D8D74969
:20E7C000C35D52CC4FD1DE404AD4DB45C65857C945DBD44AC95758C6CC525DC340DED14F49
:20E7E00046D8D749CA545BC5CF515EC043DDD24CC05E51CF4CD2DD4349D7D846C55B54CA29
:20E8000036A8A739BA242BB5BF212EB033ADA23CB02E21BF3CA2AD3339A7A836B52B24BA08
:20E82000B32D22BC3FA1AE303AA4AB35B62827B935ABA43AB92728B6BC222DB330AEA13FE8
:20E84000B52B24BA39A7A8363CA2AD33B02E21BF33ADA23CBF212EB0BA242BB536A8A739C8
:20E8600030AEA13FBC222DB3B92728B635ABA43AB62827B93AA4AB353FA1AE30B32D22BCA8
:20E8800049D7D846C55B54CAC05E51CF4CD2DD43CF515EC043DDD24C46D8D749CA545BC588
:20E8A000CC525DC340DED14F45DBD44AC95758C64AD4DB45C65857C9C35D52CC4FD1DE4068
:20E8C000CA545BC546D8D74943DDD24CCF515EC04CD2DD43C05E51CFC55B54CA49D7D84648
:20E8E0004FD1DE40C35D52CCC65857C94AD4DB45C95758C645DBD44A40DED14FCC525DC328
:20E900004AD4DB45C65857C9C35D52CC4FD1DE40CC525DC340DED14F45DBD44AC95758C607
:20E92000CF515EC043DDD24C46D8D749CA545BC549D7D846C55B54CAC05E51CF4CD2DD43E7
:20E94000C95758C645DBD44A40DED14FCC525DC34FD1DE40C35D52CCC65857C94AD4DB45C7
:20E960004CD2DD43C05E51CFC55B54CA49D7D846CA545BC546D8D74943DDD24CCF515EC0A7
:20E9800035ABA43AB92728B6BC222DB330AEA13FB32D22BC3FA1AE303AA4AB35B62827B987
:20E9A000B02E21BF3CA2AD3339A7A836B52B24BA36A8A739BA242BB5BF212EB033ADA23C67
:20E9C000B62827B93AA4AB353FA1AE30B32D22BC30AEA13FBC222DB3B92728B635ABA43A47
:20E9E00033ADA23CBF212EB0BA242BB536A8A739B52B24BA39A7A8363CA2AD33B02E21BF27
:20EA00004CD2DD43C05E51CFC55B54CA49D7D846CA545BC546D8D74943DDD24CCF515EC006
:20EA2000C95758C645DBD44A40DED14FCC525DC34FD1DE40C35D52CCC65857C94AD4DB45E6
:20EA4000CF515EC043DDD24C46D8D749CA545BC549D7D846C55B54CAC05E51CF4CD2DD43C6
:20EA60004AD4DB45C65857C9C35D52CC4FD1DE40CC525DC340DED14F45DBD44AC95758C6A6
:20EA800033ADA23CBF212EB0BA242BB536A8A739B52B24BA39A7A8363CA2AD33B02E21BF86
:20EAA000B62827B93AA4AB353FA1AE30B32D22BC30AEA13FBC222DB3B92728B635ABA43A66
:20EAC000B02E21BF3CA2AD3339A7A836B52B24BA36A8A739BA242BB5BF212EB033ADA23C46
:20EAE00035ABA43AB92728B6BC222DB330AEA13FB32D22BC3FA1AE303AA4AB35B62827B926
:20EB000030AEA13FBC222DB3B92728B635ABA43AB62827B93AA4AB353FA1AE30B32D22BC05
:20EB2000B52B24BA39A7A8363CA2AD33B02E21BF33ADA23CBF212EB0BA242BB536A8A739E5
:20EB4000B32D22BC3FA1AE303AA4AB35B62827B935ABA43AB92728B6BC222DB330AEA13FC5
:20EB600036A8A739BA242BB5BF212EB033ADA23CB02E21BF3CA2AD3339A7A836B52B24BAA5
:20EB80004FD1DE40C35D52CCC65857C94AD4DB45C95758C645DBD44A40DED14FCC525DC385
:20EBA000CA545BC546D8D74943DDD24CCF515EC04CD2DD43C05E51CFC55B54CA49D7D84665
:20EBC000CC525DC340DED14F45DBD44AC95758C64AD4DB45C65857C9C35D52CC4FD1DE4045
:20EBE00049D7D846C55B54CAC05E51CF4CD2DD43CF515EC043DDD24C46D8D749CA545BC525
:20EC00004FD1DE40C35D52CCC65857C94AD4DB45C95758C645DBD44A40DED14FCC525DC304
:20EC2000CA545BC546D8D74943DDD24CCF515EC04CD2DD43C05E51CFC55B54CA49D7D846E4
:20EC4000CC525DC340DED14F45DBD44AC95758C64AD4DB45C65857C9C35D52CC4FD1DE40C4
:20EC600049D7D846C55B54CAC05E51CF4CD2DD43CF515EC043DDD24C46D8D749CA545BC5A4
:20EC800030AEA13FBC222DB3B92728B635ABA43AB62827B93AA4AB353FA1AE30B32D22BC84
:20ECA000B52B24BA39A7A8363CA2AD33B02E21BF33ADA23CBF212EB0BA242BB536A8A73964
:20ECC000B32D22BC3FA1AE303AA4AB35B62827B935ABA43AB92728B6BC222DB330AEA13F44
:20ECE00036A8A739BA242BB5BF212EB033ADA23CB02E21BF3CA2AD3339A7A836B52B24BA24
:20ED000033ADA23CBF212EB0BA242BB536A8A739B52B24BA39A7A8363CA2AD33B02E21BF03
:20ED2000B62827B93AA4AB353FA1AE30B32D22BC30AEA13FBC222DB3B92728B635ABA43AE3
:20ED4000B02E21BF3CA2AD3339A7A836B52B24BA36A8A739BA242BB5BF212EB033ADA23CC3
:20ED600035ABA43AB92728B6BC222DB330AEA13FB32D22BC3FA1AE303AA4AB35B62827B9A3
:20ED80004CD2DD43C05E51CFC55B54CA49D7D846CA545BC546D8D74943DDD24CCF515EC083
:20EDA000C95758C645DBD44A40DED14FCC525DC34FD1DE40C35D52CCC65857C94AD4DB4563
:20EDC000CF515EC043DDD24C46D8D749CA545BC549D7D846C55B54CAC05E51CF4CD2DD4343
:20EDE0004AD4DB45C65857C9C35D52CC4FD1DE40CC525DC340DED14F45DBD44AC95758C623
:20EE000035ABA43AB92728B6BC222DB330AEA13FB32D22BC3FA1AE303AA4AB35B62827B902
:20EE2000B02E21BF3CA2AD3339A7A836B52B24BA36A8A739BA242BB5BF212EB033ADA23CE2
:20EE4000B62827B93AA4AB353FA1AE30B32D22BC30AEA13FBC222DB3B92728B635ABA43AC2
:20EE600033ADA23CBF212EB0BA242BB536A8A739B52B24BA39A7A8363CA2AD33B02E21BFA2
:20EE80004AD4DB45C65857C9C35D52CC4FD1DE40CC525DC340DED14F45DBD44AC95758C682
:20EEA000CF515EC043DDD24C46D8D749CA545BC549D7D846C55B54CAC05E51CF4CD2DD4362
:20EEC000C95758C645DBD44A40DED14FCC525DC34FD1DE40C35D52CCC65857C94AD4DB4542
:20EEE0004CD2DD43C05E51CFC55B54CA49D7D846CA545BC546D8D74943DDD24CCF515EC022
:20EF000049D7D846C55B54CAC05E51CF4CD2DD43CF515EC043DDD24C46D8D749CA545BC501
:20EF2000CC525DC340DED14F45DBD44AC95758C64AD4DB45C65857C9C35D52CC4FD1DE40E1
:20EF4000CA545BC546D8D74943DDD24CCF515EC04CD2DD43C05E51CFC55B54CA49D7D846C1
:20EF60004FD1DE40C35D52CCC65857C94AD4DB45C95758C645DBD44A40DED14FCC525DC3A1
:20EF800036A8A739BA242BB5BF212EB033ADA23CB02E21BF3CA2AD3339A7A836B52B24BA81
:20EFA000B32D22BC3FA1AE303AA4AB35B62827B935ABA43AB92728B6BC222DB330AEA13F61
:20EFC000B52B24BA39A7A8363CA2AD33B02E21BF33ADA23CBF212EB0BA242BB536A8A73941
:20EFE00030AEA13FBC222DB3B92728B635ABA43AB62827B93AA4AB353FA1AE30B32D22BC21
:20F0000033ADA23CBF212EB0BA242BB536A8A739B52B24BA39A7A8363CA2AD33B02E21BF00
:20F02000B62827B93AA4AB353FA1AE30B32D22BC30AEA13FBC222DB3B92728B635ABA43AE0
:20F04000B02E21BF3CA2AD3339A7A836B52B24BA36A8A739BA242BB5BF212EB033ADA23CC0
:20F0600035ABA43AB92728B6BC222DB330AEA13FB32D22BC3FA1AE303AA4AB35B62827B9A0
:20F080004CD2DD43C05E51CFC55B54CA49D7D846CA545BC546D8D74943DDD24CCF515EC080
:20F0A000C95758C645DBD44A40DED14FCC525DC34FD1DE40C35D52CCC65857C94AD4DB4560
:20F0C000CF515EC043DDD24C46D8D749CA545BC549D7D846C55B54CAC05E51CF4CD2DD4340
:20F0E0004AD4DB45C65857C9C35D52CC4FD1DE40CC525DC340DED14F45DBD44AC95758C620
:20F100004FD1DE40C35D52CCC65857C94AD4DB45C95758C645DBD44A40DED14FCC525DC3FF
:20F12000CA545BC546D8D74943DDD24CCF515EC04CD2DD43C05E51CFC55B54CA49D7D846DF
:20F14000CC525DC340DED14F45DBD44AC95758C64AD4DB45C65857C9C35D52CC4FD1DE40BF
:20F1600049D7D846C55B54CAC05E51CF4CD2DD43CF515EC043DDD24C46D8D749CA545BC59F
:20F1800030AEA13FBC222DB3B92728B635ABA43AB62827B93AA4AB353FA1AE30B32D22BC7F
:20F1A000B52B24BA39A7A8363CA2AD33B02E21BF33ADA23CBF212EB0BA242BB536A8A7395F
:20F1C000B32D22BC3FA1AE303AA4AB35B62827B935ABA43AB92728B6BC222DB330AEA13F3F
:20F1E00036A8A739BA242BB5BF212EB033ADA23CB02E21BF3CA2AD3339A7A836B52B24BA1F
:20F2000049D7D846C55B54CAC05E51CF4CD2DD43CF515EC043DDD24C46D8D749CA545BC5FE
:20F22000CC525DC340DED14F45DBD44AC95758C64AD4DB45C65857C9C35D52CC4FD1DE40DE
:20F24000CA545BC546D8D74943DDD24CCF515EC04CD2DD43C05E51CFC55B54CA49D7D846BE
:20F260004FD1DE40C35D52CCC65857C94AD4DB45C95758C645DBD44A40DED14FCC525DC39E
:20F2800036A8A739BA242BB5BF212EB033ADA23CB02E21BF3CA2AD3339A7A836B52B24BA7E
:20F2A000B32D22BC3FA1AE303AA4AB35B62827B935ABA43AB92728B6BC222DB330AEA13F5E
:20F2C000B52B24BA39A7A8363CA2AD33B02E21BF33ADA23CBF212EB0BA242BB536A8A7393E
:20F2E00030AEA13FBC222DB3B92728B635ABA43AB62827B93AA4AB353FA1AE30B32D22BC1E
:20F3000035ABA43AB92728B6BC222DB330AEA13FB32D22BC3FA1AE303AA4AB35B62827B9FD
:20F32000B02E21BF3CA2AD3339A7A836B52B24BA36A8A739BA242BB5BF212EB033ADA23CDD
:20F34000B62827B93AA4AB353FA1AE30B32D22BC30AEA13FBC222DB3B92728B635ABA43ABD
:20F3600033ADA23CBF212EB0BA242BB536A8A739B52B24BA39A7A8363CA2AD33B02E21BF9D
:20F380004AD4DB45C65857C9C35D52CC4FD1DE40CC525DC340DED14F45DBD44AC95758C67D
:20F3A000CF515EC043DDD24C46D8D749CA545BC549D7D846C55B54CAC05E51CF4CD2DD435D
:20F3C000C95758C645DBD44A40DED14FCC525DC34FD1DE40C35D52CCC65857C94AD4DB453D
:20F3E0004CD2DD43C05E51CFC55B54CA49D7D846CA545BC546D8D74943DDD24CCF515EC01D
:20F400004AD4DB45C65857C9C35D52CC4FD1DE40CC525DC340DED14F45DBD44AC95758C6FC
:20F42000CF515EC043DDD24C46D8D749CA545BC549D7D846C55B54CAC05E51CF4CD2DD43DC
:20F44000C95758C645DBD44A40DED14FCC525DC34FD1DE40C35D52CCC65857C94AD4DB45BC
:20F460004CD2DD43C05E51CFC55B54CA49D7D846CA545BC546D8D74943DDD24CCF515EC09C
:20F4800035ABA43AB92728B6BC222DB330AEA13FB32D22BC3FA1AE303AA4AB35B62827B97C
:20F4A000B02E21BF3CA2AD3339A7A836B52B24BA36A8A739BA242BB5BF212EB033ADA23C5C
:20F4C000B62827B93AA4AB353FA1AE30B32D22BC30AEA13FBC222DB3B92728B635ABA43A3C
:20F4E00033ADA23CBF212EB0BA242BB536A8A739B52B24BA39A7A8363CA2AD33B02E21BF1C
:20F5000036A8A739BA242BB5BF212EB033ADA23CB02E21BF3CA2AD3339A7A836B52B24BAFB
:20F52000B32D22BC3FA1AE303AA4AB35B62827B935ABA43AB92728B6BC222DB330AEA13FDB
:20F54000B52B24BA39A7A8363CA2AD33B02E21BF33ADA23CBF212EB0BA242BB536A8A739BB
:20F5600030AEA13FBC222DB3B92728B635ABA43AB62827B93AA4AB353FA1AE30B32D22BC9B
:20F5800049D7D846C55B54CAC05E51CF4CD2DD43CF515EC043DDD24C46D8D749CA545BC57B
:20F5A000CC525DC340DED14F45DBD44AC95758C64AD4DB45C65857C9C35D52CC4FD1DE405B
:20F5C000CA545BC546D8D74943DDD24CCF515EC04CD2DD43C05E51CFC55B54CA49D7D8463B
:20F5E0004FD1DE40C35D52CCC65857C94AD4DB45C95758C645DBD44A40DED14FCC525DC31B
:20F6000030AEA13FBC222DB3B92728B635ABA43AB62827B93AA4AB353FA1AE30B32D22BCFA
:20F62000B52B24BA39A7A8363CA2AD33B02E21BF33ADA23CBF212EB0BA242BB536A8A739DA
:20F64000B32D22BC3FA1AE303AA4AB35B62827B935ABA43AB92728B6BC222DB330AEA13FBA
:20F6600036A8A739BA242BB5BF212EB033ADA23CB02E21BF3CA2AD3339A7A836B52B24BA9A
:20F680004FD1DE40C35D52CCC65857C94AD4DB45C95758C645DBD44A40DED14FCC525DC37A
:20F6A000CA545BC546D8D74943DDD24CCF515EC04CD2DD43C05E51CFC55B54CA49D7D8465A
:20F6C000CC525DC340DED14F45DBD44AC95758C64AD4DB45C65857C9C35D52CC4FD1DE403A
:20F6E00049D7D846C55B54CAC05E51CF4CD2DD43CF515EC043DDD24C46D8D749CA545BC51A
:20F700004CD2DD43C05E51CFC55B54CA49D7D846CA545BC546D8D74943DDD24CCF515EC0F9
:20F72000C95758C645DBD44A40DED14FCC525DC34FD1DE40C35D52CCC65857C94AD4DB45D9
:20F74000CF515EC043DDD24C46D8D749CA545BC549D7D846C55B54CAC05E51CF4CD2DD43B9
:20F760004AD4DB45C65857C9C35D52CC4FD1DE40CC525DC340DED14F45DBD44AC95758C699
:20F7800033ADA23CBF212EB0BA242BB536A8A739B52B24BA39A7A8363CA2AD33B02E21BF79
:20F7A000B62827B93AA4AB353FA1AE30B32D22BC30AEA13FBC222DB3B92728B635ABA43A59
:20F7C000B02E21BF3CA2AD3339A7A836B52B24BA36A8A739BA242BB5BF212EB033ADA23C39
:20F7E00035ABA43AB92728B6BC222DB330AEA13FB32D22BC3FA1AE303AA4AB35B62827B919
:20F8000045DBD44AC95758C6CC525DC340DED14FC35D52CC4FD1DE404AD4DB45C65857C9F8
:20F82000C05E51CF4CD2DD4349D7D846C55B54CA46D8D749CA545BC5CF515EC043DDD24CD8
:20F84000C65857C94AD4DB454FD1DE40C35D52CC40DED14FCC525DC3C95758C645DBD44AB8
:20F8600043DDD24CCF515EC0CA545BC546D8D749C55B54CA49D7D8464CD2DD43C05E51CF98
:20F880003AA4AB35B62827B9B32D22BC3FA1AE30BC222DB330AEA13F35ABA43AB92728B678
:20F8A000BF212EB033ADA23C36A8A739BA242BB539A7A836B52B24BAB02E21BF3CA2AD3358
:20F8C000B92728B635ABA43A30AEA13FBC222DB33FA1AE30B32D22BCB62827B93AA4AB3538
:20F8E0003CA2AD33B02E21BFB52B24BA39A7A836BA242BB536A8A73933ADA23CBF212EB018
:20F9000039A7A836B52B24BAB02E21BF3CA2AD33BF212EB033ADA23C36A8A739BA242BB5F7
:20F92000BC222DB330AEA13F35ABA43AB92728B63AA4AB35B62827B9B32D22BC3FA1AE30D7
:20F94000BA242BB536A8A73933ADA23CBF212EB03CA2AD33B02E21BFB52B24BA39A7A836B7
:20F960003FA1AE30B32D22BCB62827B93AA4AB35B92728B635ABA43A30AEA13FBC222DB397
:20F9800046D8D749CA545BC5CF515EC043DDD24CC05E51CF4CD2DD4349D7D846C55B54CA77
:20F9A000C35D52CC4FD1DE404AD4DB45C65857C945DBD44AC95758C6CC525DC340DED14F57
:20F9C000C55B54CA49D7D8464CD2DD43C05E51CF43DDD24CCF515EC0CA545BC546D8D74937
:20F9E00040DED14FCC525DC3C95758C645DBD44AC65857C94AD4DB454FD1DE40C35D52CC17
:20FA00003FA1AE30B32D22BCB62827B93AA4AB35B92728B635ABA43A30AEA13FBC222DB3F6
:20FA2000BA242BB536A8A73933ADA23CBF212EB03CA2AD33B02E21BFB52B24BA39A7A836D6
:20FA4000BC222DB330AEA13F35ABA43AB92728B63AA4AB35B62827B9B32D22BC3FA1AE30B6
:20FA600039A7A836B52B24BAB02E21BF3CA2AD33BF212EB033ADA23C36A8A739BA242BB596
:20FA800040DED14FCC525DC3C95758C645DBD44AC65857C94AD4DB454FD1DE40C35D52CC76
:20FAA000C55B54CA49D7D8464CD2DD43C05E51CF43DDD24CCF515EC0CA545BC546D8D74956
:20FAC000C35D52CC4FD1DE404AD4DB45C65857C945DBD44AC95758C6CC525DC340DED14F36
:20FAE00046D8D749CA545BC5CF515EC043DDD24CC05E51CF4CD2DD4349D7D846C55B54CA16
:20FB000043DDD24CCF515EC0CA545BC546D8D749C55B54CA49D7D8464CD2DD43C05E51CFF5
:20FB2000C65857C94AD4DB454FD1DE40C35D52CC40DED14FCC525DC3C95758C645DBD44AD5
:20FB4000C05E51CF4CD2DD4349D7D846C55B54CA46D8D749CA545BC5CF515EC043DDD24CB5
:20FB600045DBD44AC95758C6CC525DC340DED14FC35D52CC4FD1DE404AD4DB45C65857C995
:20FB80003CA2AD33B02E21BFB52B24BA39A7A836BA242BB536A8A73933ADA23CBF212EB075
:20FBA000B92728B635ABA43A30AEA13FBC222DB33FA1AE30B32D22BCB62827B93AA4AB3555
:20FBC000BF212EB033ADA23C36A8A739BA242BB539A7A836B52B24BAB02E21BF3CA2AD3335
:20FBE0003AA4AB35B62827B9B32D22BC3FA1AE30BC222DB330AEA13F35ABA43AB92728B615
:20FC00003CA2AD33B02E21BFB52B24BA39A7A836BA242BB536A8A73933ADA23CBF212EB0F4
:20FC2000B92728B635ABA43A30AEA13FBC222DB33FA1AE30B32D22BCB62827B93AA4AB35D4
:20FC4000BF212EB033ADA23C36A8A739BA242BB539A7A836B52B24BAB02E21BF3CA2AD33B4
:20FC60003AA4AB35B62827B9B32D22BC3FA1AE30BC222DB330AEA13F35ABA43AB92728B694
:20FC800043DDD24CCF515EC0CA545BC546D8D749C55B54CA49D7D8464CD2DD43C05E51CF74
:20FCA000C65857C94AD4DB454FD1DE40C35D52CC40DED14FCC525DC3C95758C645DBD44A54
:20FCC000C05E51CF4CD2DD4349D7D846C55B54CA46D8D749CA545BC5CF515EC043DDD24C34
:20FCE00045DBD44AC95758C6CC525DC340DED14FC35D52CC4FD1DE404AD4DB45C65857C914
:20FD000040DED14FCC525DC3C95758C645DBD44AC65857C94AD4DB454FD1DE40C35D52CCF3
:20FD2000C55B54CA49D7D8464CD2DD43C05E51CF43DDD24CCF515EC0CA545BC546D8D749D3
:20FD4000C35D52CC4FD1DE404AD4DB45C65857C945DBD44AC95758C6CC525DC340DED14FB3
:20FD600046D8D749CA545BC5CF515EC043DDD24CC05E51CF4CD2DD4349D7D846C55B54CA93
:20FD80003FA1AE30B32D22BCB62827B93AA4AB35B92728B635ABA43A30AEA13FBC222DB373
:20FDA000BA242BB536A8A73933ADA23CBF212EB03CA2AD33B02E21BFB52B24BA39A7A83653
:20FDC000BC222DB330AEA13F35ABA43AB92728B63AA4AB35B62827B9B32D22BC3FA1AE3033
:20FDE00039A7A836B52B24BAB02E21BF3CA2AD33BF212EB033ADA23C36A8A739BA242BB513
:20FE000046D8D749CA545BC5CF515EC043DDD24CC05E51CF4CD2DD4349D7D846C55B54CAF2
:20FE2000C35D52CC4FD1DE404AD4DB45C65857C945DBD44AC95758C6CC525DC340DED14FD2
:20FE4000C55B54CA49D7D8464CD2DD43C05E51CF43DDD24CCF515EC0CA545BC546D8D749B2
:20FE600040DED14FCC525DC3C95758C645DBD44AC65857C94AD4DB454FD1DE40C35D52CC92
:20FE800039A7A836B52B24BAB02E21BF3CA2AD33BF212EB033ADA23C36A8A739BA242BB572
:20FEA000BC222DB330AEA13F35ABA43AB92728B63AA4AB35B62827B9B32D22BC3FA1AE3052
:20FEC000BA242BB536A8A73933ADA23CBF212EB03CA2AD33B02E21BFB52B24BA39A7A83632
:20FEE0003FA1AE30B32D22BCB62827B93AA4AB35B92728B635ABA43A30AEA13FBC222DB312
:20FF00003AA4AB35B62827B9B32D22BC3FA1AE30BC222DB330AEA13F35ABA43AB92728B6F1
:20FF2000BF212EB033ADA23C36A8A739BA242BB539A7A836B52B24BAB02E21BF3CA2AD33D1
:20FF4000B92728B635ABA43A30AEA13FBC222DB33FA1AE30B32D22BCB62827B93AA4AB35B1
:20FF60003CA2AD33B02E21BFB52B24BA39A7A836BA242BB536A8A73933ADA23CBF212EB091
:20FF800045DBD44AC95758C6CC525DC340DED14FC35D52CC4FD1DE404AD4DB45C65857C971
:20FFA000C05E51CF4CD2DD4349D7D846C55B54CA46D8D749CA545BC5CF515EC043DDD24C51
:20FFC000C65857C94AD4DB454FD1DE40C35D52CC40DED14FCC525DC3C95758C645DBD44A31
:20FFE00043DDD24CCF515EC0CA545BC546D8D749C55B54CA49D7D8464CD2DD43C05E51CF11
:02000004F044C6
:2000000045DBD44AC95758C6CC525DC340DED14FC35D52CC4FD1DE404AD4DB45C65857C9F0
:20002000C05E51CF4CD2DD4349D7D846C55B54CA46D8D749CA545BC5CF515EC043DDD24CD0
:20004000C65857C94AD4DB454FD1DE40C35D52CC40DED14FCC525DC3C95758C645DBD44AB0
:2000600043DDD24CCF515EC0CA545BC546D8D749C55B54CA49D7D8464CD2DD43C05E51CF90
:200080003AA4AB35B62827B9B32D22BC3FA1AE30BC222DB330AEA13F35ABA43AB92728B670
:2000A000BF212EB033ADA23C36A8A739BA242BB539A7A836B52B24BAB02E21BF3CA2AD3350
:2000C000B92728B635ABA43A30AEA13FBC222DB33FA1AE30B32D22BCB62827B93AA4AB3530
:2000E0003CA2AD33B02E21BFB52B24BA39A7A836BA242BB536A8A73933ADA23CBF212EB010
:2001000039A7A836B52B24BAB02E21BF3CA2AD33BF212EB033ADA23C36A8A739BA242BB5EF
:20012000BC222DB330AEA13F35ABA43AB92728B63AA4AB35B62827B9B32D22BC3FA1AE30CF
:20014000BA242BB536A8A73933ADA23CBF212EB03CA2AD33B02E21BFB52B24BA39A7A836AF
:200160003FA1AE30B32D22BCB62827B93AA4AB35B92728B635ABA43A30AEA13FBC222DB38F
:2001800046D8D749CA545BC5CF515EC043DDD24CC05E51CF4CD2DD4349D7D846C55B54CA6F
:2001A000C35D52CC4FD1DE404AD4DB45C65857C945DBD44AC95758C6CC525DC340DED14F4F
:2001C000C55B54CA49D7D8464CD2DD43C05E51CF43DDD24CCF515EC0CA545BC546D8D7492F
:2001E00040DED14FCC525DC3C95758C645DBD44AC65857C94AD4DB454FD1DE40C35D52CC0F
:200200003FA1AE30B32D22BCB62827B93AA4AB35B92728B635ABA43A30AEA13FBC222DB3EE
:20022000BA242BB536A8A73933ADA23CBF212EB03CA2AD33B02E21BFB52B24BA39A7A836CE
:20024000BC222DB330AEA13F35ABA43AB92728B63AA4AB35B62827B9B32D22BC3FA1AE30AE
:2002600039A7A836B52B24BAB02E21BF3CA2AD33BF212EB033ADA23C36A8A739BA242BB58E
:2002800040DED14FCC525DC3C95758C645DBD44AC65857C94AD4DB454FD1DE40C35D52CC6E
:2002A000C55B54CA49D7D8464CD2DD43C05E51CF43DDD24CCF515EC0CA545BC546D8D7494E
:2002C000C35D52CC4FD1DE404AD4DB45C65857C945DBD44AC95758C6CC525DC340DED14F2E
:2002E00046D8D749CA545BC5CF515EC043DDD24CC05E51CF4CD2DD4349D7D846C55B54CA0E
:2003000043DDD24CCF515EC0CA545BC546D8D749C55B54CA49D7D8464CD2DD43C05E51CFED
:20032000C65857C94AD4DB454FD1DE40C35D52CC40DED14FCC525DC3C95758C645DBD44ACD
:20034000C05E51CF4CD2DD4349D7D846C55B54CA46D8D749CA545BC5CF515EC043DDD24CAD
:2003600045DBD44AC95758C6CC525DC340DED14FC35D52CC4FD1DE404AD4DB45C65857C98D
:200380003CA2AD33B02E21BFB52B24BA39A7A836BA242BB536A8A73933ADA23CBF212EB06D
:2003A000B92728B635ABA43A30AEA13FBC222DB33FA1AE30B32D22BCB62827B93AA4AB354D
:2003C000BF212EB033ADA23C36A8A739BA242BB539A7A836B52B24BAB02E21BF3CA2AD332D
:2003E0003AA4AB35B62827B9B32D22BC3FA1AE30BC222DB330AEA13F35ABA43AB92728B60D
:200400003CA2AD33B02E21BFB52B24BA39A7A836BA242BB536A8A73933ADA23CBF212EB0EC
:20042000B92728B635ABA43A30AEA13FBC222DB33FA1AE30B32D22BCB62827B93AA4AB35CC
:20044000BF212EB033ADA23C36A8A739BA242BB539A7A836B52B24BAB02E21BF3CA2AD33AC
:200460003AA4AB35B62827B9B32D22BC3FA1AE30BC222DB330AEA13F35ABA43AB92728B68C
:2004800043DDD24CCF515EC0CA545BC546D8D749C55B54CA49D7D8464CD2DD43C05E51CF6C
:2004A000C65857C94AD4DB454FD1DE40C35D52CC40DED14FCC525DC3C95758C645DBD44A4C
:2004C000C05E51CF4CD2DD4349D7D846C55B54CA46D8D749CA545BC5CF515EC043DDD24C2C
:2004E00045DBD44AC95758C6CC525DC340DED14FC35D52CC4FD1DE404AD4DB45C65857C90C
:2005000040DED14FCC525DC3C95758C645DBD44AC65857C94AD4DB454FD1DE40C35D52CCEB
:20052000C55B54CA49D7D8464CD2DD43C05E51CF43DDD24CCF515EC0CA545BC546D8D749CB
:20054000C35D52CC4FD1DE404AD4DB45C65857C945DBD44AC95758C6CC525DC340DED14FAB
:2005600046D8D749CA545BC5CF515EC043DDD24CC05E51CF4CD2DD4349D7D846C55B54CA8B
:200580003FA1AE30B32D22BCB62827B93AA4AB35B92728B635ABA43A30AEA13FBC222DB36B
:2005A000BA242BB536A8A73933ADA23CBF212EB03CA2AD33B02E21BFB52B24BA39A7A8364B
:2005C000BC222DB330AEA13F35ABA43AB92728B63AA4AB35B62827B9B32D22BC3FA1AE302B
:2005E00039A7A836B52B24BAB02E21BF3CA2AD33BF212EB033ADA23C36A8A739BA242BB50B
:2006000046D8D749CA545BC5CF515EC043DDD24CC05E51CF4CD2DD4349D7D846C55B54CAEA
:20062000C35D52CC4FD1DE404AD4DB45C65857C945DBD44AC95758C6CC525DC340DED14FCA
:20064000C55B54CA49D7D8464CD2DD43C05E51CF43DDD24CCF515EC0CA545BC546D8D749AA
:2006600040DED14FCC525DC3C95758C645DBD44AC65857C94AD4DB454FD1DE40C35D52CC8A
:2006800039A7A836B52B24BAB02E21BF3CA2AD33BF212EB033ADA23C36A8A739BA242BB56A
:2006A000BC222DB330AEA13F35ABA43AB92728B63AA4AB35B62827B9B32D22BC3FA1AE304A
:2006C000BA242BB536A8A73933ADA23CBF212EB03CA2AD33B02E21BFB52B24BA39A7A8362A
:2006E0003FA1AE30B32D22BCB62827B93AA4AB35B92728B635ABA43A30AEA13FBC222DB30A
:200700003AA4AB35B62827B9B32D22BC3FA1AE30BC222DB330AEA13F35ABA43AB92728B6E9
:20072000BF212EB033ADA23C36A8A739BA242BB539A7A836B52B24BAB02E21BF3CA2AD33C9
:20074000B92728B635ABA43A30AEA13FBC222DB33FA1AE30B32D22BCB62827B93AA4AB35A9
:200760003CA2AD33B02E21BFB52B24BA39A7A836BA242BB536A8A73933ADA23CBF212EB089
:2007800045DBD44AC95758C6CC525DC340DED14FC35D52CC4FD1DE404AD4DB45C65857C969
:2007A000C05E51CF4CD2DD4349D7D846C55B54CA46D8D749CA545BC5CF515EC043DDD24C49
:2007C000C65857C94AD4DB454FD1DE40C35D52CC40DED14FCC525DC3C95758C645DBD44A29
:2007E00043DDD24CCF515EC0CA545BC546D8D749C55B54CA49D7D8464CD2DD43C05E51CF09
:2008000033ADA23CBF212EB0BA242BB536A8A739B52B24BA39A7A8363CA2AD33B02E21BFE8
:20082000B62827B93AA4AB353FA1AE30B32D22BC30AEA13FBC222DB3B92728B635ABA43AC8
:20084000B02E21BF3CA2AD3339A7A836B52B24BA36A8A739BA242BB5BF212EB033ADA23CA8
:2008600035ABA43AB92728B6BC222DB330AEA13FB32D22BC3FA1AE303AA4AB35B62827B988
:200880004CD2DD43C05E51CFC55B54CA49D7D846CA545BC546D8D74943DDD24CCF515EC068
:2008A000C95758C645DBD44A40DED14FCC525DC34FD1DE40C35D52CCC65857C94AD4DB4548
:2008C000CF515EC043DDD24C46D8D749CA545BC549D7D846C55B54CAC05E51CF4CD2DD4328
:2008E0004AD4DB45C65857C9C35D52CC4FD1DE40CC525DC340DED14F45DBD44AC95758C608
:200900004FD1DE40C35D52CCC65857C94AD4DB45C95758C645DBD44A40DED14FCC525DC3E7
:20092000CA545BC546D8D74943DDD24CCF515EC04CD2DD43C05E51CFC55B54CA49D7D846C7
:20094000CC525DC340DED14F45DBD44AC95758C64AD4DB45C65857C9C35D52CC4FD1DE40A7
:2009600049D7D846C55B54CAC05E51CF4CD2DD43CF515EC043DDD24C46D8D749CA545BC587
:2009800030AEA13FBC222DB3B92728B635ABA43AB62827B93AA4AB353FA1AE30B32D22BC67
:2009A000B52B24BA39A7A8363CA2AD33B02E21BF33ADA23CBF212EB0BA242BB536A8A73947
:2009C000B32D22BC3FA1AE303AA4AB35B62827B935ABA43AB92728B6BC222DB330AEA13F27
:2009E00036A8A739BA242BB5BF212EB033ADA23CB02E21BF3CA2AD3339A7A836B52B24BA07
:200A000049D7D846C55B54CAC05E51CF4CD2DD43CF515EC043DDD24C46D8D749CA545BC5E6
:200A2000CC525DC340DED14F45DBD44AC95758C64AD4DB45C65857C9C35D52CC4FD1DE40C6
:200A4000CA545BC546D8D74943DDD24CCF515EC04CD2DD43C05E51CFC55B54CA49D7D846A6
:200A60004FD1DE40C35D52CCC65857C94AD4DB45C95758C645DBD44A40DED14FCC525DC386
:200A800036A8A739BA242BB5BF212EB033ADA23CB02E21BF3CA2AD3339A7A836B52B24BA66
:200AA000B32D22BC3FA1AE303AA4AB35B62827B935ABA43AB92728B6BC222DB330AEA13F46
:200AC000B52B24BA39A7A8363CA2AD33B02E21BF33ADA23CBF212EB0BA242BB536A8A73926
:200AE00030AEA13FBC222DB3B92728B635ABA43AB62827B93AA4AB353FA1AE30B32D22BC06
:200B000035ABA43AB92728B6BC222DB330AEA13FB32D22BC3FA1AE303AA4AB35B62827B9E5
:200B2000B02E21BF3CA2AD3339A7A836B52B24BA36A8A739BA242BB5BF212EB033ADA23CC5
:200B4000B62827B93AA4AB353FA1AE30B32D22BC30AEA13FBC222DB3B92728B635ABA43AA5
:200B600033ADA23CBF212EB0BA242BB536A8A739B52B24BA39A7A8363CA2AD33B02E21BF85
:200B80004AD4DB45C65857C9C35D52CC4FD1DE40CC525DC340DED14F45DBD44AC95758C665
:200BA000CF515EC043DDD24C46D8D749CA545BC549D7D846C55B54CAC05E51CF4CD2DD4345
:200BC000C95758C645DBD44A40DED14FCC525DC34FD1DE40C35D52CCC65857C94AD4DB4525
:200BE0004CD2DD43C05E51CFC55B54CA49D7D846CA545BC546D8D74943DDD24CCF515EC005
:200C00004AD4DB45C65857C9C35D52CC4FD1DE40CC525DC340DED14F45DBD44AC95758C6E4
:200C2000CF515EC043DDD24C46D8D749CA545BC549D7D846C55B54CAC05E51CF4CD2DD43C4
:200C4000C95758C645DBD44A40DED14FCC525DC34FD1DE40C35D52CCC65857C94AD4DB45A4
:200C60004CD2DD43C05E51CFC55B54CA49D7D846CA545BC546D8D74943DDD24CCF515EC084
:200C800035ABA43AB92728B6BC222DB330AEA13FB32D22BC3FA1AE303AA4AB35B62827B964
:200CA000B02E21BF3CA2AD3339A7A836B52B24BA36A8A739BA242BB5BF212EB033ADA23C44
:200CC000B62827B93AA4AB353FA1AE30B32D22BC30AEA13FBC222DB3B92728B635ABA43A24
:200CE00033ADA23CBF212EB0BA242BB536A8A739B52B24BA39A7A8363CA2AD33B02E21BF04
:200D000036A8A739BA242BB5BF212EB033ADA23CB02E21BF3CA2AD3339A7A836B52B24BAE3
:200D2000B32D22BC3FA1AE303AA4AB35B62827B935ABA43AB92728B6BC222DB330AEA13FC3
:200D4000B52B24BA39A7A8363CA2AD33B02E21BF33ADA23CBF212EB0BA242BB536A8A739A3
:200D600030AEA13FBC222DB3B92728B635ABA43AB62827B93AA4AB353FA1AE30B32D22BC83
:200D800049D7D846C55B54CAC05E51CF4CD2DD43CF515EC043DDD24C46D8D749CA545BC563
:200DA000CC525DC340DED14F45DBD44AC95758C64AD4DB45C65857C9C35D52CC4FD1DE4043
:200DC000CA545BC546D8D74943DDD24CCF515EC04CD2DD43C05E51CFC55B54CA49D7D84623
:200DE0004FD1DE40C35D52CCC65857C94AD4DB45C95758C645DBD44A40DED14FCC525DC303
:200E000030AEA13FBC222DB3B92728B635ABA43AB62827B93AA4AB353FA1AE30B32D22BCE2
:200E2000B52B24BA39A7A8363CA2AD33B02E21BF33ADA23CBF212EB0BA242BB536A8A739C2
:200E4000B32D22BC3FA1AE303AA4AB35B62827B935ABA43AB92728B6BC222DB330AEA13FA2
:200E600036A8A739BA242BB5BF212EB033ADA23CB02E21BF3CA2AD3339A7A836B52B24BA82
:200E80004FD1DE40C35D52CCC65857C94AD4DB45C95758C645DBD44A40DED14FCC525DC362
:200EA000CA545BC546D8D74943DDD24CCF515EC04CD2DD43C05E51CFC55B54CA49D7D84642
:200EC000CC525DC340DED14F45DBD44AC95758C64AD4DB45C65857C9C35D52CC4FD1DE4022
:200EE00049D7D846C55B54CAC05E51CF4CD2DD43CF515EC043DDD24C46D8D749CA545BC502
:200F00004CD2DD43C05E51CFC55B54CA49D7D846CA545BC546D8D74943DDD24CCF515EC0E1
:200F2000C95758C645DBD44A40DED14FCC525DC34FD1DE40C35D52CCC65857C94AD4DB45C1
:200F4000CF515EC043DDD24C46D8D749CA545BC549D7D846C55B54CAC05E51CF4CD2DD43A1
:200F60004AD4DB45C65857C9C35D52CC4FD1DE40CC525DC340DED14F45DBD44AC95758C681
:200F800033ADA23CBF212EB0BA242BB536A8A739B52B24BA39A7A8363CA2AD33B02E21BF61
:200FA000B62827B93AA4AB353FA1AE30B32D22BC30AEA13FBC222DB3B92728B635ABA43A41
:200FC000B02E21BF3CA2AD3339A7A836B52B24BA36A8A739BA242BB5BF212EB033ADA23C21
:200FE00035ABA43AB92728B6BC222DB330AEA13FB32D22BC3FA1AE303AA4AB35B62827B901
:2010000036A8A739BA242BB5BF212EB033ADA23CB02E21BF3CA2AD3339A7A836B52B24BAE0
:20102000B32D22BC3FA1AE303AA4AB35B62827B935ABA43AB92728B6BC222DB330AEA13FC0
:20104000B52B24BA39A7A8363CA2AD33B02E21BF33ADA23CBF212EB0BA242BB536A8A739A0
:2010600030AEA13FBC222DB3B92728B635ABA43AB62827B93AA4AB353FA1AE30B32D22BC80
:2010800049D7D846C55B54CAC05E51CF4CD2DD43CF515EC043DDD24C46D8D749CA545BC560
:2010A000CC525DC340DED14F45DBD44AC95758C64AD4DB45C65857C9C35D52CC4FD1DE4040
:2010C000CA545BC546D8D74943DDD24CCF515EC04CD2DD43C05E51CFC55B54CA49D7D84620
:2010E0004FD1DE40C35D52CCC65857C94AD4DB45C95758C645DBD44A40DED14FCC525DC300
:201100004AD4DB45C65857C9C35D52CC4FD1DE40CC525DC340DED14F45DBD44AC95758C6DF
:20112000CF515EC043DDD24C46D8D749CA545BC549D7D846C55B54CAC05E51CF4CD2DD43BF
:20114000C95758C645DBD44A40DED14FCC525DC34FD1DE40C35D52CCC65857C94AD4DB459F
:201160004CD2DD43C05E51CFC55B54CA49D7D846CA545BC546D8D74943DDD24CCF515EC07F
:2011800035ABA43AB92728B6BC222DB330AEA13FB32D22BC3FA1AE303AA4AB35B62827B95F
:2011A000B02E21BF3CA2AD3339A7A836B52B24BA36A8A739BA242BB5BF212EB033ADA23C3F
:2011C000B62827B93AA4AB353FA1AE30B32D22BC30AEA13FBC222DB3B92728B635ABA43A1F
:2011E00033ADA23CBF212EB0BA242BB536A8A739B52B24BA39A7A8363CA2AD33B02E21BFFF
:201200004CD2DD43C05E51CFC55B54CA49D7D846CA545BC546D8D74943DDD24CCF515EC0DE
:20122000C95758C645DBD44A40DED14FCC525DC34FD1DE40C35D52CCC65857C94AD4DB45BE
:20124000CF515EC043DDD24C46D8D749CA545BC549D7D846C55B54CAC05E51CF4CD2DD439E
:201260004AD4DB45C65857C9C35D52CC4FD1DE40CC525DC340DED14F45DBD44AC95758C67E
:2012800033ADA23CBF212EB0BA242BB536A8A739B52B24BA39A7A8363CA2AD33B02E21BF5E
:2012A000B62827B93AA4AB353FA1AE30B32D22BC30AEA13FBC222DB3B92728B635ABA43A3E
:2012C000B02E21BF3CA2AD3339A7A836B52B24BA36A8A739BA242BB5BF212EB033ADA23C1E
:2012E00035ABA43AB92728B6BC222DB330AEA13FB32D22BC3FA1AE303AA4AB35B62827B9FE
:2013000030AEA13FBC222DB3B92728B635ABA43AB62827B93AA4AB353FA1AE30B32D22BCDD
:20132000B52B24BA39A7A8363CA2AD33B02E21BF33ADA23CBF212EB0BA242BB536A8A739BD
:20134000B32D22BC3FA1AE303AA4AB35B62827B935ABA43AB92728B6BC222DB330AEA13F9D
:2013600036A8A739BA242BB5BF212EB033ADA23CB02E21BF3CA2AD3339A7A836B52B24BA7D
:201380004FD1DE40C35D52CCC65857C94AD4DB45C95758C645DBD44A40DED14FCC525DC35D
:2013A000CA545BC546D8D74943DDD24CCF515EC04CD2DD43C05E51CFC55B54CA49D7D8463D
:2013C000CC525DC340DED14F45DBD44AC95758C64AD4DB45C65857C9C35D52CC4FD1DE401D
:2013E00049D7D846C55B54CAC05E51CF4CD2DD43CF515EC043DDD24C46D8D749CA545BC5FD
:201400004FD1DE40C35D52CCC65857C94AD4DB45C95758C645DBD44A40DED14FCC525DC3DC
:20142000CA545BC546D8D74943DDD24CCF515EC04CD2DD43C05E51CFC55B54CA49D7D846BC
:20144000CC525DC340DED14F45DBD44AC95758C64AD4DB45C65857C9C35D52CC4FD1DE409C
:2014600049D7D846C55B54CAC05E51CF4CD2DD43CF515EC043DDD24C46D8D749CA545BC57C
:2014800030AEA13FBC222DB3B92728B635ABA43AB62827B93AA4AB353FA1AE30B32D22BC5C
:2014A000B52B24BA39A7A8363CA2AD33B02E21BF33ADA23CBF212EB0BA242BB536A8A7393C
:2014C000B32D22BC3FA1AE303AA4AB35B62827B935ABA43AB92728B6BC222DB330AEA13F1C
:2014E00036A8A739BA242BB5BF212EB033ADA23CB02E21BF3CA2AD3339A7A836B52B24BAFC
:2015000033ADA23CBF212EB0BA242BB536A8A739B52B24BA39A7A8363CA2AD33B02E21BFDB
:20152000B62827B93AA4AB353FA1AE30B32D22BC30AEA13FBC222DB3B92728B635ABA43ABB
:20154000B02E21BF3CA2AD3339A7A836B52B24BA36A8A739BA242BB5BF212EB033ADA23C9B
:2015600035ABA43AB92728B6BC222DB330AEA13FB32D22BC3FA1AE303AA4AB35B62827B97B
:201580004CD2DD43C05E51CFC55B54CA49D7D846CA545BC546D8D74943DDD24CCF515EC05B
:2015A000C95758C645DBD44A40DED14FCC525DC34FD1DE40C35D52CCC65857C94AD4DB453B
:2015C000CF515EC043DDD24C46D8D749CA545BC549D7D846C55B54CAC05E51CF4CD2DD431B
:2015E0004AD4DB45C65857C9C35D52CC4FD1DE40CC525DC340DED14F45DBD44AC95758C6FB
:2016000035ABA43AB92728B6BC222DB330AEA13FB32D22BC3FA1AE303AA4AB35B62827B9DA
:20162000B02E21BF3CA2AD3339A7A836B52B24BA36A8A739BA242BB5BF212EB033ADA23CBA
:20164000B62827B93AA4AB353FA1AE30B32D22BC30AEA13FBC222DB3B92728B635ABA43A9A
:2016600033ADA23CBF212EB0BA242BB536A8A739B52B24BA39A7A8363CA2AD33B02E21BF7A
:201680004AD4DB45C65857C9C35D52CC4FD1DE40CC525DC340DED14F45DBD44AC95758C65A
:2016A000CF515EC043DDD24C46D8D749CA545BC549D7D846C55B54CAC05E51CF4CD2DD433A
:2016C000C95758C645DBD44A40DED14FCC525DC34FD1DE40C35D52CCC65857C94AD4DB451A
:2016E0004CD2DD43C05E51CFC55B54CA49D7D846CA545BC546D8D74943DDD24CCF515EC0FA
:2017000049D7D846C55B54CAC05E51CF4CD2DD43CF515EC043DDD24C46D8D749CA545BC5D9
:20172000CC525DC340DED14F45DBD44AC95758C64AD4DB45C65857C9C35D52CC4FD1DE40B9
:20174000CA545BC546D8D74943DDD24CCF515EC04CD2DD43C05E51CFC55B54CA49D7D84699
:201760004FD1DE40C35D52CCC65857C94AD4DB45C95758C645DBD44A40DED14FCC525DC379
:2017800036A8A739BA242BB5BF212EB033ADA23CB02E21BF3CA2AD3339A7A836B52B24BA59
:2017A000B32D22BC3FA1AE303AA4AB35B62827B935ABA43AB92728B6BC222DB330AEA13F39
:2017C000B52B24BA39A7A8363CA2AD33B02E21BF33ADA23CBF212EB0BA242BB536A8A73919
:2017E00030AEA13FBC222DB3B92728B635ABA43AB62827B93AA4AB353FA1AE30B32D22BCF9
:2018000040DED14FCC525DC3C95758C645DBD44AC65857C94AD4DB454FD1DE40C35D52CCD8
:20182000C55B54CA49D7D8464CD2DD43C05E51CF43DDD24CCF515EC0CA545BC546D8D749B8
:20184000C35D52CC4FD1DE404AD4DB45C65857C945DBD44AC95758C6CC525DC340DED14F98
:2018600046D8D749CA545BC5CF515EC043DDD24CC05E51CF4CD2DD4349D7D846C55B54CA78
:201880003FA1AE30B32D22BCB62827B93AA4AB35B92728B635ABA43A30AEA13FBC222DB358
:2018A000BA242BB536A8A73933ADA23CBF212EB03CA2AD33B02E21BFB52B24BA39A7A83638
:2018C000BC222DB330AEA13F35ABA43AB92728B63AA4AB35B62827B9B32D22BC3FA1AE3018
:2018E00039A7A836B52B24BAB02E21BF3CA2AD33BF212EB033ADA23C36A8A739BA242BB5F8
:201900003CA2AD33B02E21BFB52B24BA39A7A836BA242BB536A8A73933ADA23CBF212EB0D7
:20192000B92728B635ABA43A30AEA13FBC222DB33FA1AE30B32D22BCB62827B93AA4AB35B7
:20194000BF212EB033ADA23C36A8A739BA242BB539A7A836B52B24BAB02E21BF3CA2AD3397
:201960003AA4AB35B62827B9B32D22BC3FA1AE30BC222DB330AEA13F35ABA43AB92728B677
:2019800043DDD24CCF515EC0CA545BC546D8D749C55B54CA49D7D8464CD2DD43C05E51CF57
:2019A000C65857C94AD4DB454FD1DE40C35D52CC40DED14FCC525DC3C95758C645DBD44A37
:2019C000C05E51CF4CD2DD4349D7D846C55B54CA46D8D749CA545BC5CF515EC043DDD24C17
:2019E00045DBD44AC95758C6CC525DC340DED14FC35D52CC4FD1DE404AD4DB45C65857C9F7
:201A00003AA4AB35B62827B9B32D22BC3FA1AE30BC222DB330AEA13F35ABA43AB92728B6D6
:201A2000BF212EB033ADA23C36A8A739BA242BB539A7A836B52B24BAB02E21BF3CA2AD33B6
:201A4000B92728B635ABA43A30AEA13FBC222DB33FA1AE30B32D22BCB62827B93AA4AB3596
:201A60003CA2AD33B02E21BFB52B24BA39A7A836BA242BB536A8A73933ADA23CBF212EB076
:201A800045DBD44AC95758C6CC525DC340DED14FC35D52CC4FD1DE404AD4DB45C65857C956
:201AA000C05E51CF4CD2DD4349D7D846C55B54CA46D8D749CA545BC5CF515EC043DDD24C36
:201AC000C65857C94AD4DB454FD1DE40C35D52CC40DED14FCC525DC3C95758C645DBD44A16
:201AE00043DDD24CCF515EC0CA545BC546D8D749C55B54CA49D7D8464CD2DD43C05E51CFF6
:201B000046D8D749CA545BC5CF515EC043DDD24CC05E51CF4CD2DD4349D7D846C55B54CAD5
:201B2000C35D52CC4FD1DE404AD4DB45C65857C945DBD44AC95758C6CC525DC340DED14FB5
:201B4000C55B54CA49D7D8464CD2DD43C05E51CF43DDD24CCF515EC0CA545BC546D8D74995
:201B600040DED14FCC525DC3C95758C645DBD44AC65857C94AD4DB454FD1DE40C35D52CC75
:201B800039A7A836B52B24BAB02E21BF3CA2AD33BF212EB033ADA23C36A8A739BA242BB555
:201BA000BC222DB330AEA13F35ABA43AB92728B63AA4AB35B62827B9B32D22BC3FA1AE3035
:201BC000BA242BB536A8A73933ADA23CBF212EB03CA2AD33B02E21BFB52B24BA39A7A83615
:201BE0003FA1AE30B32D22BCB62827B93AA4AB35B92728B635ABA43A30AEA13FBC222DB3F5
:201C000039A7A836B52B24BAB02E21BF3CA2AD33BF212EB033ADA23C36A8A739BA242BB5D4
:201C2000BC222DB330AEA13F35ABA43AB92728B63AA4AB35B62827B9B32D22BC3FA1AE30B4
:201C4000BA242BB536A8A73933ADA23CBF212EB03CA2AD33B02E21BFB52B24BA39A7A83694
:201C60003FA1AE30B32D22BCB62827B93AA4AB35B92728B635ABA43A30AEA13FBC222DB374
:201C800046D8D749CA545BC5CF515EC043DDD24CC05E51CF4CD2DD4349D7D846C55B54CA54
:201CA000C35D52CC4FD1DE404AD4DB45C65857C945DBD44AC95758C6CC525DC340DED14F34
:201CC000C55B54CA49D7D8464CD2DD43C05E51CF43DDD24CCF515EC0CA545BC546D8D74914
:201CE00040DED14FCC525DC3C95758C645DBD44AC65857C94AD4DB454FD1DE40C35D52CCF4
:201D000045DBD44AC95758C6CC525DC340DED14FC35D52CC4FD1DE404AD4DB45C65857C9D3
:201D2000C05E51CF4CD2DD4349D7D846C55B54CA46D8D749CA545BC5CF515EC043DDD24CB3
:201D4000C65857C94AD4DB454FD1DE40C35D52CC40DED14FCC525DC3C95758C645DBD44A93
:201D600043DDD24CCF515EC0CA545BC546D8D749C55B54CA49D7D8464CD2DD43C05E51CF73
:201D80003AA4AB35B62827B9B32D22BC3FA1AE30BC222DB330AEA13F35ABA43AB92728B653
:201DA000BF212EB033ADA23C36A8A739BA242BB539A7A836B52B24BAB02E21BF3CA2AD3333
:201DC000B92728B635ABA43A30AEA13FBC222DB33FA1AE30B32D22BCB62827B93AA4AB3513
:201DE0003CA2AD33B02E21BFB52B24BA39A7A836BA242BB536A8A73933ADA23CBF212EB0F3
:201E000043DDD24CCF515EC0CA545BC546D8D749C55B54CA49D7D8464CD2DD43C05E51CFD2
:201E2000C65857C94AD4DB454FD1DE40C35D52CC40DED14FCC525DC3C95758C645DBD44AB2
:201E4000C05E51CF4CD2DD4349D7D846C55B54CA46D8D749CA545BC5CF515EC043DDD24C92
:201E600045DBD44AC95758C6CC525DC340DED14FC35D52CC4FD1DE404AD4DB45C65857C972
:201E80003CA2AD33B02E21BFB52B24BA39A7A836BA242BB536A8A73933ADA23CBF212EB052
:201EA000B92728B635ABA43A30AEA13FBC222DB33FA1AE30B32D22BCB62827B93AA4AB3532
:201EC000BF212EB033ADA23C36A8A739BA242BB539A7A836B52B24BAB02E21BF3CA2AD3312
:201EE0003AA4AB35B62827B9B32D22BC3FA1AE30BC222DB330AEA13F35ABA43AB92728B6F2
:201F00003FA1AE30B32D22BCB62827B93AA4AB35B92728B635ABA43A30AEA13FBC222DB3D1
:201F2000BA242BB536A8A73933ADA23CBF212EB03CA2AD33B02E21BFB52B24BA39A7A836B1
:201F4000BC222DB330AEA13F35ABA43AB92728B63AA4AB35B62827B9B32D22BC3FA1AE3091
:201F600039A7A836B52B24BAB02E21BF3CA2AD33BF212EB033ADA23C36A8A739BA242BB571
:201F800040DED14FCC525DC3C95758C645DBD44AC65857C94AD4DB454FD1DE40C35D52CC51
:201FA000C55B54CA49D7D8464CD2DD43C05E51CF43DDD24CCF515EC0CA545BC546D8D74931
:201FC000C35D52CC4FD1DE404AD4DB45C65857C945DBD44AC95758C6CC525DC340DED14F11
:201FE00046D8D749CA545BC5CF515EC043DDD24CC05E51CF4CD2DD4349D7D846C55B54CAF1
:202000002BB5BA24A73936A8A23C33AD2EB0BF21AD333CA221BFB02E24BAB52BA83639A7D0
:20202000AE303FA122BCB32D27B9B628AB353AA428B6B927A43A35ABA13F30AE2DB3BC22B0
:20204000A83639A724BAB52B21BFB02EAD333CA22EB0BF21A23C33ADA73936A82BB5BA2490
:202060002DB3BC22A13F30AEA43A35AB28B6B927AB353AA427B9B62822BCB32DAE303FA170
:2020800054CAC55BD84649D7DD434CD251CFC05ED24C43DD5EC0CF515BC5CA54D74946D850
:2020A000D14F40DE5DC3CC5258C6C957D44A45DB57C9C658DB454AD4DE404FD152CCC35D30
:2020C000D74946D85BC5CA545EC0CF51D24C43DD51CFC05EDD434CD2D84649D754CAC55B10
:2020E00052CCC35DDE404FD1DB454AD457C9C658D44A45DB58C6C9575DC3CC52D14F40DEF0
:2021000057C9C658DB454AD4DE404FD152CCC35DD14F40DE5DC3CC5258C6C957D44A45DBCF
:20212000D24C43DD5EC0CF515BC5CA54D74946D854CAC55BD84649D7DD434CD251CFC05EAF
:20214000D44A45DB58C6C9575DC3CC52D14F40DE52CCC35DDE404FD1DB454AD457C9C6588F
:2021600051CFC05EDD434CD2D84649D754CAC55BD74946D85BC5CA545EC0CF51D24C43DD6F
:2021800028B6B927A43A35ABA13F30AE2DB3BC22AE303FA122BCB32D27B9B628AB353AA44F
:2021A000AD333CA221BFB02E24BAB52BA83639A72BB5BA24A73936A8A23C33AD2EB0BF212F
:2021C000AB353AA427B9B62822BCB32DAE303FA12DB3BC22A13F30AEA43A35AB28B6B9270F
:2021E0002EB0BF21A23C33ADA73936A82BB5BA24A83639A724BAB52B21BFB02EAD333CA2EF
:2022000051CFC05EDD434CD2D84649D754CAC55BD74946D85BC5CA545EC0CF51D24C43DDCE
:20222000D44A45DB58C6C9575DC3CC52D14F40DE52CCC35DDE404FD1DB454AD457C9C658AE
:20224000D24C43DD5EC0CF515BC5CA54D74946D854CAC55BD84649D7DD434CD251CFC05E8E
:2022600057C9C658DB454AD4DE404FD152CCC35DD14F40DE5DC3CC5258C6C957D44A45DB6E
:202280002EB0BF21A23C33ADA73936A82BB5BA24A83639A724BAB52B21BFB02EAD333CA24E
:2022A000AB353AA427B9B62822BCB32DAE303FA12DB3BC22A13F30AEA43A35AB28B6B9272E
:2022C000AD333CA221BFB02E24BAB52BA83639A72BB5BA24A73936A8A23C33AD2EB0BF210E
:2022E00028B6B927A43A35ABA13F30AE2DB3BC22AE303FA122BCB32D27B9B628AB353AA4EE
:202300002DB3BC22A13F30AEA43A35AB28B6B927AB353AA427B9B62822BCB32DAE303FA1CD
:20232000A83639A724BAB52B21BFB02EAD333CA22EB0BF21A23C33ADA73936A82BB5BA24AD
:20234000AE303FA122BCB32D27B9B628AB353AA428B6B927A43A35ABA13F30AE2DB3BC228D
:202360002BB5BA24A73936A8A23C33AD2EB0BF21AD333CA221BFB02E24BAB52BA83639A76D
:2023800052CCC35DDE404FD1DB454AD457C9C658D44A45DB58C6C9575DC3CC52D14F40DE4D
:2023A000D74946D85BC5CA545EC0CF51D24C43DD51CFC05EDD434CD2D84649D754CAC55B2D
:2023C000D14F40DE5DC3CC5258C6C957D44A45DB57C9C658DB454AD4DE404FD152CCC35D0D
:2023E00054CAC55BD84649D7DD434CD251CFC05ED24C43DD5EC0CF515BC5CA54D74946D8ED
:2024000052CCC35DDE404FD1DB454AD457C9C658D44A45DB58C6C9575DC3CC52D14F40DECC
:20242000D74946D85BC5CA545EC0CF51D24C43DD51CFC05EDD434CD2D84649D754CAC55BAC
:20244000D14F40DE5DC3CC5258C6C957D44A45DB57C9C658DB454AD4DE404FD152CCC35D8C
:2024600054CAC55BD84649D7DD434CD251CFC05ED24C43DD5EC0CF515BC5CA54D74946D86C
:202480002DB3BC22A13F30AEA43A35AB28B6B927AB353AA427B9B62822BCB32DAE303FA14C
:2024A000A83639A724BAB52B21BFB02EAD333CA22EB0BF21A23C33ADA73936A82BB5BA242C
:2024C000AE303FA122BCB32D27B9B628AB353AA428B6B927A43A35ABA13F30AE2DB3BC220C
:2024E0002BB5BA24A73936A8A23C33AD2EB0BF21AD333CA221BFB02E24BAB52BA83639A7EC
:202500002EB0BF21A23C33ADA73936A82BB5BA24A83639A724BAB52B21BFB02EAD333CA2CB
:20252000AB353AA427B9B62822BCB32DAE303FA12DB3BC22A13F30AEA43A35AB28B6B927AB
:20254000AD333CA221BFB02E24BAB52BA83639A72BB5BA24A73936A8A23C33AD2EB0BF218B
:2025600028B6B927A43A35ABA13F30AE2DB3BC22AE303FA122BCB32D27B9B628AB353AA46B
:2025800051CFC05EDD434CD2D84649D754CAC55BD74946D85BC5CA545EC0CF51D24C43DD4B
:2025A000D44A45DB58C6C9575DC3CC52D14F40DE52CCC35DDE404FD1DB454AD457C9C6582B
:2025C000D24C43DD5EC0CF515BC5CA54D74946D854CAC55BD84649D7DD434CD251CFC05E0B
:2025E00057C9C658DB454AD4DE404FD152CCC35DD14F40DE5DC3CC5258C6C957D44A45DBEB
:2026000028B6B927A43A35ABA13F30AE2DB3BC22AE303FA122BCB32D27B9B628AB353AA4CA
:20262000AD333CA221BFB02E24BAB52BA83639A72BB5BA24A73936A8A23C33AD2EB0BF21AA
:20264000AB353AA427B9B62822BCB32DAE303FA12DB3BC22A13F30AEA43A35AB28B6B9278A
:202660002EB0BF21A23C33ADA73936A82BB5BA24A83639A724BAB52B21BFB02EAD333CA26A
:2026800057C9C658DB454AD4DE404FD152CCC35DD14F40DE5DC3CC5258C6C957D44A45DB4A
:2026A000D24C43DD5EC0CF515BC5CA54D74946D854CAC55BD84649D7DD434CD251CFC05E2A
:2026C000D44A45DB58C6C9575DC3CC52D14F40DE52CCC35DDE404FD1DB454AD457C9C6580A
:2026E00051CFC05EDD434CD2D84649D754CAC55BD74946D85BC5CA545EC0CF51D24C43DDEA
:2027000054CAC55BD84649D7DD434CD251CFC05ED24C43DD5EC0CF515BC5CA54D74946D8C9
:20272000D14F40DE5DC3CC5258C6C957D44A45DB57C9C658DB454AD4DE404FD152CCC35DA9
:20274000D74946D85BC5CA545EC0CF51D24C43DD51CFC05EDD434CD2D84649D754CAC55B89
:2027600052CCC35DDE404FD1DB454AD457C9C658D44A45DB58C6C9575DC3CC52D14F40DE69
:202780002BB5BA24A73936A8A23C33AD2EB0BF21AD333CA221BFB02E24BAB52BA83639A749
:2027A000AE303FA122BCB32D27B9B628AB353AA428B6B927A43A35ABA13F30AE2DB3BC2229
:2027C000A83639A724BAB52B21BFB02EAD333CA22EB0BF21A23C33ADA73936A82BB5BA2409
:2027E0002DB3BC22A13F30AEA43A35AB28B6B927AB353AA427B9B62822BCB32DAE303FA1E9
:202800005DC3CC52D14F40DED44A45DB58C6C957DB454AD457C9C65852CCC35DDE404FD1C8
:20282000D84649D754CAC55B51CFC05EDD434CD25EC0CF51D24C43DDD74946D85BC5CA54A8
:20284000DE404FD152CCC35D57C9C658DB454AD458C6C957D44A45DBD14F40DE5DC3CC5288
:202860005BC5CA54D74946D8D24C43DD5EC0CF51DD434CD251CFC05E54CAC55BD84649D768
:2028800022BCB32DAE303FA1AB353AA427B9B628A43A35AB28B6B9272DB3BC22A13F30AE48
:2028A000A73936A82BB5BA242EB0BF21A23C33AD21BFB02EAD333CA2A83639A724BAB52B28
:2028C000A13F30AE2DB3BC2228B6B927A43A35AB27B9B628AB353AA4AE303FA122BCB32D08
:2028E00024BAB52BA83639A7AD333CA221BFB02EA23C33AD2EB0BF212BB5BA24A73936A8E8
:2029000021BFB02EAD333CA2A83639A724BAB52BA73936A82BB5BA242EB0BF21A23C33ADC7
:20292000A43A35AB28B6B9272DB3BC22A13F30AE22BCB32DAE303FA1AB353AA427B9B628A7
:20294000A23C33AD2EB0BF212BB5BA24A73936A824BAB52BA83639A7AD333CA221BFB02E87
:2029600027B9B628AB353AA4AE303FA122BCB32DA13F30AE2DB3BC2228B6B927A43A35AB67
:202980005EC0CF51D24C43DDD74946D85BC5CA54D84649D754CAC55B51CFC05EDD434CD247
:2029A000DB454AD457C9C65852CCC35DDE404FD15DC3CC52D14F40DED44A45DB58C6C95727
:2029C000DD434CD251CFC05E54CAC55BD84649D75BC5CA54D74946D8D24C43DD5EC0CF5107
:2029E00058C6C957D44A45DBD14F40DE5DC3CC52DE404FD152CCC35D57C9C658DB454AD4E7
:202A000027B9B628AB353AA4AE303FA122BCB32DA13F30AE2DB3BC2228B6B927A43A35ABC6
:202A2000A23C33AD2EB0BF212BB5BA24A73936A824BAB52BA83639A7AD333CA221BFB02EA6
:202A4000A43A35AB28B6B9272DB3BC22A13F30AE22BCB32DAE303FA1AB353AA427B9B62886
:202A600021BFB02EAD333CA2A83639A724BAB52BA73936A82BB5BA242EB0BF21A23C33AD66
:202A800058C6C957D44A45DBD14F40DE5DC3CC52DE404FD152CCC35D57C9C658DB454AD446
:202AA000DD434CD251CFC05E54CAC55BD84649D75BC5CA54D74946D8D24C43DD5EC0CF5126
:202AC000DB454AD457C9C65852CCC35DDE404FD15DC3CC52D14F40DED44A45DB58C6C95706
:202AE0005EC0CF51D24C43DDD74946D85BC5CA54D84649D754CAC55B51CFC05EDD434CD2E6
:202B00005BC5CA54D74946D8D24C43DD5EC0CF51DD434CD251CFC05E54CAC55BD84649D7C5
:202B2000DE404FD152CCC35D57C9C658DB454AD458C6C957D44A45DBD14F40DE5DC3CC52A5
:202B4000D84649D754CAC55B51CFC05EDD434CD25EC0CF51D24C43DDD74946D85BC5CA5485
:202B60005DC3CC52D14F40DED44A45DB58C6C957DB454AD457C9C65852CCC35DDE404FD165
:202B800024BAB52BA83639A7AD333CA221BFB02EA23C33AD2EB0BF212BB5BA24A73936A845
:202BA000A13F30AE2DB3BC2228B6B927A43A35AB27B9B628AB353AA4AE303FA122BCB32D25
:202BC000A73936A82BB5BA242EB0BF21A23C33AD21BFB02EAD333CA2A83639A724BAB52B05
:202BE00022BCB32DAE303FA1AB353AA427B9B628A43A35AB28B6B9272DB3BC22A13F30AEE5
:202C000024BAB52BA83639A7AD333CA221BFB02EA23C33AD2EB0BF212BB5BA24A73936A8C4
:202C2000A13F30AE2DB3BC2228B6B927A43A35AB27B9B628AB353AA4AE303FA122BCB32DA4
:202C4000A73936A82BB5BA242EB0BF21A23C33AD21BFB02EAD333CA2A83639A724BAB52B84
:202C600022BCB32DAE303FA1AB353AA427B9B628A43A35AB28B6B9272DB3BC22A13F30AE64
:202C80005BC5CA54D74946D8D24C43DD5EC0CF51DD434CD251CFC05E54CAC55BD84649D744
:202CA000DE404FD152CCC35D57C9C658DB454AD458C6C957D44A45DBD14F40DE5DC3CC5224
:202CC000D84649D754CAC55B51CFC05EDD434CD25EC0CF51D24C43DDD74946D85BC5CA5404
:202CE0005DC3CC52D14F40DED44A45DB58C6C957DB454AD457C9C65852CCC35DDE404FD1E4
:202D000058C6C957D44A45DBD14F40DE5DC3CC52DE404FD152CCC35D57C9C658DB454AD4C3
:202D2000DD434CD251CFC05E54CAC55BD84649D75BC5CA54D74946D8D24C43DD5EC0CF51A3
:202D4000DB454AD457C9C65852CCC35DDE404FD15DC3CC52D14F40DED44A45DB58C6C95783
:202D60005EC0CF51D24C43DDD74946D85BC5CA54D84649D754CAC55B51CFC05EDD434CD263
:202D800027B9B628AB353AA4AE303FA122BCB32DA13F30AE2DB3BC2228B6B927A43A35AB43
:202DA000A23C33AD2EB0BF212BB5BA24A73936A824BAB52BA83639A7AD333CA221BFB02E23
:202DC000A43A35AB28B6B9272DB3BC22A13F30AE22BCB32DAE303FA1AB353AA427B9B62803
:202DE00021BFB02EAD333CA2A83639A724BAB52BA73936A82BB5BA242EB0BF21A23C33ADE3
:202E00005EC0CF51D24C43DDD74946D85BC5CA54D84649D754CAC55B51CFC05EDD434CD2C2
:202E2000DB454AD457C9C65852CCC35DDE404FD15DC3CC52D14F40DED44A45DB58C6C957A2
:202E4000DD434CD251CFC05E54CAC55BD84649D75BC5CA54D74946D8D24C43DD5EC0CF5182
:202E600058C6C957D44A45DBD14F40DE5DC3CC52DE404FD152CCC35D57C9C658DB454AD462
:202E800021BFB02EAD333CA2A83639A724BAB52BA73936A82BB5BA242EB0BF21A23C33AD42
:202EA000A43A35AB28B6B9272DB3BC22A13F30AE22BCB32DAE303FA1AB353AA427B9B62822
:202EC000A23C33AD2EB0BF212BB5BA24A73936A824BAB52BA83639A7AD333CA221BFB02E02
:202EE00027B9B628AB353AA4AE303FA122BCB32DA13F30AE2DB3BC2228B6B927A43A35ABE2
:202F000022BCB32DAE303FA1AB353AA427B9B628A43A35AB28B6B9272DB3BC22A13F30AEC1
:202F2000A73936A82BB5BA242EB0BF21A23C33AD21BFB02EAD333CA2A83639A724BAB52BA1
:202F4000A13F30AE2DB3BC2228B6B927A43A35AB27B9B628AB353AA4AE303FA122BCB32D81
:202F600024BAB52BA83639A7AD333CA221BFB02EA23C33AD2EB0BF212BB5BA24A73936A861
:202F80005DC3CC52D14F40DED44A45DB58C6C957DB454AD457C9C65852CCC35DDE404FD141
:202FA000D84649D754CAC55B51CFC05EDD434CD25EC0CF51D24C43DDD74946D85BC5CA5421
:202FC000DE404FD152CCC35D57C9C658DB454AD458C6C957D44A45DBD14F40DE5DC3CC5201
:202FE0005BC5CA54D74946D8D24C43DD5EC0CF51DD434CD251CFC05E54CAC55BD84649D7E1
:2030000058C6C957D44A45DBD14F40DE5DC3CC52DE404FD152CCC35D57C9C658DB454AD4C0
:20302000DD434CD251CFC05E54CAC55BD84649D75BC5CA54D74946D8D24C43DD5EC0CF51A0
:20304000DB454AD457C9C65852CCC35DDE404FD15DC3CC52D14F40DED44A45DB58C6C95780
:203060005EC0CF51D24C43DDD74946D85BC5CA54D84649D754CAC55B51CFC05EDD434CD260
:2030800027B9B628AB353AA4AE303FA122BCB32DA13F30AE2DB3BC2228B6B927A43A35AB40
:2030A000A23C33AD2EB0BF212BB5BA24A73936A824BAB52BA83639A7AD333CA221BFB02E20
:2030C000A43A35AB28B6B9272DB3BC22A13F30AE22BCB32DAE303FA1AB353AA427B9B62800
:2030E00021BFB02EAD333CA2A83639A724BAB52BA73936A82BB5BA242EB0BF21A23C33ADE0
:2031000024BAB52BA83639A7AD333CA221BFB02EA23C33AD2EB0BF212BB5BA24A73936A8BF
:20312000A13F30AE2DB3BC2228B6B927A43A35AB27B9B628AB353AA4AE303FA122BCB32D9F
:20314000A73936A82BB5BA242EB0BF21A23C33AD21BFB02EAD333CA2A83639A724BAB52B7F
:2031600022BCB32DAE303FA1AB353AA427B9B628A43A35AB28B6B9272DB3BC22A13F30AE5F
:203180005BC5CA54D74946D8D24C43DD5EC0CF51DD434CD251CFC05E54CAC55BD84649D73F
:2031A000DE404FD152CCC35D57C9C658DB454AD458C6C957D44A45DBD14F40DE5DC3CC521F
:2031C000D84649D754CAC55B51CFC05EDD434CD25EC0CF51D24C43DDD74946D85BC5CA54FF
:2031E0005DC3CC52D14F40DED44A45DB58C6C957DB454AD457C9C65852CCC35DDE404FD1DF
:2032000022BCB32DAE303FA1AB353AA427B9B628A43A35AB28B6B9272DB3BC22A13F30AEBE
:20322000A73936A82BB5BA242EB0BF21A23C33AD21BFB02EAD333CA2A83639A724BAB52B9E
:20324000A13F30AE2DB3BC2228B6B927A43A35AB27B9B628AB353AA4AE303FA122BCB32D7E
:2032600024BAB52BA83639A7AD333CA221BFB02EA23C33AD2EB0BF212BB5BA24A73936A85E
:203280005DC3CC52D14F40DED44A45DB58C6C957DB454AD457C9C65852CCC35DDE404FD13E
:2032A000D84649D754CAC55B51CFC05EDD434CD25EC0CF51D24C43DDD74946D85BC5CA541E
:2032C000DE404FD152CCC35D57C9C658DB454AD458C6C957D44A45DBD14F40DE5DC3CC52FE
:2032E0005BC5CA54D74946D8D24C43DD5EC0CF51DD434CD251CFC05E54CAC55BD84649D7DE
:203300005EC0CF51D24C43DDD74946D85BC5CA54D84649D754CAC55B51CFC05EDD434CD2BD
:20332000DB454AD457C9C65852CCC35DDE404FD15DC3CC52D14F40DED44A45DB58C6C9579D
:20334000DD434CD251CFC05E54CAC55BD84649D75BC5CA54D74946D8D24C43DD5EC0CF517D
:2033600058C6C957D44A45DBD14F40DE5DC3CC52DE404FD152CCC35D57C9C658DB454AD45D
:2033800021BFB02EAD333CA2A83639A724BAB52BA73936A82BB5BA242EB0BF21A23C33AD3D
:2033A000A43A35AB28B6B9272DB3BC22A13F30AE22BCB32DAE303FA1AB353AA427B9B6281D
:2033C000A23C33AD2EB0BF212BB5BA24A73936A824BAB52BA83639A7AD333CA221BFB02EFD
:2033E00027B9B628AB353AA4AE303FA122BCB32DA13F30AE2DB3BC2228B6B927A43A35ABDD
:2034000021BFB02EAD333CA2A83639A724BAB52BA73936A82BB5BA242EB0BF21A23C33ADBC
:20342000A43A35AB28B6B9272DB3BC22A13F30AE22BCB32DAE303FA1AB353AA427B9B6289C
:20344000A23C33AD2EB0BF212BB5BA24A73936A824BAB52BA83639A7AD333CA221BFB02E7C
:2034600027B9B628AB353AA4AE303FA122BCB32DA13F30AE2DB3BC2228B6B927A43A35AB5C
:203480005EC0CF51D24C43DDD74946D85BC5CA54D84649D754CAC55B51CFC05EDD434CD23C
:2034A000DB454AD457C9C65852CCC35DDE404FD15DC3CC52D14F40DED44A45DB58C6C9571C
:2034C000DD434CD251CFC05E54CAC55BD84649D75BC5CA54D74946D8D24C43DD5EC0CF51FC
:2034E00058C6C957D44A45DBD14F40DE5DC3CC52DE404FD152CCC35D57C9C658DB454AD4DC
:203500005DC3CC52D14F40DED44A45DB58C6C957DB454AD457C9C65852CCC35DDE404FD1BB
:20352000D84649D754CAC55B51CFC05EDD434CD25EC0CF51D24C43DDD74946D85BC5CA549B
:20354000DE404FD152CCC35D57C9C658DB454AD458C6C957D44A45DBD14F40DE5DC3CC527B
:203560005BC5CA54D74946D8D24C43DD5EC0CF51DD434CD251CFC05E54CAC55BD84649D75B
:2035800022BCB32DAE303FA1AB353AA427B9B628A43A35AB28B6B9272DB3BC22A13F30AE3B
:2035A000A73936A82BB5BA242EB0BF21A23C33AD21BFB02EAD333CA2A83639A724BAB52B1B
:2035C000A13F30AE2DB3BC2228B6B927A43A35AB27B9B628AB353AA4AE303FA122BCB32DFB
:2035E00024BAB52BA83639A7AD333CA221BFB02EA23C33AD2EB0BF212BB5BA24A73936A8DB
:203600005BC5CA54D74946D8D24C43DD5EC0CF51DD434CD251CFC05E54CAC55BD84649D7BA
:20362000DE404FD152CCC35D57C9C658DB454AD458C6C957D44A45DBD14F40DE5DC3CC529A
:20364000D84649D754CAC55B51CFC05EDD434CD25EC0CF51D24C43DDD74946D85BC5CA547A
:203660005DC3CC52D14F40DED44A45DB58C6C957DB454AD457C9C65852CCC35DDE404FD15A
:2036800024BAB52BA83639A7AD333CA221BFB02EA23C33AD2EB0BF212BB5BA24A73936A83A
:2036A000A13F30AE2DB3BC2228B6B927A43A35AB27B9B628AB353AA4AE303FA122BCB32D1A
:2036C000A73936A82BB5BA242EB0BF21A23C33AD21BFB02EAD333CA2A83639A724BAB52BFA
:2036E00022BCB32DAE303FA1AB353AA427B9B628A43A35AB28B6B9272DB3BC22A13F30AEDA
:2037000027B9B628AB353AA4AE303FA122BCB32DA13F30AE2DB3BC2228B6B927A43A35ABB9
:20372000A23C33AD2EB0BF212BB5BA24A73936A824BAB52BA83639A7AD333CA221BFB02E99
:20374000A43A35AB28B6B9272DB3BC22A13F30AE22BCB32DAE303FA1AB353AA427B9B62879
:2037600021BFB02EAD333CA2A83639A724BAB52BA73936A82BB5BA242EB0BF21A23C33AD59
:2037800058C6C957D44A45DBD14F40DE5DC3CC52DE404FD152CCC35D57C9C658DB454AD439
:2037A000DD434CD251CFC05E54CAC55BD84649D75BC5CA54D74946D8D24C43DD5EC0CF5119
:2037C000DB454AD457C9C65852CCC35DDE404FD15DC3CC52D14F40DED44A45DB58C6C957F9
:2037E0005EC0CF51D24C43DDD74946D85BC5CA54D84649D754CAC55B51CFC05EDD434CD2D9
:203800002EB0BF21A23C33ADA73936A82BB5BA24A83639A724BAB52B21BFB02EAD333CA2B8
:20382000AB353AA427B9B62822BCB32DAE303FA12DB3BC22A13F30AEA43A35AB28B6B92798
:20384000AD333CA221BFB02E24BAB52BA83639A72BB5BA24A73936A8A23C33AD2EB0BF2178
:2038600028B6B927A43A35ABA13F30AE2DB3BC22AE303FA122BCB32D27B9B628AB353AA458
:2038800051CFC05EDD434CD2D84649D754CAC55BD74946D85BC5CA545EC0CF51D24C43DD38
:2038A000D44A45DB58C6C9575DC3CC52D14F40DE52CCC35DDE404FD1DB454AD457C9C65818
:2038C000D24C43DD5EC0CF515BC5CA54D74946D854CAC55BD84649D7DD434CD251CFC05EF8
:2038E00057C9C658DB454AD4DE404FD152CCC35DD14F40DE5DC3CC5258C6C957D44A45DBD8
:2039000052CCC35DDE404FD1DB454AD457C9C658D44A45DB58C6C9575DC3CC52D14F40DEB7
:20392000D74946D85BC5CA545EC0CF51D24C43DD51CFC05EDD434CD2D84649D754CAC55B97
:20394000D14F40DE5DC3CC5258C6C957D44A45DB57C9C658DB454AD4DE404FD152CCC35D77
:2039600054CAC55BD84649D7DD434CD251CFC05ED24C43DD5EC0CF515BC5CA54D74946D857
:203980002DB3BC22A13F30AEA43A35AB28B6B927AB353AA427B9B62822BCB32DAE303FA137
:2039A000A83639A724BAB52B21BFB02EAD333CA22EB0BF21A23C33ADA73936A82BB5BA2417
:2039C000AE303FA122BCB32D27B9B628AB353AA428B6B927A43A35ABA13F30AE2DB3BC22F7
:2039E0002BB5BA24A73936A8A23C33AD2EB0BF21AD333CA221BFB02E24BAB52BA83639A7D7
:203A000054CAC55BD84649D7DD434CD251CFC05ED24C43DD5EC0CF515BC5CA54D74946D8B6
:203A2000D14F40DE5DC3CC5258C6C957D44A45DB57C9C658DB454AD4DE404FD152CCC35D96
:203A4000D74946D85BC5CA545EC0CF51D24C43DD51CFC05EDD434CD2D84649D754CAC55B76
:203A600052CCC35DDE404FD1DB454AD457C9C658D44A45DB58C6C9575DC3CC52D14F40DE56
:203A80002BB5BA24A73936A8A23C33AD2EB0BF21AD333CA221BFB02E24BAB52BA83639A736
:203AA000AE303FA122BCB32D27B9B628AB353AA428B6B927A43A35ABA13F30AE2DB3BC2216
:203AC000A83639A724BAB52B21BFB02EAD333CA22EB0BF21A23C33ADA73936A82BB5BA24F6
:203AE0002DB3BC22A13F30AEA43A35AB28B6B927AB353AA427B9B62822BCB32DAE303FA1D6
:203B000028B6B927A43A35ABA13F30AE2DB3BC22AE303FA122BCB32D27B9B628AB353AA4B5
:203B2000AD333CA221BFB02E24BAB52BA83639A72BB5BA24A73936A8A23C33AD2EB0BF2195
:203B4000AB353AA427B9B62822BCB32DAE303FA12DB3BC22A13F30AEA43A35AB28B6B92775
:203B60002EB0BF21A23C33ADA73936A82BB5BA24A83639A724BAB52B21BFB02EAD333CA255
:203B800057C9C658DB454AD4DE404FD152CCC35DD14F40DE5DC3CC5258C6C957D44A45DB35
:203BA000D24C43DD5EC0CF515BC5CA54D74946D854CAC55BD84649D7DD434CD251CFC05E15
:203BC000D44A45DB58C6C9575DC3CC52D14F40DE52CCC35DDE404FD1DB454AD457C9C658F5
:203BE00051CFC05EDD434CD2D84649D754CAC55BD74946D85BC5CA545EC0CF51D24C43DDD5
:203C000057C9C658DB454AD4DE404FD152CCC35DD14F40DE5DC3CC5258C6C957D44A45DBB4
:203C2000D24C43DD5EC0CF515BC5CA54D74946D854CAC55BD84649D7DD434CD251CFC05E94
:203C4000D44A45DB58C6C9575DC3CC52D14F40DE52CCC35DDE404FD1DB454AD457C9C65874
:203C600051CFC05EDD434CD2D84649D754CAC55BD74946D85BC5CA545EC0CF51D24C43DD54
:203C800028B6B927A43A35ABA13F30AE2DB3BC22AE303FA122BCB32D27B9B628AB353AA434
:203CA000AD333CA221BFB02E24BAB52BA83639A72BB5BA24A73936A8A23C33AD2EB0BF2114
:203CC000AB353AA427B9B62822BCB32DAE303FA12DB3BC22A13F30AEA43A35AB28B6B927F4
:203CE0002EB0BF21A23C33ADA73936A82BB5BA24A83639A724BAB52B21BFB02EAD333CA2D4
:203D00002BB5BA24A73936A8A23C33AD2EB0BF21AD333CA221BFB02E24BAB52BA83639A7B3
:203D2000AE303FA122BCB32D27B9B628AB353AA428B6B927A43A35ABA13F30AE2DB3BC2293
:203D4000A83639A724BAB52B21BFB02EAD333CA22EB0BF21A23C33ADA73936A82BB5BA2473
:203D60002DB3BC22A13F30AEA43A35AB28B6B927AB353AA427B9B62822BCB32DAE303FA153
:203D800054CAC55BD84649D7DD434CD251CFC05ED24C43DD5EC0CF515BC5CA54D74946D833
:203DA000D14F40DE5DC3CC5258C6C957D44A45DB57C9C658DB454AD4DE404FD152CCC35D13
:203DC000D74946D85BC5CA545EC0CF51D24C43DD51CFC05EDD434CD2D84649D754CAC55BF3
:203DE00052CCC35DDE404FD1DB454AD457C9C658D44A45DB58C6C9575DC3CC52D14F40DED3
:203E00002DB3BC22A13F30AEA43A35AB28B6B927AB353AA427B9B62822BCB32DAE303FA1B2
:203E2000A83639A724BAB52B21BFB02EAD333CA22EB0BF21A23C33ADA73936A82BB5BA2492
:203E4000AE303FA122BCB32D27B9B628AB353AA428B6B927A43A35ABA13F30AE2DB3BC2272
:203E60002BB5BA24A73936A8A23C33AD2EB0BF21AD333CA221BFB02E24BAB52BA83639A752
:203E800052CCC35DDE404FD1DB454AD457C9C658D44A45DB58C6C9575DC3CC52D14F40DE32
:203EA000D74946D85BC5CA545EC0CF51D24C43DD51CFC05EDD434CD2D84649D754CAC55B12
:203EC000D14F40DE5DC3CC5258C6C957D44A45DB57C9C658DB454AD4DE404FD152CCC35DF2
:203EE00054CAC55BD84649D7DD434CD251CFC05ED24C43DD5EC0CF515BC5CA54D74946D8D2
:203F000051CFC05EDD434CD2D84649D754CAC55BD74946D85BC5CA545EC0CF51D24C43DDB1
:203F2000D44A45DB58C6C9575DC3CC52D14F40DE52CCC35DDE404FD1DB454AD457C9C65891
:203F4000D24C43DD5EC0CF515BC5CA54D74946D854CAC55BD84649D7DD434CD251CFC05E71
:203F600057C9C658DB454AD4DE404FD152CCC35DD14F40DE5DC3CC5258C6C957D44A45DB51
:203F80002EB0BF21A23C33ADA73936A82BB5BA24A83639A724BAB52B21BFB02EAD333CA231
:203FA000AB353AA427B9B62822BCB32DAE303FA12DB3BC22A13F30AEA43A35AB28B6B92711
:203FC000AD333CA221BFB02E24BAB52BA83639A72BB5BA24A73936A8A23C33AD2EB0BF21F1
:203FE00028B6B927A43A35ABA13F30AE2DB3BC22AE303FA122BCB32D27B9B628AB353AA4D1
:2040000024BAB52BA83639A7AD333CA221BFB02EA23C33AD2EB0BF212BB5BA24A73936A8B0
:20402000A13F30AE2DB3BC2228B6B927A43A35AB27B9B628AB353AA4AE303FA122BCB32D90
:20404000A73936A82BB5BA242EB0BF21A23C33AD21BFB02EAD333CA2A83639A724BAB52B70
:2040600022BCB32DAE303FA1AB353AA427B9B628A43A35AB28B6B9272DB3BC22A13F30AE50
:204080005BC5CA54D74946D8D24C43DD5EC0CF51DD434CD251CFC05E54CAC55BD84649D730
:2040A000DE404FD152CCC35D57C9C658DB454AD458C6C957D44A45DBD14F40DE5DC3CC5210
:2040C000D84649D754CAC55B51CFC05EDD434CD25EC0CF51D24C43DDD74946D85BC5CA54F0
:2040E0005DC3CC52D14F40DED44A45DB58C6C957DB454AD457C9C65852CCC35DDE404FD1D0
:2041000058C6C957D44A45DBD14F40DE5DC3CC52DE404FD152CCC35D57C9C658DB454AD4AF
:20412000DD434CD251CFC05E54CAC55BD84649D75BC5CA54D74946D8D24C43DD5EC0CF518F
:20414000DB454AD457C9C65852CCC35DDE404FD15DC3CC52D14F40DED44A45DB58C6C9576F
:204160005EC0CF51D24C43DDD74946D85BC5CA54D84649D754CAC55B51CFC05EDD434CD24F
:2041800027B9B628AB353AA4AE303FA122BCB32DA13F30AE2DB3BC2228B6B927A43A35AB2F
:2041A000A23C33AD2EB0BF212BB5BA24A73936A824BAB52BA83639A7AD333CA221BFB02E0F
:2041C000A43A35AB28B6B9272DB3BC22A13F30AE22BCB32DAE303FA1AB353AA427B9B628EF
:2041E00021BFB02EAD333CA2A83639A724BAB52BA73936A82BB5BA242EB0BF21A23C33ADCF
:204200005EC0CF51D24C43DDD74946D85BC5CA54D84649D754CAC55B51CFC05EDD434CD2AE
:20422000DB454AD457C9C65852CCC35DDE404FD15DC3CC52D14F40DED44A45DB58C6C9578E
:20424000DD434CD251CFC05E54CAC55BD84649D75BC5CA54D74946D8D24C43DD5EC0CF516E
:2042600058C6C957D44A45DBD14F40DE5DC3CC52DE404FD152CCC35D57C9C658DB454AD44E
:2042800021BFB02EAD333CA2A83639A724BAB52BA73936A82BB5BA242EB0BF21A23C33AD2E
:2042A000A43A35AB28B6B9272DB3BC22A13F30AE22BCB32DAE303FA1AB353AA427B9B6280E
:2042C000A23C33AD2EB0BF212BB5BA24A73936A824BAB52BA83639A7AD333CA221BFB02EEE
:2042E00027B9B628AB353AA4AE303FA122BCB32DA13F30AE2DB3BC2228B6B927A43A35ABCE
:2043000022BCB32DAE303FA1AB353AA427B9B628A43A35AB28B6B9272DB3BC22A13F30AEAD
:20432000A73936A82BB5BA242EB0BF21A23C33AD21BFB02EAD333CA2A83639A724BAB52B8D
:20434000A13F30AE2DB3BC2228B6B927A43A35AB27B9B628AB353AA4AE303FA122BCB32D6D
:2043600024BAB52BA83639A7AD333CA221BFB02EA23C33AD2EB0BF212BB5BA24A73936A84D
:204380005DC3CC52D14F40DED44A45DB58C6C957DB454AD457C9C65852CCC35DDE404FD12D
:2043A000D84649D754CAC55B51CFC05EDD434CD25EC0CF51D24C43DDD74946D85BC5CA540D
:2043C000DE404FD152CCC35D57C9C658DB454AD458C6C957D44A45DBD14F40DE5DC3CC52ED
:2043E0005BC5CA54D74946D8D24C43DD5EC0CF51DD434CD251CFC05E54CAC55BD84649D7CD
:204400005DC3CC52D14F40DED44A45DB58C6C957DB454AD457C9C65852CCC35DDE404FD1AC
:20442000D84649D754CAC55B51CFC05EDD434CD25EC0CF51D24C43DDD74946D85BC5CA548C
:20444000DE404FD152CCC35D57C9C658DB454AD458C6C957D44A45DBD14F40DE5DC3CC526C
:204460005BC5CA54D74946D8D24C43DD5EC0CF51DD434CD251CFC05E54CAC55BD84649D74C
:2044800022BCB32DAE303FA1AB353AA427B9B628A43A35AB28B6B9272DB3BC22A13F30AE2C
:2044A000A73936A82BB5BA242EB0BF21A23C33AD21BFB02EAD333CA2A83639A724BAB52B0C
:2044C000A13F30AE2DB3BC2228B6B927A43A35AB27B9B628AB353AA4AE303FA122BCB32DEC
:2044E00024BAB52BA83639A7AD333CA221BFB02EA23C33AD2EB0BF212BB5BA24A73936A8CC
:2045000021BFB02EAD333CA2A83639A724BAB52BA73936A82BB5BA242EB0BF21A23C33ADAB
:20452000A43A35AB28B6B9272DB3BC22A13F30AE22BCB32DAE303FA1AB353AA427B9B6288B
:20454000A23C33AD2EB0BF212BB5BA24A73936A824BAB52BA83639A7AD333CA221BFB02E6B
:2045600027B9B628AB353AA4AE303FA122BCB32DA13F30AE2DB3BC2228B6B927A43A35AB4B
:204580005EC0CF51D24C43DDD74946D85BC5CA54D84649D754CAC55B51CFC05EDD434CD22B
:2045A000DB454AD457C9C65852CCC35DDE404FD15DC3CC52D14F40DED44A45DB58C6C9570B
:2045C000DD434CD251CFC05E54CAC55BD84649D75BC5CA54D74946D8D24C43DD5EC0CF51EB
:2045E00058C6C957D44A45DBD14F40DE5DC3CC52DE404FD152CCC35D57C9C658DB454AD4CB
:2046000027B9B628AB353AA4AE303FA122BCB32DA13F30AE2DB3BC2228B6B927A43A35ABAA
:20462000A23C33AD2EB0BF212BB5BA24A73936A824BAB52BA83639A7AD333CA221BFB02E8A
:20464000A43A35AB28B6B9272DB3BC22A13F30AE22BCB32DAE303FA1AB353AA427B9B6286A
:2046600021BFB02EAD333CA2A83639A724BAB52BA73936A82BB5BA242EB0BF21A23C33AD4A
:2046800058C6C957D44A45DBD14F40DE5DC3CC52DE404FD152CCC35D57C9C658DB454AD42A
:2046A000DD434CD251CFC05E54CAC55BD84649D75BC5CA54D74946D8D24C43DD5EC0CF510A
:2046C000DB454AD457C9C65852CCC35DDE404FD15DC3CC52D14F40DED44A45DB58C6C957EA
:2046E0005EC0CF51D24C43DDD74946D85BC5CA54D84649D754CAC55B51CFC05EDD434CD2CA
:204700005BC5CA54D74946D8D24C43DD5EC0CF51DD434CD251CFC05E54CAC55BD84649D7A9
:20472000DE404FD152CCC35D57C9C658DB454AD458C6C957D44A45DBD14F40DE5DC3CC5289
:20474000D84649D754CAC55B51CFC05EDD434CD25EC0CF51D24C43DDD74946D85BC5CA5469
:204760005DC3CC52D14F40DED44A45DB58C6C957DB454AD457C9C65852CCC35DDE404FD149
:2047800024BAB52BA83639A7AD333CA221BFB02EA23C33AD2EB0BF212BB5BA24A73936A829
:2047A000A13F30AE2DB3BC2228B6B927A43A35AB27B9B628AB353AA4AE303FA122BCB32D09
:2047C000A73936A82BB5BA242EB0BF21A23C33AD21BFB02EAD333CA2A83639A724BAB52BE9
:2047E00022BCB32DAE303FA1AB353AA427B9B628A43A35AB28B6B9272DB3BC22A13F30AEC9
:2048000052CCC35DDE404FD1DB454AD457C9C658D44A45DB58C6C9575DC3CC52D14F40DEA8
:20482000D74946D85BC5CA545EC0CF51D24C43DD51CFC05EDD434CD2D84649D754CAC55B88
:20484000D14F40DE5DC3CC5258C6C957D44A45DB57C9C658DB454AD4DE404FD152CCC35D68
:2048600054CAC55BD84649D7DD434CD251CFC05ED24C43DD5EC0CF515BC5CA54D74946D848
:204880002DB3BC22A13F30AEA43A35AB28B6B927AB353AA427B9B62822BCB32DAE303FA128
:2048A000A83639A724BAB52B21BFB02EAD333CA22EB0BF21A23C33ADA73936A82BB5BA2408
:2048C000AE303FA122BCB32D27B9B628AB353AA428B6B927A43A35ABA13F30AE2DB3BC22E8
:2048E0002BB5BA24A73936A8A23C33AD2EB0BF21AD333CA221BFB02E24BAB52BA83639A7C8
:204900002EB0BF21A23C33ADA73936A82BB5BA24A83639A724BAB52B21BFB02EAD333CA2A7
:20492000AB353AA427B9B62822BCB32DAE303FA12DB3BC22A13F30AEA43A35AB28B6B92787
:20494000AD333CA221BFB02E24BAB52BA83639A72BB5BA24A73936A8A23C33AD2EB0BF2167
:2049600028B6B927A43A35ABA13F30AE2DB3BC22AE303FA122BCB32D27B9B628AB353AA447
:2049800051CFC05EDD434CD2D84649D754CAC55BD74946D85BC5CA545EC0CF51D24C43DD27
:2049A000D44A45DB58C6C9575DC3CC52D14F40DE52CCC35DDE404FD1DB454AD457C9C65807
:2049C000D24C43DD5EC0CF515BC5CA54D74946D854CAC55BD84649D7DD434CD251CFC05EE7
:2049E00057C9C658DB454AD4DE404FD152CCC35DD14F40DE5DC3CC5258C6C957D44A45DBC7
:204A000028B6B927A43A35ABA13F30AE2DB3BC22AE303FA122BCB32D27B9B628AB353AA4A6
:204A2000AD333CA221BFB02E24BAB52BA83639A72BB5BA24A73936A8A23C33AD2EB0BF2186
:204A4000AB353AA427B9B62822BCB32DAE303FA12DB3BC22A13F30AEA43A35AB28B6B92766
:204A60002EB0BF21A23C33ADA73936A82BB5BA24A83639A724BAB52B21BFB02EAD333CA246
:204A800057C9C658DB454AD4DE404FD152CCC35DD14F40DE5DC3CC5258C6C957D44A45DB26
:204AA000D24C43DD5EC0CF515BC5CA54D74946D854CAC55BD84649D7DD434CD251CFC05E06
:204AC000D44A45DB58C6C9575DC3CC52D14F40DE52CCC35DDE404FD1DB454AD457C9C658E6
:204AE00051CFC05EDD434CD2D84649D754CAC55BD74946D85BC5CA545EC0CF51D24C43DDC6
:204B000054CAC55BD84649D7DD434CD251CFC05ED24C43DD5EC0CF515BC5CA54D74946D8A5
:204B2000D14F40DE5DC3CC5258C6C957D44A45DB57C9C658DB454AD4DE404FD152CCC35D85
:204B4000D74946D85BC5CA545EC0CF51D24C43DD51CFC05EDD434CD2D84649D754CAC55B65
:204B600052CCC35DDE404FD1DB454AD457C9C658D44A45DB58C6C9575DC3CC52D14F40DE45
:204B80002BB5BA24A73936A8A23C33AD2EB0BF21AD333CA221BFB02E24BAB52BA83639A725
:204BA000AE303FA122BCB32D27B9B628AB353AA428B6B927A43A35ABA13F30AE2DB3BC2205
:204BC000A83639A724BAB52B21BFB02EAD333CA22EB0BF21A23C33ADA73936A82BB5BA24E5
:204BE0002DB3BC22A13F30AEA43A35AB28B6B927AB353AA427B9B62822BCB32DAE303FA1C5
:204C00002BB5BA24A73936A8A23C33AD2EB0BF21AD333CA221BFB02E24BAB52BA83639A7A4
:204C2000AE303FA122BCB32D27B9B628AB353AA428B6B927A43A35ABA13F30AE2DB3BC2284
:204C4000A83639A724BAB52B21BFB02EAD333CA22EB0BF21A23C33ADA73936A82BB5BA2464
:204C60002DB3BC22A13F30AEA43A35AB28B6B927AB353AA427B9B62822BCB32DAE303FA144
:204C800054CAC55BD84649D7DD434CD251CFC05ED24C43DD5EC0CF515BC5CA54D74946D824
:204CA000D14F40DE5DC3CC5258C6C957D44A45DB57C9C658DB454AD4DE404FD152CCC35D04
:204CC000D74946D85BC5CA545EC0CF51D24C43DD51CFC05EDD434CD2D84649D754CAC55BE4
:204CE00052CCC35DDE404FD1DB454AD457C9C658D44A45DB58C6C9575DC3CC52D14F40DEC4
:204D000057C9C658DB454AD4DE404FD152CCC35DD14F40DE5DC3CC5258C6C957D44A45DBA3
:204D2000D24C43DD5EC0CF515BC5CA54D74946D854CAC55BD84649D7DD434CD251CFC05E83
:204D4000D44A45DB58C6C9575DC3CC52D14F40DE52CCC35DDE404FD1DB454AD457C9C65863
:204D600051CFC05EDD434CD2D84649D754CAC55BD74946D85BC5CA545EC0CF51D24C43DD43
:204D800028B6B927A43A35ABA13F30AE2DB3BC22AE303FA122BCB32D27B9B628AB353AA423
:204DA000AD333CA221BFB02E24BAB52BA83639A72BB5BA24A73936A8A23C33AD2EB0BF2103
:204DC000AB353AA427B9B62822BCB32DAE303FA12DB3BC22A13F30AEA43A35AB28B6B927E3
:204DE0002EB0BF21A23C33ADA73936A82BB5BA24A83639A724BAB52B21BFB02EAD333CA2C3
:204E000051CFC05EDD434CD2D84649D754CAC55BD74946D85BC5CA545EC0CF51D24C43DDA2
:204E2000D44A45DB58C6C9575DC3CC52D14F40DE52CCC35DDE404FD1DB454AD457C9C65882
:204E4000D24C43DD5EC0CF515BC5CA54D74946D854CAC55BD84649D7DD434CD251CFC05E62
:204E600057C9C658DB454AD4DE404FD152CCC35DD14F40DE5DC3CC5258C6C957D44A45DB42
:204E80002EB0BF21A23C33ADA73936A82BB5BA24A83639A724BAB52B21BFB02EAD333CA222
:204EA000AB353AA427B9B62822BCB32DAE303FA12DB3BC22A13F30AEA43A35AB28B6B92702
:204EC000AD333CA221BFB02E24BAB52BA83639A72BB5BA24A73936A8A23C33AD2EB0BF21E2
:204EE00028B6B927A43A35ABA13F30AE2DB3BC22AE303FA122BCB32D27B9B628AB353AA4C2
:204F00002DB3BC22A13F30AEA43A35AB28B6B927AB353AA427B9B62822BCB32DAE303FA1A1
:204F2000A83639A724BAB52B21BFB02EAD333CA22EB0BF21A23C33ADA73936A82BB5BA2481
:204F4000AE303FA122BCB32D27B9B628AB353AA428B6B927A43A35ABA13F30AE2DB3BC2261
:204F60002BB5BA24A73936A8A23C33AD2EB0BF21AD333CA221BFB02E24BAB52BA83639A741
:204F800052CCC35DDE404FD1DB454AD457C9C658D44A45DB58C6C9575DC3CC52D14F40DE21
:204FA000D74946D85BC5CA545EC0CF51D24C43DD51CFC05EDD434CD2D84649D754CAC55B01
:204FC000D14F40DE5DC3CC5258C6C957D44A45DB57C9C658DB454AD4DE404FD152CCC35DE1
:204FE00054CAC55BD84649D7DD434CD251CFC05ED24C43DD5EC0CF515BC5CA54D74946D8C1
:2050000057C9C658DB454AD4DE404FD152CCC35DD14F40DE5DC3CC5258C6C957D44A45DBA0
:20502000D24C43DD5EC0CF515BC5CA54D74946D854CAC55BD84649D7DD434CD251CFC05E80
:20504000D44A45DB58C6C9575DC3CC52D14F40DE52CCC35DDE404FD1DB454AD457C9C65860
:2050600051CFC05EDD434CD2D84649D754CAC55BD74946D85BC5CA545EC0CF51D24C43DD40
:2050800028B6B927A43A35ABA13F30AE2DB3BC22AE303FA122BCB32D27B9B628AB353AA420
:2050A000AD333CA221BFB02E24BAB52BA83639A72BB5BA24A73936A8A23C33AD2EB0BF2100
:2050C000AB353AA427B9B62822BCB32DAE303FA12DB3BC22A13F30AEA43A35AB28B6B927E0
:2050E0002EB0BF21A23C33ADA73936A82BB5BA24A83639A724BAB52B21BFB02EAD333CA2C0
:205100002BB5BA24A73936A8A23C33AD2EB0BF21AD333CA221BFB02E24BAB52BA83639A79F
:20512000AE303FA122BCB32D27B9B628AB353AA428B6B927A43A35ABA13F30AE2DB3BC227F
:20514000A83639A724BAB52B21BFB02EAD333CA22EB0BF21A23C33ADA73936A82BB5BA245F
:205160002DB3BC22A13F30AEA43A35AB28B6B927AB353AA427B9B62822BCB32DAE303FA13F
:2051800054CAC55BD84649D7DD434CD251CFC05ED24C43DD5EC0CF515BC5CA54D74946D81F
:2051A000D14F40DE5DC3CC5258C6C957D44A45DB57C9C658DB454AD4DE404FD152CCC35DFF
:2051C000D74946D85BC5CA545EC0CF51D24C43DD51CFC05EDD434CD2D84649D754CAC55BDF
:2051E00052CCC35DDE404FD1DB454AD457C9C658D44A45DB58C6C9575DC3CC52D14F40DEBF
:205200002DB3BC22A13F30AEA43A35AB28B6B927AB353AA427B9B62822BCB32DAE303FA19E
:20522000A83639A724BAB52B21BFB02EAD333CA22EB0BF21A23C33ADA73936A82BB5BA247E
:20524000AE303FA122BCB32D27B9B628AB353AA428B6B927A43A35ABA13F30AE2DB3BC225E
:205260002BB5BA24A73936A8A23C33AD2EB0BF21AD333CA221BFB02E24BAB52BA83639A73E
:2052800052CCC35DDE404FD1DB454AD457C9C658D44A45DB58C6C9575DC3CC52D14F40DE1E
:2052A000D74946D85BC5CA545EC0CF51D24C43DD51CFC05EDD434CD2D84649D754CAC55BFE
:2052C000D14F40DE5DC3CC5258C6C957D44A45DB57C9C658DB454AD4DE404FD152CCC35DDE
:2052E00054CAC55BD84649D7DD434CD251CFC05ED24C43DD5EC0CF515BC5CA54D74946D8BE
:2053000051CFC05EDD434CD2D84649D754CAC55BD74946D85BC5CA545EC0CF51D24C43DD9D
:20532000D44A45DB58C6C9575DC3CC52D14F40DE52CCC35DDE404FD1DB454AD457C9C6587D
:20534000D24C43DD5EC0CF515BC5CA54D74946D854CAC55BD84649D7DD434CD251CFC05E5D
:2053600057C9C658DB454AD4DE404FD152CCC35DD14F40DE5DC3CC5258C6C957D44A45DB3D
:205380002EB0BF21A23C33ADA73936A82BB5BA24A83639A724BAB52B21BFB02EAD333CA21D
:2053A000AB353AA427B9B62822BCB32DAE303FA12DB3BC22A13F30AEA43A35AB28B6B927FD
:2053C000AD333CA221BFB02E24BAB52BA83639A72BB5BA24A73936A8A23C33AD2EB0BF21DD
:2053E00028B6B927A43A35ABA13F30AE2DB3BC22AE303FA122BCB32D27B9B628AB353AA4BD
:205400002EB0BF21A23C33ADA73936A82BB5BA24A83639A724BAB52B21BFB02EAD333CA29C
:20542000AB353AA427B9B62822BCB32DAE303FA12DB3BC22A13F30AEA43A35AB28B6B9277C
:20544000AD333CA221BFB02E24BAB52BA83639A72BB5BA24A73936A8A23C33AD2EB0BF215C
:2054600028B6B927A43A35ABA13F30AE2DB3BC22AE303FA122BCB32D27B9B628AB353AA43C
:2054800051CFC05EDD434CD2D84649D754CAC55BD74946D85BC5CA545EC0CF51D24C43DD1C
:2054A000D44A45DB58C6C9575DC3CC52D14F40DE52CCC35DDE404FD1DB454AD457C9C658FC
:2054C000D24C43DD5EC0CF515BC5CA54D74946D854CAC55BD84649D7DD434CD251CFC05EDC
:2054E00057C9C658DB454AD4DE404FD152CCC35DD14F40DE5DC3CC5258C6C957D44A45DBBC
:2055000052CCC35DDE404FD1DB454AD457C9C658D44A45DB58C6C9575DC3CC52D14F40DE9B
:20552000D74946D85BC5CA545EC0CF51D24C43DD51CFC05EDD434CD2D84649D754CAC55B7B
:20554000D14F40DE5DC3CC5258C6C957D44A45DB57C9C658DB454AD4DE404FD152CCC35D5B
:2055600054CAC55BD84649D7DD434CD251CFC05ED24C43DD5EC0CF515BC5CA54D74946D83B
:205580002DB3BC22A13F30AEA43A35AB28B6B927AB353AA427B9B62822BCB32DAE303FA11B
:2055A000A83639A724BAB52B21BFB02EAD333CA22EB0BF21A23C33ADA73936A82BB5BA24FB
:2055C000AE303FA122BCB32D27B9B628AB353AA428B6B927A43A35ABA13F30AE2DB3BC22DB
:2055E0002BB5BA24A73936A8A23C33AD2EB0BF21AD333CA221BFB02E24BAB52BA83639A7BB
:2056000054CAC55BD84649D7DD434CD251CFC05ED24C43DD5EC0CF515BC5CA54D74946D89A
:20562000D14F40DE5DC3CC5258C6C957D44A45DB57C9C658DB454AD4DE404FD152CCC35D7A
:20564000D74946D85BC5CA545EC0CF51D24C43DD51CFC05EDD434CD2D84649D754CAC55B5A
:2056600052CCC35DDE404FD1DB454AD457C9C658D44A45DB58C6C9575DC3CC52D14F40DE3A
:205680002BB5BA24A73936A8A23C33AD2EB0BF21AD333CA221BFB02E24BAB52BA83639A71A
:2056A000AE303FA122BCB32D27B9B628AB353AA428B6B927A43A35ABA13F30AE2DB3BC22FA
:2056C000A83639A724BAB52B21BFB02EAD333CA22EB0BF21A23C33ADA73936A82BB5BA24DA
:2056E0002DB3BC22A13F30AEA43A35AB28B6B927AB353AA427B9B62822BCB32DAE303FA1BA
:2057000028B6B927A43A35ABA13F30AE2DB3BC22AE303FA122BCB32D27B9B628AB353AA499
:20572000AD333CA221BFB02E24BAB52BA83639A72BB5BA24A73936A8A23C33AD2EB0BF2179
:20574000AB353AA427B9B62822BCB32DAE303FA12DB3BC22A13F30AEA43A35AB28B6B92759
:205760002EB0BF21A23C33ADA73936A82BB5BA24A83639A724BAB52B21BFB02EAD333CA239
:2057800057C9C658DB454AD4DE404FD152CCC35DD14F40DE5DC3CC5258C6C957D44A45DB19
:2057A000D24C43DD5EC0CF515BC5CA54D74946D854CAC55BD84649D7DD434CD251CFC05EF9
:2057C000D44A45DB58C6C9575DC3CC52D14F40DE52CCC35DDE404FD1DB454AD457C9C658D9
:2057E00051CFC05EDD434CD2D84649D754CAC55BD74946D85BC5CA545EC0CF51D24C43DDB9
:2058000021BFB02EAD333CA2A83639A724BAB52BA73936A82BB5BA242EB0BF21A23C33AD98
:20582000A43A35AB28B6B9272DB3BC22A13F30AE22BCB32DAE303FA1AB353AA427B9B62878
:20584000A23C33AD2EB0BF212BB5BA24A73936A824BAB52BA83639A7AD333CA221BFB02E58
:2058600027B9B628AB353AA4AE303FA122BCB32DA13F30AE2DB3BC2228B6B927A43A35AB38
:205880005EC0CF51D24C43DDD74946D85BC5CA54D84649D754CAC55B51CFC05EDD434CD218
:2058A000DB454AD457C9C65852CCC35DDE404FD15DC3CC52D14F40DED44A45DB58C6C957F8
:2058C000DD434CD251CFC05E54CAC55BD84649D75BC5CA54D74946D8D24C43DD5EC0CF51D8
:2058E00058C6C957D44A45DBD14F40DE5DC3CC52DE404FD152CCC35D57C9C658DB454AD4B8
:205900005DC3CC52D14F40DED44A45DB58C6C957DB454AD457C9C65852CCC35DDE404FD197
:20592000D84649D754CAC55B51CFC05EDD434CD25EC0CF51D24C43DDD74946D85BC5CA5477
:20594000DE404FD152CCC35D57C9C658DB454AD458C6C957D44A45DBD14F40DE5DC3CC5257
:205960005BC5CA54D74946D8D24C43DD5EC0CF51DD434CD251CFC05E54CAC55BD84649D737
:2059800022BCB32DAE303FA1AB353AA427B9B628A43A35AB28B6B9272DB3BC22A13F30AE17
:2059A000A73936A82BB5BA242EB0BF21A23C33AD21BFB02EAD333CA2A83639A724BAB52BF7
:2059C000A13F30AE2DB3BC2228B6B927A43A35AB27B9B628AB353AA4AE303FA122BCB32DD7
:2059E00024BAB52BA83639A7AD333CA221BFB02EA23C33AD2EB0BF212BB5BA24A73936A8B7
:205A00005BC5CA54D74946D8D24C43DD5EC0CF51DD434CD251CFC05E54CAC55BD84649D796
:205A2000DE404FD152CCC35D57C9C658DB454AD458C6C957D44A45DBD14F40DE5DC3CC5276
:205A4000D84649D754CAC55B51CFC05EDD434CD25EC0CF51D24C43DDD74946D85BC5CA5456
:205A60005DC3CC52D14F40DED44A45DB58C6C957DB454AD457C9C65852CCC35DDE404FD136
:205A800024BAB52BA83639A7AD333CA221BFB02EA23C33AD2EB0BF212BB5BA24A73936A816
:205AA000A13F30AE2DB3BC2228B6B927A43A35AB27B9B628AB353AA4AE303FA122BCB32DF6
:205AC000A73936A82BB5BA242EB0BF21A23C33AD21BFB02EAD333CA2A83639A724BAB52BD6
:205AE00022BCB32DAE303FA1AB353AA427B9B628A43A35AB28B6B9272DB3BC22A13F30AEB6
:205B000027B9B628AB353AA4AE303FA122BCB32DA13F30AE2DB3BC2228B6B927A43A35AB95
:205B2000A23C33AD2EB0BF212BB5BA24A73936A824BAB52BA83639A7AD333CA221BFB02E75
:205B4000A43A35AB28B6B9272DB3BC22A13F30AE22BCB32DAE303FA1AB353AA427B9B62855
:205B600021BFB02EAD333CA2A83639A724BAB52BA73936A82BB5BA242EB0BF21A23C33AD35
:205B800058C6C957D44A45DBD14F40DE5DC3CC52DE404FD152CCC35D57C9C658DB454AD415
:205BA000DD434CD251CFC05E54CAC55BD84649D75BC5CA54D74946D8D24C43DD5EC0CF51F5
:205BC000DB454AD457C9C65852CCC35DDE404FD15DC3CC52D14F40DED44A45DB58C6C957D5
:205BE0005EC0CF51D24C43DDD74946D85BC5CA54D84649D754CAC55B51CFC05EDD434CD2B5
:205C000058C6C957D44A45DBD14F40DE5DC3CC52DE404FD152CCC35D57C9C658DB454AD494
:205C2000DD434CD251CFC05E54CAC55BD84649D75BC5CA54D74946D8D24C43DD5EC0CF5174
:205C4000DB454AD457C9C65852CCC35DDE404FD15DC3CC52D14F40DED44A45DB58C6C95754
:205C60005EC0CF51D24C43DDD74946D85BC5CA54D84649D754CAC55B51CFC05EDD434CD234
:205C800027B9B628AB353AA4AE303FA122BCB32DA13F30AE2DB3BC2228B6B927A43A35AB14
:205CA000A23C33AD2EB0BF212BB5BA24A73936A824BAB52BA83639A7AD333CA221BFB02EF4
:205CC000A43A35AB28B6B9272DB3BC22A13F30AE22BCB32DAE303FA1AB353AA427B9B628D4
:205CE00021BFB02EAD333CA2A83639A724BAB52BA73936A82BB5BA242EB0BF21A23C33ADB4
:205D000024BAB52BA83639A7AD333CA221BFB02EA23C33AD2EB0BF212BB5BA24A73936A893
:205D2000A13F30AE2DB3BC2228B6B927A43A35AB27B9B628AB353AA4AE303FA122BCB32D73
:205D4000A73936A82BB5BA242EB0BF21A23C33AD21BFB02EAD333CA2A83639A724BAB52B53
:205D600022BCB32DAE303FA1AB353AA427B9B628A43A35AB28B6B9272DB3BC22A13F30AE33
:205D80005BC5CA54D74946D8D24C43DD5EC0CF51DD434CD251CFC05E54CAC55BD84649D713
:205DA000DE404FD152CCC35D57C9C658DB454AD458C6C957D44A45DBD14F40DE5DC3CC52F3
:205DC000D84649D754CAC55B51CFC05EDD434CD25EC0CF51D24C43DDD74946D85BC5CA54D3
:205DE0005DC3CC52D14F40DED44A45DB58C6C957DB454AD457C9C65852CCC35DDE404FD1B3
:205E000022BCB32DAE303FA1AB353AA427B9B628A43A35AB28B6B9272DB3BC22A13F30AE92
:205E2000A73936A82BB5BA242EB0BF21A23C33AD21BFB02EAD333CA2A83639A724BAB52B72
:205E4000A13F30AE2DB3BC2228B6B927A43A35AB27B9B628AB353AA4AE303FA122BCB32D52
:205E600024BAB52BA83639A7AD333CA221BFB02EA23C33AD2EB0BF212BB5BA24A73936A832
:205E80005DC3CC52D14F40DED44A45DB58C6C957DB454AD457C9C65852CCC35DDE404FD112
:205EA000D84649D754CAC55B51CFC05EDD434CD25EC0CF51D24C43DDD74946D85BC5CA54F2
:205EC000DE404FD152CCC35D57C9C658DB454AD458C6C957D44A45DBD14F40DE5DC3CC52D2
:205EE0005BC5CA54D74946D8D24C43DD5EC0CF51DD434CD251CFC05E54CAC55BD84649D7B2
:205F00005EC0CF51D24C43DDD74946D85BC5CA54D84649D754CAC55B51CFC05EDD434CD291
:205F2000DB454AD457C9C65852CCC35DDE404FD15DC3CC52D14F40DED44A45DB58C6C95771
:205F4000DD434CD251CFC05E54CAC55BD84649D75BC5CA54D74946D8D24C43DD5EC0CF5151
:205F600058C6C957D44A45DBD14F40DE5DC3CC52DE404FD152CCC35D57C9C658DB454AD431
:205F800021BFB02EAD333CA2A83639A724BAB52BA73936A82BB5BA242EB0BF21A23C33AD11
:205FA000A43A35AB28B6B9272DB3BC22A13F30AE22BCB32DAE303FA1AB353AA427B9B628F1
:205FC000A23C33AD2EB0BF212BB5BA24A73936A824BAB52BA83639A7AD333CA221BFB02ED1
:205FE00027B9B628AB353AA4AE303FA122BCB32DA13F30AE2DB3BC2228B6B927A43A35ABB1
:206000004AD4DB45C65857C9C35D52CC4FD1DE40CC525DC340DED14F45DBD44AC95758C690
:20602000CF515EC043DDD24C46D8D749CA545BC549D7D846C55B54CAC05E51CF4CD2DD4370
:20604000C95758C645DBD44A40DED14FCC525DC34FD1DE40C35D52CCC65857C94AD4DB4550
:206060004CD2DD43C05E51CFC55B54CA49D7D846CA545BC546D8D74943DDD24CCF515EC030
:2060800035ABA43AB92728B6BC222DB330AEA13FB32D22BC3FA1AE303AA4AB35B62827B910
:2060A000B02E21BF3CA2AD3339A7A836B52B24BA36A8A739BA242BB5BF212EB033ADA23CF0
:2060C000B62827B93AA4AB353FA1AE30B32D22BC30AEA13FBC222DB3B92728B635ABA43AD0
:2060E00033ADA23CBF212EB0BA242BB536A8A739B52B24BA39A7A8363CA2AD33B02E21BFB0
:2061000036A8A739BA242BB5BF212EB033ADA23CB02E21BF3CA2AD3339A7A836B52B24BA8F
:20612000B32D22BC3FA1AE303AA4AB35B62827B935ABA43AB92728B6BC222DB330AEA13F6F
:20614000B52B24BA39A7A8363CA2AD33B02E21BF33ADA23CBF212EB0BA242BB536A8A7394F
:2061600030AEA13FBC222DB3B92728B635ABA43AB62827B93AA4AB353FA1AE30B32D22BC2F
:2061800049D7D846C55B54CAC05E51CF4CD2DD43CF515EC043DDD24C46D8D749CA545BC50F
:2061A000CC525DC340DED14F45DBD44AC95758C64AD4DB45C65857C9C35D52CC4FD1DE40EF
:2061C000CA545BC546D8D74943DDD24CCF515EC04CD2DD43C05E51CFC55B54CA49D7D846CF
:2061E0004FD1DE40C35D52CCC65857C94AD4DB45C95758C645DBD44A40DED14FCC525DC3AF
:2062000030AEA13FBC222DB3B92728B635ABA43AB62827B93AA4AB353FA1AE30B32D22BC8E
:20622000B52B24BA39A7A8363CA2AD33B02E21BF33ADA23CBF212EB0BA242BB536A8A7396E
:20624000B32D22BC3FA1AE303AA4AB35B62827B935ABA43AB92728B6BC222DB330AEA13F4E
:2062600036A8A739BA242BB5BF212EB033ADA23CB02E21BF3CA2AD3339A7A836B52B24BA2E
:206280004FD1DE40C35D52CCC65857C94AD4DB45C95758C645DBD44A40DED14FCC525DC30E
:2062A000CA545BC546D8D74943DDD24CCF515EC04CD2DD43C05E51CFC55B54CA49D7D846EE
:2062C000CC525DC340DED14F45DBD44AC95758C64AD4DB45C65857C9C35D52CC4FD1DE40CE
:2062E00049D7D846C55B54CAC05E51CF4CD2DD43CF515EC043DDD24C46D8D749CA545BC5AE
:206300004CD2DD43C05E51CFC55B54CA49D7D846CA545BC546D8D74943DDD24CCF515EC08D
:20632000C95758C645DBD44A40DED14FCC525DC34FD1DE40C35D52CCC65857C94AD4DB456D
:20634000CF515EC043DDD24C46D8D749CA545BC549D7D846C55B54CAC05E51CF4CD2DD434D
:206360004AD4DB45C65857C9C35D52CC4FD1DE40CC525DC340DED14F45DBD44AC95758C62D
:2063800033ADA23CBF212EB0BA242BB536A8A739B52B24BA39A7A8363CA2AD33B02E21BF0D
:2063A000B62827B93AA4AB353FA1AE30B32D22BC30AEA13FBC222DB3B92728B635ABA43AED
:2063C000B02E21BF3CA2AD3339A7A836B52B24BA36A8A739BA242BB5BF212EB033ADA23CCD
:2063E00035ABA43AB92728B6BC222DB330AEA13FB32D22BC3FA1AE303AA4AB35B62827B9AD
:2064000033ADA23CBF212EB0BA242BB536A8A739B52B24BA39A7A8363CA2AD33B02E21BF8C
:20642000B62827B93AA4AB353FA1AE30B32D22BC30AEA13FBC222DB3B92728B635ABA43A6C
:20644000B02E21BF3CA2AD3339A7A836B52B24BA36A8A739BA242BB5BF212EB033ADA23C4C
:2064600035ABA43AB92728B6BC222DB330AEA13FB32D22BC3FA1AE303AA4AB35B62827B92C
:206480004CD2DD43C05E51CFC55B54CA49D7D846CA545BC546D8D74943DDD24CCF515EC00C
:2064A000C95758C645DBD44A40DED14FCC525DC34FD1DE40C35D52CCC65857C94AD4DB45EC
:2064C000CF515EC043DDD24C46D8D749CA545BC549D7D846C55B54CAC05E51CF4CD2DD43CC
:2064E0004AD4DB45C65857C9C35D52CC4FD1DE40CC525DC340DED14F45DBD44AC95758C6AC
:206500004FD1DE40C35D52CCC65857C94AD4DB45C95758C645DBD44A40DED14FCC525DC38B
:20652000CA545BC546D8D74943DDD24CCF515EC04CD2DD43C05E51CFC55B54CA49D7D8466B
:20654000CC525DC340DED14F45DBD44AC95758C64AD4DB45C65857C9C35D52CC4FD1DE404B
:2065600049D7D846C55B54CAC05E51CF4CD2DD43CF515EC043DDD24C46D8D749CA545BC52B
:2065800030AEA13FBC222DB3B92728B635ABA43AB62827B93AA4AB353FA1AE30B32D22BC0B
:2065A000B52B24BA39A7A8363CA2AD33B02E21BF33ADA23CBF212EB0BA242BB536A8A739EB
:2065C000B32D22BC3FA1AE303AA4AB35B62827B935ABA43AB92728B6BC222DB330AEA13FCB
:2065E00036A8A739BA242BB5BF212EB033ADA23CB02E21BF3CA2AD3339A7A836B52B24BAAB
:2066000049D7D846C55B54CAC05E51CF4CD2DD43CF515EC043DDD24C46D8D749CA545BC58A
:20662000CC525DC340DED14F45DBD44AC95758C64AD4DB45C65857C9C35D52CC4FD1DE406A
:20664000CA545BC546D8D74943DDD24CCF515EC04CD2DD43C05E51CFC55B54CA49D7D8464A
:206660004FD1DE40C35D52CCC65857C94AD4DB45C95758C645DBD44A40DED14FCC525DC32A
:2066800036A8A739BA242BB5BF212EB033ADA23CB02E21BF3CA2AD3339A7A836B52B24BA0A
:2066A000B32D22BC3FA1AE303AA4AB35B62827B935ABA43AB92728B6BC222DB330AEA13FEA
:2066C000B52B24BA39A7A8363CA2AD33B02E21BF33ADA23CBF212EB0BA242BB536A8A739CA
:2066E00030AEA13FBC222DB3B92728B635ABA43AB62827B93AA4AB353FA1AE30B32D22BCAA
:2067000035ABA43AB92728B6BC222DB330AEA13FB32D22BC3FA1AE303AA4AB35B62827B989
:20672000B02E21BF3CA2AD3339A7A836B52B24BA36A8A739BA242BB5BF212EB033ADA23C69
:20674000B62827B93AA4AB353FA1AE30B32D22BC30AEA13FBC222DB3B92728B635ABA43A49
:2067600033ADA23CBF212EB0BA242BB536A8A739B52B24BA39A7A8363CA2AD33B02E21BF29
:206780004AD4DB45C65857C9C35D52CC4FD1DE40CC525DC340DED14F45DBD44AC95758C609
:2067A000CF515EC043DDD24C46D8D749CA545BC549D7D846C55B54CAC05E51CF4CD2DD43E9
:2067C000C95758C645DBD44A40DED14FCC525DC34FD1DE40C35D52CCC65857C94AD4DB45C9
:2067E0004CD2DD43C05E51CFC55B54CA49D7D846CA545BC546D8D74943DDD24CCF515EC0A9
:206800003CA2AD33B02E21BFB52B24BA39A7A836BA242BB536A8A73933ADA23CBF212EB088
:20682000B92728B635ABA43A30AEA13FBC222DB33FA1AE30B32D22BCB62827B93AA4AB3568
:20684000BF212EB033ADA23C36A8A739BA242BB539A7A836B52B24BAB02E21BF3CA2AD3348
:206860003AA4AB35B62827B9B32D22BC3FA1AE30BC222DB330AEA13F35ABA43AB92728B628
:2068800043DDD24CCF515EC0CA545BC546D8D749C55B54CA49D7D8464CD2DD43C05E51CF08
:2068A000C65857C94AD4DB454FD1DE40C35D52CC40DED14FCC525DC3C95758C645DBD44AE8
:2068C000C05E51CF4CD2DD4349D7D846C55B54CA46D8D749CA545BC5CF515EC043DDD24CC8
:2068E00045DBD44AC95758C6CC525DC340DED14FC35D52CC4FD1DE404AD4DB45C65857C9A8
:2069000040DED14FCC525DC3C95758C645DBD44AC65857C94AD4DB454FD1DE40C35D52CC87
:20692000C55B54CA49D7D8464CD2DD43C05E51CF43DDD24CCF515EC0CA545BC546D8D74967
:20694000C35D52CC4FD1DE404AD4DB45C65857C945DBD44AC95758C6CC525DC340DED14F47
:2069600046D8D749CA545BC5CF515EC043DDD24CC05E51CF4CD2DD4349D7D846C55B54CA27
:206980003FA1AE30B32D22BCB62827B93AA4AB35B92728B635ABA43A30AEA13FBC222DB307
:2069A000BA242BB536A8A73933ADA23CBF212EB03CA2AD33B02E21BFB52B24BA39A7A836E7
:2069C000BC222DB330AEA13F35ABA43AB92728B63AA4AB35B62827B9B32D22BC3FA1AE30C7
:2069E00039A7A836B52B24BAB02E21BF3CA2AD33BF212EB033ADA23C36A8A739BA242BB5A7
:206A000046D8D749CA545BC5CF515EC043DDD24CC05E51CF4CD2DD4349D7D846C55B54CA86
:206A2000C35D52CC4FD1DE404AD4DB45C65857C945DBD44AC95758C6CC525DC340DED14F66
:206A4000C55B54CA49D7D8464CD2DD43C05E51CF43DDD24CCF515EC0CA545BC546D8D74946
:206A600040DED14FCC525DC3C95758C645DBD44AC65857C94AD4DB454FD1DE40C35D52CC26
:206A800039A7A836B52B24BAB02E21BF3CA2AD33BF212EB033ADA23C36A8A739BA242BB506
:206AA000BC222DB330AEA13F35ABA43AB92728B63AA4AB35B62827B9B32D22BC3FA1AE30E6
:206AC000BA242BB536A8A73933ADA23CBF212EB03CA2AD33B02E21BFB52B24BA39A7A836C6
:206AE0003FA1AE30B32D22BCB62827B93AA4AB35B92728B635ABA43A30AEA13FBC222DB3A6
:206B00003AA4AB35B62827B9B32D22BC3FA1AE30BC222DB330AEA13F35ABA43AB92728B685
:206B2000BF212EB033ADA23C36A8A739BA242BB539A7A836B52B24BAB02E21BF3CA2AD3365
:206B4000B92728B635ABA43A30AEA13FBC222DB33FA1AE30B32D22BCB62827B93AA4AB3545
:206B60003CA2AD33B02E21BFB52B24BA39A7A836BA242BB536A8A73933ADA23CBF212EB025
:206B800045DBD44AC95758C6CC525DC340DED14FC35D52CC4FD1DE404AD4DB45C65857C905
:206BA000C05E51CF4CD2DD4349D7D846C55B54CA46D8D749CA545BC5CF515EC043DDD24CE5
:206BC000C65857C94AD4DB454FD1DE40C35D52CC40DED14FCC525DC3C95758C645DBD44AC5
:206BE00043DDD24CCF515EC0CA545BC546D8D749C55B54CA49D7D8464CD2DD43C05E51CFA5
:206C000045DBD44AC95758C6CC525DC340DED14FC35D52CC4FD1DE404AD4DB45C65857C984
:206C2000C05E51CF4CD2DD4349D7D846C55B54CA46D8D749CA545BC5CF515EC043DDD24C64
:206C4000C65857C94AD4DB454FD1DE40C35D52CC40DED14FCC525DC3C95758C645DBD44A44
:206C600043DDD24CCF515EC0CA545BC546D8D749C55B54CA49D7D8464CD2DD43C05E51CF24
:206C80003AA4AB35B62827B9B32D22BC3FA1AE30BC222DB330AEA13F35ABA43AB92728B604
:206CA000BF212EB033ADA23C36A8A739BA242BB539A7A836B52B24BAB02E21BF3CA2AD33E4
:206CC000B92728B635ABA43A30AEA13FBC222DB33FA1AE30B32D22BCB62827B93AA4AB35C4
:206CE0003CA2AD33B02E21BFB52B24BA39A7A836BA242BB536A8A73933ADA23CBF212EB0A4
:206D000039A7A836B52B24BAB02E21BF3CA2AD33BF212EB033ADA23C36A8A739BA242BB583
:206D2000BC222DB330AEA13F35ABA43AB92728B63AA4AB35B62827B9B32D22BC3FA1AE3063
:206D4000BA242BB536A8A73933ADA23CBF212EB03CA2AD33B02E21BFB52B24BA39A7A83643
:206D60003FA1AE30B32D22BCB62827B93AA4AB35B92728B635ABA43A30AEA13FBC222DB323
:206D800046D8D749CA545BC5CF515EC043DDD24CC05E51CF4CD2DD4349D7D846C55B54CA03
:206DA000C35D52CC4FD1DE404AD4DB45C65857C945DBD44AC95758C6CC525DC340DED14FE3
:206DC000C55B54CA49D7D8464CD2DD43C05E51CF43DDD24CCF515EC0CA545BC546D8D749C3
:206DE00040DED14FCC525DC3C95758C645DBD44AC65857C94AD4DB454FD1DE40C35D52CCA3
:206E00003FA1AE30B32D22BCB62827B93AA4AB35B92728B635ABA43A30AEA13FBC222DB382
:206E2000BA242BB536A8A73933ADA23CBF212EB03CA2AD33B02E21BFB52B24BA39A7A83662
:206E4000BC222DB330AEA13F35ABA43AB92728B63AA4AB35B62827B9B32D22BC3FA1AE3042
:206E600039A7A836B52B24BAB02E21BF3CA2AD33BF212EB033ADA23C36A8A739BA242BB522
:206E800040DED14FCC525DC3C95758C645DBD44AC65857C94AD4DB454FD1DE40C35D52CC02
:206EA000C55B54CA49D7D8464CD2DD43C05E51CF43DDD24CCF515EC0CA545BC546D8D749E2
:206EC000C35D52CC4FD1DE404AD4DB45C65857C945DBD44AC95758C6CC525DC340DED14FC2
:206EE00046D8D749CA545BC5CF515EC043DDD24CC05E51CF4CD2DD4349D7D846C55B54CAA2
:206F000043DDD24CCF515EC0CA545BC546D8D749C55B54CA49D7D8464CD2DD43C05E51CF81
:206F2000C65857C94AD4DB454FD1DE40C35D52CC40DED14FCC525DC3C95758C645DBD44A61
:206F4000C05E51CF4CD2DD4349D7D846C55B54CA46D8D749CA545BC5CF515EC043DDD24C41
:206F600045DBD44AC95758C6CC525DC340DED14FC35D52CC4FD1DE404AD4DB45C65857C921
:206F80003CA2AD33B02E21BFB52B24BA39A7A836BA242BB536A8A73933ADA23CBF212EB001
:206FA000B92728B635ABA43A30AEA13FBC222DB33FA1AE30B32D22BCB62827B93AA4AB35E1
:206FC000BF212EB033ADA23C36A8A739BA242BB539A7A836B52B24BAB02E21BF3CA2AD33C1
:206FE0003AA4AB35B62827B9B32D22BC3FA1AE30BC222DB330AEA13F35ABA43AB92728B6A1
:2070000039A7A836B52B24BAB02E21BF3CA2AD33BF212EB033ADA23C36A8A739BA242BB580
:20702000BC222DB330AEA13F35ABA43AB92728B63AA4AB35B62827B9B32D22BC3FA1AE3060
:20704000BA242BB536A8A73933ADA23CBF212EB03CA2AD33B02E21BFB52B24BA39A7A83640
:207060003FA1AE30B32D22BCB62827B93AA4AB35B92728B635ABA43A30AEA13FBC222DB320
:2070800046D8D749CA545BC5CF515EC043DDD24CC05E51CF4CD2DD4349D7D846C55B54CA00
:2070A000C35D52CC4FD1DE404AD4DB45C65857C945DBD44AC95758C6CC525DC340DED14FE0
:2070C000C55B54CA49D7D8464CD2DD43C05E51CF43DDD24CCF515EC0CA545BC546D8D749C0
:2070E00040DED14FCC525DC3C95758C645DBD44AC65857C94AD4DB454FD1DE40C35D52CCA0
:2071000045DBD44AC95758C6CC525DC340DED14FC35D52CC4FD1DE404AD4DB45C65857C97F
:20712000C05E51CF4CD2DD4349D7D846C55B54CA46D8D749CA545BC5CF515EC043DDD24C5F
:20714000C65857C94AD4DB454FD1DE40C35D52CC40DED14FCC525DC3C95758C645DBD44A3F
:2071600043DDD24CCF515EC0CA545BC546D8D749C55B54CA49D7D8464CD2DD43C05E51CF1F
:207180003AA4AB35B62827B9B32D22BC3FA1AE30BC222DB330AEA13F35ABA43AB92728B6FF
:2071A000BF212EB033ADA23C36A8A739BA242BB539A7A836B52B24BAB02E21BF3CA2AD33DF
:2071C000B92728B635ABA43A30AEA13FBC222DB33FA1AE30B32D22BCB62827B93AA4AB35BF
:2071E0003CA2AD33B02E21BFB52B24BA39A7A836BA242BB536A8A73933ADA23CBF212EB09F
:2072000043DDD24CCF515EC0CA545BC546D8D749C55B54CA49D7D8464CD2DD43C05E51CF7E
:20722000C65857C94AD4DB454FD1DE40C35D52CC40DED14FCC525DC3C95758C645DBD44A5E
:20724000C05E51CF4CD2DD4349D7D846C55B54CA46D8D749CA545BC5CF515EC043DDD24C3E
:2072600045DBD44AC95758C6CC525DC340DED14FC35D52CC4FD1DE404AD4DB45C65857C91E
:207280003CA2AD33B02E21BFB52B24BA39A7A836BA242BB536A8A73933ADA23CBF212EB0FE
:2072A000B92728B635ABA43A30AEA13FBC222DB33FA1AE30B32D22BCB62827B93AA4AB35DE
:2072C000BF212EB033ADA23C36A8A739BA242BB539A7A836B52B24BAB02E21BF3CA2AD33BE
:2072E0003AA4AB35B62827B9B32D22BC3FA1AE30BC222DB330AEA13F35ABA43AB92728B69E
:207300003FA1AE30B32D22BCB62827B93AA4AB35B92728B635ABA43A30AEA13FBC222DB37D
:20732000BA242BB536A8A73933ADA23CBF212EB03CA2AD33B02E21BFB52B24BA39A7A8365D
:20734000BC222DB330AEA13F35ABA43AB92728B63AA4AB35B62827B9B32D22BC3FA1AE303D
:2073600039A7A836B52B24BAB02E21BF3CA2AD33BF212EB033ADA23C36A8A739BA242BB51D
:2073800040DED14FCC525DC3C95758C645DBD44AC65857C94AD4DB454FD1DE40C35D52CCFD
:2073A000C55B54CA49D7D8464CD2DD43C05E51CF43DDD24CCF515EC0CA545BC546D8D749DD
:2073C000C35D52CC4FD1DE404AD4DB45C65857C945DBD44AC95758C6CC525DC340DED14FBD
:2073E00046D8D749CA545BC5CF515EC043DDD24CC05E51CF4CD2DD4349D7D846C55B54CA9D
:2074000040DED14FCC525DC3C95758C645DBD44AC65857C94AD4DB454FD1DE40C35D52CC7C
:20742000C55B54CA49D7D8464CD2DD43C05E51CF43DDD24CCF515EC0CA545BC546D8D7495C
:20744000C35D52CC4FD1DE404AD4DB45C65857C945DBD44AC95758C6CC525DC340DED14F3C
:2074600046D8D749CA545BC5CF515EC043DDD24CC05E51CF4CD2DD4349D7D846C55B54CA1C
:207480003FA1AE30B32D22BCB62827B93AA4AB35B92728B635ABA43A30AEA13FBC222DB3FC
:2074A000BA242BB536A8A73933ADA23CBF212EB03CA2AD33B02E21BFB52B24BA39A7A836DC
:2074C000BC222DB330AEA13F35ABA43AB92728B63AA4AB35B62827B9B32D22BC3FA1AE30BC
:2074E00039A7A836B52B24BAB02E21BF3CA2AD33BF212EB033ADA23C36A8A739BA242BB59C
:207500003CA2AD33B02E21BFB52B24BA39A7A836BA242BB536A8A73933ADA23CBF212EB07B
:20752000B92728B635ABA43A30AEA13FBC222DB33FA1AE30B32D22BCB62827B93AA4AB355B
:20754000BF212EB033ADA23C36A8A739BA242BB539A7A836B52B24BAB02E21BF3CA2AD333B
:207560003AA4AB35B62827B9B32D22BC3FA1AE30BC222DB330AEA13F35ABA43AB92728B61B
:2075800043DDD24CCF515EC0CA545BC546D8D749C55B54CA49D7D8464CD2DD43C05E51CFFB
:2075A000C65857C94AD4DB454FD1DE40C35D52CC40DED14FCC525DC3C95758C645DBD44ADB
:2075C000C05E51CF4CD2DD4349D7D846C55B54CA46D8D749CA545BC5CF515EC043DDD24CBB
:2075E00045DBD44AC95758C6CC525DC340DED14FC35D52CC4FD1DE404AD4DB45C65857C99B
:207600003AA4AB35B62827B9B32D22BC3FA1AE30BC222DB330AEA13F35ABA43AB92728B67A
:20762000BF212EB033ADA23C36A8A739BA242BB539A7A836B52B24BAB02E21BF3CA2AD335A
:20764000B92728B635ABA43A30AEA13FBC222DB33FA1AE30B32D22BCB62827B93AA4AB353A
:207660003CA2AD33B02E21BFB52B24BA39A7A836BA242BB536A8A73933ADA23CBF212EB01A
:2076800045DBD44AC95758C6CC525DC340DED14FC35D52CC4FD1DE404AD4DB45C65857C9FA
:2076A000C05E51CF4CD2DD4349D7D846C55B54CA46D8D749CA545BC5CF515EC043DDD24CDA
:2076C000C65857C94AD4DB454FD1DE40C35D52CC40DED14FCC525DC3C95758C645DBD44ABA
:2076E00043DDD24CCF515EC0CA545BC546D8D749C55B54CA49D7D8464CD2DD43C05E51CF9A
:2077000046D8D749CA545BC5CF515EC043DDD24CC05E51CF4CD2DD4349D7D846C55B54CA79
:20772000C35D52CC4FD1DE404AD4DB45C65857C945DBD44AC95758C6CC525DC340DED14F59
:20774000C55B54CA49D7D8464CD2DD43C05E51CF43DDD24CCF515EC0CA545BC546D8D74939
:2077600040DED14FCC525DC3C95758C645DBD44AC65857C94AD4DB454FD1DE40C35D52CC19
:2077800039A7A836B52B24BAB02E21BF3CA2AD33BF212EB033ADA23C36A8A739BA242BB5F9
:2077A000BC222DB330AEA13F35ABA43AB92728B63AA4AB35B62827B9B32D22BC3FA1AE30D9
:2077C000BA242BB536A8A73933ADA23CBF212EB03CA2AD33B02E21BFB52B24BA39A7A836B9
:2077E0003FA1AE30B32D22BCB62827B93AA4AB35B92728B635ABA43A30AEA13FBC222DB399
:207800004FD1DE40C35D52CCC65857C94AD4DB45C95758C645DBD44A40DED14FCC525DC378
:20782000CA545BC546D8D74943DDD24CCF515EC04CD2DD43C05E51CFC55B54CA49D7D84658
:20784000CC525DC340DED14F45DBD44AC95758C64AD4DB45C65857C9C35D52CC4FD1DE4038
:2078600049D7D846C55B54CAC05E51CF4CD2DD43CF515EC043DDD24C46D8D749CA545BC518
:2078800030AEA13FBC222DB3B92728B635ABA43AB62827B93AA4AB353FA1AE30B32D22BCF8
:2078A000B52B24BA39A7A8363CA2AD33B02E21BF33ADA23CBF212EB0BA242BB536A8A739D8
:2078C000B32D22BC3FA1AE303AA4AB35B62827B935ABA43AB92728B6BC222DB330AEA13FB8
:2078E00036A8A739BA242BB5BF212EB033ADA23CB02E21BF3CA2AD3339A7A836B52B24BA98
:2079000033ADA23CBF212EB0BA242BB536A8A739B52B24BA39A7A8363CA2AD33B02E21BF77
:20792000B62827B93AA4AB353FA1AE30B32D22BC30AEA13FBC222DB3B92728B635ABA43A57
:20794000B02E21BF3CA2AD3339A7A836B52B24BA36A8A739BA242BB5BF212EB033ADA23C37
:2079600035ABA43AB92728B6BC222DB330AEA13FB32D22BC3FA1AE303AA4AB35B62827B917
:207980004CD2DD43C05E51CFC55B54CA49D7D846CA545BC546D8D74943DDD24CCF515EC0F7
:2079A000C95758C645DBD44A40DED14FCC525DC34FD1DE40C35D52CCC65857C94AD4DB45D7
:2079C000CF515EC043DDD24C46D8D749CA545BC549D7D846C55B54CAC05E51CF4CD2DD43B7
:2079E0004AD4DB45C65857C9C35D52CC4FD1DE40CC525DC340DED14F45DBD44AC95758C697
:207A000035ABA43AB92728B6BC222DB330AEA13FB32D22BC3FA1AE303AA4AB35B62827B976
:207A2000B02E21BF3CA2AD3339A7A836B52B24BA36A8A739BA242BB5BF212EB033ADA23C56
:207A4000B62827B93AA4AB353FA1AE30B32D22BC30AEA13FBC222DB3B92728B635ABA43A36
:207A600033ADA23CBF212EB0BA242BB536A8A739B52B24BA39A7A8363CA2AD33B02E21BF16
:207A80004AD4DB45C65857C9C35D52CC4FD1DE40CC525DC340DED14F45DBD44AC95758C6F6
:207AA000CF515EC043DDD24C46D8D749CA545BC549D7D846C55B54CAC05E51CF4CD2DD43D6
:207AC000C95758C645DBD44A40DED14FCC525DC34FD1DE40C35D52CCC65857C94AD4DB45B6
:207AE0004CD2DD43C05E51CFC55B54CA49D7D846CA545BC546D8D74943DDD24CCF515EC096
:207B000049D7D846C55B54CAC05E51CF4CD2DD43CF515EC043DDD24C46D8D749CA545BC575
:207B2000CC525DC340DED14F45DBD44AC95758C64AD4DB45C65857C9C35D52CC4FD1DE4055
:207B4000CA545BC546D8D74943DDD24CCF515EC04CD2DD43C05E51CFC55B54CA49D7D84635
:207B60004FD1DE40C35D52CCC65857C94AD4DB45C95758C645DBD44A40DED14FCC525DC315
:207B800036A8A739BA242BB5BF212EB033ADA23CB02E21BF3CA2AD3339A7A836B52B24BAF5
:207BA000B32D22BC3FA1AE303AA4AB35B62827B935ABA43AB92728B6BC222DB330AEA13FD5
:207BC000B52B24BA39A7A8363CA2AD33B02E21BF33ADA23CBF212EB0BA242BB536A8A739B5
:207BE00030AEA13FBC222DB3B92728B635ABA43AB62827B93AA4AB353FA1AE30B32D22BC95
:207C000036A8A739BA242BB5BF212EB033ADA23CB02E21BF3CA2AD3339A7A836B52B24BA74
:207C2000B32D22BC3FA1AE303AA4AB35B62827B935ABA43AB92728B6BC222DB330AEA13F54
:207C4000B52B24BA39A7A8363CA2AD33B02E21BF33ADA23CBF212EB0BA242BB536A8A73934
:207C600030AEA13FBC222DB3B92728B635ABA43AB62827B93AA4AB353FA1AE30B32D22BC14
:207C800049D7D846C55B54CAC05E51CF4CD2DD43CF515EC043DDD24C46D8D749CA545BC5F4
:207CA000CC525DC340DED14F45DBD44AC95758C64AD4DB45C65857C9C35D52CC4FD1DE40D4
:207CC000CA545BC546D8D74943DDD24CCF515EC04CD2DD43C05E51CFC55B54CA49D7D846B4
:207CE0004FD1DE40C35D52CCC65857C94AD4DB45C95758C645DBD44A40DED14FCC525DC394
:207D00004AD4DB45C65857C9C35D52CC4FD1DE40CC525DC340DED14F45DBD44AC95758C673
:207D2000CF515EC043DDD24C46D8D749CA545BC549D7D846C55B54CAC05E51CF4CD2DD4353
:207D4000C95758C645DBD44A40DED14FCC525DC34FD1DE40C35D52CCC65857C94AD4DB4533
:207D60004CD2DD43C05E51CFC55B54CA49D7D846CA545BC546D8D74943DDD24CCF515EC013
:207D800035ABA43AB92728B6BC222DB330AEA13FB32D22BC3FA1AE303AA4AB35B62827B9F3
:207DA000B02E21BF3CA2AD3339A7A836B52B24BA36A8A739BA242BB5BF212EB033ADA23CD3
:207DC000B62827B93AA4AB353FA1AE30B32D22BC30AEA13FBC222DB3B92728B635ABA43AB3
:207DE00033ADA23CBF212EB0BA242BB536A8A739B52B24BA39A7A8363CA2AD33B02E21BF93
:207E00004CD2DD43C05E51CFC55B54CA49D7D846CA545BC546D8D74943DDD24CCF515EC072
:207E2000C95758C645DBD44A40DED14FCC525DC34FD1DE40C35D52CCC65857C94AD4DB4552
:207E4000CF515EC043DDD24C46D8D749CA545BC549D7D846C55B54CAC05E51CF4CD2DD4332
:207E60004AD4DB45C65857C9C35D52CC4FD1DE40CC525DC340DED14F45DBD44AC95758C612
:207E800033ADA23CBF212EB0BA242BB536A8A739B52B24BA39A7A8363CA2AD33B02E21BFF2
:207EA000B62827B93AA4AB353FA1AE30B32D22BC30AEA13FBC222DB3B92728B635ABA43AD2
:207EC000B02E21BF3CA2AD3339A7A836B52B24BA36A8A739BA242BB5BF212EB033ADA23CB2
:207EE00035ABA43AB92728B6BC222DB330AEA13FB32D22BC3FA1AE303AA4AB35B62827B992
:207F000030AEA13FBC222DB3B92728B635ABA43AB62827B93AA4AB353FA1AE30B32D22BC71
:207F2000B52B24BA39A7A8363CA2AD33B02E21BF33ADA23CBF212EB0BA242BB536A8A73951
:207F4000B32D22BC3FA1AE303AA4AB35B62827B935ABA43AB92728B6BC222DB330AEA13F31
:207F600036A8A739BA242BB5BF212EB033ADA23CB02E21BF3CA2AD3339A7A836B52B24BA11
:207F80004FD1DE40C35D52CCC65857C94AD4DB45C95758C645DBD44A40DED14FCC525DC3F1
:207FA000CA545BC546D8D74943DDD24CCF515EC04CD2DD43C05E51CFC55B54CA49D7D846D1
:207FC000CC525DC340DED14F45DBD44AC95758C64AD4DB45C65857C9C35D52CC4FD1DE40B1
:207FE00049D7D846C55B54CAC05E51CF4CD2DD43CF515EC043DDD24C46D8D749CA545BC591
:208000001B858A1497090698920C039D1E808F119D030C92118F801E148A851B9806099770
:208020009E000F91128C831D178986189B050A9418868917940A059B910F009E1D838C1250
:2080400098060997148A851B118F801E9D030C921E808F11920C039D970906981B858A1430
:208060001D838C12910F009E940A059B188689179B050A9417898618128C831D9E000F9110
:2080800064FAF56BE87679E7ED737CE261FFF06EE27C73ED6EF0FF616BF5FA64E77976E8F0
:2080A000E17F70EE6DF3FC6268F6F967E47A75EB67F9F668EB757AE4EE707FE162FCF36DD0
:2080C000E77976E86BF5FA646EF0FF61E27C73ED61FFF06EED737CE2E87679E764FAF56BB0
:2080E00062FCF36DEE707FE1EB757AE467F9F668E47A75EB68F6F9676DF3FC62E17F70EE90
:2081000067F9F668EB757AE4EE707FE162FCF36DE17F70EE6DF3FC6268F6F967E47A75EB6F
:20812000E27C73ED6EF0FF616BF5FA64E77976E864FAF56BE87679E7ED737CE261FFF06E4F
:20814000E47A75EB68F6F9676DF3FC62E17F70EE62FCF36DEE707FE1EB757AE467F9F6682F
:2081600061FFF06EED737CE2E87679E764FAF56BE77976E86BF5FA646EF0FF61E27C73ED0F
:2081800018868917940A059B910F009E1D838C129E000F91128C831D178986189B050A94EF
:2081A0009D030C92118F801E148A851B980609971B858A1497090698920C039D1E808F11CF
:2081C0009B050A9417898618128C831D9E000F911D838C12910F009E940A059B18868917AF
:2081E0001E808F11920C039D970906981B858A1498060997148A851B118F801E9D030C928F
:2082000061FFF06EED737CE2E87679E764FAF56BE77976E86BF5FA646EF0FF61E27C73ED6E
:20822000E47A75EB68F6F9676DF3FC62E17F70EE62FCF36DEE707FE1EB757AE467F9F6684E
:20824000E27C73ED6EF0FF616BF5FA64E77976E864FAF56BE87679E7ED737CE261FFF06E2E
:2082600067F9F668EB757AE4EE707FE162FCF36DE17F70EE6DF3FC6268F6F967E47A75EB0E
:208280001E808F11920C039D970906981B858A1498060997148A851B118F801E9D030C92EE
:2082A0009B050A9417898618128C831D9E000F911D838C12910F009E940A059B18868917CE
:2082C0009D030C92118F801E148A851B980609971B858A1497090698920C039D1E808F11AE
:2082E00018868917940A059B910F009E1D838C129E000F91128C831D178986189B050A948E
:208300001D838C12910F009E940A059B188689179B050A9417898618128C831D9E000F916D
:2083200098060997148A851B118F801E9D030C921E808F11920C039D970906981B858A144D
:208340009E000F91128C831D178986189B050A9418868917940A059B910F009E1D838C122D
:208360001B858A1497090698920C039D1E808F119D030C92118F801E148A851B980609970D
:2083800062FCF36DEE707FE1EB757AE467F9F668E47A75EB68F6F9676DF3FC62E17F70EEED
:2083A000E77976E86BF5FA646EF0FF61E27C73ED61FFF06EED737CE2E87679E764FAF56BCD
:2083C000E17F70EE6DF3FC6268F6F967E47A75EB67F9F668EB757AE4EE707FE162FCF36DAD
:2083E00064FAF56BE87679E7ED737CE261FFF06EE27C73ED6EF0FF616BF5FA64E77976E88D
:2084000062FCF36DEE707FE1EB757AE467F9F668E47A75EB68F6F9676DF3FC62E17F70EE6C
:20842000E77976E86BF5FA646EF0FF61E27C73ED61FFF06EED737CE2E87679E764FAF56B4C
:20844000E17F70EE6DF3FC6268F6F967E47A75EB67F9F668EB757AE4EE707FE162FCF36D2C
:2084600064FAF56BE87679E7ED737CE261FFF06EE27C73ED6EF0FF616BF5FA64E77976E80C
:208480001D838C12910F009E940A059B188689179B050A9417898618128C831D9E000F91EC
:2084A00098060997148A851B118F801E9D030C921E808F11920C039D970906981B858A14CC
:2084C0009E000F91128C831D178986189B050A9418868917940A059B910F009E1D838C12AC
:2084E0001B858A1497090698920C039D1E808F119D030C92118F801E148A851B980609978C
:208500001E808F11920C039D970906981B858A1498060997148A851B118F801E9D030C926B
:208520009B050A9417898618128C831D9E000F911D838C12910F009E940A059B188689174B
:208540009D030C92118F801E148A851B980609971B858A1497090698920C039D1E808F112B
:2085600018868917940A059B910F009E1D838C129E000F91128C831D178986189B050A940B
:2085800061FFF06EED737CE2E87679E764FAF56BE77976E86BF5FA646EF0FF61E27C73EDEB
:2085A000E47A75EB68F6F9676DF3FC62E17F70EE62FCF36DEE707FE1EB757AE467F9F668CB
:2085C000E27C73ED6EF0FF616BF5FA64E77976E864FAF56BE87679E7ED737CE261FFF06EAB
:2085E00067F9F668EB757AE4EE707FE162FCF36DE17F70EE6DF3FC6268F6F967E47A75EB8B
:2086000018868917940A059B910F009E1D838C129E000F91128C831D178986189B050A946A
:208620009D030C92118F801E148A851B980609971B858A1497090698920C039D1E808F114A
:208640009B050A9417898618128C831D9E000F911D838C12910F009E940A059B188689172A
:208660001E808F11920C039D970906981B858A1498060997148A851B118F801E9D030C920A
:2086800067F9F668EB757AE4EE707FE162FCF36DE17F70EE6DF3FC6268F6F967E47A75EBEA
:2086A000E27C73ED6EF0FF616BF5FA64E77976E864FAF56BE87679E7ED737CE261FFF06ECA
:2086C000E47A75EB68F6F9676DF3FC62E17F70EE62FCF36DEE707FE1EB757AE467F9F668AA
:2086E00061FFF06EED737CE2E87679E764FAF56BE77976E86BF5FA646EF0FF61E27C73ED8A
:2087000064FAF56BE87679E7ED737CE261FFF06EE27C73ED6EF0FF616BF5FA64E77976E869
:20872000E17F70EE6DF3FC6268F6F967E47A75EB67F9F668EB757AE4EE707FE162FCF36D49
:20874000E77976E86BF5FA646EF0FF61E27C73ED61FFF06EED737CE2E87679E764FAF56B29
:2087600062FCF36DEE707FE1EB757AE467F9F668E47A75EB68F6F9676DF3FC62E17F70EE09
:208780001B858A1497090698920C039D1E808F119D030C92118F801E148A851B98060997E9
:2087A0009E000F91128C831D178986189B050A9418868917940A059B910F009E1D838C12C9
:2087C00098060997148A851B118F801E9D030C921E808F11920C039D970906981B858A14A9
:2087E0001D838C12910F009E940A059B188689179B050A9417898618128C831D9E000F9189
:208800006DF3FC62E17F70EEE47A75EB68F6F967EB757AE467F9F66862FCF36DEE707FE168
:20882000E87679E764FAF56B61FFF06EED737CE26EF0FF61E27C73EDE77976E86BF5FA6448
:20884000EE707FE162FCF36D67F9F668EB757AE468F6F967E47A75EBE17F70EE6DF3FC6228
:208860006BF5FA64E77976E8E27C73ED6EF0FF61ED737CE261FFF06E64FAF56BE87679E708
:20888000128C831D9E000F919B050A9417898618940A059B188689171D838C12910F009EE8
:2088A000970906981B858A141E808F11920C039D118F801E9D030C9298060997148A851BC8
:2088C000910F009E1D838C1218868917940A059B178986189B050A949E000F91128C831DA8
:2088E000148A851B980609979D030C92118F801E920C039D1E808F111B858A149709069888
:20890000118F801E9D030C9298060997148A851B970906981B858A141E808F11920C039D67
:20892000940A059B188689171D838C12910F009E128C831D9E000F919B050A941789861847
:20894000920C039D1E808F111B858A1497090698148A851B980609979D030C92118F801E27
:20896000178986189B050A949E000F91128C831D910F009E1D838C1218868917940A059B07
:208980006EF0FF61E27C73EDE77976E86BF5FA64E87679E764FAF56B61FFF06EED737CE2E7
:2089A000EB757AE467F9F66862FCF36DEE707FE16DF3FC62E17F70EEE47A75EB68F6F967C7
:2089C000ED737CE261FFF06E64FAF56BE87679E76BF5FA64E77976E8E27C73ED6EF0FF61A7
:2089E00068F6F967E47A75EBE17F70EE6DF3FC62EE707FE162FCF36D67F9F668EB757AE487
:208A0000178986189B050A949E000F91128C831D910F009E1D838C1218868917940A059B66
:208A2000920C039D1E808F111B858A1497090698148A851B980609979D030C92118F801E46
:208A4000940A059B188689171D838C12910F009E128C831D9E000F919B050A941789861826
:208A6000118F801E9D030C9298060997148A851B970906981B858A141E808F11920C039D06
:208A800068F6F967E47A75EBE17F70EE6DF3FC62EE707FE162FCF36D67F9F668EB757AE4E6
:208AA000ED737CE261FFF06E64FAF56BE87679E76BF5FA64E77976E8E27C73ED6EF0FF61C6
:208AC000EB757AE467F9F66862FCF36DEE707FE16DF3FC62E17F70EEE47A75EB68F6F967A6
:208AE0006EF0FF61E27C73EDE77976E86BF5FA64E87679E764FAF56B61FFF06EED737CE286
:208B00006BF5FA64E77976E8E27C73ED6EF0FF61ED737CE261FFF06E64FAF56BE87679E765
:208B2000EE707FE162FCF36D67F9F668EB757AE468F6F967E47A75EBE17F70EE6DF3FC6245
:208B4000E87679E764FAF56B61FFF06EED737CE26EF0FF61E27C73EDE77976E86BF5FA6425
:208B60006DF3FC62E17F70EEE47A75EB68F6F967EB757AE467F9F66862FCF36DEE707FE105
:208B8000148A851B980609979D030C92118F801E920C039D1E808F111B858A1497090698E5
:208BA000910F009E1D838C1218868917940A059B178986189B050A949E000F91128C831DC5
:208BC000970906981B858A141E808F11920C039D118F801E9D030C9298060997148A851BA5
:208BE000128C831D9E000F919B050A9417898618940A059B188689171D838C12910F009E85
:208C0000148A851B980609979D030C92118F801E920C039D1E808F111B858A149709069864
:208C2000910F009E1D838C1218868917940A059B178986189B050A949E000F91128C831D44
:208C4000970906981B858A141E808F11920C039D118F801E9D030C9298060997148A851B24
:208C6000128C831D9E000F919B050A9417898618940A059B188689171D838C12910F009E04
:208C80006BF5FA64E77976E8E27C73ED6EF0FF61ED737CE261FFF06E64FAF56BE87679E7E4
:208CA000EE707FE162FCF36D67F9F668EB757AE468F6F967E47A75EBE17F70EE6DF3FC62C4
:208CC000E87679E764FAF56B61FFF06EED737CE26EF0FF61E27C73EDE77976E86BF5FA64A4
:208CE0006DF3FC62E17F70EEE47A75EB68F6F967EB757AE467F9F66862FCF36DEE707FE184
:208D000068F6F967E47A75EBE17F70EE6DF3FC62EE707FE162FCF36D67F9F668EB757AE463
:208D2000ED737CE261FFF06E64FAF56BE87679E76BF5FA64E77976E8E27C73ED6EF0FF6143
:208D4000EB757AE467F9F66862FCF36DEE707FE16DF3FC62E17F70EEE47A75EB68F6F96723
:208D60006EF0FF61E27C73EDE77976E86BF5FA64E87679E764FAF56B61FFF06EED737CE203
:208D8000178986189B050A949E000F91128C831D910F009E1D838C1218868917940A059BE3
:208DA000920C039D1E808F111B858A1497090698148A851B980609979D030C92118F801EC3
:208DC000940A059B188689171D838C12910F009E128C831D9E000F919B050A9417898618A3
:208DE000118F801E9D030C9298060997148A851B970906981B858A141E808F11920C039D83
:208E00006EF0FF61E27C73EDE77976E86BF5FA64E87679E764FAF56B61FFF06EED737CE262
:208E2000EB757AE467F9F66862FCF36DEE707FE16DF3FC62E17F70EEE47A75EB68F6F96742
:208E4000ED737CE261FFF06E64FAF56BE87679E76BF5FA64E77976E8E27C73ED6EF0FF6122
:208E600068F6F967E47A75EBE17F70EE6DF3FC62EE707FE162FCF36D67F9F668EB757AE402
:208E8000118F801E9D030C9298060997148A851B970906981B858A141E808F11920C039DE2
:208EA000940A059B188689171D838C12910F009E128C831D9E000F919B050A9417898618C2
:208EC000920C039D1E808F111B858A1497090698148A851B980609979D030C92118F801EA2
:208EE000178986189B050A949E000F91128C831D910F009E1D838C1218868917940A059B82
:208F0000128C831D9E000F919B050A9417898618940A059B188689171D838C12910F009E61
:208F2000970906981B858A141E808F11920C039D118F801E9D030C9298060997148A851B41
:208F4000910F009E1D838C1218868917940A059B178986189B050A949E000F91128C831D21
:208F6000148A851B980609979D030C92118F801E920C039D1E808F111B858A149709069801
:208F80006DF3FC62E17F70EEE47A75EB68F6F967EB757AE467F9F66862FCF36DEE707FE1E1
:208FA000E87679E764FAF56B61FFF06EED737CE26EF0FF61E27C73EDE77976E86BF5FA64C1
:208FC000EE707FE162FCF36D67F9F668EB757AE468F6F967E47A75EBE17F70EE6DF3FC62A1
:208FE0006BF5FA64E77976E8E27C73ED6EF0FF61ED737CE261FFF06E64FAF56BE87679E781
:2090000068F6F967E47A75EBE17F70EE6DF3FC62EE707FE162FCF36D67F9F668EB757AE460
:20902000ED737CE261FFF06E64FAF56BE87679E76BF5FA64E77976E8E27C73ED6EF0FF6140
:20904000EB757AE467F9F66862FCF36DEE707FE16DF3FC62E17F70EEE47A75EB68F6F96720
:209060006EF0FF61E27C73EDE77976E86BF5FA64E87679E764FAF56B61FFF06EED737CE200
:20908000178986189B050A949E000F91128C831D910F009E1D838C1218868917940A059BE0
:2090A000920C039D1E808F111B858A1497090698148A851B980609979D030C92118F801EC0
:2090C000940A059B188689171D838C12910F009E128C831D9E000F919B050A9417898618A0
:2090E000118F801E9D030C9298060997148A851B970906981B858A141E808F11920C039D80
:20910000148A851B980609979D030C92118F801E920C039D1E808F111B858A14970906985F
:20912000910F009E1D838C1218868917940A059B178986189B050A949E000F91128C831D3F
:20914000970906981B858A141E808F11920C039D118F801E9D030C9298060997148A851B1F
:20916000128C831D9E000F919B050A9417898618940A059B188689171D838C12910F009EFF
:209180006BF5FA64E77976E8E27C73ED6EF0FF61ED737CE261FFF06E64FAF56BE87679E7DF
:2091A000EE707FE162FCF36D67F9F668EB757AE468F6F967E47A75EBE17F70EE6DF3FC62BF
:2091C000E87679E764FAF56B61FFF06EED737CE26EF0FF61E27C73EDE77976E86BF5FA649F
:2091E0006DF3FC62E17F70EEE47A75EB68F6F967EB757AE467F9F66862FCF36DEE707FE17F
:20920000128C831D9E000F919B050A9417898618940A059B188689171D838C12910F009E5E
:20922000970906981B858A141E808F11920C039D118F801E9D030C9298060997148A851B3E
:20924000910F009E1D838C1218868917940A059B178986189B050A949E000F91128C831D1E
:20926000148A851B980609979D030C92118F801E920C039D1E808F111B858A1497090698FE
:209280006DF3FC62E17F70EEE47A75EB68F6F967EB757AE467F9F66862FCF36DEE707FE1DE
:2092A000E87679E764FAF56B61FFF06EED737CE26EF0FF61E27C73EDE77976E86BF5FA64BE
:2092C000EE707FE162FCF36D67F9F668EB757AE468F6F967E47A75EBE17F70EE6DF3FC629E
:2092E0006BF5FA64E77976E8E27C73ED6EF0FF61ED737CE261FFF06E64FAF56BE87679E77E
:209300006EF0FF61E27C73EDE77976E86BF5FA64E87679E764FAF56B61FFF06EED737CE25D
:20932000EB757AE467F9F66862FCF36DEE707FE16DF3FC62E17F70EEE47A75EB68F6F9673D
:20934000ED737CE261FFF06E64FAF56BE87679E76BF5FA64E77976E8E27C73ED6EF0FF611D
:2093600068F6F967E47A75EBE17F70EE6DF3FC62EE707FE162FCF36D67F9F668EB757AE4FD
:20938000118F801E9D030C9298060997148A851B970906981B858A141E808F11920C039DDD
:2093A000940A059B188689171D838C12910F009E128C831D9E000F919B050A9417898618BD
:2093C000920C039D1E808F111B858A1497090698148A851B980609979D030C92118F801E9D
:2093E000178986189B050A949E000F91128C831D910F009E1D838C1218868917940A059B7D
:20940000118F801E9D030C9298060997148A851B970906981B858A141E808F11920C039D5C
:20942000940A059B188689171D838C12910F009E128C831D9E000F919B050A94178986183C
:20944000920C039D1E808F111B858A1497090698148A851B980609979D030C92118F801E1C
:20946000178986189B050A949E000F91128C831D910F009E1D838C1218868917940A059BFC
:209480006EF0FF61E27C73EDE77976E86BF5FA64E87679E764FAF56B61FFF06EED737CE2DC
:2094A000EB757AE467F9F66862FCF36DEE707FE16DF3FC62E17F70EEE47A75EB68F6F967BC
:2094C000ED737CE261FFF06E64FAF56BE87679E76BF5FA64E77976E8E27C73ED6EF0FF619C
:2094E00068F6F967E47A75EBE17F70EE6DF3FC62EE707FE162FCF36D67F9F668EB757AE47C
:209500006DF3FC62E17F70EEE47A75EB68F6F967EB757AE467F9F66862FCF36DEE707FE15B
:20952000E87679E764FAF56B61FFF06EED737CE26EF0FF61E27C73EDE77976E86BF5FA643B
:20954000EE707FE162FCF36D67F9F668EB757AE468F6F967E47A75EBE17F70EE6DF3FC621B
:209560006BF5FA64E77976E8E27C73ED6EF0FF61ED737CE261FFF06E64FAF56BE87679E7FB
:20958000128C831D9E000F919B050A9417898618940A059B188689171D838C12910F009EDB
:2095A000970906981B858A141E808F11920C039D118F801E9D030C9298060997148A851BBB
:2095C000910F009E1D838C1218868917940A059B178986189B050A949E000F91128C831D9B
:2095E000148A851B980609979D030C92118F801E920C039D1E808F111B858A14970906987B
:209600006BF5FA64E77976E8E27C73ED6EF0FF61ED737CE261FFF06E64FAF56BE87679E75A
:20962000EE707FE162FCF36D67F9F668EB757AE468F6F967E47A75EBE17F70EE6DF3FC623A
:20964000E87679E764FAF56B61FFF06EED737CE26EF0FF61E27C73EDE77976E86BF5FA641A
:209660006DF3FC62E17F70EEE47A75EB68F6F967EB757AE467F9F66862FCF36DEE707FE1FA
:20968000148A851B980609979D030C92118F801E920C039D1E808F111B858A1497090698DA
:2096A000910F009E1D838C1218868917940A059B178986189B050A949E000F91128C831DBA
:2096C000970906981B858A141E808F11920C039D118F801E9D030C9298060997148A851B9A
:2096E000128C831D9E000F919B050A9417898618940A059B188689171D838C12910F009E7A
:20970000178986189B050A949E000F91128C831D910F009E1D838C1218868917940A059B59
:20972000920C039D1E808F111B858A1497090698148A851B980609979D030C92118F801E39
:20974000940A059B188689171D838C12910F009E128C831D9E000F919B050A941789861819
:20976000118F801E9D030C9298060997148A851B970906981B858A141E808F11920C039DF9
:2097800068F6F967E47A75EBE17F70EE6DF3FC62EE707FE162FCF36D67F9F668EB757AE4D9
:2097A000ED737CE261FFF06E64FAF56BE87679E76BF5FA64E77976E8E27C73ED6EF0FF61B9
:2097C000EB757AE467F9F66862FCF36DEE707FE16DF3FC62E17F70EEE47A75EB68F6F96799
:2097E0006EF0FF61E27C73EDE77976E86BF5FA64E87679E764FAF56B61FFF06EED737CE279
:209800001E808F11920C039D970906981B858A1498060997148A851B118F801E9D030C9258
:209820009B050A9417898618128C831D9E000F911D838C12910F009E940A059B1886891738
:209840009D030C92118F801E148A851B980609971B858A1497090698920C039D1E808F1118
:2098600018868917940A059B910F009E1D838C129E000F91128C831D178986189B050A94F8
:2098800061FFF06EED737CE2E87679E764FAF56BE77976E86BF5FA646EF0FF61E27C73EDD8
:2098A000E47A75EB68F6F9676DF3FC62E17F70EE62FCF36DEE707FE1EB757AE467F9F668B8
:2098C000E27C73ED6EF0FF616BF5FA64E77976E864FAF56BE87679E7ED737CE261FFF06E98
:2098E00067F9F668EB757AE4EE707FE162FCF36DE17F70EE6DF3FC6268F6F967E47A75EB78
:2099000062FCF36DEE707FE1EB757AE467F9F668E47A75EB68F6F9676DF3FC62E17F70EE57
:20992000E77976E86BF5FA646EF0FF61E27C73ED61FFF06EED737CE2E87679E764FAF56B37
:20994000E17F70EE6DF3FC6268F6F967E47A75EB67F9F668EB757AE4EE707FE162FCF36D17
:2099600064FAF56BE87679E7ED737CE261FFF06EE27C73ED6EF0FF616BF5FA64E77976E8F7
:209980001D838C12910F009E940A059B188689179B050A9417898618128C831D9E000F91D7
:2099A00098060997148A851B118F801E9D030C921E808F11920C039D970906981B858A14B7
:2099C0009E000F91128C831D178986189B050A9418868917940A059B910F009E1D838C1297
:2099E0001B858A1497090698920C039D1E808F119D030C92118F801E148A851B9806099777
:209A000064FAF56BE87679E7ED737CE261FFF06EE27C73ED6EF0FF616BF5FA64E77976E856
:209A2000E17F70EE6DF3FC6268F6F967E47A75EB67F9F668EB757AE4EE707FE162FCF36D36
:209A4000E77976E86BF5FA646EF0FF61E27C73ED61FFF06EED737CE2E87679E764FAF56B16
:209A600062FCF36DEE707FE1EB757AE467F9F668E47A75EB68F6F9676DF3FC62E17F70EEF6
:209A80001B858A1497090698920C039D1E808F119D030C92118F801E148A851B98060997D6
:209AA0009E000F91128C831D178986189B050A9418868917940A059B910F009E1D838C12B6
:209AC00098060997148A851B118F801E9D030C921E808F11920C039D970906981B858A1496
:209AE0001D838C12910F009E940A059B188689179B050A9417898618128C831D9E000F9176
:209B000018868917940A059B910F009E1D838C129E000F91128C831D178986189B050A9455
:209B20009D030C92118F801E148A851B980609971B858A1497090698920C039D1E808F1135
:209B40009B050A9417898618128C831D9E000F911D838C12910F009E940A059B1886891715
:209B60001E808F11920C039D970906981B858A1498060997148A851B118F801E9D030C92F5
:209B800067F9F668EB757AE4EE707FE162FCF36DE17F70EE6DF3FC6268F6F967E47A75EBD5
:209BA000E27C73ED6EF0FF616BF5FA64E77976E864FAF56BE87679E7ED737CE261FFF06EB5
:209BC000E47A75EB68F6F9676DF3FC62E17F70EE62FCF36DEE707FE1EB757AE467F9F66895
:209BE00061FFF06EED737CE2E87679E764FAF56BE77976E86BF5FA646EF0FF61E27C73ED75
:209C000067F9F668EB757AE4EE707FE162FCF36DE17F70EE6DF3FC6268F6F967E47A75EB54
:209C2000E27C73ED6EF0FF616BF5FA64E77976E864FAF56BE87679E7ED737CE261FFF06E34
:209C4000E47A75EB68F6F9676DF3FC62E17F70EE62FCF36DEE707FE1EB757AE467F9F66814
:209C600061FFF06EED737CE2E87679E764FAF56BE77976E86BF5FA646EF0FF61E27C73EDF4
:209C800018868917940A059B910F009E1D838C129E000F91128C831D178986189B050A94D4
:209CA0009D030C92118F801E148A851B980609971B858A1497090698920C039D1E808F11B4
:209CC0009B050A9417898618128C831D9E000F911D838C12910F009E940A059B1886891794
:209CE0001E808F11920C039D970906981B858A1498060997148A851B118F801E9D030C9274
:209D00001B858A1497090698920C039D1E808F119D030C92118F801E148A851B9806099753
:209D20009E000F91128C831D178986189B050A9418868917940A059B910F009E1D838C1233
:209D400098060997148A851B118F801E9D030C921E808F11920C039D970906981B858A1413
:209D60001D838C12910F009E940A059B188689179B050A9417898618128C831D9E000F91F3
:209D800064FAF56BE87679E7ED737CE261FFF06EE27C73ED6EF0FF616BF5FA64E77976E8D3
:209DA000E17F70EE6DF3FC6268F6F967E47A75EB67F9F668EB757AE4EE707FE162FCF36DB3
:209DC000E77976E86BF5FA646EF0FF61E27C73ED61FFF06EED737CE2E87679E764FAF56B93
:209DE00062FCF36DEE707FE1EB757AE467F9F668E47A75EB68F6F9676DF3FC62E17F70EE73
:209E00001D838C12910F009E940A059B188689179B050A9417898618128C831D9E000F9152
:209E200098060997148A851B118F801E9D030C921E808F11920C039D970906981B858A1432
:209E40009E000F91128C831D178986189B050A9418868917940A059B910F009E1D838C1212
:209E60001B858A1497090698920C039D1E808F119D030C92118F801E148A851B98060997F2
:209E800062FCF36DEE707FE1EB757AE467F9F668E47A75EB68F6F9676DF3FC62E17F70EED2
:209EA000E77976E86BF5FA646EF0FF61E27C73ED61FFF06EED737CE2E87679E764FAF56BB2
:209EC000E17F70EE6DF3FC6268F6F967E47A75EB67F9F668EB757AE4EE707FE162FCF36D92
:209EE00064FAF56BE87679E7ED737CE261FFF06EE27C73ED6EF0FF616BF5FA64E77976E872
:209F000061FFF06EED737CE2E87679E764FAF56BE77976E86BF5FA646EF0FF61E27C73ED51
:209F2000E47A75EB68F6F9676DF3FC62E17F70EE62FCF36DEE707FE1EB757AE467F9F66831
:209F4000E27C73ED6EF0FF616BF5FA64E77976E864FAF56BE87679E7ED737CE261FFF06E11
:209F600067F9F668EB757AE4EE707FE162FCF36DE17F70EE6DF3FC6268F6F967E47A75EBF1
:209F80001E808F11920C039D970906981B858A1498060997148A851B118F801E9D030C92D1
:209FA0009B050A9417898618128C831D9E000F911D838C12910F009E940A059B18868917B1
:209FC0009D030C92118F801E148A851B980609971B858A1497090698920C039D1E808F1191
:209FE00018868917940A059B910F009E1D838C129E000F91128C831D178986189B050A9471
:20A0000075EBE47AF96768F6FC626DF370EEE17FF36D62FC7FE1EE707AE4EB75F66867F950
:20A02000F06E61FF7CE2ED7379E7E876F56B64FA76E8E779FA646BF5FF616EF073EDE27C30
:20A04000F66867F97AE4EB757FE1EE70F36D62FC70EEE17FFC626DF3F96768F675EBE47A10
:20A0600073EDE27CFF616EF0FA646BF576E8E779F56B64FA79E7E8767CE2ED73F06E61FFF0
:20A080000A949B0586181789831D128C0F919E008C121D83009E910F059B940A89171886D0
:20A0A0008F111E80039D920C069897098A141B8509979806851B148A801E118F0C929D03B0
:20A0C00089171886059B940A009E910F8C121D830F919E00831D128C861817890A949B0590
:20A0E0000C929D03801E118F851B148A099798068A141B8506989709039D920C8F111E8070
:20A1000009979806851B148A801E118F0C929D038F111E80039D920C069897098A141B854F
:20A120008C121D83009E910F059B940A891718860A949B0586181789831D128C0F919E002F
:20A140008A141B8506989709039D920C8F111E800C929D03801E118F851B148A099798060F
:20A160000F919E00831D128C861817890A949B0589171886059B940A009E910F8C121D83EF
:20A1800076E8E779FA646BF5FF616EF073EDE27CF06E61FF7CE2ED7379E7E876F56B64FACF
:20A1A000F36D62FC7FE1EE707AE4EB75F66867F975EBE47AF96768F6FC626DF370EEE17FAF
:20A1C000F56B64FA79E7E8767CE2ED73F06E61FF73EDE27CFF616EF0FA646BF576E8E7798F
:20A1E00070EEE17FFC626DF3F96768F675EBE47AF66867F97AE4EB757FE1EE70F36D62FC6F
:20A200000F919E00831D128C861817890A949B0589171886059B940A009E910F8C121D834E
:20A220008A141B8506989709039D920C8F111E800C929D03801E118F851B148A099798062E
:20A240008C121D83009E910F059B940A891718860A949B0586181789831D128C0F919E000E
:20A2600009979806851B148A801E118F0C929D038F111E80039D920C069897098A141B85EE
:20A2800070EEE17FFC626DF3F96768F675EBE47AF66867F97AE4EB757FE1EE70F36D62FCCE
:20A2A000F56B64FA79E7E8767CE2ED73F06E61FF73EDE27CFF616EF0FA646BF576E8E779AE
:20A2C000F36D62FC7FE1EE707AE4EB75F66867F975EBE47AF96768F6FC626DF370EEE17F8E
:20A2E00076E8E779FA646BF5FF616EF073EDE27CF06E61FF7CE2ED7379E7E876F56B64FA6E
:20A3000073EDE27CFF616EF0FA646BF576E8E779F56B64FA79E7E8767CE2ED73F06E61FF4D
:20A32000F66867F97AE4EB757FE1EE70F36D62FC70EEE17FFC626DF3F96768F675EBE47A2D
:20A34000F06E61FF7CE2ED7379E7E876F56B64FA76E8E779FA646BF5FF616EF073EDE27C0D
:20A3600075EBE47AF96768F6FC626DF370EEE17FF36D62FC7FE1EE707AE4EB75F66867F9ED
:20A380000C929D03801E118F851B148A099798068A141B8506989709039D920C8F111E80CD
:20A3A00089171886059B940A009E910F8C121D830F919E00831D128C861817890A949B05AD
:20A3C0008F111E80039D920C069897098A141B8509979806851B148A801E118F0C929D038D
:20A3E0000A949B0586181789831D128C0F919E008C121D83009E910F059B940A891718866D
:20A400000C929D03801E118F851B148A099798068A141B8506989709039D920C8F111E804C
:20A4200089171886059B940A009E910F8C121D830F919E00831D128C861817890A949B052C
:20A440008F111E80039D920C069897098A141B8509979806851B148A801E118F0C929D030C
:20A460000A949B0586181789831D128C0F919E008C121D83009E910F059B940A89171886EC
:20A4800073EDE27CFF616EF0FA646BF576E8E779F56B64FA79E7E8767CE2ED73F06E61FFCC
:20A4A000F66867F97AE4EB757FE1EE70F36D62FC70EEE17FFC626DF3F96768F675EBE47AAC
:20A4C000F06E61FF7CE2ED7379E7E876F56B64FA76E8E779FA646BF5FF616EF073EDE27C8C
:20A4E00075EBE47AF96768F6FC626DF370EEE17FF36D62FC7FE1EE707AE4EB75F66867F96C
:20A5000070EEE17FFC626DF3F96768F675EBE47AF66867F97AE4EB757FE1EE70F36D62FC4B
:20A52000F56B64FA79E7E8767CE2ED73F06E61FF73EDE27CFF616EF0FA646BF576E8E7792B
:20A54000F36D62FC7FE1EE707AE4EB75F66867F975EBE47AF96768F6FC626DF370EEE17F0B
:20A5600076E8E779FA646BF5FF616EF073EDE27CF06E61FF7CE2ED7379E7E876F56B64FAEB
:20A580000F919E00831D128C861817890A949B0589171886059B940A009E910F8C121D83CB
:20A5A0008A141B8506989709039D920C8F111E800C929D03801E118F851B148A09979806AB
:20A5C0008C121D83009E910F059B940A891718860A949B0586181789831D128C0F919E008B
:20A5E00009979806851B148A801E118F0C929D038F111E80039D920C069897098A141B856B
:20A6000076E8E779FA646BF5FF616EF073EDE27CF06E61FF7CE2ED7379E7E876F56B64FA4A
:20A62000F36D62FC7FE1EE707AE4EB75F66867F975EBE47AF96768F6FC626DF370EEE17F2A
:20A64000F56B64FA79E7E8767CE2ED73F06E61FF73EDE27CFF616EF0FA646BF576E8E7790A
:20A6600070EEE17FFC626DF3F96768F675EBE47AF66867F97AE4EB757FE1EE70F36D62FCEA
:20A6800009979806851B148A801E118F0C929D038F111E80039D920C069897098A141B85CA
:20A6A0008C121D83009E910F059B940A891718860A949B0586181789831D128C0F919E00AA
:20A6C0008A141B8506989709039D920C8F111E800C929D03801E118F851B148A099798068A
:20A6E0000F919E00831D128C861817890A949B0589171886059B940A009E910F8C121D836A
:20A700000A949B0586181789831D128C0F919E008C121D83009E910F059B940A8917188649
:20A720008F111E80039D920C069897098A141B8509979806851B148A801E118F0C929D0329
:20A7400089171886059B940A009E910F8C121D830F919E00831D128C861817890A949B0509
:20A760000C929D03801E118F851B148A099798068A141B8506989709039D920C8F111E80E9
:20A7800075EBE47AF96768F6FC626DF370EEE17FF36D62FC7FE1EE707AE4EB75F66867F9C9
:20A7A000F06E61FF7CE2ED7379E7E876F56B64FA76E8E779FA646BF5FF616EF073EDE27CA9
:20A7C000F66867F97AE4EB757FE1EE70F36D62FC70EEE17FFC626DF3F96768F675EBE47A89
:20A7E00073EDE27CFF616EF0FA646BF576E8E779F56B64FA79E7E8767CE2ED73F06E61FF69
:20A80000039D920C8F111E808A141B8506989709851B148A099798060C929D03801E118F48
:20A82000861817890A949B050F919E00831D128C009E910F8C121D8389171886059B940A28
:20A84000801E118F0C929D0309979806851B148A069897098A141B858F111E80039D920C08
:20A86000059B940A891718868C121D83009E910F831D128C0F919E000A949B0586181789E8
:20A880007CE2ED73F06E61FFF56B64FA79E7E876FA646BF576E8E77973EDE27CFF616EF0C8
:20A8A000F96768F675EBE47A70EEE17FFC626DF37FE1EE70F36D62FCF66867F97AE4EB75A8
:20A8C000FF616EF073EDE27C76E8E779FA646BF579E7E876F56B64FAF06E61FF7CE2ED7388
:20A8E0007AE4EB75F66867F9F36D62FC7FE1EE70FC626DF370EEE17F75EBE47AF96768F668
:20A900007FE1EE70F36D62FCF66867F97AE4EB75F96768F675EBE47A70EEE17FFC626DF347
:20A92000FA646BF576E8E77973EDE27CFF616EF07CE2ED73F06E61FFF56B64FA79E7E87627
:20A94000FC626DF370EEE17F75EBE47AF96768F67AE4EB75F66867F9F36D62FC7FE1EE7007
:20A9600079E7E876F56B64FAF06E61FF7CE2ED73FF616EF073EDE27C76E8E779FA646BF5E7
:20A98000009E910F8C121D8389171886059B940A861817890A949B050F919E00831D128CC7
:20A9A000851B148A099798060C929D03801E118F039D920C8F111E808A141B8506989709A7
:20A9C000831D128C0F919E000A949B0586181789059B940A891718868C121D83009E910F87
:20A9E000069897098A141B858F111E80039D920C801E118F0C929D0309979806851B148A67
:20AA000079E7E876F56B64FAF06E61FF7CE2ED73FF616EF073EDE27C76E8E779FA646BF546
:20AA2000FC626DF370EEE17F75EBE47AF96768F67AE4EB75F66867F9F36D62FC7FE1EE7026
:20AA4000FA646BF576E8E77973EDE27CFF616EF07CE2ED73F06E61FFF56B64FA79E7E87606
:20AA60007FE1EE70F36D62FCF66867F97AE4EB75F96768F675EBE47A70EEE17FFC626DF3E6
:20AA8000069897098A141B858F111E80039D920C801E118F0C929D0309979806851B148AC6
:20AAA000831D128C0F919E000A949B0586181789059B940A891718868C121D83009E910FA6
:20AAC000851B148A099798060C929D03801E118F039D920C8F111E808A141B850698970986
:20AAE000009E910F8C121D8389171886059B940A861817890A949B050F919E00831D128C66
:20AB0000059B940A891718868C121D83009E910F831D128C0F919E000A949B058618178945
:20AB2000801E118F0C929D0309979806851B148A069897098A141B858F111E80039D920C25
:20AB4000861817890A949B050F919E00831D128C009E910F8C121D8389171886059B940A05
:20AB6000039D920C8F111E808A141B8506989709851B148A099798060C929D03801E118FE5
:20AB80007AE4EB75F66867F9F36D62FC7FE1EE70FC626DF370EEE17F75EBE47AF96768F6C5
:20ABA000FF616EF073EDE27C76E8E779FA646BF579E7E876F56B64FAF06E61FF7CE2ED73A5
:20ABC000F96768F675EBE47A70EEE17FFC626DF37FE1EE70F36D62FCF66867F97AE4EB7585
:20ABE0007CE2ED73F06E61FFF56B64FA79E7E876FA646BF576E8E77973EDE27CFF616EF065
:20AC00007AE4EB75F66867F9F36D62FC7FE1EE70FC626DF370EEE17F75EBE47AF96768F644
:20AC2000FF616EF073EDE27C76E8E779FA646BF579E7E876F56B64FAF06E61FF7CE2ED7324
:20AC4000F96768F675EBE47A70EEE17FFC626DF37FE1EE70F36D62FCF66867F97AE4EB7504
:20AC60007CE2ED73F06E61FFF56B64FA79E7E876FA646BF576E8E77973EDE27CFF616EF0E4
:20AC8000059B940A891718868C121D83009E910F831D128C0F919E000A949B0586181789C4
:20ACA000801E118F0C929D0309979806851B148A069897098A141B858F111E80039D920CA4
:20ACC000861817890A949B050F919E00831D128C009E910F8C121D8389171886059B940A84
:20ACE000039D920C8F111E808A141B8506989709851B148A099798060C929D03801E118F64
:20AD0000069897098A141B858F111E80039D920C801E118F0C929D0309979806851B148A43
:20AD2000831D128C0F919E000A949B0586181789059B940A891718868C121D83009E910F23
:20AD4000851B148A099798060C929D03801E118F039D920C8F111E808A141B850698970903
:20AD6000009E910F8C121D8389171886059B940A861817890A949B050F919E00831D128CE3
:20AD800079E7E876F56B64FAF06E61FF7CE2ED73FF616EF073EDE27C76E8E779FA646BF5C3
:20ADA000FC626DF370EEE17F75EBE47AF96768F67AE4EB75F66867F9F36D62FC7FE1EE70A3
:20ADC000FA646BF576E8E77973EDE27CFF616EF07CE2ED73F06E61FFF56B64FA79E7E87683
:20ADE0007FE1EE70F36D62FCF66867F97AE4EB75F96768F675EBE47A70EEE17FFC626DF363
:20AE0000009E910F8C121D8389171886059B940A861817890A949B050F919E00831D128C42
:20AE2000851B148A099798060C929D03801E118F039D920C8F111E808A141B850698970922
:20AE4000831D128C0F919E000A949B0586181789059B940A891718868C121D83009E910F02
:20AE6000069897098A141B858F111E80039D920C801E118F0C929D0309979806851B148AE2
:20AE80007FE1EE70F36D62FCF66867F97AE4EB75F96768F675EBE47A70EEE17FFC626DF3C2
:20AEA000FA646BF576E8E77973EDE27CFF616EF07CE2ED73F06E61FFF56B64FA79E7E876A2
:20AEC000FC626DF370EEE17F75EBE47AF96768F67AE4EB75F66867F9F36D62FC7FE1EE7082
:20AEE00079E7E876F56B64FAF06E61FF7CE2ED73FF616EF073EDE27C76E8E779FA646BF562
:20AF00007CE2ED73F06E61FFF56B64FA79E7E876FA646BF576E8E77973EDE27CFF616EF041
:20AF2000F96768F675EBE47A70EEE17FFC626DF37FE1EE70F36D62FCF66867F97AE4EB7521
:20AF4000FF616EF073EDE27C76E8E779FA646BF579E7E876F56B64FAF06E61FF7CE2ED7301
:20AF60007AE4EB75F66867F9F36D62FC7FE1EE70FC626DF370EEE17F75EBE47AF96768F6E1
:20AF8000039D920C8F111E808A141B8506989709851B148A099798060C929D03801E118FC1
:20AFA000861817890A949B050F919E00831D128C009E910F8C121D8389171886059B940AA1
:20AFC000801E118F0C929D0309979806851B148A069897098A141B858F111E80039D920C81
:20AFE000059B940A891718868C121D83009E910F831D128C0F919E000A949B058618178961
:20B00000069897098A141B858F111E80039D920C801E118F0C929D0309979806851B148A40
:20B02000831D128C0F919E000A949B0586181789059B940A891718868C121D83009E910F20
:20B04000851B148A099798060C929D03801E118F039D920C8F111E808A141B850698970900
:20B06000009E910F8C121D8389171886059B940A861817890A949B050F919E00831D128CE0
:20B0800079E7E876F56B64FAF06E61FF7CE2ED73FF616EF073EDE27C76E8E779FA646BF5C0
:20B0A000FC626DF370EEE17F75EBE47AF96768F67AE4EB75F66867F9F36D62FC7FE1EE70A0
:20B0C000FA646BF576E8E77973EDE27CFF616EF07CE2ED73F06E61FFF56B64FA79E7E87680
:20B0E0007FE1EE70F36D62FCF66867F97AE4EB75F96768F675EBE47A70EEE17FFC626DF360
:20B100007AE4EB75F66867F9F36D62FC7FE1EE70FC626DF370EEE17F75EBE47AF96768F63F
:20B12000FF616EF073EDE27C76E8E779FA646BF579E7E876F56B64FAF06E61FF7CE2ED731F
:20B14000F96768F675EBE47A70EEE17FFC626DF37FE1EE70F36D62FCF66867F97AE4EB75FF
:20B160007CE2ED73F06E61FFF56B64FA79E7E876FA646BF576E8E77973EDE27CFF616EF0DF
:20B18000059B940A891718868C121D83009E910F831D128C0F919E000A949B0586181789BF
:20B1A000801E118F0C929D0309979806851B148A069897098A141B858F111E80039D920C9F
:20B1C000861817890A949B050F919E00831D128C009E910F8C121D8389171886059B940A7F
:20B1E000039D920C8F111E808A141B8506989709851B148A099798060C929D03801E118F5F
:20B200007CE2ED73F06E61FFF56B64FA79E7E876FA646BF576E8E77973EDE27CFF616EF03E
:20B22000F96768F675EBE47A70EEE17FFC626DF37FE1EE70F36D62FCF66867F97AE4EB751E
:20B24000FF616EF073EDE27C76E8E779FA646BF579E7E876F56B64FAF06E61FF7CE2ED73FE
:20B260007AE4EB75F66867F9F36D62FC7FE1EE70FC626DF370EEE17F75EBE47AF96768F6DE
:20B28000039D920C8F111E808A141B8506989709851B148A099798060C929D03801E118FBE
:20B2A000861817890A949B050F919E00831D128C009E910F8C121D8389171886059B940A9E
:20B2C000801E118F0C929D0309979806851B148A069897098A141B858F111E80039D920C7E
:20B2E000059B940A891718868C121D83009E910F831D128C0F919E000A949B05861817895E
:20B30000009E910F8C121D8389171886059B940A861817890A949B050F919E00831D128C3D
:20B32000851B148A099798060C929D03801E118F039D920C8F111E808A141B85069897091D
:20B34000831D128C0F919E000A949B0586181789059B940A891718868C121D83009E910FFD
:20B36000069897098A141B858F111E80039D920C801E118F0C929D0309979806851B148ADD
:20B380007FE1EE70F36D62FCF66867F97AE4EB75F96768F675EBE47A70EEE17FFC626DF3BD
:20B3A000FA646BF576E8E77973EDE27CFF616EF07CE2ED73F06E61FFF56B64FA79E7E8769D
:20B3C000FC626DF370EEE17F75EBE47AF96768F67AE4EB75F66867F9F36D62FC7FE1EE707D
:20B3E00079E7E876F56B64FAF06E61FF7CE2ED73FF616EF073EDE27C76E8E779FA646BF55D
:20B400007FE1EE70F36D62FCF66867F97AE4EB75F96768F675EBE47A70EEE17FFC626DF33C
:20B42000FA646BF576E8E77973EDE27CFF616EF07CE2ED73F06E61FFF56B64FA79E7E8761C
:20B44000FC626DF370EEE17F75EBE47AF96768F67AE4EB75F66867F9F36D62FC7FE1EE70FC
:20B4600079E7E876F56B64FAF06E61FF7CE2ED73FF616EF073EDE27C76E8E779FA646BF5DC
:20B48000009E910F8C121D8389171886059B940A861817890A949B050F919E00831D128CBC
:20B4A000851B148A099798060C929D03801E118F039D920C8F111E808A141B85069897099C
:20B4C000831D128C0F919E000A949B0586181789059B940A891718868C121D83009E910F7C
:20B4E000069897098A141B858F111E80039D920C801E118F0C929D0309979806851B148A5C
:20B50000039D920C8F111E808A141B8506989709851B148A099798060C929D03801E118F3B
:20B52000861817890A949B050F919E00831D128C009E910F8C121D8389171886059B940A1B
:20B54000801E118F0C929D0309979806851B148A069897098A141B858F111E80039D920CFB
:20B56000059B940A891718868C121D83009E910F831D128C0F919E000A949B0586181789DB
:20B580007CE2ED73F06E61FFF56B64FA79E7E876FA646BF576E8E77973EDE27CFF616EF0BB
:20B5A000F96768F675EBE47A70EEE17FFC626DF37FE1EE70F36D62FCF66867F97AE4EB759B
:20B5C000FF616EF073EDE27C76E8E779FA646BF579E7E876F56B64FAF06E61FF7CE2ED737B
:20B5E0007AE4EB75F66867F9F36D62FC7FE1EE70FC626DF370EEE17F75EBE47AF96768F65B
:20B60000059B940A891718868C121D83009E910F831D128C0F919E000A949B05861817893A
:20B62000801E118F0C929D0309979806851B148A069897098A141B858F111E80039D920C1A
:20B64000861817890A949B050F919E00831D128C009E910F8C121D8389171886059B940AFA
:20B66000039D920C8F111E808A141B8506989709851B148A099798060C929D03801E118FDA
:20B680007AE4EB75F66867F9F36D62FC7FE1EE70FC626DF370EEE17F75EBE47AF96768F6BA
:20B6A000FF616EF073EDE27C76E8E779FA646BF579E7E876F56B64FAF06E61FF7CE2ED739A
:20B6C000F96768F675EBE47A70EEE17FFC626DF37FE1EE70F36D62FCF66867F97AE4EB757A
:20B6E0007CE2ED73F06E61FFF56B64FA79E7E876FA646BF576E8E77973EDE27CFF616EF05A
:20B7000079E7E876F56B64FAF06E61FF7CE2ED73FF616EF073EDE27C76E8E779FA646BF539
:20B72000FC626DF370EEE17F75EBE47AF96768F67AE4EB75F66867F9F36D62FC7FE1EE7019
:20B74000FA646BF576E8E77973EDE27CFF616EF07CE2ED73F06E61FFF56B64FA79E7E876F9
:20B760007FE1EE70F36D62FCF66867F97AE4EB75F96768F675EBE47A70EEE17FFC626DF3D9
:20B78000069897098A141B858F111E80039D920C801E118F0C929D0309979806851B148AB9
:20B7A000831D128C0F919E000A949B0586181789059B940A891718868C121D83009E910F99
:20B7C000851B148A099798060C929D03801E118F039D920C8F111E808A141B850698970979
:20B7E000009E910F8C121D8389171886059B940A861817890A949B050F919E00831D128C59
:20B8000070EEE17FFC626DF3F96768F675EBE47AF66867F97AE4EB757FE1EE70F36D62FC38
:20B82000F56B64FA79E7E8767CE2ED73F06E61FF73EDE27CFF616EF0FA646BF576E8E77918
:20B84000F36D62FC7FE1EE707AE4EB75F66867F975EBE47AF96768F6FC626DF370EEE17FF8
:20B8600076E8E779FA646BF5FF616EF073EDE27CF06E61FF7CE2ED7379E7E876F56B64FAD8
:20B880000F919E00831D128C861817890A949B0589171886059B940A009E910F8C121D83B8
:20B8A0008A141B8506989709039D920C8F111E800C929D03801E118F851B148A0997980698
:20B8C0008C121D83009E910F059B940A891718860A949B0586181789831D128C0F919E0078
:20B8E00009979806851B148A801E118F0C929D038F111E80039D920C069897098A141B8558
:20B900000C929D03801E118F851B148A099798068A141B8506989709039D920C8F111E8037
:20B9200089171886059B940A009E910F8C121D830F919E00831D128C861817890A949B0517
:20B940008F111E80039D920C069897098A141B8509979806851B148A801E118F0C929D03F7
:20B960000A949B0586181789831D128C0F919E008C121D83009E910F059B940A89171886D7
:20B9800073EDE27CFF616EF0FA646BF576E8E779F56B64FA79E7E8767CE2ED73F06E61FFB7
:20B9A000F66867F97AE4EB757FE1EE70F36D62FC70EEE17FFC626DF3F96768F675EBE47A97
:20B9C000F06E61FF7CE2ED7379E7E876F56B64FA76E8E779FA646BF5FF616EF073EDE27C77
:20B9E00075EBE47AF96768F6FC626DF370EEE17FF36D62FC7FE1EE707AE4EB75F66867F957
:20BA00000A949B0586181789831D128C0F919E008C121D83009E910F059B940A8917188636
:20BA20008F111E80039D920C069897098A141B8509979806851B148A801E118F0C929D0316
:20BA400089171886059B940A009E910F8C121D830F919E00831D128C861817890A949B05F6
:20BA60000C929D03801E118F851B148A099798068A141B8506989709039D920C8F111E80D6
:20BA800075EBE47AF96768F6FC626DF370EEE17FF36D62FC7FE1EE707AE4EB75F66867F9B6
:20BAA000F06E61FF7CE2ED7379E7E876F56B64FA76E8E779FA646BF5FF616EF073EDE27C96
:20BAC000F66867F97AE4EB757FE1EE70F36D62FC70EEE17FFC626DF3F96768F675EBE47A76
:20BAE00073EDE27CFF616EF0FA646BF576E8E779F56B64FA79E7E8767CE2ED73F06E61FF56
:20BB000076E8E779FA646BF5FF616EF073EDE27CF06E61FF7CE2ED7379E7E876F56B64FA35
:20BB2000F36D62FC7FE1EE707AE4EB75F66867F975EBE47AF96768F6FC626DF370EEE17F15
:20BB4000F56B64FA79E7E8767CE2ED73F06E61FF73EDE27CFF616EF0FA646BF576E8E779F5
:20BB600070EEE17FFC626DF3F96768F675EBE47AF66867F97AE4EB757FE1EE70F36D62FCD5
:20BB800009979806851B148A801E118F0C929D038F111E80039D920C069897098A141B85B5
:20BBA0008C121D83009E910F059B940A891718860A949B0586181789831D128C0F919E0095
:20BBC0008A141B8506989709039D920C8F111E800C929D03801E118F851B148A0997980675
:20BBE0000F919E00831D128C861817890A949B0589171886059B940A009E910F8C121D8355
:20BC000009979806851B148A801E118F0C929D038F111E80039D920C069897098A141B8534
:20BC20008C121D83009E910F059B940A891718860A949B0586181789831D128C0F919E0014
:20BC40008A141B8506989709039D920C8F111E800C929D03801E118F851B148A09979806F4
:20BC60000F919E00831D128C861817890A949B0589171886059B940A009E910F8C121D83D4
:20BC800076E8E779FA646BF5FF616EF073EDE27CF06E61FF7CE2ED7379E7E876F56B64FAB4
:20BCA000F36D62FC7FE1EE707AE4EB75F66867F975EBE47AF96768F6FC626DF370EEE17F94
:20BCC000F56B64FA79E7E8767CE2ED73F06E61FF73EDE27CFF616EF0FA646BF576E8E77974
:20BCE00070EEE17FFC626DF3F96768F675EBE47AF66867F97AE4EB757FE1EE70F36D62FC54
:20BD000075EBE47AF96768F6FC626DF370EEE17FF36D62FC7FE1EE707AE4EB75F66867F933
:20BD2000F06E61FF7CE2ED7379E7E876F56B64FA76E8E779FA646BF5FF616EF073EDE27C13
:20BD4000F66867F97AE4EB757FE1EE70F36D62FC70EEE17FFC626DF3F96768F675EBE47AF3
:20BD600073EDE27CFF616EF0FA646BF576E8E779F56B64FA79E7E8767CE2ED73F06E61FFD3
:20BD80000A949B0586181789831D128C0F919E008C121D83009E910F059B940A89171886B3
:20BDA0008F111E80039D920C069897098A141B8509979806851B148A801E118F0C929D0393
:20BDC00089171886059B940A009E910F8C121D830F919E00831D128C861817890A949B0573
:20BDE0000C929D03801E118F851B148A099798068A141B8506989709039D920C8F111E8053
:20BE000073EDE27CFF616EF0FA646BF576E8E779F56B64FA79E7E8767CE2ED73F06E61FF32
:20BE2000F66867F97AE4EB757FE1EE70F36D62FC70EEE17FFC626DF3F96768F675EBE47A12
:20BE4000F06E61FF7CE2ED7379E7E876F56B64FA76E8E779FA646BF5FF616EF073EDE27CF2
:20BE600075EBE47AF96768F6FC626DF370EEE17FF36D62FC7FE1EE707AE4EB75F66867F9D2
:20BE80000C929D03801E118F851B148A099798068A141B8506989709039D920C8F111E80B2
:20BEA00089171886059B940A009E910F8C121D830F919E00831D128C861817890A949B0592
:20BEC0008F111E80039D920C069897098A141B8509979806851B148A801E118F0C929D0372
:20BEE0000A949B0586181789831D128C0F919E008C121D83009E910F059B940A8917188652
:20BF00000F919E00831D128C861817890A949B0589171886059B940A009E910F8C121D8331
:20BF20008A141B8506989709039D920C8F111E800C929D03801E118F851B148A0997980611
:20BF40008C121D83009E910F059B940A891718860A949B0586181789831D128C0F919E00F1
:20BF600009979806851B148A801E118F0C929D038F111E80039D920C069897098A141B85D1
:20BF800070EEE17FFC626DF3F96768F675EBE47AF66867F97AE4EB757FE1EE70F36D62FCB1
:20BFA000F56B64FA79E7E8767CE2ED73F06E61FF73EDE27CFF616EF0FA646BF576E8E77991
:20BFC000F36D62FC7FE1EE707AE4EB75F66867F975EBE47AF96768F6FC626DF370EEE17F71
:20BFE00076E8E779FA646BF5FF616EF073EDE27CF06E61FF7CE2ED7379E7E876F56B64FA51
:20C000007AE4EB75F66867F9F36D62FC7FE1EE70FC626DF370EEE17F75EBE47AF96768F630
:20C02000FF616EF073EDE27C76E8E779FA646BF579E7E876F56B64FAF06E61FF7CE2ED7310
:20C04000F96768F675EBE47A70EEE17FFC626DF37FE1EE70F36D62FCF66867F97AE4EB75F0
:20C060007CE2ED73F06E61FFF56B64FA79E7E876FA646BF576E8E77973EDE27CFF616EF0D0
:20C08000059B940A891718868C121D83009E910F831D128C0F919E000A949B0586181789B0
:20C0A000801E118F0C929D0309979806851B148A069897098A141B858F111E80039D920C90
:20C0C000861817890A949B050F919E00831D128C009E910F8C121D8389171886059B940A70
:20C0E000039D920C8F111E808A141B8506989709851B148A099798060C929D03801E118F50
:20C10000069897098A141B858F111E80039D920C801E118F0C929D0309979806851B148A2F
:20C12000831D128C0F919E000A949B0586181789059B940A891718868C121D83009E910F0F
:20C14000851B148A099798060C929D03801E118F039D920C8F111E808A141B8506989709EF
:20C16000009E910F8C121D8389171886059B940A861817890A949B050F919E00831D128CCF
:20C1800079E7E876F56B64FAF06E61FF7CE2ED73FF616EF073EDE27C76E8E779FA646BF5AF
:20C1A000FC626DF370EEE17F75EBE47AF96768F67AE4EB75F66867F9F36D62FC7FE1EE708F
:20C1C000FA646BF576E8E77973EDE27CFF616EF07CE2ED73F06E61FFF56B64FA79E7E8766F
:20C1E0007FE1EE70F36D62FCF66867F97AE4EB75F96768F675EBE47A70EEE17FFC626DF34F
:20C20000009E910F8C121D8389171886059B940A861817890A949B050F919E00831D128C2E
:20C22000851B148A099798060C929D03801E118F039D920C8F111E808A141B85069897090E
:20C24000831D128C0F919E000A949B0586181789059B940A891718868C121D83009E910FEE
:20C26000069897098A141B858F111E80039D920C801E118F0C929D0309979806851B148ACE
:20C280007FE1EE70F36D62FCF66867F97AE4EB75F96768F675EBE47A70EEE17FFC626DF3AE
:20C2A000FA646BF576E8E77973EDE27CFF616EF07CE2ED73F06E61FFF56B64FA79E7E8768E
:20C2C000FC626DF370EEE17F75EBE47AF96768F67AE4EB75F66867F9F36D62FC7FE1EE706E
:20C2E00079E7E876F56B64FAF06E61FF7CE2ED73FF616EF073EDE27C76E8E779FA646BF54E
:20C300007CE2ED73F06E61FFF56B64FA79E7E876FA646BF576E8E77973EDE27CFF616EF02D
:20C32000F96768F675EBE47A70EEE17FFC626DF37FE1EE70F36D62FCF66867F97AE4EB750D
:20C34000FF616EF073EDE27C76E8E779FA646BF579E7E876F56B64FAF06E61FF7CE2ED73ED
:20C360007AE4EB75F66867F9F36D62FC7FE1EE70FC626DF370EEE17F75EBE47AF96768F6CD
:20C38000039D920C8F111E808A141B8506989709851B148A099798060C929D03801E118FAD
:20C3A000861817890A949B050F919E00831D128C009E910F8C121D8389171886059B940A8D
:20C3C000801E118F0C929D0309979806851B148A069897098A141B858F111E80039D920C6D
:20C3E000059B940A891718868C121D83009E910F831D128C0F919E000A949B05861817894D
:20C40000039D920C8F111E808A141B8506989709851B148A099798060C929D03801E118F2C
:20C42000861817890A949B050F919E00831D128C009E910F8C121D8389171886059B940A0C
:20C44000801E118F0C929D0309979806851B148A069897098A141B858F111E80039D920CEC
:20C46000059B940A891718868C121D83009E910F831D128C0F919E000A949B0586181789CC
:20C480007CE2ED73F06E61FFF56B64FA79E7E876FA646BF576E8E77973EDE27CFF616EF0AC
:20C4A000F96768F675EBE47A70EEE17FFC626DF37FE1EE70F36D62FCF66867F97AE4EB758C
:20C4C000FF616EF073EDE27C76E8E779FA646BF579E7E876F56B64FAF06E61FF7CE2ED736C
:20C4E0007AE4EB75F66867F9F36D62FC7FE1EE70FC626DF370EEE17F75EBE47AF96768F64C
:20C500007FE1EE70F36D62FCF66867F97AE4EB75F96768F675EBE47A70EEE17FFC626DF32B
:20C52000FA646BF576E8E77973EDE27CFF616EF07CE2ED73F06E61FFF56B64FA79E7E8760B
:20C54000FC626DF370EEE17F75EBE47AF96768F67AE4EB75F66867F9F36D62FC7FE1EE70EB
:20C5600079E7E876F56B64FAF06E61FF7CE2ED73FF616EF073EDE27C76E8E779FA646BF5CB
:20C58000009E910F8C121D8389171886059B940A861817890A949B050F919E00831D128CAB
:20C5A000851B148A099798060C929D03801E118F039D920C8F111E808A141B85069897098B
:20C5C000831D128C0F919E000A949B0586181789059B940A891718868C121D83009E910F6B
:20C5E000069897098A141B858F111E80039D920C801E118F0C929D0309979806851B148A4B
:20C6000079E7E876F56B64FAF06E61FF7CE2ED73FF616EF073EDE27C76E8E779FA646BF52A
:20C62000FC626DF370EEE17F75EBE47AF96768F67AE4EB75F66867F9F36D62FC7FE1EE700A
:20C64000FA646BF576E8E77973EDE27CFF616EF07CE2ED73F06E61FFF56B64FA79E7E876EA
:20C660007FE1EE70F36D62FCF66867F97AE4EB75F96768F675EBE47A70EEE17FFC626DF3CA
:20C68000069897098A141B858F111E80039D920C801E118F0C929D0309979806851B148AAA
:20C6A000831D128C0F919E000A949B0586181789059B940A891718868C121D83009E910F8A
:20C6C000851B148A099798060C929D03801E118F039D920C8F111E808A141B85069897096A
:20C6E000009E910F8C121D8389171886059B940A861817890A949B050F919E00831D128C4A
:20C70000059B940A891718868C121D83009E910F831D128C0F919E000A949B058618178929
:20C72000801E118F0C929D0309979806851B148A069897098A141B858F111E80039D920C09
:20C74000861817890A949B050F919E00831D128C009E910F8C121D8389171886059B940AE9
:20C76000039D920C8F111E808A141B8506989709851B148A099798060C929D03801E118FC9
:20C780007AE4EB75F66867F9F36D62FC7FE1EE70FC626DF370EEE17F75EBE47AF96768F6A9
:20C7A000FF616EF073EDE27C76E8E779FA646BF579E7E876F56B64FAF06E61FF7CE2ED7389
:20C7C000F96768F675EBE47A70EEE17FFC626DF37FE1EE70F36D62FCF66867F97AE4EB7569
:20C7E0007CE2ED73F06E61FFF56B64FA79E7E876FA646BF576E8E77973EDE27CFF616EF049
:20C800000C929D03801E118F851B148A099798068A141B8506989709039D920C8F111E8028
:20C8200089171886059B940A009E910F8C121D830F919E00831D128C861817890A949B0508
:20C840008F111E80039D920C069897098A141B8509979806851B148A801E118F0C929D03E8
:20C860000A949B0586181789831D128C0F919E008C121D83009E910F059B940A89171886C8
:20C8800073EDE27CFF616EF0FA646BF576E8E779F56B64FA79E7E8767CE2ED73F06E61FFA8
:20C8A000F66867F97AE4EB757FE1EE70F36D62FC70EEE17FFC626DF3F96768F675EBE47A88
:20C8C000F06E61FF7CE2ED7379E7E876F56B64FA76E8E779FA646BF5FF616EF073EDE27C68
:20C8E00075EBE47AF96768F6FC626DF370EEE17FF36D62FC7FE1EE707AE4EB75F66867F948
:20C9000070EEE17FFC626DF3F96768F675EBE47AF66867F97AE4EB757FE1EE70F36D62FC27
:20C92000F56B64FA79E7E8767CE2ED73F06E61FF73EDE27CFF616EF0FA646BF576E8E77907
:20C94000F36D62FC7FE1EE707AE4EB75F66867F975EBE47AF96768F6FC626DF370EEE17FE7
:20C9600076E8E779FA646BF5FF616EF073EDE27CF06E61FF7CE2ED7379E7E876F56B64FAC7
:20C980000F919E00831D128C861817890A949B0589171886059B940A009E910F8C121D83A7
:20C9A0008A141B8506989709039D920C8F111E800C929D03801E118F851B148A0997980687
:20C9C0008C121D83009E910F059B940A891718860A949B0586181789831D128C0F919E0067
:20C9E00009979806851B148A801E118F0C929D038F111E80039D920C069897098A141B8547
:20CA000076E8E779FA646BF5FF616EF073EDE27CF06E61FF7CE2ED7379E7E876F56B64FA26
:20CA2000F36D62FC7FE1EE707AE4EB75F66867F975EBE47AF96768F6FC626DF370EEE17F06
:20CA4000F56B64FA79E7E8767CE2ED73F06E61FF73EDE27CFF616EF0FA646BF576E8E779E6
:20CA600070EEE17FFC626DF3F96768F675EBE47AF66867F97AE4EB757FE1EE70F36D62FCC6
:20CA800009979806851B148A801E118F0C929D038F111E80039D920C069897098A141B85A6
:20CAA0008C121D83009E910F059B940A891718860A949B0586181789831D128C0F919E0086
:20CAC0008A141B8506989709039D920C8F111E800C929D03801E118F851B148A0997980666
:20CAE0000F919E00831D128C861817890A949B0589171886059B940A009E910F8C121D8346
:20CB00000A949B0586181789831D128C0F919E008C121D83009E910F059B940A8917188625
:20CB20008F111E80039D920C069897098A141B8509979806851B148A801E118F0C929D0305
:20CB400089171886059B940A009E910F8C121D830F919E00831D128C861817890A949B05E5
:20CB60000C929D03801E118F851B148A099798068A141B8506989709039D920C8F111E80C5
:20CB800075EBE47AF96768F6FC626DF370EEE17FF36D62FC7FE1EE707AE4EB75F66867F9A5
:20CBA000F06E61FF7CE2ED7379E7E876F56B64FA76E8E779FA646BF5FF616EF073EDE27C85
:20CBC000F66867F97AE4EB757FE1EE70F36D62FC70EEE17FFC626DF3F96768F675EBE47A65
:20CBE00073EDE27CFF616EF0FA646BF576E8E779F56B64FA79E7E8767CE2ED73F06E61FF45
:20CC000075EBE47AF96768F6FC626DF370EEE17FF36D62FC7FE1EE707AE4EB75F66867F924
:20CC2000F06E61FF7CE2ED7379E7E876F56B64FA76E8E779FA646BF5FF616EF073EDE27C04
:20CC4000F66867F97AE4EB757FE1EE70F36D62FC70EEE17FFC626DF3F96768F675EBE47AE4
:20CC600073EDE27CFF616EF0FA646BF576E8E779F56B64FA79E7E8767CE2ED73F06E61FFC4
:20CC80000A949B0586181789831D128C0F919E008C121D83009E910F059B940A89171886A4
:20CCA0008F111E80039D920C069897098A141B8509979806851B148A801E118F0C929D0384
:20CCC00089171886059B940A009E910F8C121D830F919E00831D128C861817890A949B0564
:20CCE0000C929D03801E118F851B148A099798068A141B8506989709039D920C8F111E8044
:20CD000009979806851B148A801E118F0C929D038F111E80039D920C069897098A141B8523
:20CD20008C121D83009E910F059B940A891718860A949B0586181789831D128C0F919E0003
:20CD40008A141B8506989709039D920C8F111E800C929D03801E118F851B148A09979806E3
:20CD60000F919E00831D128C861817890A949B0589171886059B940A009E910F8C121D83C3
:20CD800076E8E779FA646BF5FF616EF073EDE27CF06E61FF7CE2ED7379E7E876F56B64FAA3
:20CDA000F36D62FC7FE1EE707AE4EB75F66867F975EBE47AF96768F6FC626DF370EEE17F83
:20CDC000F56B64FA79E7E8767CE2ED73F06E61FF73EDE27CFF616EF0FA646BF576E8E77963
:20CDE00070EEE17FFC626DF3F96768F675EBE47AF66867F97AE4EB757FE1EE70F36D62FC43
:20CE00000F919E00831D128C861817890A949B0589171886059B940A009E910F8C121D8322
:20CE20008A141B8506989709039D920C8F111E800C929D03801E118F851B148A0997980602
:20CE40008C121D83009E910F059B940A891718860A949B0586181789831D128C0F919E00E2
:20CE600009979806851B148A801E118F0C929D038F111E80039D920C069897098A141B85C2
:20CE800070EEE17FFC626DF3F96768F675EBE47AF66867F97AE4EB757FE1EE70F36D62FCA2
:20CEA000F56B64FA79E7E8767CE2ED73F06E61FF73EDE27CFF616EF0FA646BF576E8E77982
:20CEC000F36D62FC7FE1EE707AE4EB75F66867F975EBE47AF96768F6FC626DF370EEE17F62
:20CEE00076E8E779FA646BF5FF616EF073EDE27CF06E61FF7CE2ED7379E7E876F56B64FA42
:20CF000073EDE27CFF616EF0FA646BF576E8E779F56B64FA79E7E8767CE2ED73F06E61FF21
:20CF2000F66867F97AE4EB757FE1EE70F36D62FC70EEE17FFC626DF3F96768F675EBE47A01
:20CF4000F06E61FF7CE2ED7379E7E876F56B64FA76E8E779FA646BF5FF616EF073EDE27CE1
:20CF600075EBE47AF96768F6FC626DF370EEE17FF36D62FC7FE1EE707AE4EB75F66867F9C1
:20CF80000C929D03801E118F851B148A099798068A141B8506989709039D920C8F111E80A1
:20CFA00089171886059B940A009E910F8C121D830F919E00831D128C861817890A949B0581
:20CFC0008F111E80039D920C069897098A141B8509979806851B148A801E118F0C929D0361
:20CFE0000A949B0586181789831D128C0F919E008C121D83009E910F059B940A8917188641
:20D0000009979806851B148A801E118F0C929D038F111E80039D920C069897098A141B8520
:20D020008C121D83009E910F059B940A891718860A949B0586181789831D128C0F919E0000
:20D040008A141B8506989709039D920C8F111E800C929D03801E118F851B148A09979806E0
:20D060000F919E00831D128C861817890A949B0589171886059B940A009E910F8C121D83C0
:20D0800076E8E779FA646BF5FF616EF073EDE27CF06E61FF7CE2ED7379E7E876F56B64FAA0
:20D0A000F36D62FC7FE1EE707AE4EB75F66867F975EBE47AF96768F6FC626DF370EEE17F80
:20D0C000F56B64FA79E7E8767CE2ED73F06E61FF73EDE27CFF616EF0FA646BF576E8E77960
:20D0E00070EEE17FFC626DF3F96768F675EBE47AF66867F97AE4EB757FE1EE70F36D62FC40
:20D1000075EBE47AF96768F6FC626DF370EEE17FF36D62FC7FE1EE707AE4EB75F66867F91F
:20D12000F06E61FF7CE2ED7379E7E876F56B64FA76E8E779FA646BF5FF616EF073EDE27CFF
:20D14000F66867F97AE4EB757FE1EE70F36D62FC70EEE17FFC626DF3F96768F675EBE47ADF
:20D1600073EDE27CFF616EF0FA646BF576E8E779F56B64FA79E7E8767CE2ED73F06E61FFBF
:20D180000A949B0586181789831D128C0F919E008C121D83009E910F059B940A891718869F
:20D1A0008F111E80039D920C069897098A141B8509979806851B148A801E118F0C929D037F
:20D1C00089171886059B940A009E910F8C121D830F919E00831D128C861817890A949B055F
:20D1E0000C929D03801E118F851B148A099798068A141B8506989709039D920C8F111E803F
:20D2000073EDE27CFF616EF0FA646BF576E8E779F56B64FA79E7E8767CE2ED73F06E61FF1E
:20D22000F66867F97AE4EB757FE1EE70F36D62FC70EEE17FFC626DF3F96768F675EBE47AFE
:20D24000F06E61FF7CE2ED7379E7E876F56B64FA76E8E779FA646BF5FF616EF073EDE27CDE
:20D2600075EBE47AF96768F6FC626DF370EEE17FF36D62FC7FE1EE707AE4EB75F66867F9BE
:20D280000C929D03801E118F851B148A099798068A141B8506989709039D920C8F111E809E
:20D2A00089171886059B940A009E910F8C121D830F919E00831D128C861817890A949B057E
:20D2C0008F111E80039D920C069897098A141B8509979806851B148A801E118F0C929D035E
:20D2E0000A949B0586181789831D128C0F919E008C121D83009E910F059B940A891718863E
:20D300000F919E00831D128C861817890A949B0589171886059B940A009E910F8C121D831D
:20D320008A141B8506989709039D920C8F111E800C929D03801E118F851B148A09979806FD
:20D340008C121D83009E910F059B940A891718860A949B0586181789831D128C0F919E00DD
:20D3600009979806851B148A801E118F0C929D038F111E80039D920C069897098A141B85BD
:20D3800070EEE17FFC626DF3F96768F675EBE47AF66867F97AE4EB757FE1EE70F36D62FC9D
:20D3A000F56B64FA79E7E8767CE2ED73F06E61FF73EDE27CFF616EF0FA646BF576E8E7797D
:20D3C000F36D62FC7FE1EE707AE4EB75F66867F975EBE47AF96768F6FC626DF370EEE17F5D
:20D3E00076E8E779FA646BF5FF616EF073EDE27CF06E61FF7CE2ED7379E7E876F56B64FA3D
:20D4000070EEE17FFC626DF3F96768F675EBE47AF66867F97AE4EB757FE1EE70F36D62FC1C
:20D42000F56B64FA79E7E8767CE2ED73F06E61FF73EDE27CFF616EF0FA646BF576E8E779FC
:20D44000F36D62FC7FE1EE707AE4EB75F66867F975EBE47AF96768F6FC626DF370EEE17FDC
:20D4600076E8E779FA646BF5FF616EF073EDE27CF06E61FF7CE2ED7379E7E876F56B64FABC
:20D480000F919E00831D128C861817890A949B0589171886059B940A009E910F8C121D839C
:20D4A0008A141B8506989709039D920C8F111E800C929D03801E118F851B148A099798067C
:20D4C0008C121D83009E910F059B940A891718860A949B0586181789831D128C0F919E005C
:20D4E00009979806851B148A801E118F0C929D038F111E80039D920C069897098A141B853C
:20D500000C929D03801E118F851B148A099798068A141B8506989709039D920C8F111E801B
:20D5200089171886059B940A009E910F8C121D830F919E00831D128C861817890A949B05FB
:20D540008F111E80039D920C069897098A141B8509979806851B148A801E118F0C929D03DB
:20D560000A949B0586181789831D128C0F919E008C121D83009E910F059B940A89171886BB
:20D5800073EDE27CFF616EF0FA646BF576E8E779F56B64FA79E7E8767CE2ED73F06E61FF9B
:20D5A000F66867F97AE4EB757FE1EE70F36D62FC70EEE17FFC626DF3F96768F675EBE47A7B
:20D5C000F06E61FF7CE2ED7379E7E876F56B64FA76E8E779FA646BF5FF616EF073EDE27C5B
:20D5E00075EBE47AF96768F6FC626DF370EEE17FF36D62FC7FE1EE707AE4EB75F66867F93B
:20D600000A949B0586181789831D128C0F919E008C121D83009E910F059B940A891718861A
:20D620008F111E80039D920C069897098A141B8509979806851B148A801E118F0C929D03FA
:20D6400089171886059B940A009E910F8C121D830F919E00831D128C861817890A949B05DA
:20D660000C929D03801E118F851B148A099798068A141B8506989709039D920C8F111E80BA
:20D6800075EBE47AF96768F6FC626DF370EEE17FF36D62FC7FE1EE707AE4EB75F66867F99A
:20D6A000F06E61FF7CE2ED7379E7E876F56B64FA76E8E779FA646BF5FF616EF073EDE27C7A
:20D6C000F66867F97AE4EB757FE1EE70F36D62FC70EEE17FFC626DF3F96768F675EBE47A5A
:20D6E00073EDE27CFF616EF0FA646BF576E8E779F56B64FA79E7E8767CE2ED73F06E61FF3A
:20D7000076E8E779FA646BF5FF616EF073EDE27CF06E61FF7CE2ED7379E7E876F56B64FA19
:20D72000F36D62FC7FE1EE707AE4EB75F66867F975EBE47AF96768F6FC626DF370EEE17FF9
:20D74000F56B64FA79E7E8767CE2ED73F06E61FF73EDE27CFF616EF0FA646BF576E8E779D9
:20D7600070EEE17FFC626DF3F96768F675EBE47AF66867F97AE4EB757FE1EE70F36D62FCB9
:20D7800009979806851B148A801E118F0C929D038F111E80039D920C069897098A141B8599
:20D7A0008C121D83009E910F059B940A891718860A949B0586181789831D128C0F919E0079
:20D7C0008A141B8506989709039D920C8F111E800C929D03801E118F851B148A0997980659
:20D7E0000F919E00831D128C861817890A949B0589171886059B940A009E910F8C121D8339
:20D800007FE1EE70F36D62FCF66867F97AE4EB75F96768F675EBE47A70EEE17FFC626DF318
:20D82000FA646BF576E8E77973EDE27CFF616EF07CE2ED73F06E61FFF56B64FA79E7E876F8
:20D84000FC626DF370EEE17F75EBE47AF96768F67AE4EB75F66867F9F36D62FC7FE1EE70D8
:20D8600079E7E876F56B64FAF06E61FF7CE2ED73FF616EF073EDE27C76E8E779FA646BF5B8
:20D88000009E910F8C121D8389171886059B940A861817890A949B050F919E00831D128C98
:20D8A000851B148A099798060C929D03801E118F039D920C8F111E808A141B850698970978
:20D8C000831D128C0F919E000A949B0586181789059B940A891718868C121D83009E910F58
:20D8E000069897098A141B858F111E80039D920C801E118F0C929D0309979806851B148A38
:20D90000039D920C8F111E808A141B8506989709851B148A099798060C929D03801E118F17
:20D92000861817890A949B050F919E00831D128C009E910F8C121D8389171886059B940AF7
:20D94000801E118F0C929D0309979806851B148A069897098A141B858F111E80039D920CD7
:20D96000059B940A891718868C121D83009E910F831D128C0F919E000A949B0586181789B7
:20D980007CE2ED73F06E61FFF56B64FA79E7E876FA646BF576E8E77973EDE27CFF616EF097
:20D9A000F96768F675EBE47A70EEE17FFC626DF37FE1EE70F36D62FCF66867F97AE4EB7577
:20D9C000FF616EF073EDE27C76E8E779FA646BF579E7E876F56B64FAF06E61FF7CE2ED7357
:20D9E0007AE4EB75F66867F9F36D62FC7FE1EE70FC626DF370EEE17F75EBE47AF96768F637
:20DA0000059B940A891718868C121D83009E910F831D128C0F919E000A949B058618178916
:20DA2000801E118F0C929D0309979806851B148A069897098A141B858F111E80039D920CF6
:20DA4000861817890A949B050F919E00831D128C009E910F8C121D8389171886059B940AD6
:20DA6000039D920C8F111E808A141B8506989709851B148A099798060C929D03801E118FB6
:20DA80007AE4EB75F66867F9F36D62FC7FE1EE70FC626DF370EEE17F75EBE47AF96768F696
:20DAA000FF616EF073EDE27C76E8E779FA646BF579E7E876F56B64FAF06E61FF7CE2ED7376
:20DAC000F96768F675EBE47A70EEE17FFC626DF37FE1EE70F36D62FCF66867F97AE4EB7556
:20DAE0007CE2ED73F06E61FFF56B64FA79E7E876FA646BF576E8E77973EDE27CFF616EF036
:20DB000079E7E876F56B64FAF06E61FF7CE2ED73FF616EF073EDE27C76E8E779FA646BF515
:20DB2000FC626DF370EEE17F75EBE47AF96768F67AE4EB75F66867F9F36D62FC7FE1EE70F5
:20DB4000FA646BF576E8E77973EDE27CFF616EF07CE2ED73F06E61FFF56B64FA79E7E876D5
:20DB60007FE1EE70F36D62FCF66867F97AE4EB75F96768F675EBE47A70EEE17FFC626DF3B5
:20DB8000069897098A141B858F111E80039D920C801E118F0C929D0309979806851B148A95
:20DBA000831D128C0F919E000A949B0586181789059B940A891718868C121D83009E910F75
:20DBC000851B148A099798060C929D03801E118F039D920C8F111E808A141B850698970955
:20DBE000009E910F8C121D8389171886059B940A861817890A949B050F919E00831D128C35
:20DC0000069897098A141B858F111E80039D920C801E118F0C929D0309979806851B148A14
:20DC2000831D128C0F919E000A949B0586181789059B940A891718868C121D83009E910FF4
:20DC4000851B148A099798060C929D03801E118F039D920C8F111E808A141B8506989709D4
:20DC6000009E910F8C121D8389171886059B940A861817890A949B050F919E00831D128CB4
:20DC800079E7E876F56B64FAF06E61FF7CE2ED73FF616EF073EDE27C76E8E779FA646BF594
:20DCA000FC626DF370EEE17F75EBE47AF96768F67AE4EB75F66867F9F36D62FC7FE1EE7074
:20DCC000FA646BF576E8E77973EDE27CFF616EF07CE2ED73F06E61FFF56B64FA79E7E87654
:20DCE0007FE1EE70F36D62FCF66867F97AE4EB75F96768F675EBE47A70EEE17FFC626DF334
:20DD00007AE4EB75F66867F9F36D62FC7FE1EE70FC626DF370EEE17F75EBE47AF96768F613
:20DD2000FF616EF073EDE27C76E8E779FA646BF579E7E876F56B64FAF06E61FF7CE2ED73F3
:20DD4000F96768F675EBE47A70EEE17FFC626DF37FE1EE70F36D62FCF66867F97AE4EB75D3
:20DD60007CE2ED73F06E61FFF56B64FA79E7E876FA646BF576E8E77973EDE27CFF616EF0B3
:20DD8000059B940A891718868C121D83009E910F831D128C0F919E000A949B058618178993
:20DDA000801E118F0C929D0309979806851B148A069897098A141B858F111E80039D920C73
:20DDC000861817890A949B050F919E00831D128C009E910F8C121D8389171886059B940A53
:20DDE000039D920C8F111E808A141B8506989709851B148A099798060C929D03801E118F33
:20DE00007CE2ED73F06E61FFF56B64FA79E7E876FA646BF576E8E77973EDE27CFF616EF012
:20DE2000F96768F675EBE47A70EEE17FFC626DF37FE1EE70F36D62FCF66867F97AE4EB75F2
:20DE4000FF616EF073EDE27C76E8E779FA646BF579E7E876F56B64FAF06E61FF7CE2ED73D2
:20DE60007AE4EB75F66867F9F36D62FC7FE1EE70FC626DF370EEE17F75EBE47AF96768F6B2
:20DE8000039D920C8F111E808A141B8506989709851B148A099798060C929D03801E118F92
:20DEA000861817890A949B050F919E00831D128C009E910F8C121D8389171886059B940A72
:20DEC000801E118F0C929D0309979806851B148A069897098A141B858F111E80039D920C52
:20DEE000059B940A891718868C121D83009E910F831D128C0F919E000A949B058618178932
:20DF0000009E910F8C121D8389171886059B940A861817890A949B050F919E00831D128C11
:20DF2000851B148A099798060C929D03801E118F039D920C8F111E808A141B8506989709F1
:20DF4000831D128C0F919E000A949B0586181789059B940A891718868C121D83009E910FD1
:20DF6000069897098A141B858F111E80039D920C801E118F0C929D0309979806851B148AB1
:20DF80007FE1EE70F36D62FCF66867F97AE4EB75F96768F675EBE47A70EEE17FFC626DF391
:20DFA000FA646BF576E8E77973EDE27CFF616EF07CE2ED73F06E61FFF56B64FA79E7E87671
:20DFC000FC626DF370EEE17F75EBE47AF96768F67AE4EB75F66867F9F36D62FC7FE1EE7051
:20DFE00079E7E876F56B64FAF06E61FF7CE2ED73FF616EF073EDE27C76E8E779FA646BF531
:20E00000148A851B980609979D030C92118F801E920C039D1E808F111B858A149709069810
:20E02000910F009E1D838C1218868917940A059B178986189B050A949E000F91128C831DF0
:20E04000970906981B858A141E808F11920C039D118F801E9D030C9298060997148A851BD0
:20E06000128C831D9E000F919B050A9417898618940A059B188689171D838C12910F009EB0
:20E080006BF5FA64E77976E8E27C73ED6EF0FF61ED737CE261FFF06E64FAF56BE87679E790
:20E0A000EE707FE162FCF36D67F9F668EB757AE468F6F967E47A75EBE17F70EE6DF3FC6270
:20E0C000E87679E764FAF56B61FFF06EED737CE26EF0FF61E27C73EDE77976E86BF5FA6450
:20E0E0006DF3FC62E17F70EEE47A75EB68F6F967EB757AE467F9F66862FCF36DEE707FE130
:20E1000068F6F967E47A75EBE17F70EE6DF3FC62EE707FE162FCF36D67F9F668EB757AE40F
:20E12000ED737CE261FFF06E64FAF56BE87679E76BF5FA64E77976E8E27C73ED6EF0FF61EF
:20E14000EB757AE467F9F66862FCF36DEE707FE16DF3FC62E17F70EEE47A75EB68F6F967CF
:20E160006EF0FF61E27C73EDE77976E86BF5FA64E87679E764FAF56B61FFF06EED737CE2AF
:20E18000178986189B050A949E000F91128C831D910F009E1D838C1218868917940A059B8F
:20E1A000920C039D1E808F111B858A1497090698148A851B980609979D030C92118F801E6F
:20E1C000940A059B188689171D838C12910F009E128C831D9E000F919B050A94178986184F
:20E1E000118F801E9D030C9298060997148A851B970906981B858A141E808F11920C039D2F
:20E200006EF0FF61E27C73EDE77976E86BF5FA64E87679E764FAF56B61FFF06EED737CE20E
:20E22000EB757AE467F9F66862FCF36DEE707FE16DF3FC62E17F70EEE47A75EB68F6F967EE
:20E24000ED737CE261FFF06E64FAF56BE87679E76BF5FA64E77976E8E27C73ED6EF0FF61CE
:20E2600068F6F967E47A75EBE17F70EE6DF3FC62EE707FE162FCF36D67F9F668EB757AE4AE
:20E28000118F801E9D030C9298060997148A851B970906981B858A141E808F11920C039D8E
:20E2A000940A059B188689171D838C12910F009E128C831D9E000F919B050A94178986186E
:20E2C000920C039D1E808F111B858A1497090698148A851B980609979D030C92118F801E4E
:20E2E000178986189B050A949E000F91128C831D910F009E1D838C1218868917940A059B2E
:20E30000128C831D9E000F919B050A9417898618940A059B188689171D838C12910F009E0D
:20E32000970906981B858A141E808F11920C039D118F801E9D030C9298060997148A851BED
:20E34000910F009E1D838C1218868917940A059B178986189B050A949E000F91128C831DCD
:20E36000148A851B980609979D030C92118F801E920C039D1E808F111B858A1497090698AD
:20E380006DF3FC62E17F70EEE47A75EB68F6F967EB757AE467F9F66862FCF36DEE707FE18D
:20E3A000E87679E764FAF56B61FFF06EED737CE26EF0FF61E27C73EDE77976E86BF5FA646D
:20E3C000EE707FE162FCF36D67F9F668EB757AE468F6F967E47A75EBE17F70EE6DF3FC624D
:20E3E0006BF5FA64E77976E8E27C73ED6EF0FF61ED737CE261FFF06E64FAF56BE87679E72D
:20E400006DF3FC62E17F70EEE47A75EB68F6F967EB757AE467F9F66862FCF36DEE707FE10C
:20E42000E87679E764FAF56B61FFF06EED737CE26EF0FF61E27C73EDE77976E86BF5FA64EC
:20E44000EE707FE162FCF36D67F9F668EB757AE468F6F967E47A75EBE17F70EE6DF3FC62CC
:20E460006BF5FA64E77976E8E27C73ED6EF0FF61ED737CE261FFF06E64FAF56BE87679E7AC
:20E48000128C831D9E000F919B050A9417898618940A059B188689171D838C12910F009E8C
:20E4A000970906981B858A141E808F11920C039D118F801E9D030C9298060997148A851B6C
:20E4C000910F009E1D838C1218868917940A059B178986189B050A949E000F91128C831D4C
:20E4E000148A851B980609979D030C92118F801E920C039D1E808F111B858A14970906982C
:20E50000118F801E9D030C9298060997148A851B970906981B858A141E808F11920C039D0B
:20E52000940A059B188689171D838C12910F009E128C831D9E000F919B050A9417898618EB
:20E54000920C039D1E808F111B858A1497090698148A851B980609979D030C92118F801ECB
:20E56000178986189B050A949E000F91128C831D910F009E1D838C1218868917940A059BAB
:20E580006EF0FF61E27C73EDE77976E86BF5FA64E87679E764FAF56B61FFF06EED737CE28B
:20E5A000EB757AE467F9F66862FCF36DEE707FE16DF3FC62E17F70EEE47A75EB68F6F9676B
:20E5C000ED737CE261FFF06E64FAF56BE87679E76BF5FA64E77976E8E27C73ED6EF0FF614B
:20E5E00068F6F967E47A75EBE17F70EE6DF3FC62EE707FE162FCF36D67F9F668EB757AE42B
:20E60000178986189B050A949E000F91128C831D910F009E1D838C1218868917940A059B0A
:20E62000920C039D1E808F111B858A1497090698148A851B980609979D030C92118F801EEA
:20E64000940A059B188689171D838C12910F009E128C831D9E000F919B050A9417898618CA
:20E66000118F801E9D030C9298060997148A851B970906981B858A141E808F11920C039DAA
:20E6800068F6F967E47A75EBE17F70EE6DF3FC62EE707FE162FCF36D67F9F668EB757AE48A
:20E6A000ED737CE261FFF06E64FAF56BE87679E76BF5FA64E77976E8E27C73ED6EF0FF616A
:20E6C000EB757AE467F9F66862FCF36DEE707FE16DF3FC62E17F70EEE47A75EB68F6F9674A
:20E6E0006EF0FF61E27C73EDE77976E86BF5FA64E87679E764FAF56B61FFF06EED737CE22A
:20E700006BF5FA64E77976E8E27C73ED6EF0FF61ED737CE261FFF06E64FAF56BE87679E709
:20E72000EE707FE162FCF36D67F9F668EB757AE468F6F967E47A75EBE17F70EE6DF3FC62E9
:20E74000E87679E764FAF56B61FFF06EED737CE26EF0FF61E27C73EDE77976E86BF5FA64C9
:20E760006DF3FC62E17F70EEE47A75EB68F6F967EB757AE467F9F66862FCF36DEE707FE1A9
:20E78000148A851B980609979D030C92118F801E920C039D1E808F111B858A149709069889
:20E7A000910F009E1D838C1218868917940A059B178986189B050A949E000F91128C831D69
:20E7C000970906981B858A141E808F11920C039D118F801E9D030C9298060997148A851B49
:20E7E000128C831D9E000F919B050A9417898618940A059B188689171D838C12910F009E29
:20E8000062FCF36DEE707FE1EB757AE467F9F668E47A75EB68F6F9676DF3FC62E17F70EE08
:20E82000E77976E86BF5FA646EF0FF61E27C73ED61FFF06EED737CE2E87679E764FAF56BE8
:20E84000E17F70EE6DF3FC6268F6F967E47A75EB67F9F668EB757AE4EE707FE162FCF36DC8
:20E8600064FAF56BE87679E7ED737CE261FFF06EE27C73ED6EF0FF616BF5FA64E77976E8A8
:20E880001D838C12910F009E940A059B188689179B050A9417898618128C831D9E000F9188
:20E8A00098060997148A851B118F801E9D030C921E808F11920C039D970906981B858A1468
:20E8C0009E000F91128C831D178986189B050A9418868917940A059B910F009E1D838C1248
:20E8E0001B858A1497090698920C039D1E808F119D030C92118F801E148A851B9806099728
:20E900001E808F11920C039D970906981B858A1498060997148A851B118F801E9D030C9207
:20E920009B050A9417898618128C831D9E000F911D838C12910F009E940A059B18868917E7
:20E940009D030C92118F801E148A851B980609971B858A1497090698920C039D1E808F11C7
:20E9600018868917940A059B910F009E1D838C129E000F91128C831D178986189B050A94A7
:20E9800061FFF06EED737CE2E87679E764FAF56BE77976E86BF5FA646EF0FF61E27C73ED87
:20E9A000E47A75EB68F6F9676DF3FC62E17F70EE62FCF36DEE707FE1EB757AE467F9F66867
:20E9C000E27C73ED6EF0FF616BF5FA64E77976E864FAF56BE87679E7ED737CE261FFF06E47
:20E9E00067F9F668EB757AE4EE707FE162FCF36DE17F70EE6DF3FC6268F6F967E47A75EB27
:20EA000018868917940A059B910F009E1D838C129E000F91128C831D178986189B050A9406
:20EA20009D030C92118F801E148A851B980609971B858A1497090698920C039D1E808F11E6
:20EA40009B050A9417898618128C831D9E000F911D838C12910F009E940A059B18868917C6
:20EA60001E808F11920C039D970906981B858A1498060997148A851B118F801E9D030C92A6
:20EA800067F9F668EB757AE4EE707FE162FCF36DE17F70EE6DF3FC6268F6F967E47A75EB86
:20EAA000E27C73ED6EF0FF616BF5FA64E77976E864FAF56BE87679E7ED737CE261FFF06E66
:20EAC000E47A75EB68F6F9676DF3FC62E17F70EE62FCF36DEE707FE1EB757AE467F9F66846
:20EAE00061FFF06EED737CE2E87679E764FAF56BE77976E86BF5FA646EF0FF61E27C73ED26
:20EB000064FAF56BE87679E7ED737CE261FFF06EE27C73ED6EF0FF616BF5FA64E77976E805
:20EB2000E17F70EE6DF3FC6268F6F967E47A75EB67F9F668EB757AE4EE707FE162FCF36DE5
:20EB4000E77976E86BF5FA646EF0FF61E27C73ED61FFF06EED737CE2E87679E764FAF56BC5
:20EB600062FCF36DEE707FE1EB757AE467F9F668E47A75EB68F6F9676DF3FC62E17F70EEA5
:20EB80001B858A1497090698920C039D1E808F119D030C92118F801E148A851B9806099785
:20EBA0009E000F91128C831D178986189B050A9418868917940A059B910F009E1D838C1265
:20EBC00098060997148A851B118F801E9D030C921E808F11920C039D970906981B858A1445
:20EBE0001D838C12910F009E940A059B188689179B050A9417898618128C831D9E000F9125
:20EC00001B858A1497090698920C039D1E808F119D030C92118F801E148A851B9806099704
:20EC20009E000F91128C831D178986189B050A9418868917940A059B910F009E1D838C12E4
:20EC400098060997148A851B118F801E9D030C921E808F11920C039D970906981B858A14C4
:20EC60001D838C12910F009E940A059B188689179B050A9417898618128C831D9E000F91A4
:20EC800064FAF56BE87679E7ED737CE261FFF06EE27C73ED6EF0FF616BF5FA64E77976E884
:20ECA000E17F70EE6DF3FC6268F6F967E47A75EB67F9F668EB757AE4EE707FE162FCF36D64
:20ECC000E77976E86BF5FA646EF0FF61E27C73ED61FFF06EED737CE2E87679E764FAF56B44
:20ECE00062FCF36DEE707FE1EB757AE467F9F668E47A75EB68F6F9676DF3FC62E17F70EE24
:20ED000067F9F668EB757AE4EE707FE162FCF36DE17F70EE6DF3FC6268F6F967E47A75EB03
:20ED2000E27C73ED6EF0FF616BF5FA64E77976E864FAF56BE87679E7ED737CE261FFF06EE3
:20ED4000E47A75EB68F6F9676DF3FC62E17F70EE62FCF36DEE707FE1EB757AE467F9F668C3
:20ED600061FFF06EED737CE2E87679E764FAF56BE77976E86BF5FA646EF0FF61E27C73EDA3
:20ED800018868917940A059B910F009E1D838C129E000F91128C831D178986189B050A9483
:20EDA0009D030C92118F801E148A851B980609971B858A1497090698920C039D1E808F1163
:20EDC0009B050A9417898618128C831D9E000F911D838C12910F009E940A059B1886891743
:20EDE0001E808F11920C039D970906981B858A1498060997148A851B118F801E9D030C9223
:20EE000061FFF06EED737CE2E87679E764FAF56BE77976E86BF5FA646EF0FF61E27C73ED02
:20EE2000E47A75EB68F6F9676DF3FC62E17F70EE62FCF36DEE707FE1EB757AE467F9F668E2
:20EE4000E27C73ED6EF0FF616BF5FA64E77976E864FAF56BE87679E7ED737CE261FFF06EC2
:20EE600067F9F668EB757AE4EE707FE162FCF36DE17F70EE6DF3FC6268F6F967E47A75EBA2
:20EE80001E808F11920C039D970906981B858A1498060997148A851B118F801E9D030C9282
:20EEA0009B050A9417898618128C831D9E000F911D838C12910F009E940A059B1886891762
:20EEC0009D030C92118F801E148A851B980609971B858A1497090698920C039D1E808F1142
:20EEE00018868917940A059B910F009E1D838C129E000F91128C831D178986189B050A9422
:20EF00001D838C12910F009E940A059B188689179B050A9417898618128C831D9E000F9101
:20EF200098060997148A851B118F801E9D030C921E808F11920C039D970906981B858A14E1
:20EF40009E000F91128C831D178986189B050A9418868917940A059B910F009E1D838C12C1
:20EF60001B858A1497090698920C039D1E808F119D030C92118F801E148A851B98060997A1
:20EF800062FCF36DEE707FE1EB757AE467F9F668E47A75EB68F6F9676DF3FC62E17F70EE81
:20EFA000E77976E86BF5FA646EF0FF61E27C73ED61FFF06EED737CE2E87679E764FAF56B61
:20EFC000E17F70EE6DF3FC6268F6F967E47A75EB67F9F668EB757AE4EE707FE162FCF36D41
:20EFE00064FAF56BE87679E7ED737CE261FFF06EE27C73ED6EF0FF616BF5FA64E77976E821
:20F0000067F9F668EB757AE4EE707FE162FCF36DE17F70EE6DF3FC6268F6F967E47A75EB00
:20F02000E27C73ED6EF0FF616BF5FA64E77976E864FAF56BE87679E7ED737CE261FFF06EE0
:20F04000E47A75EB68F6F9676DF3FC62E17F70EE62FCF36DEE707FE1EB757AE467F9F668C0
:20F0600061FFF06EED737CE2E87679E764FAF56BE77976E86BF5FA646EF0FF61E27C73EDA0
:20F0800018868917940A059B910F009E1D838C129E000F91128C831D178986189B050A9480
:20F0A0009D030C92118F801E148A851B980609971B858A1497090698920C039D1E808F1160
:20F0C0009B050A9417898618128C831D9E000F911D838C12910F009E940A059B1886891740
:20F0E0001E808F11920C039D970906981B858A1498060997148A851B118F801E9D030C9220
:20F100001B858A1497090698920C039D1E808F119D030C92118F801E148A851B98060997FF
:20F120009E000F91128C831D178986189B050A9418868917940A059B910F009E1D838C12DF
:20F1400098060997148A851B118F801E9D030C921E808F11920C039D970906981B858A14BF
:20F160001D838C12910F009E940A059B188689179B050A9417898618128C831D9E000F919F
:20F1800064FAF56BE87679E7ED737CE261FFF06EE27C73ED6EF0FF616BF5FA64E77976E87F
:20F1A000E17F70EE6DF3FC6268F6F967E47A75EB67F9F668EB757AE4EE707FE162FCF36D5F
:20F1C000E77976E86BF5FA646EF0FF61E27C73ED61FFF06EED737CE2E87679E764FAF56B3F
:20F1E00062FCF36DEE707FE1EB757AE467F9F668E47A75EB68F6F9676DF3FC62E17F70EE1F
:20F200001D838C12910F009E940A059B188689179B050A9417898618128C831D9E000F91FE
:20F2200098060997148A851B118F801E9D030C921E808F11920C039D970906981B858A14DE
:20F240009E000F91128C831D178986189B050A9418868917940A059B910F009E1D838C12BE
:20F260001B858A1497090698920C039D1E808F119D030C92118F801E148A851B980609979E
:20F2800062FCF36DEE707FE1EB757AE467F9F668E47A75EB68F6F9676DF3FC62E17F70EE7E
:20F2A000E77976E86BF5FA646EF0FF61E27C73ED61FFF06EED737CE2E87679E764FAF56B5E
:20F2C000E17F70EE6DF3FC6268F6F967E47A75EB67F9F668EB757AE4EE707FE162FCF36D3E
:20F2E00064FAF56BE87679E7ED737CE261FFF06EE27C73ED6EF0FF616BF5FA64E77976E81E
:20F3000061FFF06EED737CE2E87679E764FAF56BE77976E86BF5FA646EF0FF61E27C73EDFD
:20F32000E47A75EB68F6F9676DF3FC62E17F70EE62FCF36DEE707FE1EB757AE467F9F668DD
:20F34000E27C73ED6EF0FF616BF5FA64E77976E864FAF56BE87679E7ED737CE261FFF06EBD
:20F3600067F9F668EB757AE4EE707FE162FCF36DE17F70EE6DF3FC6268F6F967E47A75EB9D
:20F380001E808F11920C039D970906981B858A1498060997148A851B118F801E9D030C927D
:20F3A0009B050A9417898618128C831D9E000F911D838C12910F009E940A059B188689175D
:20F3C0009D030C92118F801E148A851B980609971B858A1497090698920C039D1E808F113D
:20F3E00018868917940A059B910F009E1D838C129E000F91128C831D178986189B050A941D
:20F400001E808F11920C039D970906981B858A1498060997148A851B118F801E9D030C92FC
:20F420009B050A9417898618128C831D9E000F911D838C12910F009E940A059B18868917DC
:20F440009D030C92118F801E148A851B980609971B858A1497090698920C039D1E808F11BC
:20F4600018868917940A059B910F009E1D838C129E000F91128C831D178986189B050A949C
:20F4800061FFF06EED737CE2E87679E764FAF56BE77976E86BF5FA646EF0FF61E27C73ED7C
:20F4A000E47A75EB68F6F9676DF3FC62E17F70EE62FCF36DEE707FE1EB757AE467F9F6685C
:20F4C000E27C73ED6EF0FF616BF5FA64E77976E864FAF56BE87679E7ED737CE261FFF06E3C
:20F4E00067F9F668EB757AE4EE707FE162FCF36DE17F70EE6DF3FC6268F6F967E47A75EB1C
:20F5000062FCF36DEE707FE1EB757AE467F9F668E47A75EB68F6F9676DF3FC62E17F70EEFB
:20F52000E77976E86BF5FA646EF0FF61E27C73ED61FFF06EED737CE2E87679E764FAF56BDB
:20F54000E17F70EE6DF3FC6268F6F967E47A75EB67F9F668EB757AE4EE707FE162FCF36DBB
:20F5600064FAF56BE87679E7ED737CE261FFF06EE27C73ED6EF0FF616BF5FA64E77976E89B
:20F580001D838C12910F009E940A059B188689179B050A9417898618128C831D9E000F917B
:20F5A00098060997148A851B118F801E9D030C921E808F11920C039D970906981B858A145B
:20F5C0009E000F91128C831D178986189B050A9418868917940A059B910F009E1D838C123B
:20F5E0001B858A1497090698920C039D1E808F119D030C92118F801E148A851B980609971B
:20F6000064FAF56BE87679E7ED737CE261FFF06EE27C73ED6EF0FF616BF5FA64E77976E8FA
:20F62000E17F70EE6DF3FC6268F6F967E47A75EB67F9F668EB757AE4EE707FE162FCF36DDA
:20F64000E77976E86BF5FA646EF0FF61E27C73ED61FFF06EED737CE2E87679E764FAF56BBA
:20F6600062FCF36DEE707FE1EB757AE467F9F668E47A75EB68F6F9676DF3FC62E17F70EE9A
:20F680001B858A1497090698920C039D1E808F119D030C92118F801E148A851B980609977A
:20F6A0009E000F91128C831D178986189B050A9418868917940A059B910F009E1D838C125A
:20F6C00098060997148A851B118F801E9D030C921E808F11920C039D970906981B858A143A
:20F6E0001D838C12910F009E940A059B188689179B050A9417898618128C831D9E000F911A
:20F7000018868917940A059B910F009E1D838C129E000F91128C831D178986189B050A94F9
:20F720009D030C92118F801E148A851B980609971B858A1497090698920C039D1E808F11D9
:20F740009B050A9417898618128C831D9E000F911D838C12910F009E940A059B18868917B9
:20F760001E808F11920C039D970906981B858A1498060997148A851B118F801E9D030C9299
:20F7800067F9F668EB757AE4EE707FE162FCF36DE17F70EE6DF3FC6268F6F967E47A75EB79
:20F7A000E27C73ED6EF0FF616BF5FA64E77976E864FAF56BE87679E7ED737CE261FFF06E59
:20F7C000E47A75EB68F6F9676DF3FC62E17F70EE62FCF36DEE707FE1EB757AE467F9F66839
:20F7E00061FFF06EED737CE2E87679E764FAF56BE77976E86BF5FA646EF0FF61E27C73ED19
:20F80000118F801E9D030C9298060997148A851B970906981B858A141E808F11920C039DF8
:20F82000940A059B188689171D838C12910F009E128C831D9E000F919B050A9417898618D8
:20F84000920C039D1E808F111B858A1497090698148A851B980609979D030C92118F801EB8
:20F86000178986189B050A949E000F91128C831D910F009E1D838C1218868917940A059B98
:20F880006EF0FF61E27C73EDE77976E86BF5FA64E87679E764FAF56B61FFF06EED737CE278
:20F8A000EB757AE467F9F66862FCF36DEE707FE16DF3FC62E17F70EEE47A75EB68F6F96758
:20F8C000ED737CE261FFF06E64FAF56BE87679E76BF5FA64E77976E8E27C73ED6EF0FF6138
:20F8E00068F6F967E47A75EBE17F70EE6DF3FC62EE707FE162FCF36D67F9F668EB757AE418
:20F900006DF3FC62E17F70EEE47A75EB68F6F967EB757AE467F9F66862FCF36DEE707FE1F7
:20F92000E87679E764FAF56B61FFF06EED737CE26EF0FF61E27C73EDE77976E86BF5FA64D7
:20F94000EE707FE162FCF36D67F9F668EB757AE468F6F967E47A75EBE17F70EE6DF3FC62B7
:20F960006BF5FA64E77976E8E27C73ED6EF0FF61ED737CE261FFF06E64FAF56BE87679E797
:20F98000128C831D9E000F919B050A9417898618940A059B188689171D838C12910F009E77
:20F9A000970906981B858A141E808F11920C039D118F801E9D030C9298060997148A851B57
:20F9C000910F009E1D838C1218868917940A059B178986189B050A949E000F91128C831D37
:20F9E000148A851B980609979D030C92118F801E920C039D1E808F111B858A149709069817
:20FA00006BF5FA64E77976E8E27C73ED6EF0FF61ED737CE261FFF06E64FAF56BE87679E7F6
:20FA2000EE707FE162FCF36D67F9F668EB757AE468F6F967E47A75EBE17F70EE6DF3FC62D6
:20FA4000E87679E764FAF56B61FFF06EED737CE26EF0FF61E27C73EDE77976E86BF5FA64B6
:20FA60006DF3FC62E17F70EEE47A75EB68F6F967EB757AE467F9F66862FCF36DEE707FE196
:20FA8000148A851B980609979D030C92118F801E920C039D1E808F111B858A149709069876
:20FAA000910F009E1D838C1218868917940A059B178986189B050A949E000F91128C831D56
:20FAC000970906981B858A141E808F11920C039D118F801E9D030C9298060997148A851B36
:20FAE000128C831D9E000F919B050A9417898618940A059B188689171D838C12910F009E16
:20FB0000178986189B050A949E000F91128C831D910F009E1D838C1218868917940A059BF5
:20FB2000920C039D1E808F111B858A1497090698148A851B980609979D030C92118F801ED5
:20FB4000940A059B188689171D838C12910F009E128C831D9E000F919B050A9417898618B5
:20FB6000118F801E9D030C9298060997148A851B970906981B858A141E808F11920C039D95
:20FB800068F6F967E47A75EBE17F70EE6DF3FC62EE707FE162FCF36D67F9F668EB757AE475
:20FBA000ED737CE261FFF06E64FAF56BE87679E76BF5FA64E77976E8E27C73ED6EF0FF6155
:20FBC000EB757AE467F9F66862FCF36DEE707FE16DF3FC62E17F70EEE47A75EB68F6F96735
:20FBE0006EF0FF61E27C73EDE77976E86BF5FA64E87679E764FAF56B61FFF06EED737CE215
:20FC000068F6F967E47A75EBE17F70EE6DF3FC62EE707FE162FCF36D67F9F668EB757AE4F4
:20FC2000ED737CE261FFF06E64FAF56BE87679E76BF5FA64E77976E8E27C73ED6EF0FF61D4
:20FC4000EB757AE467F9F66862FCF36DEE707FE16DF3FC62E17F70EEE47A75EB68F6F967B4
:20FC60006EF0FF61E27C73EDE77976E86BF5FA64E87679E764FAF56B61FFF06EED737CE294
:20FC8000178986189B050A949E000F91128C831D910F009E1D838C1218868917940A059B74
:20FCA000920C039D1E808F111B858A1497090698148A851B980609979D030C92118F801E54
:20FCC000940A059B188689171D838C12910F009E128C831D9E000F919B050A941789861834
:20FCE000118F801E9D030C9298060997148A851B970906981B858A141E808F11920C039D14
:20FD0000148A851B980609979D030C92118F801E920C039D1E808F111B858A1497090698F3
:20FD2000910F009E1D838C1218868917940A059B178986189B050A949E000F91128C831DD3
:20FD4000970906981B858A141E808F11920C039D118F801E9D030C9298060997148A851BB3
:20FD6000128C831D9E000F919B050A9417898618940A059B188689171D838C12910F009E93
:20FD80006BF5FA64E77976E8E27C73ED6EF0FF61ED737CE261FFF06E64FAF56BE87679E773
:20FDA000EE707FE162FCF36D67F9F668EB757AE468F6F967E47A75EBE17F70EE6DF3FC6253
:20FDC000E87679E764FAF56B61FFF06EED737CE26EF0FF61E27C73EDE77976E86BF5FA6433
:20FDE0006DF3FC62E17F70EEE47A75EB68F6F967EB757AE467F9F66862FCF36DEE707FE113
:20FE0000128C831D9E000F919B050A9417898618940A059B188689171D838C12910F009EF2
:20FE2000970906981B858A141E808F11920C039D118F801E9D030C9298060997148A851BD2
:20FE4000910F009E1D838C1218868917940A059B178986189B050A949E000F91128C831DB2
:20FE6000148A851B980609979D030C92118F801E920C039D1E808F111B858A149709069892
:20FE80006DF3FC62E17F70EEE47A75EB68F6F967EB757AE467F9F66862FCF36DEE707FE172
:20FEA000E87679E764FAF56B61FFF06EED737CE26EF0FF61E27C73EDE77976E86BF5FA6452
:20FEC000EE707FE162FCF36D67F9F668EB757AE468F6F967E47A75EBE17F70EE6DF3FC6232
:20FEE0006BF5FA64E77976E8E27C73ED6EF0FF61ED737CE261FFF06E64FAF56BE87679E712
:20FF00006EF0FF61E27C73EDE77976E86BF5FA64E87679E764FAF56B61FFF06EED737CE2F1
:20FF2000EB757AE467F9F66862FCF36DEE707FE16DF3FC62E17F70EEE47A75EB68F6F967D1
:20FF4000ED737CE261FFF06E64FAF56BE87679E76BF5FA64E77976E8E27C73ED6EF0FF61B1
:20FF600068F6F967E47A75EBE17F70EE6DF3FC62EE707FE162FCF36D67F9F668EB757AE491
:20FF8000118F801E9D030C9298060997148A851B970906981B858A141E808F11920C039D71
:20FFA000940A059B188689171D838C12910F009E128C831D9E000F919B050A941789861851
:20FFC000920C039D1E808F111B858A1497090698148A851B980609979D030C92118F801E31
:20FFE000178986189B050A949E000F91128C831D910F009E1D838C1218868917940A059B11
:02000004F045C5
:20000000148A851B980609979D030C92118F801E920C039D1E808F111B858A1497090698F0
:20002000910F009E1D838C1218868917940A059B178986189B050A949E000F91128C831DD0
:20004000970906981B858A141E808F11920C039D118F801E9D030C9298060997148A851BB0
:20006000128C831D9E000F919B050A9417898618940A059B188689171D838C12910F009E90
:200080006BF5FA64E77976E8E27C73ED6EF0FF61ED737CE261FFF06E64FAF56BE87679E770
:2000A000EE707FE162FCF36D67F9F668EB757AE468F6F967E47A75EBE17F70EE6DF3FC6250
:2000C000E87679E764FAF56B61FFF06EED737CE26EF0FF61E27C73EDE77976E86BF5FA6430
:2000E0006DF3FC62E17F70EEE47A75EB68F6F967EB757AE467F9F66862FCF36DEE707FE110
:2001000068F6F967E47A75EBE17F70EE6DF3FC62EE707FE162FCF36D67F9F668EB757AE4EF
:20012000ED737CE261FFF06E64FAF56BE87679E76BF5FA64E77976E8E27C73ED6EF0FF61CF
:20014000EB757AE467F9F66862FCF36DEE707FE16DF3FC62E17F70EEE47A75EB68F6F967AF
:200160006EF0FF61E27C73EDE77976E86BF5FA64E87679E764FAF56B61FFF06EED737CE28F
:20018000178986189B050A949E000F91128C831D910F009E1D838C1218868917940A059B6F
:2001A000920C039D1E808F111B858A1497090698148A851B980609979D030C92118F801E4F
:2001C000940A059B188689171D838C12910F009E128C831D9E000F919B050A94178986182F
:2001E000118F801E9D030C9298060997148A851B970906981B858A141E808F11920C039D0F
:200200006EF0FF61E27C73EDE77976E86BF5FA64E87679E764FAF56B61FFF06EED737CE2EE
:20022000EB757AE467F9F66862FCF36DEE707FE16DF3FC62E17F70EEE47A75EB68F6F967CE
:20024000ED737CE261FFF06E64FAF56BE87679E76BF5FA64E77976E8E27C73ED6EF0FF61AE
:2002600068F6F967E47A75EBE17F70EE6DF3FC62EE707FE162FCF36D67F9F668EB757AE48E
:20028000118F801E9D030C9298060997148A851B970906981B858A141E808F11920C039D6E
:2002A000940A059B188689171D838C12910F009E128C831D9E000F919B050A94178986184E
:2002C000920C039D1E808F111B858A1497090698148A851B980609979D030C92118F801E2E
:2002E000178986189B050A949E000F91128C831D910F009E1D838C1218868917940A059B0E
:20030000128C831D9E000F919B050A9417898618940A059B188689171D838C12910F009EED
:20032000970906981B858A141E808F11920C039D118F801E9D030C9298060997148A851BCD
:20034000910F009E1D838C1218868917940A059B178986189B050A949E000F91128C831DAD
:20036000148A851B980609979D030C92118F801E920C039D1E808F111B858A14970906988D
:200380006DF3FC62E17F70EEE47A75EB68F6F967EB757AE467F9F66862FCF36DEE707FE16D
:2003A000E87679E764FAF56B61FFF06EED737CE26EF0FF61E27C73EDE77976E86BF5FA644D
:2003C000EE707FE162FCF36D67F9F668EB757AE468F6F967E47A75EBE17F70EE6DF3FC622D
:2003E0006BF5FA64E77976E8E27C73ED6EF0FF61ED737CE261FFF06E64FAF56BE87679E70D
:200400006DF3FC62E17F70EEE47A75EB68F6F967EB757AE467F9F66862FCF36DEE707FE1EC
:20042000E87679E764FAF56B61FFF06EED737CE26EF0FF61E27C73EDE77976E86BF5FA64CC
:20044000EE707FE162FCF36D67F9F668EB757AE468F6F967E47A75EBE17F70EE6DF3FC62AC
:200460006BF5FA64E77976E8E27C73ED6EF0FF61ED737CE261FFF06E64FAF56BE87679E78C
:20048000128C831D9E000F919B050A9417898618940A059B188689171D838C12910F009E6C
:2004A000970906981B858A141E808F11920C039D118F801E9D030C9298060997148A851B4C
:2004C000910F009E1D838C1218868917940A059B178986189B050A949E000F91128C831D2C
:2004E000148A851B980609979D030C92118F801E920C039D1E808F111B858A14970906980C
:20050000118F801E9D030C9298060997148A851B970906981B858A141E808F11920C039DEB
:20052000940A059B188689171D838C12910F009E128C831D9E000F919B050A9417898618CB
:20054000920C039D1E808F111B858A1497090698148A851B980609979D030C92118F801EAB
:20056000178986189B050A949E000F91128C831D910F009E1D838C1218868917940A059B8B
:200580006EF0FF61E27C73EDE77976E86BF5FA64E87679E764FAF56B61FFF06EED737CE26B
:2005A000EB757AE467F9F66862FCF36DEE707FE16DF3FC62E17F70EEE47A75EB68F6F9674B
:2005C000ED737CE261FFF06E64FAF56BE87679E76BF5FA64E77976E8E27C73ED6EF0FF612B
:2005E00068F6F967E47A75EBE17F70EE6DF3FC62EE707FE162FCF36D67F9F668EB757AE40B
:20060000178986189B050A949E000F91128C831D910F009E1D838C1218868917940A059BEA
:20062000920C039D1E808F111B858A1497090698148A851B980609979D030C92118F801ECA
:20064000940A059B188689171D838C12910F009E128C831D9E000F919B050A9417898618AA
:20066000118F801E9D030C9298060997148A851B970906981B858A141E808F11920C039D8A
:2006800068F6F967E47A75EBE17F70EE6DF3FC62EE707FE162FCF36D67F9F668EB757AE46A
:2006A000ED737CE261FFF06E64FAF56BE87679E76BF5FA64E77976E8E27C73ED6EF0FF614A
:2006C000EB757AE467F9F66862FCF36DEE707FE16DF3FC62E17F70EEE47A75EB68F6F9672A
:2006E0006EF0FF61E27C73EDE77976E86BF5FA64E87679E764FAF56B61FFF06EED737CE20A
:200700006BF5FA64E77976E8E27C73ED6EF0FF61ED737CE261FFF06E64FAF56BE87679E7E9
:20072000EE707FE162FCF36D67F9F668EB757AE468F6F967E47A75EBE17F70EE6DF3FC62C9
:20074000E87679E764FAF56B61FFF06EED737CE26EF0FF61E27C73EDE77976E86BF5FA64A9
:200760006DF3FC62E17F70EEE47A75EB68F6F967EB757AE467F9F66862FCF36DEE707FE189
:20078000148A851B980609979D030C92118F801E920C039D1E808F111B858A149709069869
:2007A000910F009E1D838C1218868917940A059B178986189B050A949E000F91128C831D49
:2007C000970906981B858A141E808F11920C039D118F801E9D030C9298060997148A851B29
:2007E000128C831D9E000F919B050A9417898618940A059B188689171D838C12910F009E09
:2008000062FCF36DEE707FE1EB757AE467F9F668E47A75EB68F6F9676DF3FC62E17F70EEE8
:20082000E77976E86BF5FA646EF0FF61E27C73ED61FFF06EED737CE2E87679E764FAF56BC8
:20084000E17F70EE6DF3FC6268F6F967E47A75EB67F9F668EB757AE4EE707FE162FCF36DA8
:2008600064FAF56BE87679E7ED737CE261FFF06EE27C73ED6EF0FF616BF5FA64E77976E888
:200880001D838C12910F009E940A059B188689179B050A9417898618128C831D9E000F9168
:2008A00098060997148A851B118F801E9D030C921E808F11920C039D970906981B858A1448
:2008C0009E000F91128C831D178986189B050A9418868917940A059B910F009E1D838C1228
:2008E0001B858A1497090698920C039D1E808F119D030C92118F801E148A851B9806099708
:200900001E808F11920C039D970906981B858A1498060997148A851B118F801E9D030C92E7
:200920009B050A9417898618128C831D9E000F911D838C12910F009E940A059B18868917C7
:200940009D030C92118F801E148A851B980609971B858A1497090698920C039D1E808F11A7
:2009600018868917940A059B910F009E1D838C129E000F91128C831D178986189B050A9487
:2009800061FFF06EED737CE2E87679E764FAF56BE77976E86BF5FA646EF0FF61E27C73ED67
:2009A000E47A75EB68F6F9676DF3FC62E17F70EE62FCF36DEE707FE1EB757AE467F9F66847
:2009C000E27C73ED6EF0FF616BF5FA64E77976E864FAF56BE87679E7ED737CE261FFF06E27
:2009E00067F9F668EB757AE4EE707FE162FCF36DE17F70EE6DF3FC6268F6F967E47A75EB07
:200A000018868917940A059B910F009E1D838C129E000F91128C831D178986189B050A94E6
:200A20009D030C92118F801E148A851B980609971B858A1497090698920C039D1E808F11C6
:200A40009B050A9417898618128C831D9E000F911D838C12910F009E940A059B18868917A6
:200A60001E808F11920C039D970906981B858A1498060997148A851B118F801E9D030C9286
:200A800067F9F668EB757AE4EE707FE162FCF36DE17F70EE6DF3FC6268F6F967E47A75EB66
:200AA000E27C73ED6EF0FF616BF5FA64E77976E864FAF56BE87679E7ED737CE261FFF06E46
:200AC000E47A75EB68F6F9676DF3FC62E17F70EE62FCF36DEE707FE1EB757AE467F9F66826
:200AE00061FFF06EED737CE2E87679E764FAF56BE77976E86BF5FA646EF0FF61E27C73ED06
:200B000064FAF56BE87679E7ED737CE261FFF06EE27C73ED6EF0FF616BF5FA64E77976E8E5
:200B2000E17F70EE6DF3FC6268F6F967E47A75EB67F9F668EB757AE4EE707FE162FCF36DC5
:200B4000E77976E86BF5FA646EF0FF61E27C73ED61FFF06EED737CE2E87679E764FAF56BA5
:200B600062FCF36DEE707FE1EB757AE467F9F668E47A75EB68F6F9676DF3FC62E17F70EE85
:200B80001B858A1497090698920C039D1E808F119D030C92118F801E148A851B9806099765
:200BA0009E000F91128C831D178986189B050A9418868917940A059B910F009E1D838C1245
:200BC00098060997148A851B118F801E9D030C921E808F11920C039D970906981B858A1425
:200BE0001D838C12910F009E940A059B188689179B050A9417898618128C831D9E000F9105
:200C00001B858A1497090698920C039D1E808F119D030C92118F801E148A851B98060997E4
:200C20009E000F91128C831D178986189B050A9418868917940A059B910F009E1D838C12C4
:200C400098060997148A851B118F801E9D030C921E808F11920C039D970906981B858A14A4
:200C60001D838C12910F009E940A059B188689179B050A9417898618128C831D9E000F9184
:200C800064FAF56BE87679E7ED737CE261FFF06EE27C73ED6EF0FF616BF5FA64E77976E864
:200CA000E17F70EE6DF3FC6268F6F967E47A75EB67F9F668EB757AE4EE707FE162FCF36D44
:200CC000E77976E86BF5FA646EF0FF61E27C73ED61FFF06EED737CE2E87679E764FAF56B24
:200CE00062FCF36DEE707FE1EB757AE467F9F668E47A75EB68F6F9676DF3FC62E17F70EE04
:200D000067F9F668EB757AE4EE707FE162FCF36DE17F70EE6DF3FC6268F6F967E47A75EBE3
:200D2000E27C73ED6EF0FF616BF5FA64E77976E864FAF56BE87679E7ED737CE261FFF06EC3
:200D4000E47A75EB68F6F9676DF3FC62E17F70EE62FCF36DEE707FE1EB757AE467F9F668A3
:200D600061FFF06EED737CE2E87679E764FAF56BE77976E86BF5FA646EF0FF61E27C73ED83
:200D800018868917940A059B910F009E1D838C129E000F91128C831D178986189B050A9463
:200DA0009D030C92118F801E148A851B980609971B858A1497090698920C039D1E808F1143
:200DC0009B050A9417898618128C831D9E000F911D838C12910F009E940A059B1886891723
:200DE0001E808F11920C039D970906981B858A1498060997148A851B118F801E9D030C9203
:200E000061FFF06EED737CE2E87679E764FAF56BE77976E86BF5FA646EF0FF61E27C73EDE2
:200E2000E47A75EB68F6F9676DF3FC62E17F70EE62FCF36DEE707FE1EB757AE467F9F668C2
:200E4000E27C73ED6EF0FF616BF5FA64E77976E864FAF56BE87679E7ED737CE261FFF06EA2
:200E600067F9F668EB757AE4EE707FE162FCF36DE17F70EE6DF3FC6268F6F967E47A75EB82
:200E80001E808F11920C039D970906981B858A1498060997148A851B118F801E9D030C9262
:200EA0009B050A9417898618128C831D9E000F911D838C12910F009E940A059B1886891742
:200EC0009D030C92118F801E148A851B980609971B858A1497090698920C039D1E808F1122
:200EE00018868917940A059B910F009E1D838C129E000F91128C831D178986189B050A9402
:200F00001D838C12910F009E940A059B188689179B050A9417898618128C831D9E000F91E1
:200F200098060997148A851B118F801E9D030C921E808F11920C039D970906981B858A14C1
:200F40009E000F91128C831D178986189B050A9418868917940A059B910F009E1D838C12A1
:200F60001B858A1497090698920C039D1E808F119D030C92118F801E148A851B9806099781
:200F800062FCF36DEE707FE1EB757AE467F9F668E47A75EB68F6F9676DF3FC62E17F70EE61
:200FA000E77976E86BF5FA646EF0FF61E27C73ED61FFF06EED737CE2E87679E764FAF56B41
:200FC000E17F70EE6DF3FC6268F6F967E47A75EB67F9F668EB757AE4EE707FE162FCF36D21
:200FE00064FAF56BE87679E7ED737CE261FFF06EE27C73ED6EF0FF616BF5FA64E77976E801
:2010000067F9F668EB757AE4EE707FE162FCF36DE17F70EE6DF3FC6268F6F967E47A75EBE0
:20102000E27C73ED6EF0FF616BF5FA64E77976E864FAF56BE87679E7ED737CE261FFF06EC0
:20104000E47A75EB68F6F9676DF3FC62E17F70EE62FCF36DEE707FE1EB757AE467F9F668A0
:2010600061FFF06EED737CE2E87679E764FAF56BE77976E86BF5FA646EF0FF61E27C73ED80
:2010800018868917940A059B910F009E1D838C129E000F91128C831D178986189B050A9460
:2010A0009D030C92118F801E148A851B980609971B858A1497090698920C039D1E808F1140
:2010C0009B050A9417898618128C831D9E000F911D838C12910F009E940A059B1886891720
:2010E0001E808F11920C039D970906981B858A1498060997148A851B118F801E9D030C9200
:201100001B858A1497090698920C039D1E808F119D030C92118F801E148A851B98060997DF
:201120009E000F91128C831D178986189B050A9418868917940A059B910F009E1D838C12BF
:2011400098060997148A851B118F801E9D030C921E808F11920C039D970906981B858A149F
:201160001D838C12910F009E940A059B188689179B050A9417898618128C831D9E000F917F
:2011800064FAF56BE87679E7ED737CE261FFF06EE27C73ED6EF0FF616BF5FA64E77976E85F
:2011A000E17F70EE6DF3FC6268F6F967E47A75EB67F9F668EB757AE4EE707FE162FCF36D3F
:2011C000E77976E86BF5FA646EF0FF61E27C73ED61FFF06EED737CE2E87679E764FAF56B1F
:2011E00062FCF36DEE707FE1EB757AE467F9F668E47A75EB68F6F9676DF3FC62E17F70EEFF
:201200001D838C12910F009E940A059B188689179B050A9417898618128C831D9E000F91DE
:2012200098060997148A851B118F801E9D030C921E808F11920C039D970906981B858A14BE
:201240009E000F91128C831D178986189B050A9418868917940A059B910F009E1D838C129E
:201260001B858A1497090698920C039D1E808F119D030C92118F801E148A851B980609977E
:2012800062FCF36DEE707FE1EB757AE467F9F668E47A75EB68F6F9676DF3FC62E17F70EE5E
:2012A000E77976E86BF5FA646EF0FF61E27C73ED61FFF06EED737CE2E87679E764FAF56B3E
:2012C000E17F70EE6DF3FC6268F6F967E47A75EB67F9F668EB757AE4EE707FE162FCF36D1E
:2012E00064FAF56BE87679E7ED737CE261FFF06EE27C73ED6EF0FF616BF5FA64E77976E8FE
:2013000061FFF06EED737CE2E87679E764FAF56BE77976E86BF5FA646EF0FF61E27C73EDDD
:20132000E47A75EB68F6F9676DF3FC62E17F70EE62FCF36DEE707FE1EB757AE467F9F668BD
:20134000E27C73ED6EF0FF616BF5FA64E77976E864FAF56BE87679E7ED737CE261FFF06E9D
:2013600067F9F668EB757AE4EE707FE162FCF36DE17F70EE6DF3FC6268F6F967E47A75EB7D
:201380001E808F11920C039D970906981B858A1498060997148A851B118F801E9D030C925D
:2013A0009B050A9417898618128C831D9E000F911D838C12910F009E940A059B188689173D
:2013C0009D030C92118F801E148A851B980609971B858A1497090698920C039D1E808F111D
:2013E00018868917940A059B910F009E1D838C129E000F91128C831D178986189B050A94FD
:201400001E808F11920C039D970906981B858A1498060997148A851B118F801E9D030C92DC
:201420009B050A9417898618128C831D9E000F911D838C12910F009E940A059B18868917BC
:201440009D030C92118F801E148A851B980609971B858A1497090698920C039D1E808F119C
:2014600018868917940A059B910F009E1D838C129E000F91128C831D178986189B050A947C
:2014800061FFF06EED737CE2E87679E764FAF56BE77976E86BF5FA646EF0FF61E27C73ED5C
:2014A000E47A75EB68F6F9676DF3FC62E17F70EE62FCF36DEE707FE1EB757AE467F9F6683C
:2014C000E27C73ED6EF0FF616BF5FA64E77976E864FAF56BE87679E7ED737CE261FFF06E1C
:2014E00067F9F668EB757AE4EE707FE162FCF36DE17F70EE6DF3FC6268F6F967E47A75EBFC
:2015000062FCF36DEE707FE1EB757AE467F9F668E47A75EB68F6F9676DF3FC62E17F70EEDB
:20152000E77976E86BF5FA646EF0FF61E27C73ED61FFF06EED737CE2E87679E764FAF56BBB
:20154000E17F70EE6DF3FC6268F6F967E47A75EB67F9F668EB757AE4EE707FE162FCF36D9B
:2015600064FAF56BE87679E7ED737CE261FFF06EE27C73ED6EF0FF616BF5FA64E77976E87B
:201580001D838C12910F009E940A059B188689179B050A9417898618128C831D9E000F915B
:2015A00098060997148A851B118F801E9D030C921E808F11920C039D970906981B858A143B
:2015C0009E000F91128C831D178986189B050A9418868917940A059B910F009E1D838C121B
:2015E0001B858A1497090698920C039D1E808F119D030C92118F801E148A851B98060997FB
:2016000064FAF56BE87679E7ED737CE261FFF06EE27C73ED6EF0FF616BF5FA64E77976E8DA
:20162000E17F70EE6DF3FC6268F6F967E47A75EB67F9F668EB757AE4EE707FE162FCF36DBA
:20164000E77976E86BF5FA646EF0FF61E27C73ED61FFF06EED737CE2E87679E764FAF56B9A
:2016600062FCF36DEE707FE1EB757AE467F9F668E47A75EB68F6F9676DF3FC62E17F70EE7A
:201680001B858A1497090698920C039D1E808F119D030C92118F801E148A851B980609975A
:2016A0009E000F91128C831D178986189B050A9418868917940A059B910F009E1D838C123A
:2016C00098060997148A851B118F801E9D030C921E808F11920C039D970906981B858A141A
:2016E0001D838C12910F009E940A059B188689179B050A9417898618128C831D9E000F91FA
:2017000018868917940A059B910F009E1D838C129E000F91128C831D178986189B050A94D9
:201720009D030C92118F801E148A851B980609971B858A1497090698920C039D1E808F11B9
:201740009B050A9417898618128C831D9E000F911D838C12910F009E940A059B1886891799
:201760001E808F11920C039D970906981B858A1498060997148A851B118F801E9D030C9279
:2017800067F9F668EB757AE4EE707FE162FCF36DE17F70EE6DF3FC6268F6F967E47A75EB59
:2017A000E27C73ED6EF0FF616BF5FA64E77976E864FAF56BE87679E7ED737CE261FFF06E39
:2017C000E47A75EB68F6F9676DF3FC62E17F70EE62FCF36DEE707FE1EB757AE467F9F66819
:2017E00061FFF06EED737CE2E87679E764FAF56BE77976E86BF5FA646EF0FF61E27C73EDF9
:20180000118F801E9D030C9298060997148A851B970906981B858A141E808F11920C039DD8
:20182000940A059B188689171D838C12910F009E128C831D9E000F919B050A9417898618B8
:20184000920C039D1E808F111B858A1497090698148A851B980609979D030C92118F801E98
:20186000178986189B050A949E000F91128C831D910F009E1D838C1218868917940A059B78
:201880006EF0FF61E27C73EDE77976E86BF5FA64E87679E764FAF56B61FFF06EED737CE258
:2018A000EB757AE467F9F66862FCF36DEE707FE16DF3FC62E17F70EEE47A75EB68F6F96738
:2018C000ED737CE261FFF06E64FAF56BE87679E76BF5FA64E77976E8E27C73ED6EF0FF6118
:2018E00068F6F967E47A75EBE17F70EE6DF3FC62EE707FE162FCF36D67F9F668EB757AE4F8
:201900006DF3FC62E17F70EEE47A75EB68F6F967EB757AE467F9F66862FCF36DEE707FE1D7
:20192000E87679E764FAF56B61FFF06EED737CE26EF0FF61E27C73EDE77976E86BF5FA64B7
:20194000EE707FE162FCF36D67F9F668EB757AE468F6F967E47A75EBE17F70EE6DF3FC6297
:201960006BF5FA64E77976E8E27C73ED6EF0FF61ED737CE261FFF06E64FAF56BE87679E777
:20198000128C831D9E000F919B050A9417898618940A059B188689171D838C12910F009E57
:2019A000970906981B858A141E808F11920C039D118F801E9D030C9298060997148A851B37
:2019C000910F009E1D838C1218868917940A059B178986189B050A949E000F91128C831D17
:2019E000148A851B980609979D030C92118F801E920C039D1E808F111B858A1497090698F7
:201A00006BF5FA64E77976E8E27C73ED6EF0FF61ED737CE261FFF06E64FAF56BE87679E7D6
:201A2000EE707FE162FCF36D67F9F668EB757AE468F6F967E47A75EBE17F70EE6DF3FC62B6
:201A4000E87679E764FAF56B61FFF06EED737CE26EF0FF61E27C73EDE77976E86BF5FA6496
:201A60006DF3FC62E17F70EEE47A75EB68F6F967EB757AE467F9F66862FCF36DEE707FE176
:201A8000148A851B980609979D030C92118F801E920C039D1E808F111B858A149709069856
:201AA000910F009E1D838C1218868917940A059B178986189B050A949E000F91128C831D36
:201AC000970906981B858A141E808F11920C039D118F801E9D030C9298060997148A851B16
:201AE000128C831D9E000F919B050A9417898618940A059B188689171D838C12910F009EF6
:201B0000178986189B050A949E000F91128C831D910F009E1D838C1218868917940A059BD5
:201B2000920C039D1E808F111B858A1497090698148A851B980609979D030C92118F801EB5
:201B4000940A059B188689171D838C12910F009E128C831D9E000F919B050A941789861895
:201B6000118F801E9D030C9298060997148A851B970906981B858A141E808F11920C039D75
:201B800068F6F967E47A75EBE17F70EE6DF3FC62EE707FE162FCF36D67F9F668EB757AE455
:201BA000ED737CE261FFF06E64FAF56BE87679E76BF5FA64E77976E8E27C73ED6EF0FF6135
:201BC000EB757AE467F9F66862FCF36DEE707FE16DF3FC62E17F70EEE47A75EB68F6F96715
:201BE0006EF0FF61E27C73EDE77976E86BF5FA64E87679E764FAF56B61FFF06EED737CE2F5
:201C000068F6F967E47A75EBE17F70EE6DF3FC62EE707FE162FCF36D67F9F668EB757AE4D4
:201C2000ED737CE261FFF06E64FAF56BE87679E76BF5FA64E77976E8E27C73ED6EF0FF61B4
:201C4000EB757AE467F9F66862FCF36DEE707FE16DF3FC62E17F70EEE47A75EB68F6F96794
:201C60006EF0FF61E27C73EDE77976E86BF5FA64E87679E764FAF56B61FFF06EED737CE274
:201C8000178986189B050A949E000F91128C831D910F009E1D838C1218868917940A059B54
:201CA000920C039D1E808F111B858A1497090698148A851B980609979D030C92118F801E34
:201CC000940A059B188689171D838C12910F009E128C831D9E000F919B050A941789861814
:201CE000118F801E9D030C9298060997148A851B970906981B858A141E808F11920C039DF4
:201D0000148A851B980609979D030C92118F801E920C039D1E808F111B858A1497090698D3
:201D2000910F009E1D838C1218868917940A059B178986189B050A949E000F91128C831DB3
:201D4000970906981B858A141E808F11920C039D118F801E9D030C9298060997148A851B93
:201D6000128C831D9E000F919B050A9417898618940A059B188689171D838C12910F009E73
:201D80006BF5FA64E77976E8E27C73ED6EF0FF61ED737CE261FFF06E64FAF56BE87679E753
:201DA000EE707FE162FCF36D67F9F668EB757AE468F6F967E47A75EBE17F70EE6DF3FC6233
:201DC000E87679E764FAF56B61FFF06EED737CE26EF0FF61E27C73EDE77976E86BF5FA6413
:201DE0006DF3FC62E17F70EEE47A75EB68F6F967EB757AE467F9F66862FCF36DEE707FE1F3
:201E0000128C831D9E000F919B050A9417898618940A059B188689171D838C12910F009ED2
:201E2000970906981B858A141E808F11920C039D118F801E9D030C9298060997148A851BB2
:201E4000910F009E1D838C1218868917940A059B178986189B050A949E000F91128C831D92
:201E6000148A851B980609979D030C92118F801E920C039D1E808F111B858A149709069872
:201E80006DF3FC62E17F70EEE47A75EB68F6F967EB757AE467F9F66862FCF36DEE707FE152
:201EA000E87679E764FAF56B61FFF06EED737CE26EF0FF61E27C73EDE77976E86BF5FA6432
:201EC000EE707FE162FCF36D67F9F668EB757AE468F6F967E47A75EBE17F70EE6DF3FC6212
:201EE0006BF5FA64E77976E8E27C73ED6EF0FF61ED737CE261FFF06E64FAF56BE87679E7F2
:201F00006EF0FF61E27C73EDE77976E86BF5FA64E87679E764FAF56B61FFF06EED737CE2D1
:201F2000EB757AE467F9F66862FCF36DEE707FE16DF3FC62E17F70EEE47A75EB68F6F967B1
:201F4000ED737CE261FFF06E64FAF56BE87679E76BF5FA64E77976E8E27C73ED6EF0FF6191
:201F600068F6F967E47A75EBE17F70EE6DF3FC62EE707FE162FCF36D67F9F668EB757AE471
:201F8000118F801E9D030C9298060997148A851B970906981B858A141E808F11920C039D51
:201FA000940A059B188689171D838C12910F009E128C831D9E000F919B050A941789861831
:201FC000920C039D1E808F111B858A1497090698148A851B980609979D030C92118F801E11
:201FE000178986189B050A949E000F91128C831D910F009E1D838C1218868917940A059BF1
:202000007AE4EB75F66867F9F36D62FC7FE1EE70FC626DF370EEE17F75EBE47AF96768F6D0
:20202000FF616EF073EDE27C76E8E779FA646BF579E7E876F56B64FAF06E61FF7CE2ED73B0
:20204000F96768F675EBE47A70EEE17FFC626DF37FE1EE70F36D62FCF66867F97AE4EB7590
:202060007CE2ED73F06E61FFF56B64FA79E7E876FA646BF576E8E77973EDE27CFF616EF070
:20208000059B940A891718868C121D83009E910F831D128C0F919E000A949B058618178950
:2020A000801E118F0C929D0309979806851B148A069897098A141B858F111E80039D920C30
:2020C000861817890A949B050F919E00831D128C009E910F8C121D8389171886059B940A10
:2020E000039D920C8F111E808A141B8506989709851B148A099798060C929D03801E118FF0
:20210000069897098A141B858F111E80039D920C801E118F0C929D0309979806851B148ACF
:20212000831D128C0F919E000A949B0586181789059B940A891718868C121D83009E910FAF
:20214000851B148A099798060C929D03801E118F039D920C8F111E808A141B85069897098F
:20216000009E910F8C121D8389171886059B940A861817890A949B050F919E00831D128C6F
:2021800079E7E876F56B64FAF06E61FF7CE2ED73FF616EF073EDE27C76E8E779FA646BF54F
:2021A000FC626DF370EEE17F75EBE47AF96768F67AE4EB75F66867F9F36D62FC7FE1EE702F
:2021C000FA646BF576E8E77973EDE27CFF616EF07CE2ED73F06E61FFF56B64FA79E7E8760F
:2021E0007FE1EE70F36D62FCF66867F97AE4EB75F96768F675EBE47A70EEE17FFC626DF3EF
:20220000009E910F8C121D8389171886059B940A861817890A949B050F919E00831D128CCE
:20222000851B148A099798060C929D03801E118F039D920C8F111E808A141B8506989709AE
:20224000831D128C0F919E000A949B0586181789059B940A891718868C121D83009E910F8E
:20226000069897098A141B858F111E80039D920C801E118F0C929D0309979806851B148A6E
:202280007FE1EE70F36D62FCF66867F97AE4EB75F96768F675EBE47A70EEE17FFC626DF34E
:2022A000FA646BF576E8E77973EDE27CFF616EF07CE2ED73F06E61FFF56B64FA79E7E8762E
:2022C000FC626DF370EEE17F75EBE47AF96768F67AE4EB75F66867F9F36D62FC7FE1EE700E
:2022E00079E7E876F56B64FAF06E61FF7CE2ED73FF616EF073EDE27C76E8E779FA646BF5EE
:202300007CE2ED73F06E61FFF56B64FA79E7E876FA646BF576E8E77973EDE27CFF616EF0CD
:20232000F96768F675EBE47A70EEE17FFC626DF37FE1EE70F36D62FCF66867F97AE4EB75AD
:20234000FF616EF073EDE27C76E8E779FA646BF579E7E876F56B64FAF06E61FF7CE2ED738D
:202360007AE4EB75F66867F9F36D62FC7FE1EE70FC626DF370EEE17F75EBE47AF96768F66D
:20238000039D920C8F111E808A141B8506989709851B148A099798060C929D03801E118F4D
:2023A000861817890A949B050F919E00831D128C009E910F8C121D8389171886059B940A2D
:2023C000801E118F0C929D0309979806851B148A069897098A141B858F111E80039D920C0D
:2023E000059B940A891718868C121D83009E910F831D128C0F919E000A949B0586181789ED
:20240000039D920C8F111E808A141B8506989709851B148A099798060C929D03801E118FCC
:20242000861817890A949B050F919E00831D128C009E910F8C121D8389171886059B940AAC
:20244000801E118F0C929D0309979806851B148A069897098A141B858F111E80039D920C8C
:20246000059B940A891718868C121D83009E910F831D128C0F919E000A949B05861817896C
:202480007CE2ED73F06E61FFF56B64FA79E7E876FA646BF576E8E77973EDE27CFF616EF04C
:2024A000F96768F675EBE47A70EEE17FFC626DF37FE1EE70F36D62FCF66867F97AE4EB752C
:2024C000FF616EF073EDE27C76E8E779FA646BF579E7E876F56B64FAF06E61FF7CE2ED730C
:2024E0007AE4EB75F66867F9F36D62FC7FE1EE70FC626DF370EEE17F75EBE47AF96768F6EC
:202500007FE1EE70F36D62FCF66867F97AE4EB75F96768F675EBE47A70EEE17FFC626DF3CB
:20252000FA646BF576E8E77973EDE27CFF616EF07CE2ED73F06E61FFF56B64FA79E7E876AB
:20254000FC626DF370EEE17F75EBE47AF96768F67AE4EB75F66867F9F36D62FC7FE1EE708B
:2025600079E7E876F56B64FAF06E61FF7CE2ED73FF616EF073EDE27C76E8E779FA646BF56B
:20258000009E910F8C121D8389171886059B940A861817890A949B050F919E00831D128C4B
:2025A000851B148A099798060C929D03801E118F039D920C8F111E808A141B85069897092B
:2025C000831D128C0F919E000A949B0586181789059B940A891718868C121D83009E910F0B
:2025E000069897098A141B858F111E80039D920C801E118F0C929D0309979806851B148AEB
:2026000079E7E876F56B64FAF06E61FF7CE2ED73FF616EF073EDE27C76E8E779FA646BF5CA
:20262000FC626DF370EEE17F75EBE47AF96768F67AE4EB75F66867F9F36D62FC7FE1EE70AA
:20264000FA646BF576E8E77973EDE27CFF616EF07CE2ED73F06E61FFF56B64FA79E7E8768A
:202660007FE1EE70F36D62FCF66867F97AE4EB75F96768F675EBE47A70EEE17FFC626DF36A
:20268000069897098A141B858F111E80039D920C801E118F0C929D0309979806851B148A4A
:2026A000831D128C0F919E000A949B0586181789059B940A891718868C121D83009E910F2A
:2026C000851B148A099798060C929D03801E118F039D920C8F111E808A141B85069897090A
:2026E000009E910F8C121D8389171886059B940A861817890A949B050F919E00831D128CEA
:20270000059B940A891718868C121D83009E910F831D128C0F919E000A949B0586181789C9
:20272000801E118F0C929D0309979806851B148A069897098A141B858F111E80039D920CA9
:20274000861817890A949B050F919E00831D128C009E910F8C121D8389171886059B940A89
:20276000039D920C8F111E808A141B8506989709851B148A099798060C929D03801E118F69
:202780007AE4EB75F66867F9F36D62FC7FE1EE70FC626DF370EEE17F75EBE47AF96768F649
:2027A000FF616EF073EDE27C76E8E779FA646BF579E7E876F56B64FAF06E61FF7CE2ED7329
:2027C000F96768F675EBE47A70EEE17FFC626DF37FE1EE70F36D62FCF66867F97AE4EB7509
:2027E0007CE2ED73F06E61FFF56B64FA79E7E876FA646BF576E8E77973EDE27CFF616EF0E9
:202800000C929D03801E118F851B148A099798068A141B8506989709039D920C8F111E80C8
:2028200089171886059B940A009E910F8C121D830F919E00831D128C861817890A949B05A8
:202840008F111E80039D920C069897098A141B8509979806851B148A801E118F0C929D0388
:202860000A949B0586181789831D128C0F919E008C121D83009E910F059B940A8917188668
:2028800073EDE27CFF616EF0FA646BF576E8E779F56B64FA79E7E8767CE2ED73F06E61FF48
:2028A000F66867F97AE4EB757FE1EE70F36D62FC70EEE17FFC626DF3F96768F675EBE47A28
:2028C000F06E61FF7CE2ED7379E7E876F56B64FA76E8E779FA646BF5FF616EF073EDE27C08
:2028E00075EBE47AF96768F6FC626DF370EEE17FF36D62FC7FE1EE707AE4EB75F66867F9E8
:2029000070EEE17FFC626DF3F96768F675EBE47AF66867F97AE4EB757FE1EE70F36D62FCC7
:20292000F56B64FA79E7E8767CE2ED73F06E61FF73EDE27CFF616EF0FA646BF576E8E779A7
:20294000F36D62FC7FE1EE707AE4EB75F66867F975EBE47AF96768F6FC626DF370EEE17F87
:2029600076E8E779FA646BF5FF616EF073EDE27CF06E61FF7CE2ED7379E7E876F56B64FA67
:202980000F919E00831D128C861817890A949B0589171886059B940A009E910F8C121D8347
:2029A0008A141B8506989709039D920C8F111E800C929D03801E118F851B148A0997980627
:2029C0008C121D83009E910F059B940A891718860A949B0586181789831D128C0F919E0007
:2029E00009979806851B148A801E118F0C929D038F111E80039D920C069897098A141B85E7
:202A000076E8E779FA646BF5FF616EF073EDE27CF06E61FF7CE2ED7379E7E876F56B64FAC6
:202A2000F36D62FC7FE1EE707AE4EB75F66867F975EBE47AF96768F6FC626DF370EEE17FA6
:202A4000F56B64FA79E7E8767CE2ED73F06E61FF73EDE27CFF616EF0FA646BF576E8E77986
:202A600070EEE17FFC626DF3F96768F675EBE47AF66867F97AE4EB757FE1EE70F36D62FC66
:202A800009979806851B148A801E118F0C929D038F111E80039D920C069897098A141B8546
:202AA0008C121D83009E910F059B940A891718860A949B0586181789831D128C0F919E0026
:202AC0008A141B8506989709039D920C8F111E800C929D03801E118F851B148A0997980606
:202AE0000F919E00831D128C861817890A949B0589171886059B940A009E910F8C121D83E6
:202B00000A949B0586181789831D128C0F919E008C121D83009E910F059B940A89171886C5
:202B20008F111E80039D920C069897098A141B8509979806851B148A801E118F0C929D03A5
:202B400089171886059B940A009E910F8C121D830F919E00831D128C861817890A949B0585
:202B60000C929D03801E118F851B148A099798068A141B8506989709039D920C8F111E8065
:202B800075EBE47AF96768F6FC626DF370EEE17FF36D62FC7FE1EE707AE4EB75F66867F945
:202BA000F06E61FF7CE2ED7379E7E876F56B64FA76E8E779FA646BF5FF616EF073EDE27C25
:202BC000F66867F97AE4EB757FE1EE70F36D62FC70EEE17FFC626DF3F96768F675EBE47A05
:202BE00073EDE27CFF616EF0FA646BF576E8E779F56B64FA79E7E8767CE2ED73F06E61FFE5
:202C000075EBE47AF96768F6FC626DF370EEE17FF36D62FC7FE1EE707AE4EB75F66867F9C4
:202C2000F06E61FF7CE2ED7379E7E876F56B64FA76E8E779FA646BF5FF616EF073EDE27CA4
:202C4000F66867F97AE4EB757FE1EE70F36D62FC70EEE17FFC626DF3F96768F675EBE47A84
:202C600073EDE27CFF616EF0FA646BF576E8E779F56B64FA79E7E8767CE2ED73F06E61FF64
:202C80000A949B0586181789831D128C0F919E008C121D83009E910F059B940A8917188644
:202CA0008F111E80039D920C069897098A141B8509979806851B148A801E118F0C929D0324
:202CC00089171886059B940A009E910F8C121D830F919E00831D128C861817890A949B0504
:202CE0000C929D03801E118F851B148A099798068A141B8506989709039D920C8F111E80E4
:202D000009979806851B148A801E118F0C929D038F111E80039D920C069897098A141B85C3
:202D20008C121D83009E910F059B940A891718860A949B0586181789831D128C0F919E00A3
:202D40008A141B8506989709039D920C8F111E800C929D03801E118F851B148A0997980683
:202D60000F919E00831D128C861817890A949B0589171886059B940A009E910F8C121D8363
:202D800076E8E779FA646BF5FF616EF073EDE27CF06E61FF7CE2ED7379E7E876F56B64FA43
:202DA000F36D62FC7FE1EE707AE4EB75F66867F975EBE47AF96768F6FC626DF370EEE17F23
:202DC000F56B64FA79E7E8767CE2ED73F06E61FF73EDE27CFF616EF0FA646BF576E8E77903
:202DE00070EEE17FFC626DF3F96768F675EBE47AF66867F97AE4EB757FE1EE70F36D62FCE3
:202E00000F919E00831D128C861817890A949B0589171886059B940A009E910F8C121D83C2
:202E20008A141B8506989709039D920C8F111E800C929D03801E118F851B148A09979806A2
:202E40008C121D83009E910F059B940A891718860A949B0586181789831D128C0F919E0082
:202E600009979806851B148A801E118F0C929D038F111E80039D920C069897098A141B8562
:202E800070EEE17FFC626DF3F96768F675EBE47AF66867F97AE4EB757FE1EE70F36D62FC42
:202EA000F56B64FA79E7E8767CE2ED73F06E61FF73EDE27CFF616EF0FA646BF576E8E77922
:202EC000F36D62FC7FE1EE707AE4EB75F66867F975EBE47AF96768F6FC626DF370EEE17F02
:202EE00076E8E779FA646BF5FF616EF073EDE27CF06E61FF7CE2ED7379E7E876F56B64FAE2
:202F000073EDE27CFF616EF0FA646BF576E8E779F56B64FA79E7E8767CE2ED73F06E61FFC1
:202F2000F66867F97AE4EB757FE1EE70F36D62FC70EEE17FFC626DF3F96768F675EBE47AA1
:202F4000F06E61FF7CE2ED7379E7E876F56B64FA76E8E779FA646BF5FF616EF073EDE27C81
:202F600075EBE47AF96768F6FC626DF370EEE17FF36D62FC7FE1EE707AE4EB75F66867F961
:202F80000C929D03801E118F851B148A099798068A141B8506989709039D920C8F111E8041
:202FA00089171886059B940A009E910F8C121D830F919E00831D128C861817890A949B0521
:202FC0008F111E80039D920C069897098A141B8509979806851B148A801E118F0C929D0301
:202FE0000A949B0586181789831D128C0F919E008C121D83009E910F059B940A89171886E1
:2030000009979806851B148A801E118F0C929D038F111E80039D920C069897098A141B85C0
:203020008C121D83009E910F059B940A891718860A949B0586181789831D128C0F919E00A0
:203040008A141B8506989709039D920C8F111E800C929D03801E118F851B148A0997980680
:203060000F919E00831D128C861817890A949B0589171886059B940A009E910F8C121D8360
:2030800076E8E779FA646BF5FF616EF073EDE27CF06E61FF7CE2ED7379E7E876F56B64FA40
:2030A000F36D62FC7FE1EE707AE4EB75F66867F975EBE47AF96768F6FC626DF370EEE17F20
:2030C000F56B64FA79E7E8767CE2ED73F06E61FF73EDE27CFF616EF0FA646BF576E8E77900
:2030E00070EEE17FFC626DF3F96768F675EBE47AF66867F97AE4EB757FE1EE70F36D62FCE0
:2031000075EBE47AF96768F6FC626DF370EEE17FF36D62FC7FE1EE707AE4EB75F66867F9BF
:20312000F06E61FF7CE2ED7379E7E876F56B64FA76E8E779FA646BF5FF616EF073EDE27C9F
:20314000F66867F97AE4EB757FE1EE70F36D62FC70EEE17FFC626DF3F96768F675EBE47A7F
:2031600073EDE27CFF616EF0FA646BF576E8E779F56B64FA79E7E8767CE2ED73F06E61FF5F
:203180000A949B0586181789831D128C0F919E008C121D83009E910F059B940A891718863F
:2031A0008F111E80039D920C069897098A141B8509979806851B148A801E118F0C929D031F
:2031C00089171886059B940A009E910F8C121D830F919E00831D128C861817890A949B05FF
:2031E0000C929D03801E118F851B148A099798068A141B8506989709039D920C8F111E80DF
:2032000073EDE27CFF616EF0FA646BF576E8E779F56B64FA79E7E8767CE2ED73F06E61FFBE
:20322000F66867F97AE4EB757FE1EE70F36D62FC70EEE17FFC626DF3F96768F675EBE47A9E
:20324000F06E61FF7CE2ED7379E7E876F56B64FA76E8E779FA646BF5FF616EF073EDE27C7E
:2032600075EBE47AF96768F6FC626DF370EEE17FF36D62FC7FE1EE707AE4EB75F66867F95E
:203280000C929D03801E118F851B148A099798068A141B8506989709039D920C8F111E803E
:2032A00089171886059B940A009E910F8C121D830F919E00831D128C861817890A949B051E
:2032C0008F111E80039D920C069897098A141B8509979806851B148A801E118F0C929D03FE
:2032E0000A949B0586181789831D128C0F919E008C121D83009E910F059B940A89171886DE
:203300000F919E00831D128C861817890A949B0589171886059B940A009E910F8C121D83BD
:203320008A141B8506989709039D920C8F111E800C929D03801E118F851B148A099798069D
:203340008C121D83009E910F059B940A891718860A949B0586181789831D128C0F919E007D
:2033600009979806851B148A801E118F0C929D038F111E80039D920C069897098A141B855D
:2033800070EEE17FFC626DF3F96768F675EBE47AF66867F97AE4EB757FE1EE70F36D62FC3D
:2033A000F56B64FA79E7E8767CE2ED73F06E61FF73EDE27CFF616EF0FA646BF576E8E7791D
:2033C000F36D62FC7FE1EE707AE4EB75F66867F975EBE47AF96768F6FC626DF370EEE17FFD
:2033E00076E8E779FA646BF5FF616EF073EDE27CF06E61FF7CE2ED7379E7E876F56B64FADD
:2034000070EEE17FFC626DF3F96768F675EBE47AF66867F97AE4EB757FE1EE70F36D62FCBC
:20342000F56B64FA79E7E8767CE2ED73F06E61FF73EDE27CFF616EF0FA646BF576E8E7799C
:20344000F36D62FC7FE1EE707AE4EB75F66867F975EBE47AF96768F6FC626DF370EEE17F7C
:2034600076E8E779FA646BF5FF616EF073EDE27CF06E61FF7CE2ED7379E7E876F56B64FA5C
:203480000F919E00831D128C861817890A949B0589171886059B940A009E910F8C121D833C
:2034A0008A141B8506989709039D920C8F111E800C929D03801E118F851B148A099798061C
:2034C0008C121D83009E910F059B940A891718860A949B0586181789831D128C0F919E00FC
:2034E00009979806851B148A801E118F0C929D038F111E80039D920C069897098A141B85DC
:203500000C929D03801E118F851B148A099798068A141B8506989709039D920C8F111E80BB
:2035200089171886059B940A009E910F8C121D830F919E00831D128C861817890A949B059B
:203540008F111E80039D920C069897098A141B8509979806851B148A801E118F0C929D037B
:203560000A949B0586181789831D128C0F919E008C121D83009E910F059B940A891718865B
:2035800073EDE27CFF616EF0FA646BF576E8E779F56B64FA79E7E8767CE2ED73F06E61FF3B
:2035A000F66867F97AE4EB757FE1EE70F36D62FC70EEE17FFC626DF3F96768F675EBE47A1B
:2035C000F06E61FF7CE2ED7379E7E876F56B64FA76E8E779FA646BF5FF616EF073EDE27CFB
:2035E00075EBE47AF96768F6FC626DF370EEE17FF36D62FC7FE1EE707AE4EB75F66867F9DB
:203600000A949B0586181789831D128C0F919E008C121D83009E910F059B940A89171886BA
:203620008F111E80039D920C069897098A141B8509979806851B148A801E118F0C929D039A
:2036400089171886059B940A009E910F8C121D830F919E00831D128C861817890A949B057A
:203660000C929D03801E118F851B148A099798068A141B8506989709039D920C8F111E805A
:2036800075EBE47AF96768F6FC626DF370EEE17FF36D62FC7FE1EE707AE4EB75F66867F93A
:2036A000F06E61FF7CE2ED7379E7E876F56B64FA76E8E779FA646BF5FF616EF073EDE27C1A
:2036C000F66867F97AE4EB757FE1EE70F36D62FC70EEE17FFC626DF3F96768F675EBE47AFA
:2036E00073EDE27CFF616EF0FA646BF576E8E779F56B64FA79E7E8767CE2ED73F06E61FFDA
:2037000076E8E779FA646BF5FF616EF073EDE27CF06E61FF7CE2ED7379E7E876F56B64FAB9
:20372000F36D62FC7FE1EE707AE4EB75F66867F975EBE47AF96768F6FC626DF370EEE17F99
:20374000F56B64FA79E7E8767CE2ED73F06E61FF73EDE27CFF616EF0FA646BF576E8E77979
:2037600070EEE17FFC626DF3F96768F675EBE47AF66867F97AE4EB757FE1EE70F36D62FC59
:2037800009979806851B148A801E118F0C929D038F111E80039D920C069897098A141B8539
:2037A0008C121D83009E910F059B940A891718860A949B0586181789831D128C0F919E0019
:2037C0008A141B8506989709039D920C8F111E800C929D03801E118F851B148A09979806F9
:2037E0000F919E00831D128C861817890A949B0589171886059B940A009E910F8C121D83D9
:203800007FE1EE70F36D62FCF66867F97AE4EB75F96768F675EBE47A70EEE17FFC626DF3B8
:20382000FA646BF576E8E77973EDE27CFF616EF07CE2ED73F06E61FFF56B64FA79E7E87698
:20384000FC626DF370EEE17F75EBE47AF96768F67AE4EB75F66867F9F36D62FC7FE1EE7078
:2038600079E7E876F56B64FAF06E61FF7CE2ED73FF616EF073EDE27C76E8E779FA646BF558
:20388000009E910F8C121D8389171886059B940A861817890A949B050F919E00831D128C38
:2038A000851B148A099798060C929D03801E118F039D920C8F111E808A141B850698970918
:2038C000831D128C0F919E000A949B0586181789059B940A891718868C121D83009E910FF8
:2038E000069897098A141B858F111E80039D920C801E118F0C929D0309979806851B148AD8
:20390000039D920C8F111E808A141B8506989709851B148A099798060C929D03801E118FB7
:20392000861817890A949B050F919E00831D128C009E910F8C121D8389171886059B940A97
:20394000801E118F0C929D0309979806851B148A069897098A141B858F111E80039D920C77
:20396000059B940A891718868C121D83009E910F831D128C0F919E000A949B058618178957
:203980007CE2ED73F06E61FFF56B64FA79E7E876FA646BF576E8E77973EDE27CFF616EF037
:2039A000F96768F675EBE47A70EEE17FFC626DF37FE1EE70F36D62FCF66867F97AE4EB7517
:2039C000FF616EF073EDE27C76E8E779FA646BF579E7E876F56B64FAF06E61FF7CE2ED73F7
:2039E0007AE4EB75F66867F9F36D62FC7FE1EE70FC626DF370EEE17F75EBE47AF96768F6D7
:203A0000059B940A891718868C121D83009E910F831D128C0F919E000A949B0586181789B6
:203A2000801E118F0C929D0309979806851B148A069897098A141B858F111E80039D920C96
:203A4000861817890A949B050F919E00831D128C009E910F8C121D8389171886059B940A76
:203A6000039D920C8F111E808A141B8506989709851B148A099798060C929D03801E118F56
:203A80007AE4EB75F66867F9F36D62FC7FE1EE70FC626DF370EEE17F75EBE47AF96768F636
:203AA000FF616EF073EDE27C76E8E779FA646BF579E7E876F56B64FAF06E61FF7CE2ED7316
:203AC000F96768F675EBE47A70EEE17FFC626DF37FE1EE70F36D62FCF66867F97AE4EB75F6
:203AE0007CE2ED73F06E61FFF56B64FA79E7E876FA646BF576E8E77973EDE27CFF616EF0D6
:203B000079E7E876F56B64FAF06E61FF7CE2ED73FF616EF073EDE27C76E8E779FA646BF5B5
:203B2000FC626DF370EEE17F75EBE47AF96768F67AE4EB75F66867F9F36D62FC7FE1EE7095
:203B4000FA646BF576E8E77973EDE27CFF616EF07CE2ED73F06E61FFF56B64FA79E7E87675
:203B60007FE1EE70F36D62FCF66867F97AE4EB75F96768F675EBE47A70EEE17FFC626DF355
:203B8000069897098A141B858F111E80039D920C801E118F0C929D0309979806851B148A35
:203BA000831D128C0F919E000A949B0586181789059B940A891718868C121D83009E910F15
:203BC000851B148A099798060C929D03801E118F039D920C8F111E808A141B8506989709F5
:203BE000009E910F8C121D8389171886059B940A861817890A949B050F919E00831D128CD5
:203C0000069897098A141B858F111E80039D920C801E118F0C929D0309979806851B148AB4
:203C2000831D128C0F919E000A949B0586181789059B940A891718868C121D83009E910F94
:203C4000851B148A099798060C929D03801E118F039D920C8F111E808A141B850698970974
:203C6000009E910F8C121D8389171886059B940A861817890A949B050F919E00831D128C54
:203C800079E7E876F56B64FAF06E61FF7CE2ED73FF616EF073EDE27C76E8E779FA646BF534
:203CA000FC626DF370EEE17F75EBE47AF96768F67AE4EB75F66867F9F36D62FC7FE1EE7014
:203CC000FA646BF576E8E77973EDE27CFF616EF07CE2ED73F06E61FFF56B64FA79E7E876F4
:203CE0007FE1EE70F36D62FCF66867F97AE4EB75F96768F675EBE47A70EEE17FFC626DF3D4
:203D00007AE4EB75F66867F9F36D62FC7FE1EE70FC626DF370EEE17F75EBE47AF96768F6B3
:203D2000FF616EF073EDE27C76E8E779FA646BF579E7E876F56B64FAF06E61FF7CE2ED7393
:203D4000F96768F675EBE47A70EEE17FFC626DF37FE1EE70F36D62FCF66867F97AE4EB7573
:203D60007CE2ED73F06E61FFF56B64FA79E7E876FA646BF576E8E77973EDE27CFF616EF053
:203D8000059B940A891718868C121D83009E910F831D128C0F919E000A949B058618178933
:203DA000801E118F0C929D0309979806851B148A069897098A141B858F111E80039D920C13
:203DC000861817890A949B050F919E00831D128C009E910F8C121D8389171886059B940AF3
:203DE000039D920C8F111E808A141B8506989709851B148A099798060C929D03801E118FD3
:203E00007CE2ED73F06E61FFF56B64FA79E7E876FA646BF576E8E77973EDE27CFF616EF0B2
:203E2000F96768F675EBE47A70EEE17FFC626DF37FE1EE70F36D62FCF66867F97AE4EB7592
:203E4000FF616EF073EDE27C76E8E779FA646BF579E7E876F56B64FAF06E61FF7CE2ED7372
:203E60007AE4EB75F66867F9F36D62FC7FE1EE70FC626DF370EEE17F75EBE47AF96768F652
:203E8000039D920C8F111E808A141B8506989709851B148A099798060C929D03801E118F32
:203EA000861817890A949B050F919E00831D128C009E910F8C121D8389171886059B940A12
:203EC000801E118F0C929D0309979806851B148A069897098A141B858F111E80039D920CF2
:203EE000059B940A891718868C121D83009E910F831D128C0F919E000A949B0586181789D2
:203F0000009E910F8C121D8389171886059B940A861817890A949B050F919E00831D128CB1
:203F2000851B148A099798060C929D03801E118F039D920C8F111E808A141B850698970991
:203F4000831D128C0F919E000A949B0586181789059B940A891718868C121D83009E910F71
:203F6000069897098A141B858F111E80039D920C801E118F0C929D0309979806851B148A51
:203F80007FE1EE70F36D62FCF66867F97AE4EB75F96768F675EBE47A70EEE17FFC626DF331
:203FA000FA646BF576E8E77973EDE27CFF616EF07CE2ED73F06E61FFF56B64FA79E7E87611
:203FC000FC626DF370EEE17F75EBE47AF96768F67AE4EB75F66867F9F36D62FC7FE1EE70F1
:203FE00079E7E876F56B64FAF06E61FF7CE2ED73FF616EF073EDE27C76E8E779FA646BF5D1
:2040000075EBE47AF96768F6FC626DF370EEE17FF36D62FC7FE1EE707AE4EB75F66867F9B0
:20402000F06E61FF7CE2ED7379E7E876F56B64FA76E8E779FA646BF5FF616EF073EDE27C90
:20404000F66867F97AE4EB757FE1EE70F36D62FC70EEE17FFC626DF3F96768F675EBE47A70
:2040600073EDE27CFF616EF0FA646BF576E8E779F56B64FA79E7E8767CE2ED73F06E61FF50
:204080000A949B0586181789831D128C0F919E008C121D83009E910F059B940A8917188630
:2040A0008F111E80039D920C069897098A141B8509979806851B148A801E118F0C929D0310
:2040C00089171886059B940A009E910F8C121D830F919E00831D128C861817890A949B05F0
:2040E0000C929D03801E118F851B148A099798068A141B8506989709039D920C8F111E80D0
:2041000009979806851B148A801E118F0C929D038F111E80039D920C069897098A141B85AF
:204120008C121D83009E910F059B940A891718860A949B0586181789831D128C0F919E008F
:204140008A141B8506989709039D920C8F111E800C929D03801E118F851B148A099798066F
:204160000F919E00831D128C861817890A949B0589171886059B940A009E910F8C121D834F
:2041800076E8E779FA646BF5FF616EF073EDE27CF06E61FF7CE2ED7379E7E876F56B64FA2F
:2041A000F36D62FC7FE1EE707AE4EB75F66867F975EBE47AF96768F6FC626DF370EEE17F0F
:2041C000F56B64FA79E7E8767CE2ED73F06E61FF73EDE27CFF616EF0FA646BF576E8E779EF
:2041E00070EEE17FFC626DF3F96768F675EBE47AF66867F97AE4EB757FE1EE70F36D62FCCF
:204200000F919E00831D128C861817890A949B0589171886059B940A009E910F8C121D83AE
:204220008A141B8506989709039D920C8F111E800C929D03801E118F851B148A099798068E
:204240008C121D83009E910F059B940A891718860A949B0586181789831D128C0F919E006E
:2042600009979806851B148A801E118F0C929D038F111E80039D920C069897098A141B854E
:2042800070EEE17FFC626DF3F96768F675EBE47AF66867F97AE4EB757FE1EE70F36D62FC2E
:2042A000F56B64FA79E7E8767CE2ED73F06E61FF73EDE27CFF616EF0FA646BF576E8E7790E
:2042C000F36D62FC7FE1EE707AE4EB75F66867F975EBE47AF96768F6FC626DF370EEE17FEE
:2042E00076E8E779FA646BF5FF616EF073EDE27CF06E61FF7CE2ED7379E7E876F56B64FACE
:2043000073EDE27CFF616EF0FA646BF576E8E779F56B64FA79E7E8767CE2ED73F06E61FFAD
:20432000F66867F97AE4EB757FE1EE70F36D62FC70EEE17FFC626DF3F96768F675EBE47A8D
:20434000F06E61FF7CE2ED7379E7E876F56B64FA76E8E779FA646BF5FF616EF073EDE27C6D
:2043600075EBE47AF96768F6FC626DF370EEE17FF36D62FC7FE1EE707AE4EB75F66867F94D
:204380000C929D03801E118F851B148A099798068A141B8506989709039D920C8F111E802D
:2043A00089171886059B940A009E910F8C121D830F919E00831D128C861817890A949B050D
:2043C0008F111E80039D920C069897098A141B8509979806851B148A801E118F0C929D03ED
:2043E0000A949B0586181789831D128C0F919E008C121D83009E910F059B940A89171886CD
:204400000C929D03801E118F851B148A099798068A141B8506989709039D920C8F111E80AC
:2044200089171886059B940A009E910F8C121D830F919E00831D128C861817890A949B058C
:204440008F111E80039D920C069897098A141B8509979806851B148A801E118F0C929D036C
:204460000A949B0586181789831D128C0F919E008C121D83009E910F059B940A891718864C
:2044800073EDE27CFF616EF0FA646BF576E8E779F56B64FA79E7E8767CE2ED73F06E61FF2C
:2044A000F66867F97AE4EB757FE1EE70F36D62FC70EEE17FFC626DF3F96768F675EBE47A0C
:2044C000F06E61FF7CE2ED7379E7E876F56B64FA76E8E779FA646BF5FF616EF073EDE27CEC
:2044E00075EBE47AF96768F6FC626DF370EEE17FF36D62FC7FE1EE707AE4EB75F66867F9CC
:2045000070EEE17FFC626DF3F96768F675EBE47AF66867F97AE4EB757FE1EE70F36D62FCAB
:20452000F56B64FA79E7E8767CE2ED73F06E61FF73EDE27CFF616EF0FA646BF576E8E7798B
:20454000F36D62FC7FE1EE707AE4EB75F66867F975EBE47AF96768F6FC626DF370EEE17F6B
:2045600076E8E779FA646BF5FF616EF073EDE27CF06E61FF7CE2ED7379E7E876F56B64FA4B
:204580000F919E00831D128C861817890A949B0589171886059B940A009E910F8C121D832B
:2045A0008A141B8506989709039D920C8F111E800C929D03801E118F851B148A099798060B
:2045C0008C121D83009E910F059B940A891718860A949B0586181789831D128C0F919E00EB
:2045E00009979806851B148A801E118F0C929D038F111E80039D920C069897098A141B85CB
:2046000076E8E779FA646BF5FF616EF073EDE27CF06E61FF7CE2ED7379E7E876F56B64FAAA
:20462000F36D62FC7FE1EE707AE4EB75F66867F975EBE47AF96768F6FC626DF370EEE17F8A
:20464000F56B64FA79E7E8767CE2ED73F06E61FF73EDE27CFF616EF0FA646BF576E8E7796A
:2046600070EEE17FFC626DF3F96768F675EBE47AF66867F97AE4EB757FE1EE70F36D62FC4A
:2046800009979806851B148A801E118F0C929D038F111E80039D920C069897098A141B852A
:2046A0008C121D83009E910F059B940A891718860A949B0586181789831D128C0F919E000A
:2046C0008A141B8506989709039D920C8F111E800C929D03801E118F851B148A09979806EA
:2046E0000F919E00831D128C861817890A949B0589171886059B940A009E910F8C121D83CA
:204700000A949B0586181789831D128C0F919E008C121D83009E910F059B940A89171886A9
:204720008F111E80039D920C069897098A141B8509979806851B148A801E118F0C929D0389
:2047400089171886059B940A009E910F8C121D830F919E00831D128C861817890A949B0569
:204760000C929D03801E118F851B148A099798068A141B8506989709039D920C8F111E8049
:2047800075EBE47AF96768F6FC626DF370EEE17FF36D62FC7FE1EE707AE4EB75F66867F929
:2047A000F06E61FF7CE2ED7379E7E876F56B64FA76E8E779FA646BF5FF616EF073EDE27C09
:2047C000F66867F97AE4EB757FE1EE70F36D62FC70EEE17FFC626DF3F96768F675EBE47AE9
:2047E00073EDE27CFF616EF0FA646BF576E8E779F56B64FA79E7E8767CE2ED73F06E61FFC9
:20480000039D920C8F111E808A141B8506989709851B148A099798060C929D03801E118FA8
:20482000861817890A949B050F919E00831D128C009E910F8C121D8389171886059B940A88
:20484000801E118F0C929D0309979806851B148A069897098A141B858F111E80039D920C68
:20486000059B940A891718868C121D83009E910F831D128C0F919E000A949B058618178948
:204880007CE2ED73F06E61FFF56B64FA79E7E876FA646BF576E8E77973EDE27CFF616EF028
:2048A000F96768F675EBE47A70EEE17FFC626DF37FE1EE70F36D62FCF66867F97AE4EB7508
:2048C000FF616EF073EDE27C76E8E779FA646BF579E7E876F56B64FAF06E61FF7CE2ED73E8
:2048E0007AE4EB75F66867F9F36D62FC7FE1EE70FC626DF370EEE17F75EBE47AF96768F6C8
:204900007FE1EE70F36D62FCF66867F97AE4EB75F96768F675EBE47A70EEE17FFC626DF3A7
:20492000FA646BF576E8E77973EDE27CFF616EF07CE2ED73F06E61FFF56B64FA79E7E87687
:20494000FC626DF370EEE17F75EBE47AF96768F67AE4EB75F66867F9F36D62FC7FE1EE7067
:2049600079E7E876F56B64FAF06E61FF7CE2ED73FF616EF073EDE27C76E8E779FA646BF547
:20498000009E910F8C121D8389171886059B940A861817890A949B050F919E00831D128C27
:2049A000851B148A099798060C929D03801E118F039D920C8F111E808A141B850698970907
:2049C000831D128C0F919E000A949B0586181789059B940A891718868C121D83009E910FE7
:2049E000069897098A141B858F111E80039D920C801E118F0C929D0309979806851B148AC7
:204A000079E7E876F56B64FAF06E61FF7CE2ED73FF616EF073EDE27C76E8E779FA646BF5A6
:204A2000FC626DF370EEE17F75EBE47AF96768F67AE4EB75F66867F9F36D62FC7FE1EE7086
:204A4000FA646BF576E8E77973EDE27CFF616EF07CE2ED73F06E61FFF56B64FA79E7E87666
:204A60007FE1EE70F36D62FCF66867F97AE4EB75F96768F675EBE47A70EEE17FFC626DF346
:204A8000069897098A141B858F111E80039D920C801E118F0C929D0309979806851B148A26
:204AA000831D128C0F919E000A949B0586181789059B940A891718868C121D83009E910F06
:204AC000851B148A099798060C929D03801E118F039D920C8F111E808A141B8506989709E6
:204AE000009E910F8C121D8389171886059B940A861817890A949B050F919E00831D128CC6
:204B0000059B940A891718868C121D83009E910F831D128C0F919E000A949B0586181789A5
:204B2000801E118F0C929D0309979806851B148A069897098A141B858F111E80039D920C85
:204B4000861817890A949B050F919E00831D128C009E910F8C121D8389171886059B940A65
:204B6000039D920C8F111E808A141B8506989709851B148A099798060C929D03801E118F45
:204B80007AE4EB75F66867F9F36D62FC7FE1EE70FC626DF370EEE17F75EBE47AF96768F625
:204BA000FF616EF073EDE27C76E8E779FA646BF579E7E876F56B64FAF06E61FF7CE2ED7305
:204BC000F96768F675EBE47A70EEE17FFC626DF37FE1EE70F36D62FCF66867F97AE4EB75E5
:204BE0007CE2ED73F06E61FFF56B64FA79E7E876FA646BF576E8E77973EDE27CFF616EF0C5
:204C00007AE4EB75F66867F9F36D62FC7FE1EE70FC626DF370EEE17F75EBE47AF96768F6A4
:204C2000FF616EF073EDE27C76E8E779FA646BF579E7E876F56B64FAF06E61FF7CE2ED7384
:204C4000F96768F675EBE47A70EEE17FFC626DF37FE1EE70F36D62FCF66867F97AE4EB7564
:204C60007CE2ED73F06E61FFF56B64FA79E7E876FA646BF576E8E77973EDE27CFF616EF044
:204C8000059B940A891718868C121D83009E910F831D128C0F919E000A949B058618178924
:204CA000801E118F0C929D0309979806851B148A069897098A141B858F111E80039D920C04
:204CC000861817890A949B050F919E00831D128C009E910F8C121D8389171886059B940AE4
:204CE000039D920C8F111E808A141B8506989709851B148A099798060C929D03801E118FC4
:204D0000069897098A141B858F111E80039D920C801E118F0C929D0309979806851B148AA3
:204D2000831D128C0F919E000A949B0586181789059B940A891718868C121D83009E910F83
:204D4000851B148A099798060C929D03801E118F039D920C8F111E808A141B850698970963
:204D6000009E910F8C121D8389171886059B940A861817890A949B050F919E00831D128C43
:204D800079E7E876F56B64FAF06E61FF7CE2ED73FF616EF073EDE27C76E8E779FA646BF523
:204DA000FC626DF370EEE17F75EBE47AF96768F67AE4EB75F66867F9F36D62FC7FE1EE7003
:204DC000FA646BF576E8E77973EDE27CFF616EF07CE2ED73F06E61FFF56B64FA79E7E876E3
:204DE0007FE1EE70F36D62FCF66867F97AE4EB75F96768F675EBE47A70EEE17FFC626DF3C3
:204E0000009E910F8C121D8389171886059B940A861817890A949B050F919E00831D128CA2
:204E2000851B148A099798060C929D03801E118F039D920C8F111E808A141B850698970982
:204E4000831D128C0F919E000A949B0586181789059B940A891718868C121D83009E910F62
:204E6000069897098A141B858F111E80039D920C801E118F0C929D0309979806851B148A42
:204E80007FE1EE70F36D62FCF66867F97AE4EB75F96768F675EBE47A70EEE17FFC626DF322
:204EA000FA646BF576E8E77973EDE27CFF616EF07CE2ED73F06E61FFF56B64FA79E7E87602
:204EC000FC626DF370EEE17F75EBE47AF96768F67AE4EB75F66867F9F36D62FC7FE1EE70E2
:204EE00079E7E876F56B64FAF06E61FF7CE2ED73FF616EF073EDE27C76E8E779FA646BF5C2
:204F00007CE2ED73F06E61FFF56B64FA79E7E876FA646BF576E8E77973EDE27CFF616EF0A1
:204F2000F96768F675EBE47A70EEE17FFC626DF37FE1EE70F36D62FCF66867F97AE4EB7581
:204F4000FF616EF073EDE27C76E8E779FA646BF579E7E876F56B64FAF06E61FF7CE2ED7361
:204F60007AE4EB75F66867F9F36D62FC7FE1EE70FC626DF370EEE17F75EBE47AF96768F641
:204F8000039D920C8F111E808A141B8506989709851B148A099798060C929D03801E118F21
:204FA000861817890A949B050F919E00831D128C009E910F8C121D8389171886059B940A01
:204FC000801E118F0C929D0309979806851B148A069897098A141B858F111E80039D920CE1
:204FE000059B940A891718868C121D83009E910F831D128C0F919E000A949B0586181789C1
:20500000069897098A141B858F111E80039D920C801E118F0C929D0309979806851B148AA0
:20502000831D128C0F919E000A949B0586181789059B940A891718868C121D83009E910F80
:20504000851B148A099798060C929D03801E118F039D920C8F111E808A141B850698970960
:20506000009E910F8C121D8389171886059B940A861817890A949B050F919E00831D128C40
:2050800079E7E876F56B64FAF06E61FF7CE2ED73FF616EF073EDE27C76E8E779FA646BF520
:2050A000FC626DF370EEE17F75EBE47AF96768F67AE4EB75F66867F9F36D62FC7FE1EE7000
:2050C000FA646BF576E8E77973EDE27CFF616EF07CE2ED73F06E61FFF56B64FA79E7E876E0
:2050E0007FE1EE70F36D62FCF66867F97AE4EB75F96768F675EBE47A70EEE17FFC626DF3C0
:205100007AE4EB75F66867F9F36D62FC7FE1EE70FC626DF370EEE17F75EBE47AF96768F69F
:20512000FF616EF073EDE27C76E8E779FA646BF579E7E876F56B64FAF06E61FF7CE2ED737F
:20514000F96768F675EBE47A70EEE17FFC626DF37FE1EE70F36D62FCF66867F97AE4EB755F
:205160007CE2ED73F06E61FFF56B64FA79E7E876FA646BF576E8E77973EDE27CFF616EF03F
:20518000059B940A891718868C121D83009E910F831D128C0F919E000A949B05861817891F
:2051A000801E118F0C929D0309979806851B148A069897098A141B858F111E80039D920CFF
:2051C000861817890A949B050F919E00831D128C009E910F8C121D8389171886059B940ADF
:2051E000039D920C8F111E808A141B8506989709851B148A099798060C929D03801E118FBF
:205200007CE2ED73F06E61FFF56B64FA79E7E876FA646BF576E8E77973EDE27CFF616EF09E
:20522000F96768F675EBE47A70EEE17FFC626DF37FE1EE70F36D62FCF66867F97AE4EB757E
:20524000FF616EF073EDE27C76E8E779FA646BF579E7E876F56B64FAF06E61FF7CE2ED735E
:205260007AE4EB75F66867F9F36D62FC7FE1EE70FC626DF370EEE17F75EBE47AF96768F63E
:20528000039D920C8F111E808A141B8506989709851B148A099798060C929D03801E118F1E
:2052A000861817890A949B050F919E00831D128C009E910F8C121D8389171886059B940AFE
:2052C000801E118F0C929D0309979806851B148A069897098A141B858F111E80039D920CDE
:2052E000059B940A891718868C121D83009E910F831D128C0F919E000A949B0586181789BE
:20530000009E910F8C121D8389171886059B940A861817890A949B050F919E00831D128C9D
:20532000851B148A099798060C929D03801E118F039D920C8F111E808A141B85069897097D
:20534000831D128C0F919E000A949B0586181789059B940A891718868C121D83009E910F5D
:20536000069897098A141B858F111E80039D920C801E118F0C929D0309979806851B148A3D
:205380007FE1EE70F36D62FCF66867F97AE4EB75F96768F675EBE47A70EEE17FFC626DF31D
:2053A000FA646BF576E8E77973EDE27CFF616EF07CE2ED73F06E61FFF56B64FA79E7E876FD
:2053C000FC626DF370EEE17F75EBE47AF96768F67AE4EB75F66867F9F36D62FC7FE1EE70DD
:2053E00079E7E876F56B64FAF06E61FF7CE2ED73FF616EF073EDE27C76E8E779FA646BF5BD
:205400007FE1EE70F36D62FCF66867F97AE4EB75F96768F675EBE47A70EEE17FFC626DF39C
:20542000FA646BF576E8E77973EDE27CFF616EF07CE2ED73F06E61FFF56B64FA79E7E8767C
:20544000FC626DF370EEE17F75EBE47AF96768F67AE4EB75F66867F9F36D62FC7FE1EE705C
:2054600079E7E876F56B64FAF06E61FF7CE2ED73FF616EF073EDE27C76E8E779FA646BF53C
:20548000009E910F8C121D8389171886059B940A861817890A949B050F919E00831D128C1C
:2054A000851B148A099798060C929D03801E118F039D920C8F111E808A141B8506989709FC
:2054C000831D128C0F919E000A949B0586181789059B940A891718868C121D83009E910FDC
:2054E000069897098A141B858F111E80039D920C801E118F0C929D0309979806851B148ABC
:20550000039D920C8F111E808A141B8506989709851B148A099798060C929D03801E118F9B
:20552000861817890A949B050F919E00831D128C009E910F8C121D8389171886059B940A7B
:20554000801E118F0C929D0309979806851B148A069897098A141B858F111E80039D920C5B
:20556000059B940A891718868C121D83009E910F831D128C0F919E000A949B05861817893B
:205580007CE2ED73F06E61FFF56B64FA79E7E876FA646BF576E8E77973EDE27CFF616EF01B
:2055A000F96768F675EBE47A70EEE17FFC626DF37FE1EE70F36D62FCF66867F97AE4EB75FB
:2055C000FF616EF073EDE27C76E8E779FA646BF579E7E876F56B64FAF06E61FF7CE2ED73DB
:2055E0007AE4EB75F66867F9F36D62FC7FE1EE70FC626DF370EEE17F75EBE47AF96768F6BB
:20560000059B940A891718868C121D83009E910F831D128C0F919E000A949B05861817899A
:20562000801E118F0C929D0309979806851B148A069897098A141B858F111E80039D920C7A
:20564000861817890A949B050F919E00831D128C009E910F8C121D8389171886059B940A5A
:20566000039D920C8F111E808A141B8506989709851B148A099798060C929D03801E118F3A
:205680007AE4EB75F66867F9F36D62FC7FE1EE70FC626DF370EEE17F75EBE47AF96768F61A
:2056A000FF616EF073EDE27C76E8E779FA646BF579E7E876F56B64FAF06E61FF7CE2ED73FA
:2056C000F96768F675EBE47A70EEE17FFC626DF37FE1EE70F36D62FCF66867F97AE4EB75DA
:2056E0007CE2ED73F06E61FFF56B64FA79E7E876FA646BF576E8E77973EDE27CFF616EF0BA
:2057000079E7E876F56B64FAF06E61FF7CE2ED73FF616EF073EDE27C76E8E779FA646BF599
:20572000FC626DF370EEE17F75EBE47AF96768F67AE4EB75F66867F9F36D62FC7FE1EE7079
:20574000FA646BF576E8E77973EDE27CFF616EF07CE2ED73F06E61FFF56B64FA79E7E87659
:205760007FE1EE70F36D62FCF66867F97AE4EB75F96768F675EBE47A70EEE17FFC626DF339
:20578000069897098A141B858F111E80039D920C801E118F0C929D0309979806851B148A19
:2057A000831D128C0F919E000A949B0586181789059B940A891718868C121D83009E910FF9
:2057C000851B148A099798060C929D03801E118F039D920C8F111E808A141B8506989709D9
:2057E000009E910F8C121D8389171886059B940A861817890A949B050F919E00831D128CB9
:2058000070EEE17FFC626DF3F96768F675EBE47AF66867F97AE4EB757FE1EE70F36D62FC98
:20582000F56B64FA79E7E8767CE2ED73F06E61FF73EDE27CFF616EF0FA646BF576E8E77978
:20584000F36D62FC7FE1EE707AE4EB75F66867F975EBE47AF96768F6FC626DF370EEE17F58
:2058600076E8E779FA646BF5FF616EF073EDE27CF06E61FF7CE2ED7379E7E876F56B64FA38
:205880000F919E00831D128C861817890A949B0589171886059B940A009E910F8C121D8318
:2058A0008A141B8506989709039D920C8F111E800C929D03801E118F851B148A09979806F8
:2058C0008C121D83009E910F059B940A891718860A949B0586181789831D128C0F919E00D8
:2058E00009979806851B148A801E118F0C929D038F111E80039D920C069897098A141B85B8
:205900000C929D03801E118F851B148A099798068A141B8506989709039D920C8F111E8097
:2059200089171886059B940A009E910F8C121D830F919E00831D128C861817890A949B0577
:205940008F111E80039D920C069897098A141B8509979806851B148A801E118F0C929D0357
:205960000A949B0586181789831D128C0F919E008C121D83009E910F059B940A8917188637
:2059800073EDE27CFF616EF0FA646BF576E8E779F56B64FA79E7E8767CE2ED73F06E61FF17
:2059A000F66867F97AE4EB757FE1EE70F36D62FC70EEE17FFC626DF3F96768F675EBE47AF7
:2059C000F06E61FF7CE2ED7379E7E876F56B64FA76E8E779FA646BF5FF616EF073EDE27CD7
:2059E00075EBE47AF96768F6FC626DF370EEE17FF36D62FC7FE1EE707AE4EB75F66867F9B7
:205A00000A949B0586181789831D128C0F919E008C121D83009E910F059B940A8917188696
:205A20008F111E80039D920C069897098A141B8509979806851B148A801E118F0C929D0376
:205A400089171886059B940A009E910F8C121D830F919E00831D128C861817890A949B0556
:205A60000C929D03801E118F851B148A099798068A141B8506989709039D920C8F111E8036
:205A800075EBE47AF96768F6FC626DF370EEE17FF36D62FC7FE1EE707AE4EB75F66867F916
:205AA000F06E61FF7CE2ED7379E7E876F56B64FA76E8E779FA646BF5FF616EF073EDE27CF6
:205AC000F66867F97AE4EB757FE1EE70F36D62FC70EEE17FFC626DF3F96768F675EBE47AD6
:205AE00073EDE27CFF616EF0FA646BF576E8E779F56B64FA79E7E8767CE2ED73F06E61FFB6
:205B000076E8E779FA646BF5FF616EF073EDE27CF06E61FF7CE2ED7379E7E876F56B64FA95
:205B2000F36D62FC7FE1EE707AE4EB75F66867F975EBE47AF96768F6FC626DF370EEE17F75
:205B4000F56B64FA79E7E8767CE2ED73F06E61FF73EDE27CFF616EF0FA646BF576E8E77955
:205B600070EEE17FFC626DF3F96768F675EBE47AF66867F97AE4EB757FE1EE70F36D62FC35
:205B800009979806851B148A801E118F0C929D038F111E80039D920C069897098A141B8515
:205BA0008C121D83009E910F059B940A891718860A949B0586181789831D128C0F919E00F5
:205BC0008A141B8506989709039D920C8F111E800C929D03801E118F851B148A09979806D5
:205BE0000F919E00831D128C861817890A949B0589171886059B940A009E910F8C121D83B5
:205C000009979806851B148A801E118F0C929D038F111E80039D920C069897098A141B8594
:205C20008C121D83009E910F059B940A891718860A949B0586181789831D128C0F919E0074
:205C40008A141B8506989709039D920C8F111E800C929D03801E118F851B148A0997980654
:205C60000F919E00831D128C861817890A949B0589171886059B940A009E910F8C121D8334
:205C800076E8E779FA646BF5FF616EF073EDE27CF06E61FF7CE2ED7379E7E876F56B64FA14
:205CA000F36D62FC7FE1EE707AE4EB75F66867F975EBE47AF96768F6FC626DF370EEE17FF4
:205CC000F56B64FA79E7E8767CE2ED73F06E61FF73EDE27CFF616EF0FA646BF576E8E779D4
:205CE00070EEE17FFC626DF3F96768F675EBE47AF66867F97AE4EB757FE1EE70F36D62FCB4
:205D000075EBE47AF96768F6FC626DF370EEE17FF36D62FC7FE1EE707AE4EB75F66867F993
:205D2000F06E61FF7CE2ED7379E7E876F56B64FA76E8E779FA646BF5FF616EF073EDE27C73
:205D4000F66867F97AE4EB757FE1EE70F36D62FC70EEE17FFC626DF3F96768F675EBE47A53
:205D600073EDE27CFF616EF0FA646BF576E8E779F56B64FA79E7E8767CE2ED73F06E61FF33
:205D80000A949B0586181789831D128C0F919E008C121D83009E910F059B940A8917188613
:205DA0008F111E80039D920C069897098A141B8509979806851B148A801E118F0C929D03F3
:205DC00089171886059B940A009E910F8C121D830F919E00831D128C861817890A949B05D3
:205DE0000C929D03801E118F851B148A099798068A141B8506989709039D920C8F111E80B3
:205E000073EDE27CFF616EF0FA646BF576E8E779F56B64FA79E7E8767CE2ED73F06E61FF92
:205E2000F66867F97AE4EB757FE1EE70F36D62FC70EEE17FFC626DF3F96768F675EBE47A72
:205E4000F06E61FF7CE2ED7379E7E876F56B64FA76E8E779FA646BF5FF616EF073EDE27C52
:205E600075EBE47AF96768F6FC626DF370EEE17FF36D62FC7FE1EE707AE4EB75F66867F932
:205E80000C929D03801E118F851B148A099798068A141B8506989709039D920C8F111E8012
:205EA00089171886059B940A009E910F8C121D830F919E00831D128C861817890A949B05F2
:205EC0008F111E80039D920C069897098A141B8509979806851B148A801E118F0C929D03D2
:205EE0000A949B0586181789831D128C0F919E008C121D83009E910F059B940A89171886B2
:205F00000F919E00831D128C861817890A949B0589171886059B940A009E910F8C121D8391
:205F20008A141B8506989709039D920C8F111E800C929D03801E118F851B148A0997980671
:205F40008C121D83009E910F059B940A891718860A949B0586181789831D128C0F919E0051
:205F600009979806851B148A801E118F0C929D038F111E80039D920C069897098A141B8531
:205F800070EEE17FFC626DF3F96768F675EBE47AF66867F97AE4EB757FE1EE70F36D62FC11
:205FA000F56B64FA79E7E8767CE2ED73F06E61FF73EDE27CFF616EF0FA646BF576E8E779F1
:205FC000F36D62FC7FE1EE707AE4EB75F66867F975EBE47AF96768F6FC626DF370EEE17FD1
:205FE00076E8E779FA646BF5FF616EF073EDE27CF06E61FF7CE2ED7379E7E876F56B64FAB1
:206000001B858A1497090698920C039D1E808F119D030C92118F801E148A851B9806099790
:206020009E000F91128C831D178986189B050A9418868917940A059B910F009E1D838C1270
:2060400098060997148A851B118F801E9D030C921E808F11920C039D970906981B858A1450
:206060001D838C12910F009E940A059B188689179B050A9417898618128C831D9E000F9130
:2060800064FAF56BE87679E7ED737CE261FFF06EE27C73ED6EF0FF616BF5FA64E77976E810
:2060A000E17F70EE6DF3FC6268F6F967E47A75EB67F9F668EB757AE4EE707FE162FCF36DF0
:2060C000E77976E86BF5FA646EF0FF61E27C73ED61FFF06EED737CE2E87679E764FAF56BD0
:2060E00062FCF36DEE707FE1EB757AE467F9F668E47A75EB68F6F9676DF3FC62E17F70EEB0
:2061000067F9F668EB757AE4EE707FE162FCF36DE17F70EE6DF3FC6268F6F967E47A75EB8F
:20612000E27C73ED6EF0FF616BF5FA64E77976E864FAF56BE87679E7ED737CE261FFF06E6F
:20614000E47A75EB68F6F9676DF3FC62E17F70EE62FCF36DEE707FE1EB757AE467F9F6684F
:2061600061FFF06EED737CE2E87679E764FAF56BE77976E86BF5FA646EF0FF61E27C73ED2F
:2061800018868917940A059B910F009E1D838C129E000F91128C831D178986189B050A940F
:2061A0009D030C92118F801E148A851B980609971B858A1497090698920C039D1E808F11EF
:2061C0009B050A9417898618128C831D9E000F911D838C12910F009E940A059B18868917CF
:2061E0001E808F11920C039D970906981B858A1498060997148A851B118F801E9D030C92AF
:2062000061FFF06EED737CE2E87679E764FAF56BE77976E86BF5FA646EF0FF61E27C73ED8E
:20622000E47A75EB68F6F9676DF3FC62E17F70EE62FCF36DEE707FE1EB757AE467F9F6686E
:20624000E27C73ED6EF0FF616BF5FA64E77976E864FAF56BE87679E7ED737CE261FFF06E4E
:2062600067F9F668EB757AE4EE707FE162FCF36DE17F70EE6DF3FC6268F6F967E47A75EB2E
:206280001E808F11920C039D970906981B858A1498060997148A851B118F801E9D030C920E
:2062A0009B050A9417898618128C831D9E000F911D838C12910F009E940A059B18868917EE
:2062C0009D030C92118F801E148A851B980609971B858A1497090698920C039D1E808F11CE
:2062E00018868917940A059B910F009E1D838C129E000F91128C831D178986189B050A94AE
:206300001D838C12910F009E940A059B188689179B050A9417898618128C831D9E000F918D
:2063200098060997148A851B118F801E9D030C921E808F11920C039D970906981B858A146D
:206340009E000F91128C831D178986189B050A9418868917940A059B910F009E1D838C124D
:206360001B858A1497090698920C039D1E808F119D030C92118F801E148A851B980609972D
:2063800062FCF36DEE707FE1EB757AE467F9F668E47A75EB68F6F9676DF3FC62E17F70EE0D
:2063A000E77976E86BF5FA646EF0FF61E27C73ED61FFF06EED737CE2E87679E764FAF56BED
:2063C000E17F70EE6DF3FC6268F6F967E47A75EB67F9F668EB757AE4EE707FE162FCF36DCD
:2063E00064FAF56BE87679E7ED737CE261FFF06EE27C73ED6EF0FF616BF5FA64E77976E8AD
:2064000062FCF36DEE707FE1EB757AE467F9F668E47A75EB68F6F9676DF3FC62E17F70EE8C
:20642000E77976E86BF5FA646EF0FF61E27C73ED61FFF06EED737CE2E87679E764FAF56B6C
:20644000E17F70EE6DF3FC6268F6F967E47A75EB67F9F668EB757AE4EE707FE162FCF36D4C
:2064600064FAF56BE87679E7ED737CE261FFF06EE27C73ED6EF0FF616BF5FA64E77976E82C
:206480001D838C12910F009E940A059B188689179B050A9417898618128C831D9E000F910C
:2064A00098060997148A851B118F801E9D030C921E808F11920C039D970906981B858A14EC
:2064C0009E000F91128C831D178986189B050A9418868917940A059B910F009E1D838C12CC
:2064E0001B858A1497090698920C039D1E808F119D030C92118F801E148A851B98060997AC
:206500001E808F11920C039D970906981B858A1498060997148A851B118F801E9D030C928B
:206520009B050A9417898618128C831D9E000F911D838C12910F009E940A059B188689176B
:206540009D030C92118F801E148A851B980609971B858A1497090698920C039D1E808F114B
:2065600018868917940A059B910F009E1D838C129E000F91128C831D178986189B050A942B
:2065800061FFF06EED737CE2E87679E764FAF56BE77976E86BF5FA646EF0FF61E27C73ED0B
:2065A000E47A75EB68F6F9676DF3FC62E17F70EE62FCF36DEE707FE1EB757AE467F9F668EB
:2065C000E27C73ED6EF0FF616BF5FA64E77976E864FAF56BE87679E7ED737CE261FFF06ECB
:2065E00067F9F668EB757AE4EE707FE162FCF36DE17F70EE6DF3FC6268F6F967E47A75EBAB
:2066000018868917940A059B910F009E1D838C129E000F91128C831D178986189B050A948A
:206620009D030C92118F801E148A851B980609971B858A1497090698920C039D1E808F116A
:206640009B050A9417898618128C831D9E000F911D838C12910F009E940A059B188689174A
:206660001E808F11920C039D970906981B858A1498060997148A851B118F801E9D030C922A
:2066800067F9F668EB757AE4EE707FE162FCF36DE17F70EE6DF3FC6268F6F967E47A75EB0A
:2066A000E27C73ED6EF0FF616BF5FA64E77976E864FAF56BE87679E7ED737CE261FFF06EEA
:2066C000E47A75EB68F6F9676DF3FC62E17F70EE62FCF36DEE707FE1EB757AE467F9F668CA
:2066E00061FFF06EED737CE2E87679E764FAF56BE77976E86BF5FA646EF0FF61E27C73EDAA
:2067000064FAF56BE87679E7ED737CE261FFF06EE27C73ED6EF0FF616BF5FA64E77976E889
:20672000E17F70EE6DF3FC6268F6F967E47A75EB67F9F668EB757AE4EE707FE162FCF36D69
:20674000E77976E86BF5FA646EF0FF61E27C73ED61FFF06EED737CE2E87679E764FAF56B49
:2067600062FCF36DEE707FE1EB757AE467F9F668E47A75EB68F6F9676DF3FC62E17F70EE29
:206780001B858A1497090698920C039D1E808F119D030C92118F801E148A851B9806099709
:2067A0009E000F91128C831D178986189B050A9418868917940A059B910F009E1D838C12E9
:2067C00098060997148A851B118F801E9D030C921E808F11920C039D970906981B858A14C9
:2067E0001D838C12910F009E940A059B188689179B050A9417898618128C831D9E000F91A9
:206800006DF3FC62E17F70EEE47A75EB68F6F967EB757AE467F9F66862FCF36DEE707FE188
:20682000E87679E764FAF56B61FFF06EED737CE26EF0FF61E27C73EDE77976E86BF5FA6468
:20684000EE707FE162FCF36D67F9F668EB757AE468F6F967E47A75EBE17F70EE6DF3FC6248
:206860006BF5FA64E77976E8E27C73ED6EF0FF61ED737CE261FFF06E64FAF56BE87679E728
:20688000128C831D9E000F919B050A9417898618940A059B188689171D838C12910F009E08
:2068A000970906981B858A141E808F11920C039D118F801E9D030C9298060997148A851BE8
:2068C000910F009E1D838C1218868917940A059B178986189B050A949E000F91128C831DC8
:2068E000148A851B980609979D030C92118F801E920C039D1E808F111B858A1497090698A8
:20690000118F801E9D030C9298060997148A851B970906981B858A141E808F11920C039D87
:20692000940A059B188689171D838C12910F009E128C831D9E000F919B050A941789861867
:20694000920C039D1E808F111B858A1497090698148A851B980609979D030C92118F801E47
:20696000178986189B050A949E000F91128C831D910F009E1D838C1218868917940A059B27
:206980006EF0FF61E27C73EDE77976E86BF5FA64E87679E764FAF56B61FFF06EED737CE207
:2069A000EB757AE467F9F66862FCF36DEE707FE16DF3FC62E17F70EEE47A75EB68F6F967E7
:2069C000ED737CE261FFF06E64FAF56BE87679E76BF5FA64E77976E8E27C73ED6EF0FF61C7
:2069E00068F6F967E47A75EBE17F70EE6DF3FC62EE707FE162FCF36D67F9F668EB757AE4A7
:206A0000178986189B050A949E000F91128C831D910F009E1D838C1218868917940A059B86
:206A2000920C039D1E808F111B858A1497090698148A851B980609979D030C92118F801E66
:206A4000940A059B188689171D838C12910F009E128C831D9E000F919B050A941789861846
:206A6000118F801E9D030C9298060997148A851B970906981B858A141E808F11920C039D26
:206A800068F6F967E47A75EBE17F70EE6DF3FC62EE707FE162FCF36D67F9F668EB757AE406
:206AA000ED737CE261FFF06E64FAF56BE87679E76BF5FA64E77976E8E27C73ED6EF0FF61E6
:206AC000EB757AE467F9F66862FCF36DEE707FE16DF3FC62E17F70EEE47A75EB68F6F967C6
:206AE0006EF0FF61E27C73EDE77976E86BF5FA64E87679E764FAF56B61FFF06EED737CE2A6
:206B00006BF5FA64E77976E8E27C73ED6EF0FF61ED737CE261FFF06E64FAF56BE87679E785
:206B2000EE707FE162FCF36D67F9F668EB757AE468F6F967E47A75EBE17F70EE6DF3FC6265
:206B4000E87679E764FAF56B61FFF06EED737CE26EF0FF61E27C73EDE77976E86BF5FA6445
:206B60006DF3FC62E17F70EEE47A75EB68F6F967EB757AE467F9F66862FCF36DEE707FE125
:206B8000148A851B980609979D030C92118F801E920C039D1E808F111B858A149709069805
:206BA000910F009E1D838C1218868917940A059B178986189B050A949E000F91128C831DE5
:206BC000970906981B858A141E808F11920C039D118F801E9D030C9298060997148A851BC5
:206BE000128C831D9E000F919B050A9417898618940A059B188689171D838C12910F009EA5
:206C0000148A851B980609979D030C92118F801E920C039D1E808F111B858A149709069884
:206C2000910F009E1D838C1218868917940A059B178986189B050A949E000F91128C831D64
:206C4000970906981B858A141E808F11920C039D118F801E9D030C9298060997148A851B44
:206C6000128C831D9E000F919B050A9417898618940A059B188689171D838C12910F009E24
:206C80006BF5FA64E77976E8E27C73ED6EF0FF61ED737CE261FFF06E64FAF56BE87679E704
:206CA000EE707FE162FCF36D67F9F668EB757AE468F6F967E47A75EBE17F70EE6DF3FC62E4
:206CC000E87679E764FAF56B61FFF06EED737CE26EF0FF61E27C73EDE77976E86BF5FA64C4
:206CE0006DF3FC62E17F70EEE47A75EB68F6F967EB757AE467F9F66862FCF36DEE707FE1A4
:206D000068F6F967E47A75EBE17F70EE6DF3FC62EE707FE162FCF36D67F9F668EB757AE483
:206D2000ED737CE261FFF06E64FAF56BE87679E76BF5FA64E77976E8E27C73ED6EF0FF6163
:206D4000EB757AE467F9F66862FCF36DEE707FE16DF3FC62E17F70EEE47A75EB68F6F96743
:206D60006EF0FF61E27C73EDE77976E86BF5FA64E87679E764FAF56B61FFF06EED737CE223
:206D8000178986189B050A949E000F91128C831D910F009E1D838C1218868917940A059B03
:206DA000920C039D1E808F111B858A1497090698148A851B980609979D030C92118F801EE3
:206DC000940A059B188689171D838C12910F009E128C831D9E000F919B050A9417898618C3
:206DE000118F801E9D030C9298060997148A851B970906981B858A141E808F11920C039DA3
:206E00006EF0FF61E27C73EDE77976E86BF5FA64E87679E764FAF56B61FFF06EED737CE282
:206E2000EB757AE467F9F66862FCF36DEE707FE16DF3FC62E17F70EEE47A75EB68F6F96762
:206E4000ED737CE261FFF06E64FAF56BE87679E76BF5FA64E77976E8E27C73ED6EF0FF6142
:206E600068F6F967E47A75EBE17F70EE6DF3FC62EE707FE162FCF36D67F9F668EB757AE422
:206E8000118F801E9D030C9298060997148A851B970906981B858A141E808F11920C039D02
:206EA000940A059B188689171D838C12910F009E128C831D9E000F919B050A9417898618E2
:206EC000920C039D1E808F111B858A1497090698148A851B980609979D030C92118F801EC2
:206EE000178986189B050A949E000F91128C831D910F009E1D838C1218868917940A059BA2
:206F0000128C831D9E000F919B050A9417898618940A059B188689171D838C12910F009E81
:206F2000970906981B858A141E808F11920C039D118F801E9D030C9298060997148A851B61
:206F4000910F009E1D838C1218868917940A059B178986189B050A949E000F91128C831D41
:206F6000148A851B980609979D030C92118F801E920C039D1E808F111B858A149709069821
:206F80006DF3FC62E17F70EEE47A75EB68F6F967EB757AE467F9F66862FCF36DEE707FE101
:206FA000E87679E764FAF56B61FFF06EED737CE26EF0FF61E27C73EDE77976E86BF5FA64E1
:206FC000EE707FE162FCF36D67F9F668EB757AE468F6F967E47A75EBE17F70EE6DF3FC62C1
:206FE0006BF5FA64E77976E8E27C73ED6EF0FF61ED737CE261FFF06E64FAF56BE87679E7A1
:2070000068F6F967E47A75EBE17F70EE6DF3FC62EE707FE162FCF36D67F9F668EB757AE480
:20702000ED737CE261FFF06E64FAF56BE87679E76BF5FA64E77976E8E27C73ED6EF0FF6160
:20704000EB757AE467F9F66862FCF36DEE707FE16DF3FC62E17F70EEE47A75EB68F6F96740
:207060006EF0FF61E27C73EDE77976E86BF5FA64E87679E764FAF56B61FFF06EED737CE220
:20708000178986189B050A949E000F91128C831D910F009E1D838C1218868917940A059B00
:2070A000920C039D1E808F111B858A1497090698148A851B980609979D030C92118F801EE0
:2070C000940A059B188689171D838C12910F009E128C831D9E000F919B050A9417898618C0
:2070E000118F801E9D030C9298060997148A851B970906981B858A141E808F11920C039DA0
:20710000148A851B980609979D030C92118F801E920C039D1E808F111B858A14970906987F
:20712000910F009E1D838C1218868917940A059B178986189B050A949E000F91128C831D5F
:20714000970906981B858A141E808F11920C039D118F801E9D030C9298060997148A851B3F
:20716000128C831D9E000F919B050A9417898618940A059B188689171D838C12910F009E1F
:207180006BF5FA64E77976E8E27C73ED6EF0FF61ED737CE261FFF06E64FAF56BE87679E7FF
:2071A000EE707FE162FCF36D67F9F668EB757AE468F6F967E47A75EBE17F70EE6DF3FC62DF
:2071C000E87679E764FAF56B61FFF06EED737CE26EF0FF61E27C73EDE77976E86BF5FA64BF
:2071E0006DF3FC62E17F70EEE47A75EB68F6F967EB757AE467F9F66862FCF36DEE707FE19F
:20720000128C831D9E000F919B050A9417898618940A059B188689171D838C12910F009E7E
:20722000970906981B858A141E808F11920C039D118F801E9D030C9298060997148A851B5E
:20724000910F009E1D838C1218868917940A059B178986189B050A949E000F91128C831D3E
:20726000148A851B980609979D030C92118F801E920C039D1E808F111B858A14970906981E
:207280006DF3FC62E17F70EEE47A75EB68F6F967EB757AE467F9F66862FCF36DEE707FE1FE
:2072A000E87679E764FAF56B61FFF06EED737CE26EF0FF61E27C73EDE77976E86BF5FA64DE
:2072C000EE707FE162FCF36D67F9F668EB757AE468F6F967E47A75EBE17F70EE6DF3FC62BE
:2072E0006BF5FA64E77976E8E27C73ED6EF0FF61ED737CE261FFF06E64FAF56BE87679E79E
:207300006EF0FF61E27C73EDE77976E86BF5FA64E87679E764FAF56B61FFF06EED737CE27D
:20732000EB757AE467F9F66862FCF36DEE707FE16DF3FC62E17F70EEE47A75EB68F6F9675D
:20734000ED737CE261FFF06E64FAF56BE87679E76BF5FA64E77976E8E27C73ED6EF0FF613D
:2073600068F6F967E47A75EBE17F70EE6DF3FC62EE707FE162FCF36D67F9F668EB757AE41D
:20738000118F801E9D030C9298060997148A851B970906981B858A141E808F11920C039DFD
:2073A000940A059B188689171D838C12910F009E128C831D9E000F919B050A9417898618DD
:2073C000920C039D1E808F111B858A1497090698148A851B980609979D030C92118F801EBD
:2073E000178986189B050A949E000F91128C831D910F009E1D838C1218868917940A059B9D
:20740000118F801E9D030C9298060997148A851B970906981B858A141E808F11920C039D7C
:20742000940A059B188689171D838C12910F009E128C831D9E000F919B050A94178986185C
:20744000920C039D1E808F111B858A1497090698148A851B980609979D030C92118F801E3C
:20746000178986189B050A949E000F91128C831D910F009E1D838C1218868917940A059B1C
:207480006EF0FF61E27C73EDE77976E86BF5FA64E87679E764FAF56B61FFF06EED737CE2FC
:2074A000EB757AE467F9F66862FCF36DEE707FE16DF3FC62E17F70EEE47A75EB68F6F967DC
:2074C000ED737CE261FFF06E64FAF56BE87679E76BF5FA64E77976E8E27C73ED6EF0FF61BC
:2074E00068F6F967E47A75EBE17F70EE6DF3FC62EE707FE162FCF36D67F9F668EB757AE49C
:207500006DF3FC62E17F70EEE47A75EB68F6F967EB757AE467F9F66862FCF36DEE707FE17B
:20752000E87679E764FAF56B61FFF06EED737CE26EF0FF61E27C73EDE77976E86BF5FA645B
:20754000EE707FE162FCF36D67F9F668EB757AE468F6F967E47A75EBE17F70EE6DF3FC623B
:207560006BF5FA64E77976E8E27C73ED6EF0FF61ED737CE261FFF06E64FAF56BE87679E71B
:20758000128C831D9E000F919B050A9417898618940A059B188689171D838C12910F009EFB
:2075A000970906981B858A141E808F11920C039D118F801E9D030C9298060997148A851BDB
:2075C000910F009E1D838C1218868917940A059B178986189B050A949E000F91128C831DBB
:2075E000148A851B980609979D030C92118F801E920C039D1E808F111B858A14970906989B
:207600006BF5FA64E77976E8E27C73ED6EF0FF61ED737CE261FFF06E64FAF56BE87679E77A
:20762000EE707FE162FCF36D67F9F668EB757AE468F6F967E47A75EBE17F70EE6DF3FC625A
:20764000E87679E764FAF56B61FFF06EED737CE26EF0FF61E27C73EDE77976E86BF5FA643A
:207660006DF3FC62E17F70EEE47A75EB68F6F967EB757AE467F9F66862FCF36DEE707FE11A
:20768000148A851B980609979D030C92118F801E920C039D1E808F111B858A1497090698FA
:2076A000910F009E1D838C1218868917940A059B178986189B050A949E000F91128C831DDA
:2076C000970906981B858A141E808F11920C039D118F801E9D030C9298060997148A851BBA
:2076E000128C831D9E000F919B050A9417898618940A059B188689171D838C12910F009E9A
:20770000178986189B050A949E000F91128C831D910F009E1D838C1218868917940A059B79
:20772000920C039D1E808F111B858A1497090698148A851B980609979D030C92118F801E59
:20774000940A059B188689171D838C12910F009E128C831D9E000F919B050A941789861839
:20776000118F801E9D030C9298060997148A851B970906981B858A141E808F11920C039D19
:2077800068F6F967E47A75EBE17F70EE6DF3FC62EE707FE162FCF36D67F9F668EB757AE4F9
:2077A000ED737CE261FFF06E64FAF56BE87679E76BF5FA64E77976E8E27C73ED6EF0FF61D9
:2077C000EB757AE467F9F66862FCF36DEE707FE16DF3FC62E17F70EEE47A75EB68F6F967B9
:2077E0006EF0FF61E27C73EDE77976E86BF5FA64E87679E764FAF56B61FFF06EED737CE299
:207800001E808F11920C039D970906981B858A1498060997148A851B118F801E9D030C9278
:207820009B050A9417898618128C831D9E000F911D838C12910F009E940A059B1886891758
:207840009D030C92118F801E148A851B980609971B858A1497090698920C039D1E808F1138
:2078600018868917940A059B910F009E1D838C129E000F91128C831D178986189B050A9418
:2078800061FFF06EED737CE2E87679E764FAF56BE77976E86BF5FA646EF0FF61E27C73EDF8
:2078A000E47A75EB68F6F9676DF3FC62E17F70EE62FCF36DEE707FE1EB757AE467F9F668D8
:2078C000E27C73ED6EF0FF616BF5FA64E77976E864FAF56BE87679E7ED737CE261FFF06EB8
:2078E00067F9F668EB757AE4EE707FE162FCF36DE17F70EE6DF3FC6268F6F967E47A75EB98
:2079000062FCF36DEE707FE1EB757AE467F9F668E47A75EB68F6F9676DF3FC62E17F70EE77
:20792000E77976E86BF5FA646EF0FF61E27C73ED61FFF06EED737CE2E87679E764FAF56B57
:20794000E17F70EE6DF3FC6268F6F967E47A75EB67F9F668EB757AE4EE707FE162FCF36D37
:2079600064FAF56BE87679E7ED737CE261FFF06EE27C73ED6EF0FF616BF5FA64E77976E817
:207980001D838C12910F009E940A059B188689179B050A9417898618128C831D9E000F91F7
:2079A00098060997148A851B118F801E9D030C921E808F11920C039D970906981B858A14D7
:2079C0009E000F91128C831D178986189B050A9418868917940A059B910F009E1D838C12B7
:2079E0001B858A1497090698920C039D1E808F119D030C92118F801E148A851B9806099797
:207A000064FAF56BE87679E7ED737CE261FFF06EE27C73ED6EF0FF616BF5FA64E77976E876
:207A2000E17F70EE6DF3FC6268F6F967E47A75EB67F9F668EB757AE4EE707FE162FCF36D56
:207A4000E77976E86BF5FA646EF0FF61E27C73ED61FFF06EED737CE2E87679E764FAF56B36
:207A600062FCF36DEE707FE1EB757AE467F9F668E47A75EB68F6F9676DF3FC62E17F70EE16
:207A80001B858A1497090698920C039D1E808F119D030C92118F801E148A851B98060997F6
:207AA0009E000F91128C831D178986189B050A9418868917940A059B910F009E1D838C12D6
:207AC00098060997148A851B118F801E9D030C921E808F11920C039D970906981B858A14B6
:207AE0001D838C12910F009E940A059B188689179B050A9417898618128C831D9E000F9196
:207B000018868917940A059B910F009E1D838C129E000F91128C831D178986189B050A9475
:207B20009D030C92118F801E148A851B980609971B858A1497090698920C039D1E808F1155
:207B40009B050A9417898618128C831D9E000F911D838C12910F009E940A059B1886891735
:207B60001E808F11920C039D970906981B858A1498060997148A851B118F801E9D030C9215
:207B800067F9F668EB757AE4EE707FE162FCF36DE17F70EE6DF3FC6268F6F967E47A75EBF5
:207BA000E27C73ED6EF0FF616BF5FA64E77976E864FAF56BE87679E7ED737CE261FFF06ED5
:207BC000E47A75EB68F6F9676DF3FC62E17F70EE62FCF36DEE707FE1EB757AE467F9F668B5
:207BE00061FFF06EED737CE2E87679E764FAF56BE77976E86BF5FA646EF0FF61E27C73ED95
:207C000067F9F668EB757AE4EE707FE162FCF36DE17F70EE6DF3FC6268F6F967E47A75EB74
:207C2000E27C73ED6EF0FF616BF5FA64E77976E864FAF56BE87679E7ED737CE261FFF06E54
:207C4000E47A75EB68F6F9676DF3FC62E17F70EE62FCF36DEE707FE1EB757AE467F9F66834
:207C600061FFF06EED737CE2E87679E764FAF56BE77976E86BF5FA646EF0FF61E27C73ED14
:207C800018868917940A059B910F009E1D838C129E000F91128C831D178986189B050A94F4
:207CA0009D030C92118F801E148A851B980609971B858A1497090698920C039D1E808F11D4
:207CC0009B050A9417898618128C831D9E000F911D838C12910F009E940A059B18868917B4
:207CE0001E808F11920C039D970906981B858A1498060997148A851B118F801E9D030C9294
:207D00001B858A1497090698920C039D1E808F119D030C92118F801E148A851B9806099773
:207D20009E000F91128C831D178986189B050A9418868917940A059B910F009E1D838C1253
:207D400098060997148A851B118F801E9D030C921E808F11920C039D970906981B858A1433
:207D60001D838C12910F009E940A059B188689179B050A9417898618128C831D9E000F9113
:207D800064FAF56BE87679E7ED737CE261FFF06EE27C73ED6EF0FF616BF5FA64E77976E8F3
:207DA000E17F70EE6DF3FC6268F6F967E47A75EB67F9F668EB757AE4EE707FE162FCF36DD3
:207DC000E77976E86BF5FA646EF0FF61E27C73ED61FFF06EED737CE2E87679E764FAF56BB3
:207DE00062FCF36DEE707FE1EB757AE467F9F668E47A75EB68F6F9676DF3FC62E17F70EE93
:207E00001D838C12910F009E940A059B188689179B050A9417898618128C831D9E000F9172
:207E200098060997148A851B118F801E9D030C921E808F11920C039D970906981B858A1452
:207E40009E000F91128C831D178986189B050A9418868917940A059B910F009E1D838C1232
:207E60001B858A1497090698920C039D1E808F119D030C92118F801E148A851B9806099712
:207E800062FCF36DEE707FE1EB757AE467F9F668E47A75EB68F6F9676DF3FC62E17F70EEF2
:207EA000E77976E86BF5FA646EF0FF61E27C73ED61FFF06EED737CE2E87679E764FAF56BD2
:207EC000E17F70EE6DF3FC6268F6F967E47A75EB67F9F668EB757AE4EE707FE162FCF36DB2
:207EE00064FAF56BE87679E7ED737CE261FFF06EE27C73ED6EF0FF616BF5FA64E77976E892
:207F000061FFF06EED737CE2E87679E764FAF56BE77976E86BF5FA646EF0FF61E27C73ED71
:207F2000E47A75EB68F6F9676DF3FC62E17F70EE62FCF36DEE707FE1EB757AE467F9F66851
:207F4000E27C73ED6EF0FF616BF5FA64E77976E864FAF56BE87679E7ED737CE261FFF06E31
:207F600067F9F668EB757AE4EE707FE162FCF36DE17F70EE6DF3FC6268F6F967E47A75EB11
:207F80001E808F11920C039D970906981B858A1498060997148A851B118F801E9D030C92F1
:207FA0009B050A9417898618128C831D9E000F911D838C12910F009E940A059B18868917D1
:207FC0009D030C92118F801E148A851B980609971B858A1497090698920C039D1E808F11B1
:207FE00018868917940A059B910F009E1D838C129E000F91128C831D178986189B050A9491
:208000004AD4DB45C65857C9C35D52CC4FD1DE40CC525DC340DED14F45DBD44AC95758C670
:20802000CF515EC043DDD24C46D8D749CA545BC549D7D846C55B54CAC05E51CF4CD2DD4350
:20804000C95758C645DBD44A40DED14FCC525DC34FD1DE40C35D52CCC65857C94AD4DB4530
:208060004CD2DD43C05E51CFC55B54CA49D7D846CA545BC546D8D74943DDD24CCF515EC010
:2080800035ABA43AB92728B6BC222DB330AEA13FB32D22BC3FA1AE303AA4AB35B62827B9F0
:2080A000B02E21BF3CA2AD3339A7A836B52B24BA36A8A739BA242BB5BF212EB033ADA23CD0
:2080C000B62827B93AA4AB353FA1AE30B32D22BC30AEA13FBC222DB3B92728B635ABA43AB0
:2080E00033ADA23CBF212EB0BA242BB536A8A739B52B24BA39A7A8363CA2AD33B02E21BF90
:2081000036A8A739BA242BB5BF212EB033ADA23CB02E21BF3CA2AD3339A7A836B52B24BA6F
:20812000B32D22BC3FA1AE303AA4AB35B62827B935ABA43AB92728B6BC222DB330AEA13F4F
:20814000B52B24BA39A7A8363CA2AD33B02E21BF33ADA23CBF212EB0BA242BB536A8A7392F
:2081600030AEA13FBC222DB3B92728B635ABA43AB62827B93AA4AB353FA1AE30B32D22BC0F
:2081800049D7D846C55B54CAC05E51CF4CD2DD43CF515EC043DDD24C46D8D749CA545BC5EF
:2081A000CC525DC340DED14F45DBD44AC95758C64AD4DB45C65857C9C35D52CC4FD1DE40CF
:2081C000CA545BC546D8D74943DDD24CCF515EC04CD2DD43C05E51CFC55B54CA49D7D846AF
:2081E0004FD1DE40C35D52CCC65857C94AD4DB45C95758C645DBD44A40DED14FCC525DC38F
:2082000030AEA13FBC222DB3B92728B635ABA43AB62827B93AA4AB353FA1AE30B32D22BC6E
:20822000B52B24BA39A7A8363CA2AD33B02E21BF33ADA23CBF212EB0BA242BB536A8A7394E
:20824000B32D22BC3FA1AE303AA4AB35B62827B935ABA43AB92728B6BC222DB330AEA13F2E
:2082600036A8A739BA242BB5BF212EB033ADA23CB02E21BF3CA2AD3339A7A836B52B24BA0E
:208280004FD1DE40C35D52CCC65857C94AD4DB45C95758C645DBD44A40DED14FCC525DC3EE
:2082A000CA545BC546D8D74943DDD24CCF515EC04CD2DD43C05E51CFC55B54CA49D7D846CE
:2082C000CC525DC340DED14F45DBD44AC95758C64AD4DB45C65857C9C35D52CC4FD1DE40AE
:2082E00049D7D846C55B54CAC05E51CF4CD2DD43CF515EC043DDD24C46D8D749CA545BC58E
:208300004CD2DD43C05E51CFC55B54CA49D7D846CA545BC546D8D74943DDD24CCF515EC06D
:20832000C95758C645DBD44A40DED14FCC525DC34FD1DE40C35D52CCC65857C94AD4DB454D
:20834000CF515EC043DDD24C46D8D749CA545BC549D7D846C55B54CAC05E51CF4CD2DD432D
:208360004AD4DB45C65857C9C35D52CC4FD1DE40CC525DC340DED14F45DBD44AC95758C60D
:2083800033ADA23CBF212EB0BA242BB536A8A739B52B24BA39A7A8363CA2AD33B02E21BFED
:2083A000B62827B93AA4AB353FA1AE30B32D22BC30AEA13FBC222DB3B92728B635ABA43ACD
:2083C000B02E21BF3CA2AD3339A7A836B52B24BA36A8A739BA242BB5BF212EB033ADA23CAD
:2083E00035ABA43AB92728B6BC222DB330AEA13FB32D22BC3FA1AE303AA4AB35B62827B98D
:2084000033ADA23CBF212EB0BA242BB536A8A739B52B24BA39A7A8363CA2AD33B02E21BF6C
:20842000B62827B93AA4AB353FA1AE30B32D22BC30AEA13FBC222DB3B92728B635ABA43A4C
:20844000B02E21BF3CA2AD3339A7A836B52B24BA36A8A739BA242BB5BF212EB033ADA23C2C
:2084600035ABA43AB92728B6BC222DB330AEA13FB32D22BC3FA1AE303AA4AB35B62827B90C
:208480004CD2DD43C05E51CFC55B54CA49D7D846CA545BC546D8D74943DDD24CCF515EC0EC
:2084A000C95758C645DBD44A40DED14FCC525DC34FD1DE40C35D52CCC65857C94AD4DB45CC
:2084C000CF515EC043DDD24C46D8D749CA545BC549D7D846C55B54CAC05E51CF4CD2DD43AC
:2084E0004AD4DB45C65857C9C35D52CC4FD1DE40CC525DC340DED14F45DBD44AC95758C68C
:208500004FD1DE40C35D52CCC65857C94AD4DB45C95758C645DBD44A40DED14FCC525DC36B
:20852000CA545BC546D8D74943DDD24CCF515EC04CD2DD43C05E51CFC55B54CA49D7D8464B
:20854000CC525DC340DED14F45DBD44AC95758C64AD4DB45C65857C9C35D52CC4FD1DE402B
:2085600049D7D846C55B54CAC05E51CF4CD2DD43CF515EC043DDD24C46D8D749CA545BC50B
:2085800030AEA13FBC222DB3B92728B635ABA43AB62827B93AA4AB353FA1AE30B32D22BCEB
:2085A000B52B24BA39A7A8363CA2AD33B02E21BF33ADA23CBF212EB0BA242BB536A8A739CB
:2085C000B32D22BC3FA1AE303AA4AB35B62827B935ABA43AB92728B6BC222DB330AEA13FAB
:2085E00036A8A739BA242BB5BF212EB033ADA23CB02E21BF3CA2AD3339A7A836B52B24BA8B
:2086000049D7D846C55B54CAC05E51CF4CD2DD43CF515EC043DDD24C46D8D749CA545BC56A
:20862000CC525DC340DED14F45DBD44AC95758C64AD4DB45C65857C9C35D52CC4FD1DE404A
:20864000CA545BC546D8D74943DDD24CCF515EC04CD2DD43C05E51CFC55B54CA49D7D8462A
:208660004FD1DE40C35D52CCC65857C94AD4DB45C95758C645DBD44A40DED14FCC525DC30A
:2086800036A8A739BA242BB5BF212EB033ADA23CB02E21BF3CA2AD3339A7A836B52B24BAEA
:2086A000B32D22BC3FA1AE303AA4AB35B62827B935ABA43AB92728B6BC222DB330AEA13FCA
:2086C000B52B24BA39A7A8363CA2AD33B02E21BF33ADA23CBF212EB0BA242BB536A8A739AA
:2086E00030AEA13FBC222DB3B92728B635ABA43AB62827B93AA4AB353FA1AE30B32D22BC8A
:2087000035ABA43AB92728B6BC222DB330AEA13FB32D22BC3FA1AE303AA4AB35B62827B969
:20872000B02E21BF3CA2AD3339A7A836B52B24BA36A8A739BA242BB5BF212EB033ADA23C49
:20874000B62827B93AA4AB353FA1AE30B32D22BC30AEA13FBC222DB3B92728B635ABA43A29
:2087600033ADA23CBF212EB0BA242BB536A8A739B52B24BA39A7A8363CA2AD33B02E21BF09
:208780004AD4DB45C65857C9C35D52CC4FD1DE40CC525DC340DED14F45DBD44AC95758C6E9
:2087A000CF515EC043DDD24C46D8D749CA545BC549D7D846C55B54CAC05E51CF4CD2DD43C9
:2087C000C95758C645DBD44A40DED14FCC525DC34FD1DE40C35D52CCC65857C94AD4DB45A9
:2087E0004CD2DD43C05E51CFC55B54CA49D7D846CA545BC546D8D74943DDD24CCF515EC089
:208800003CA2AD33B02E21BFB52B24BA39A7A836BA242BB536A8A73933ADA23CBF212EB068
:20882000B92728B635ABA43A30AEA13FBC222DB33FA1AE30B32D22BCB62827B93AA4AB3548
:20884000BF212EB033ADA23C36A8A739BA242BB539A7A836B52B24BAB02E21BF3CA2AD3328
:208860003AA4AB35B62827B9B32D22BC3FA1AE30BC222DB330AEA13F35ABA43AB92728B608
:2088800043DDD24CCF515EC0CA545BC546D8D749C55B54CA49D7D8464CD2DD43C05E51CFE8
:2088A000C65857C94AD4DB454FD1DE40C35D52CC40DED14FCC525DC3C95758C645DBD44AC8
:2088C000C05E51CF4CD2DD4349D7D846C55B54CA46D8D749CA545BC5CF515EC043DDD24CA8
:2088E00045DBD44AC95758C6CC525DC340DED14FC35D52CC4FD1DE404AD4DB45C65857C988
:2089000040DED14FCC525DC3C95758C645DBD44AC65857C94AD4DB454FD1DE40C35D52CC67
:20892000C55B54CA49D7D8464CD2DD43C05E51CF43DDD24CCF515EC0CA545BC546D8D74947
:20894000C35D52CC4FD1DE404AD4DB45C65857C945DBD44AC95758C6CC525DC340DED14F27
:2089600046D8D749CA545BC5CF515EC043DDD24CC05E51CF4CD2DD4349D7D846C55B54CA07
:208980003FA1AE30B32D22BCB62827B93AA4AB35B92728B635ABA43A30AEA13FBC222DB3E7
:2089A000BA242BB536A8A73933ADA23CBF212EB03CA2AD33B02E21BFB52B24BA39A7A836C7
:2089C000BC222DB330AEA13F35ABA43AB92728B63AA4AB35B62827B9B32D22BC3FA1AE30A7
:2089E00039A7A836B52B24BAB02E21BF3CA2AD33BF212EB033ADA23C36A8A739BA242BB587
:208A000046D8D749CA545BC5CF515EC043DDD24CC05E51CF4CD2DD4349D7D846C55B54CA66
:208A2000C35D52CC4FD1DE404AD4DB45C65857C945DBD44AC95758C6CC525DC340DED14F46
:208A4000C55B54CA49D7D8464CD2DD43C05E51CF43DDD24CCF515EC0CA545BC546D8D74926
:208A600040DED14FCC525DC3C95758C645DBD44AC65857C94AD4DB454FD1DE40C35D52CC06
:208A800039A7A836B52B24BAB02E21BF3CA2AD33BF212EB033ADA23C36A8A739BA242BB5E6
:208AA000BC222DB330AEA13F35ABA43AB92728B63AA4AB35B62827B9B32D22BC3FA1AE30C6
:208AC000BA242BB536A8A73933ADA23CBF212EB03CA2AD33B02E21BFB52B24BA39A7A836A6
:208AE0003FA1AE30B32D22BCB62827B93AA4AB35B92728B635ABA43A30AEA13FBC222DB386
:208B00003AA4AB35B62827B9B32D22BC3FA1AE30BC222DB330AEA13F35ABA43AB92728B665
:208B2000BF212EB033ADA23C36A8A739BA242BB539A7A836B52B24BAB02E21BF3CA2AD3345
:208B4000B92728B635ABA43A30AEA13FBC222DB33FA1AE30B32D22BCB62827B93AA4AB3525
:208B60003CA2AD33B02E21BFB52B24BA39A7A836BA242BB536A8A73933ADA23CBF212EB005
:208B800045DBD44AC95758C6CC525DC340DED14FC35D52CC4FD1DE404AD4DB45C65857C9E5
:208BA000C05E51CF4CD2DD4349D7D846C55B54CA46D8D749CA545BC5CF515EC043DDD24CC5
:208BC000C65857C94AD4DB454FD1DE40C35D52CC40DED14FCC525DC3C95758C645DBD44AA5
:208BE00043DDD24CCF515EC0CA545BC546D8D749C55B54CA49D7D8464CD2DD43C05E51CF85
:208C000045DBD44AC95758C6CC525DC340DED14FC35D52CC4FD1DE404AD4DB45C65857C964
:208C2000C05E51CF4CD2DD4349D7D846C55B54CA46D8D749CA545BC5CF515EC043DDD24C44
:208C4000C65857C94AD4DB454FD1DE40C35D52CC40DED14FCC525DC3C95758C645DBD44A24
:208C600043DDD24CCF515EC0CA545BC546D8D749C55B54CA49D7D8464CD2DD43C05E51CF04
:208C80003AA4AB35B62827B9B32D22BC3FA1AE30BC222DB330AEA13F35ABA43AB92728B6E4
:208CA000BF212EB033ADA23C36A8A739BA242BB539A7A836B52B24BAB02E21BF3CA2AD33C4
:208CC000B92728B635ABA43A30AEA13FBC222DB33FA1AE30B32D22BCB62827B93AA4AB35A4
:208CE0003CA2AD33B02E21BFB52B24BA39A7A836BA242BB536A8A73933ADA23CBF212EB084
:208D000039A7A836B52B24BAB02E21BF3CA2AD33BF212EB033ADA23C36A8A739BA242BB563
:208D2000BC222DB330AEA13F35ABA43AB92728B63AA4AB35B62827B9B32D22BC3FA1AE3043
:208D4000BA242BB536A8A73933ADA23CBF212EB03CA2AD33B02E21BFB52B24BA39A7A83623
:208D60003FA1AE30B32D22BCB62827B93AA4AB35B92728B635ABA43A30AEA13FBC222DB303
:208D800046D8D749CA545BC5CF515EC043DDD24CC05E51CF4CD2DD4349D7D846C55B54CAE3
:208DA000C35D52CC4FD1DE404AD4DB45C65857C945DBD44AC95758C6CC525DC340DED14FC3
:208DC000C55B54CA49D7D8464CD2DD43C05E51CF43DDD24CCF515EC0CA545BC546D8D749A3
:208DE00040DED14FCC525DC3C95758C645DBD44AC65857C94AD4DB454FD1DE40C35D52CC83
:208E00003FA1AE30B32D22BCB62827B93AA4AB35B92728B635ABA43A30AEA13FBC222DB362
:208E2000BA242BB536A8A73933ADA23CBF212EB03CA2AD33B02E21BFB52B24BA39A7A83642
:208E4000BC222DB330AEA13F35ABA43AB92728B63AA4AB35B62827B9B32D22BC3FA1AE3022
:208E600039A7A836B52B24BAB02E21BF3CA2AD33BF212EB033ADA23C36A8A739BA242BB502
:208E800040DED14FCC525DC3C95758C645DBD44AC65857C94AD4DB454FD1DE40C35D52CCE2
:208EA000C55B54CA49D7D8464CD2DD43C05E51CF43DDD24CCF515EC0CA545BC546D8D749C2
:208EC000C35D52CC4FD1DE404AD4DB45C65857C945DBD44AC95758C6CC525DC340DED14FA2
:208EE00046D8D749CA545BC5CF515EC043DDD24CC05E51CF4CD2DD4349D7D846C55B54CA82
:208F000043DDD24CCF515EC0CA545BC546D8D749C55B54CA49D7D8464CD2DD43C05E51CF61
:208F2000C65857C94AD4DB454FD1DE40C35D52CC40DED14FCC525DC3C95758C645DBD44A41
:208F4000C05E51CF4CD2DD4349D7D846C55B54CA46D8D749CA545BC5CF515EC043DDD24C21
:208F600045DBD44AC95758C6CC525DC340DED14FC35D52CC4FD1DE404AD4DB45C65857C901
:208F80003CA2AD33B02E21BFB52B24BA39A7A836BA242BB536A8A73933ADA23CBF212EB0E1
:208FA000B92728B635ABA43A30AEA13FBC222DB33FA1AE30B32D22BCB62827B93AA4AB35C1
:208FC000BF212EB033ADA23C36A8A739BA242BB539A7A836B52B24BAB02E21BF3CA2AD33A1
:208FE0003AA4AB35B62827B9B32D22BC3FA1AE30BC222DB330AEA13F35ABA43AB92728B681
:2090000039A7A836B52B24BAB02E21BF3CA2AD33BF212EB033ADA23C36A8A739BA242BB560
:20902000BC222DB330AEA13F35ABA43AB92728B63AA4AB35B62827B9B32D22BC3FA1AE3040
:20904000BA242BB536A8A73933ADA23CBF212EB03CA2AD33B02E21BFB52B24BA39A7A83620
:209060003FA1AE30B32D22BCB62827B93AA4AB35B92728B635ABA43A30AEA13FBC222DB300
:2090800046D8D749CA545BC5CF515EC043DDD24CC05E51CF4CD2DD4349D7D846C55B54CAE0
:2090A000C35D52CC4FD1DE404AD4DB45C65857C945DBD44AC95758C6CC525DC340DED14FC0
:2090C000C55B54CA49D7D8464CD2DD43C05E51CF43DDD24CCF515EC0CA545BC546D8D749A0
:2090E00040DED14FCC525DC3C95758C645DBD44AC65857C94AD4DB454FD1DE40C35D52CC80
:2091000045DBD44AC95758C6CC525DC340DED14FC35D52CC4FD1DE404AD4DB45C65857C95F
:20912000C05E51CF4CD2DD4349D7D846C55B54CA46D8D749CA545BC5CF515EC043DDD24C3F
:20914000C65857C94AD4DB454FD1DE40C35D52CC40DED14FCC525DC3C95758C645DBD44A1F
:2091600043DDD24CCF515EC0CA545BC546D8D749C55B54CA49D7D8464CD2DD43C05E51CFFF
:209180003AA4AB35B62827B9B32D22BC3FA1AE30BC222DB330AEA13F35ABA43AB92728B6DF
:2091A000BF212EB033ADA23C36A8A739BA242BB539A7A836B52B24BAB02E21BF3CA2AD33BF
:2091C000B92728B635ABA43A30AEA13FBC222DB33FA1AE30B32D22BCB62827B93AA4AB359F
:2091E0003CA2AD33B02E21BFB52B24BA39A7A836BA242BB536A8A73933ADA23CBF212EB07F
:2092000043DDD24CCF515EC0CA545BC546D8D749C55B54CA49D7D8464CD2DD43C05E51CF5E
:20922000C65857C94AD4DB454FD1DE40C35D52CC40DED14FCC525DC3C95758C645DBD44A3E
:20924000C05E51CF4CD2DD4349D7D846C55B54CA46D8D749CA545BC5CF515EC043DDD24C1E
:2092600045DBD44AC95758C6CC525DC340DED14FC35D52CC4FD1DE404AD4DB45C65857C9FE
:209280003CA2AD33B02E21BFB52B24BA39A7A836BA242BB536A8A73933ADA23CBF212EB0DE
:2092A000B92728B635ABA43A30AEA13FBC222DB33FA1AE30B32D22BCB62827B93AA4AB35BE
:2092C000BF212EB033ADA23C36A8A739BA242BB539A7A836B52B24BAB02E21BF3CA2AD339E
:2092E0003AA4AB35B62827B9B32D22BC3FA1AE30BC222DB330AEA13F35ABA43AB92728B67E
:209300003FA1AE30B32D22BCB62827B93AA4AB35B92728B635ABA43A30AEA13FBC222DB35D
:20932000BA242BB536A8A73933ADA23CBF212EB03CA2AD33B02E21BFB52B24BA39A7A8363D
:20934000BC222DB330AEA13F35ABA43AB92728B63AA4AB35B62827B9B32D22BC3FA1AE301D
:2093600039A7A836B52B24BAB02E21BF3CA2AD33BF212EB033ADA23C36A8A739BA242BB5FD
:2093800040DED14FCC525DC3C95758C645DBD44AC65857C94AD4DB454FD1DE40C35D52CCDD
:2093A000C55B54CA49D7D8464CD2DD43C05E51CF43DDD24CCF515EC0CA545BC546D8D749BD
:2093C000C35D52CC4FD1DE404AD4DB45C65857C945DBD44AC95758C6CC525DC340DED14F9D
:2093E00046D8D749CA545BC5CF515EC043DDD24CC05E51CF4CD2DD4349D7D846C55B54CA7D
:2094000040DED14FCC525DC3C95758C645DBD44AC65857C94AD4DB454FD1DE40C35D52CC5C
:20942000C55B54CA49D7D8464CD2DD43C05E51CF43DDD24CCF515EC0CA545BC546D8D7493C
:20944000C35D52CC4FD1DE404AD4DB45C65857C945DBD44AC95758C6CC525DC340DED14F1C
:2094600046D8D749CA545BC5CF515EC043DDD24CC05E51CF4CD2DD4349D7D846C55B54CAFC
:209480003FA1AE30B32D22BCB62827B93AA4AB35B92728B635ABA43A30AEA13FBC222DB3DC
:2094A000BA242BB536A8A73933ADA23CBF212EB03CA2AD33B02E21BFB52B24BA39A7A836BC
:2094C000BC222DB330AEA13F35ABA43AB92728B63AA4AB35B62827B9B32D22BC3FA1AE309C
:2094E00039A7A836B52B24BAB02E21BF3CA2AD33BF212EB033ADA23C36A8A739BA242BB57C
:209500003CA2AD33B02E21BFB52B24BA39A7A836BA242BB536A8A73933ADA23CBF212EB05B
:20952000B92728B635ABA43A30AEA13FBC222DB33FA1AE30B32D22BCB62827B93AA4AB353B
:20954000BF212EB033ADA23C36A8A739BA242BB539A7A836B52B24BAB02E21BF3CA2AD331B
:209560003AA4AB35B62827B9B32D22BC3FA1AE30BC222DB330AEA13F35ABA43AB92728B6FB
:2095800043DDD24CCF515EC0CA545BC546D8D749C55B54CA49D7D8464CD2DD43C05E51CFDB
:2095A000C65857C94AD4DB454FD1DE40C35D52CC40DED14FCC525DC3C95758C645DBD44ABB
:2095C000C05E51CF4CD2DD4349D7D846C55B54CA46D8D749CA545BC5CF515EC043DDD24C9B
:2095E00045DBD44AC95758C6CC525DC340DED14FC35D52CC4FD1DE404AD4DB45C65857C97B
:209600003AA4AB35B62827B9B32D22BC3FA1AE30BC222DB330AEA13F35ABA43AB92728B65A
:20962000BF212EB033ADA23C36A8A739BA242BB539A7A836B52B24BAB02E21BF3CA2AD333A
:20964000B92728B635ABA43A30AEA13FBC222DB33FA1AE30B32D22BCB62827B93AA4AB351A
:209660003CA2AD33B02E21BFB52B24BA39A7A836BA242BB536A8A73933ADA23CBF212EB0FA
:2096800045DBD44AC95758C6CC525DC340DED14FC35D52CC4FD1DE404AD4DB45C65857C9DA
:2096A000C05E51CF4CD2DD4349D7D846C55B54CA46D8D749CA545BC5CF515EC043DDD24CBA
:2096C000C65857C94AD4DB454FD1DE40C35D52CC40DED14FCC525DC3C95758C645DBD44A9A
:2096E00043DDD24CCF515EC0CA545BC546D8D749C55B54CA49D7D8464CD2DD43C05E51CF7A
:2097000046D8D749CA545BC5CF515EC043DDD24CC05E51CF4CD2DD4349D7D846C55B54CA59
:20972000C35D52CC4FD1DE404AD4DB45C65857C945DBD44AC95758C6CC525DC340DED14F39
:20974000C55B54CA49D7D8464CD2DD43C05E51CF43DDD24CCF515EC0CA545BC546D8D74919
:2097600040DED14FCC525DC3C95758C645DBD44AC65857C94AD4DB454FD1DE40C35D52CCF9
:2097800039A7A836B52B24BAB02E21BF3CA2AD33BF212EB033ADA23C36A8A739BA242BB5D9
:2097A000BC222DB330AEA13F35ABA43AB92728B63AA4AB35B62827B9B32D22BC3FA1AE30B9
:2097C000BA242BB536A8A73933ADA23CBF212EB03CA2AD33B02E21BFB52B24BA39A7A83699
:2097E0003FA1AE30B32D22BCB62827B93AA4AB35B92728B635ABA43A30AEA13FBC222DB379
:209800004FD1DE40C35D52CCC65857C94AD4DB45C95758C645DBD44A40DED14FCC525DC358
:20982000CA545BC546D8D74943DDD24CCF515EC04CD2DD43C05E51CFC55B54CA49D7D84638
:20984000CC525DC340DED14F45DBD44AC95758C64AD4DB45C65857C9C35D52CC4FD1DE4018
:2098600049D7D846C55B54CAC05E51CF4CD2DD43CF515EC043DDD24C46D8D749CA545BC5F8
:2098800030AEA13FBC222DB3B92728B635ABA43AB62827B93AA4AB353FA1AE30B32D22BCD8
:2098A000B52B24BA39A7A8363CA2AD33B02E21BF33ADA23CBF212EB0BA242BB536A8A739B8
:2098C000B32D22BC3FA1AE303AA4AB35B62827B935ABA43AB92728B6BC222DB330AEA13F98
:2098E00036A8A739BA242BB5BF212EB033ADA23CB02E21BF3CA2AD3339A7A836B52B24BA78
:2099000033ADA23CBF212EB0BA242BB536A8A739B52B24BA39A7A8363CA2AD33B02E21BF57
:20992000B62827B93AA4AB353FA1AE30B32D22BC30AEA13FBC222DB3B92728B635ABA43A37
:20994000B02E21BF3CA2AD3339A7A836B52B24BA36A8A739BA242BB5BF212EB033ADA23C17
:2099600035ABA43AB92728B6BC222DB330AEA13FB32D22BC3FA1AE303AA4AB35B62827B9F7
:209980004CD2DD43C05E51CFC55B54CA49D7D846CA545BC546D8D74943DDD24CCF515EC0D7
:2099A000C95758C645DBD44A40DED14FCC525DC34FD1DE40C35D52CCC65857C94AD4DB45B7
:2099C000CF515EC043DDD24C46D8D749CA545BC549D7D846C55B54CAC05E51CF4CD2DD4397
:2099E0004AD4DB45C65857C9C35D52CC4FD1DE40CC525DC340DED14F45DBD44AC95758C677
:209A000035ABA43AB92728B6BC222DB330AEA13FB32D22BC3FA1AE303AA4AB35B62827B956
:209A2000B02E21BF3CA2AD3339A7A836B52B24BA36A8A739BA242BB5BF212EB033ADA23C36
:209A4000B62827B93AA4AB353FA1AE30B32D22BC30AEA13FBC222DB3B92728B635ABA43A16
:209A600033ADA23CBF212EB0BA242BB536A8A739B52B24BA39A7A8363CA2AD33B02E21BFF6
:209A80004AD4DB45C65857C9C35D52CC4FD1DE40CC525DC340DED14F45DBD44AC95758C6D6
:209AA000CF515EC043DDD24C46D8D749CA545BC549D7D846C55B54CAC05E51CF4CD2DD43B6
:209AC000C95758C645DBD44A40DED14FCC525DC34FD1DE40C35D52CCC65857C94AD4DB4596
:209AE0004CD2DD43C05E51CFC55B54CA49D7D846CA545BC546D8D74943DDD24CCF515EC076
:209B000049D7D846C55B54CAC05E51CF4CD2DD43CF515EC043DDD24C46D8D749CA545BC555
:209B2000CC525DC340DED14F45DBD44AC95758C64AD4DB45C65857C9C35D52CC4FD1DE4035
:209B4000CA545BC546D8D74943DDD24CCF515EC04CD2DD43C05E51CFC55B54CA49D7D84615
:209B60004FD1DE40C35D52CCC65857C94AD4DB45C95758C645DBD44A40DED14FCC525DC3F5
:209B800036A8A739BA242BB5BF212EB033ADA23CB02E21BF3CA2AD3339A7A836B52B24BAD5
:209BA000B32D22BC3FA1AE303AA4AB35B62827B935ABA43AB92728B6BC222DB330AEA13FB5
:209BC000B52B24BA39A7A8363CA2AD33B02E21BF33ADA23CBF212EB0BA242BB536A8A73995
:209BE00030AEA13FBC222DB3B92728B635ABA43AB62827B93AA4AB353FA1AE30B32D22BC75
:209C000036A8A739BA242BB5BF212EB033ADA23CB02E21BF3CA2AD3339A7A836B52B24BA54
:209C2000B32D22BC3FA1AE303AA4AB35B62827B935ABA43AB92728B6BC222DB330AEA13F34
:209C4000B52B24BA39A7A8363CA2AD33B02E21BF33ADA23CBF212EB0BA242BB536A8A73914
:209C600030AEA13FBC222DB3B92728B635ABA43AB62827B93AA4AB353FA1AE30B32D22BCF4
:209C800049D7D846C55B54CAC05E51CF4CD2DD43CF515EC043DDD24C46D8D749CA545BC5D4
:209CA000CC525DC340DED14F45DBD44AC95758C64AD4DB45C65857C9C35D52CC4FD1DE40B4
:209CC000CA545BC546D8D74943DDD24CCF515EC04CD2DD43C05E51CFC55B54CA49D7D84694
:209CE0004FD1DE40C35D52CCC65857C94AD4DB45C95758C645DBD44A40DED14FCC525DC374
:209D00004AD4DB45C65857C9C35D52CC4FD1DE40CC525DC340DED14F45DBD44AC95758C653
:209D2000CF515EC043DDD24C46D8D749CA545BC549D7D846C55B54CAC05E51CF4CD2DD4333
:209D4000C95758C645DBD44A40DED14FCC525DC34FD1DE40C35D52CCC65857C94AD4DB4513
:209D60004CD2DD43C05E51CFC55B54CA49D7D846CA545BC546D8D74943DDD24CCF515EC0F3
:209D800035ABA43AB92728B6BC222DB330AEA13FB32D22BC3FA1AE303AA4AB35B62827B9D3
:209DA000B02E21BF3CA2AD3339A7A836B52B24BA36A8A739BA242BB5BF212EB033ADA23CB3
:209DC000B62827B93AA4AB353FA1AE30B32D22BC30AEA13FBC222DB3B92728B635ABA43A93
:209DE00033ADA23CBF212EB0BA242BB536A8A739B52B24BA39A7A8363CA2AD33B02E21BF73
:209E00004CD2DD43C05E51CFC55B54CA49D7D846CA545BC546D8D74943DDD24CCF515EC052
:209E2000C95758C645DBD44A40DED14FCC525DC34FD1DE40C35D52CCC65857C94AD4DB4532
:209E4000CF515EC043DDD24C46D8D749CA545BC549D7D846C55B54CAC05E51CF4CD2DD4312
:209E60004AD4DB45C65857C9C35D52CC4FD1DE40CC525DC340DED14F45DBD44AC95758C6F2
:209E800033ADA23CBF212EB0BA242BB536A8A739B52B24BA39A7A8363CA2AD33B02E21BFD2
:209EA000B62827B93AA4AB353FA1AE30B32D22BC30AEA13FBC222DB3B92728B635ABA43AB2
:209EC000B02E21BF3CA2AD3339A7A836B52B24BA36A8A739BA242BB5BF212EB033ADA23C92
:209EE00035ABA43AB92728B6BC222DB330AEA13FB32D22BC3FA1AE303AA4AB35B62827B972
:209F000030AEA13FBC222DB3B92728B635ABA43AB62827B93AA4AB353FA1AE30B32D22BC51
:209F2000B52B24BA39A7A8363CA2AD33B02E21BF33ADA23CBF212EB0BA242BB536A8A73931
:209F4000B32D22BC3FA1AE303AA4AB35B62827B935ABA43AB92728B6BC222DB330AEA13F11
:209F600036A8A739BA242BB5BF212EB033ADA23CB02E21BF3CA2AD3339A7A836B52B24BAF1
:209F80004FD1DE40C35D52CCC65857C94AD4DB45C95758C645DBD44A40DED14FCC525DC3D1
:209FA000CA545BC546D8D74943DDD24CCF515EC04CD2DD43C05E51CFC55B54CA49D7D846B1
:209FC000CC525DC340DED14F45DBD44AC95758C64AD4DB45C65857C9C35D52CC4FD1DE4091
:209FE00049D7D846C55B54CAC05E51CF4CD2DD43CF515EC043DDD24C46D8D749CA545BC571
:20A0000024BAB52BA83639A7AD333CA221BFB02EA23C33AD2EB0BF212BB5BA24A73936A850
:20A02000A13F30AE2DB3BC2228B6B927A43A35AB27B9B628AB353AA4AE303FA122BCB32D30
:20A04000A73936A82BB5BA242EB0BF21A23C33AD21BFB02EAD333CA2A83639A724BAB52B10
:20A0600022BCB32DAE303FA1AB353AA427B9B628A43A35AB28B6B9272DB3BC22A13F30AEF0
:20A080005BC5CA54D74946D8D24C43DD5EC0CF51DD434CD251CFC05E54CAC55BD84649D7D0
:20A0A000DE404FD152CCC35D57C9C658DB454AD458C6C957D44A45DBD14F40DE5DC3CC52B0
:20A0C000D84649D754CAC55B51CFC05EDD434CD25EC0CF51D24C43DDD74946D85BC5CA5490
:20A0E0005DC3CC52D14F40DED44A45DB58C6C957DB454AD457C9C65852CCC35DDE404FD170
:20A1000058C6C957D44A45DBD14F40DE5DC3CC52DE404FD152CCC35D57C9C658DB454AD44F
:20A12000DD434CD251CFC05E54CAC55BD84649D75BC5CA54D74946D8D24C43DD5EC0CF512F
:20A14000DB454AD457C9C65852CCC35DDE404FD15DC3CC52D14F40DED44A45DB58C6C9570F
:20A160005EC0CF51D24C43DDD74946D85BC5CA54D84649D754CAC55B51CFC05EDD434CD2EF
:20A1800027B9B628AB353AA4AE303FA122BCB32DA13F30AE2DB3BC2228B6B927A43A35ABCF
:20A1A000A23C33AD2EB0BF212BB5BA24A73936A824BAB52BA83639A7AD333CA221BFB02EAF
:20A1C000A43A35AB28B6B9272DB3BC22A13F30AE22BCB32DAE303FA1AB353AA427B9B6288F
:20A1E00021BFB02EAD333CA2A83639A724BAB52BA73936A82BB5BA242EB0BF21A23C33AD6F
:20A200005EC0CF51D24C43DDD74946D85BC5CA54D84649D754CAC55B51CFC05EDD434CD24E
:20A22000DB454AD457C9C65852CCC35DDE404FD15DC3CC52D14F40DED44A45DB58C6C9572E
:20A24000DD434CD251CFC05E54CAC55BD84649D75BC5CA54D74946D8D24C43DD5EC0CF510E
:20A2600058C6C957D44A45DBD14F40DE5DC3CC52DE404FD152CCC35D57C9C658DB454AD4EE
:20A2800021BFB02EAD333CA2A83639A724BAB52BA73936A82BB5BA242EB0BF21A23C33ADCE
:20A2A000A43A35AB28B6B9272DB3BC22A13F30AE22BCB32DAE303FA1AB353AA427B9B628AE
:20A2C000A23C33AD2EB0BF212BB5BA24A73936A824BAB52BA83639A7AD333CA221BFB02E8E
:20A2E00027B9B628AB353AA4AE303FA122BCB32DA13F30AE2DB3BC2228B6B927A43A35AB6E
:20A3000022BCB32DAE303FA1AB353AA427B9B628A43A35AB28B6B9272DB3BC22A13F30AE4D
:20A32000A73936A82BB5BA242EB0BF21A23C33AD21BFB02EAD333CA2A83639A724BAB52B2D
:20A34000A13F30AE2DB3BC2228B6B927A43A35AB27B9B628AB353AA4AE303FA122BCB32D0D
:20A3600024BAB52BA83639A7AD333CA221BFB02EA23C33AD2EB0BF212BB5BA24A73936A8ED
:20A380005DC3CC52D14F40DED44A45DB58C6C957DB454AD457C9C65852CCC35DDE404FD1CD
:20A3A000D84649D754CAC55B51CFC05EDD434CD25EC0CF51D24C43DDD74946D85BC5CA54AD
:20A3C000DE404FD152CCC35D57C9C658DB454AD458C6C957D44A45DBD14F40DE5DC3CC528D
:20A3E0005BC5CA54D74946D8D24C43DD5EC0CF51DD434CD251CFC05E54CAC55BD84649D76D
:20A400005DC3CC52D14F40DED44A45DB58C6C957DB454AD457C9C65852CCC35DDE404FD14C
:20A42000D84649D754CAC55B51CFC05EDD434CD25EC0CF51D24C43DDD74946D85BC5CA542C
:20A44000DE404FD152CCC35D57C9C658DB454AD458C6C957D44A45DBD14F40DE5DC3CC520C
:20A460005BC5CA54D74946D8D24C43DD5EC0CF51DD434CD251CFC05E54CAC55BD84649D7EC
:20A4800022BCB32DAE303FA1AB353AA427B9B628A43A35AB28B6B9272DB3BC22A13F30AECC
:20A4A000A73936A82BB5BA242EB0BF21A23C33AD21BFB02EAD333CA2A83639A724BAB52BAC
:20A4C000A13F30AE2DB3BC2228B6B927A43A35AB27B9B628AB353AA4AE303FA122BCB32D8C
:20A4E00024BAB52BA83639A7AD333CA221BFB02EA23C33AD2EB0BF212BB5BA24A73936A86C
:20A5000021BFB02EAD333CA2A83639A724BAB52BA73936A82BB5BA242EB0BF21A23C33AD4B
:20A52000A43A35AB28B6B9272DB3BC22A13F30AE22BCB32DAE303FA1AB353AA427B9B6282B
:20A54000A23C33AD2EB0BF212BB5BA24A73936A824BAB52BA83639A7AD333CA221BFB02E0B
:20A5600027B9B628AB353AA4AE303FA122BCB32DA13F30AE2DB3BC2228B6B927A43A35ABEB
:20A580005EC0CF51D24C43DDD74946D85BC5CA54D84649D754CAC55B51CFC05EDD434CD2CB
:20A5A000DB454AD457C9C65852CCC35DDE404FD15DC3CC52D14F40DED44A45DB58C6C957AB
:20A5C000DD434CD251CFC05E54CAC55BD84649D75BC5CA54D74946D8D24C43DD5EC0CF518B
:20A5E00058C6C957D44A45DBD14F40DE5DC3CC52DE404FD152CCC35D57C9C658DB454AD46B
:20A6000027B9B628AB353AA4AE303FA122BCB32DA13F30AE2DB3BC2228B6B927A43A35AB4A
:20A62000A23C33AD2EB0BF212BB5BA24A73936A824BAB52BA83639A7AD333CA221BFB02E2A
:20A64000A43A35AB28B6B9272DB3BC22A13F30AE22BCB32DAE303FA1AB353AA427B9B6280A
:20A6600021BFB02EAD333CA2A83639A724BAB52BA73936A82BB5BA242EB0BF21A23C33ADEA
:20A6800058C6C957D44A45DBD14F40DE5DC3CC52DE404FD152CCC35D57C9C658DB454AD4CA
:20A6A000DD434CD251CFC05E54CAC55BD84649D75BC5CA54D74946D8D24C43DD5EC0CF51AA
:20A6C000DB454AD457C9C65852CCC35DDE404FD15DC3CC52D14F40DED44A45DB58C6C9578A
:20A6E0005EC0CF51D24C43DDD74946D85BC5CA54D84649D754CAC55B51CFC05EDD434CD26A
:20A700005BC5CA54D74946D8D24C43DD5EC0CF51DD434CD251CFC05E54CAC55BD84649D749
:20A72000DE404FD152CCC35D57C9C658DB454AD458C6C957D44A45DBD14F40DE5DC3CC5229
:20A74000D84649D754CAC55B51CFC05EDD434CD25EC0CF51D24C43DDD74946D85BC5CA5409
:20A760005DC3CC52D14F40DED44A45DB58C6C957DB454AD457C9C65852CCC35DDE404FD1E9
:20A7800024BAB52BA83639A7AD333CA221BFB02EA23C33AD2EB0BF212BB5BA24A73936A8C9
:20A7A000A13F30AE2DB3BC2228B6B927A43A35AB27B9B628AB353AA4AE303FA122BCB32DA9
:20A7C000A73936A82BB5BA242EB0BF21A23C33AD21BFB02EAD333CA2A83639A724BAB52B89
:20A7E00022BCB32DAE303FA1AB353AA427B9B628A43A35AB28B6B9272DB3BC22A13F30AE69
:20A8000052CCC35DDE404FD1DB454AD457C9C658D44A45DB58C6C9575DC3CC52D14F40DE48
:20A82000D74946D85BC5CA545EC0CF51D24C43DD51CFC05EDD434CD2D84649D754CAC55B28
:20A84000D14F40DE5DC3CC5258C6C957D44A45DB57C9C658DB454AD4DE404FD152CCC35D08
:20A8600054CAC55BD84649D7DD434CD251CFC05ED24C43DD5EC0CF515BC5CA54D74946D8E8
:20A880002DB3BC22A13F30AEA43A35AB28B6B927AB353AA427B9B62822BCB32DAE303FA1C8
:20A8A000A83639A724BAB52B21BFB02EAD333CA22EB0BF21A23C33ADA73936A82BB5BA24A8
:20A8C000AE303FA122BCB32D27B9B628AB353AA428B6B927A43A35ABA13F30AE2DB3BC2288
:20A8E0002BB5BA24A73936A8A23C33AD2EB0BF21AD333CA221BFB02E24BAB52BA83639A768
:20A900002EB0BF21A23C33ADA73936A82BB5BA24A83639A724BAB52B21BFB02EAD333CA247
:20A92000AB353AA427B9B62822BCB32DAE303FA12DB3BC22A13F30AEA43A35AB28B6B92727
:20A94000AD333CA221BFB02E24BAB52BA83639A72BB5BA24A73936A8A23C33AD2EB0BF2107
:20A9600028B6B927A43A35ABA13F30AE2DB3BC22AE303FA122BCB32D27B9B628AB353AA4E7
:20A9800051CFC05EDD434CD2D84649D754CAC55BD74946D85BC5CA545EC0CF51D24C43DDC7
:20A9A000D44A45DB58C6C9575DC3CC52D14F40DE52CCC35DDE404FD1DB454AD457C9C658A7
:20A9C000D24C43DD5EC0CF515BC5CA54D74946D854CAC55BD84649D7DD434CD251CFC05E87
:20A9E00057C9C658DB454AD4DE404FD152CCC35DD14F40DE5DC3CC5258C6C957D44A45DB67
:20AA000028B6B927A43A35ABA13F30AE2DB3BC22AE303FA122BCB32D27B9B628AB353AA446
:20AA2000AD333CA221BFB02E24BAB52BA83639A72BB5BA24A73936A8A23C33AD2EB0BF2126
:20AA4000AB353AA427B9B62822BCB32DAE303FA12DB3BC22A13F30AEA43A35AB28B6B92706
:20AA60002EB0BF21A23C33ADA73936A82BB5BA24A83639A724BAB52B21BFB02EAD333CA2E6
:20AA800057C9C658DB454AD4DE404FD152CCC35DD14F40DE5DC3CC5258C6C957D44A45DBC6
:20AAA000D24C43DD5EC0CF515BC5CA54D74946D854CAC55BD84649D7DD434CD251CFC05EA6
:20AAC000D44A45DB58C6C9575DC3CC52D14F40DE52CCC35DDE404FD1DB454AD457C9C65886
:20AAE00051CFC05EDD434CD2D84649D754CAC55BD74946D85BC5CA545EC0CF51D24C43DD66
:20AB000054CAC55BD84649D7DD434CD251CFC05ED24C43DD5EC0CF515BC5CA54D74946D845
:20AB2000D14F40DE5DC3CC5258C6C957D44A45DB57C9C658DB454AD4DE404FD152CCC35D25
:20AB4000D74946D85BC5CA545EC0CF51D24C43DD51CFC05EDD434CD2D84649D754CAC55B05
:20AB600052CCC35DDE404FD1DB454AD457C9C658D44A45DB58C6C9575DC3CC52D14F40DEE5
:20AB80002BB5BA24A73936A8A23C33AD2EB0BF21AD333CA221BFB02E24BAB52BA83639A7C5
:20ABA000AE303FA122BCB32D27B9B628AB353AA428B6B927A43A35ABA13F30AE2DB3BC22A5
:20ABC000A83639A724BAB52B21BFB02EAD333CA22EB0BF21A23C33ADA73936A82BB5BA2485
:20ABE0002DB3BC22A13F30AEA43A35AB28B6B927AB353AA427B9B62822BCB32DAE303FA165
:20AC00002BB5BA24A73936A8A23C33AD2EB0BF21AD333CA221BFB02E24BAB52BA83639A744
:20AC2000AE303FA122BCB32D27B9B628AB353AA428B6B927A43A35ABA13F30AE2DB3BC2224
:20AC4000A83639A724BAB52B21BFB02EAD333CA22EB0BF21A23C33ADA73936A82BB5BA2404
:20AC60002DB3BC22A13F30AEA43A35AB28B6B927AB353AA427B9B62822BCB32DAE303FA1E4
:20AC800054CAC55BD84649D7DD434CD251CFC05ED24C43DD5EC0CF515BC5CA54D74946D8C4
:20ACA000D14F40DE5DC3CC5258C6C957D44A45DB57C9C658DB454AD4DE404FD152CCC35DA4
:20ACC000D74946D85BC5CA545EC0CF51D24C43DD51CFC05EDD434CD2D84649D754CAC55B84
:20ACE00052CCC35DDE404FD1DB454AD457C9C658D44A45DB58C6C9575DC3CC52D14F40DE64
:20AD000057C9C658DB454AD4DE404FD152CCC35DD14F40DE5DC3CC5258C6C957D44A45DB43
:20AD2000D24C43DD5EC0CF515BC5CA54D74946D854CAC55BD84649D7DD434CD251CFC05E23
:20AD4000D44A45DB58C6C9575DC3CC52D14F40DE52CCC35DDE404FD1DB454AD457C9C65803
:20AD600051CFC05EDD434CD2D84649D754CAC55BD74946D85BC5CA545EC0CF51D24C43DDE3
:20AD800028B6B927A43A35ABA13F30AE2DB3BC22AE303FA122BCB32D27B9B628AB353AA4C3
:20ADA000AD333CA221BFB02E24BAB52BA83639A72BB5BA24A73936A8A23C33AD2EB0BF21A3
:20ADC000AB353AA427B9B62822BCB32DAE303FA12DB3BC22A13F30AEA43A35AB28B6B92783
:20ADE0002EB0BF21A23C33ADA73936A82BB5BA24A83639A724BAB52B21BFB02EAD333CA263
:20AE000051CFC05EDD434CD2D84649D754CAC55BD74946D85BC5CA545EC0CF51D24C43DD42
:20AE2000D44A45DB58C6C9575DC3CC52D14F40DE52CCC35DDE404FD1DB454AD457C9C65822
:20AE4000D24C43DD5EC0CF515BC5CA54D74946D854CAC55BD84649D7DD434CD251CFC05E02
:20AE600057C9C658DB454AD4DE404FD152CCC35DD14F40DE5DC3CC5258C6C957D44A45DBE2
:20AE80002EB0BF21A23C33ADA73936A82BB5BA24A83639A724BAB52B21BFB02EAD333CA2C2
:20AEA000AB353AA427B9B62822BCB32DAE303FA12DB3BC22A13F30AEA43A35AB28B6B927A2
:20AEC000AD333CA221BFB02E24BAB52BA83639A72BB5BA24A73936A8A23C33AD2EB0BF2182
:20AEE00028B6B927A43A35ABA13F30AE2DB3BC22AE303FA122BCB32D27B9B628AB353AA462
:20AF00002DB3BC22A13F30AEA43A35AB28B6B927AB353AA427B9B62822BCB32DAE303FA141
:20AF2000A83639A724BAB52B21BFB02EAD333CA22EB0BF21A23C33ADA73936A82BB5BA2421
:20AF4000AE303FA122BCB32D27B9B628AB353AA428B6B927A43A35ABA13F30AE2DB3BC2201
:20AF60002BB5BA24A73936A8A23C33AD2EB0BF21AD333CA221BFB02E24BAB52BA83639A7E1
:20AF800052CCC35DDE404FD1DB454AD457C9C658D44A45DB58C6C9575DC3CC52D14F40DEC1
:20AFA000D74946D85BC5CA545EC0CF51D24C43DD51CFC05EDD434CD2D84649D754CAC55BA1
:20AFC000D14F40DE5DC3CC5258C6C957D44A45DB57C9C658DB454AD4DE404FD152CCC35D81
:20AFE00054CAC55BD84649D7DD434CD251CFC05ED24C43DD5EC0CF515BC5CA54D74946D861
:20B0000057C9C658DB454AD4DE404FD152CCC35DD14F40DE5DC3CC5258C6C957D44A45DB40
:20B02000D24C43DD5EC0CF515BC5CA54D74946D854CAC55BD84649D7DD434CD251CFC05E20
:20B04000D44A45DB58C6C9575DC3CC52D14F40DE52CCC35DDE404FD1DB454AD457C9C65800
:20B0600051CFC05EDD434CD2D84649D754CAC55BD74946D85BC5CA545EC0CF51D24C43DDE0
:20B0800028B6B927A43A35ABA13F30AE2DB3BC22AE303FA122BCB32D27B9B628AB353AA4C0
:20B0A000AD333CA221BFB02E24BAB52BA83639A72BB5BA24A73936A8A23C33AD2EB0BF21A0
:20B0C000AB353AA427B9B62822BCB32DAE303FA12DB3BC22A13F30AEA43A35AB28B6B92780
:20B0E0002EB0BF21A23C33ADA73936A82BB5BA24A83639A724BAB52B21BFB02EAD333CA260
:20B100002BB5BA24A73936A8A23C33AD2EB0BF21AD333CA221BFB02E24BAB52BA83639A73F
:20B12000AE303FA122BCB32D27B9B628AB353AA428B6B927A43A35ABA13F30AE2DB3BC221F
:20B14000A83639A724BAB52B21BFB02EAD333CA22EB0BF21A23C33ADA73936A82BB5BA24FF
:20B160002DB3BC22A13F30AEA43A35AB28B6B927AB353AA427B9B62822BCB32DAE303FA1DF
:20B1800054CAC55BD84649D7DD434CD251CFC05ED24C43DD5EC0CF515BC5CA54D74946D8BF
:20B1A000D14F40DE5DC3CC5258C6C957D44A45DB57C9C658DB454AD4DE404FD152CCC35D9F
:20B1C000D74946D85BC5CA545EC0CF51D24C43DD51CFC05EDD434CD2D84649D754CAC55B7F
:20B1E00052CCC35DDE404FD1DB454AD457C9C658D44A45DB58C6C9575DC3CC52D14F40DE5F
:20B200002DB3BC22A13F30AEA43A35AB28B6B927AB353AA427B9B62822BCB32DAE303FA13E
:20B22000A83639A724BAB52B21BFB02EAD333CA22EB0BF21A23C33ADA73936A82BB5BA241E
:20B24000AE303FA122BCB32D27B9B628AB353AA428B6B927A43A35ABA13F30AE2DB3BC22FE
:20B260002BB5BA24A73936A8A23C33AD2EB0BF21AD333CA221BFB02E24BAB52BA83639A7DE
:20B2800052CCC35DDE404FD1DB454AD457C9C658D44A45DB58C6C9575DC3CC52D14F40DEBE
:20B2A000D74946D85BC5CA545EC0CF51D24C43DD51CFC05EDD434CD2D84649D754CAC55B9E
:20B2C000D14F40DE5DC3CC5258C6C957D44A45DB57C9C658DB454AD4DE404FD152CCC35D7E
:20B2E00054CAC55BD84649D7DD434CD251CFC05ED24C43DD5EC0CF515BC5CA54D74946D85E
:20B3000051CFC05EDD434CD2D84649D754CAC55BD74946D85BC5CA545EC0CF51D24C43DD3D
:20B32000D44A45DB58C6C9575DC3CC52D14F40DE52CCC35DDE404FD1DB454AD457C9C6581D
:20B34000D24C43DD5EC0CF515BC5CA54D74946D854CAC55BD84649D7DD434CD251CFC05EFD
:20B3600057C9C658DB454AD4DE404FD152CCC35DD14F40DE5DC3CC5258C6C957D44A45DBDD
:20B380002EB0BF21A23C33ADA73936A82BB5BA24A83639A724BAB52B21BFB02EAD333CA2BD
:20B3A000AB353AA427B9B62822BCB32DAE303FA12DB3BC22A13F30AEA43A35AB28B6B9279D
:20B3C000AD333CA221BFB02E24BAB52BA83639A72BB5BA24A73936A8A23C33AD2EB0BF217D
:20B3E00028B6B927A43A35ABA13F30AE2DB3BC22AE303FA122BCB32D27B9B628AB353AA45D
:20B400002EB0BF21A23C33ADA73936A82BB5BA24A83639A724BAB52B21BFB02EAD333CA23C
:20B42000AB353AA427B9B62822BCB32DAE303FA12DB3BC22A13F30AEA43A35AB28B6B9271C
:20B44000AD333CA221BFB02E24BAB52BA83639A72BB5BA24A73936A8A23C33AD2EB0BF21FC
:20B4600028B6B927A43A35ABA13F30AE2DB3BC22AE303FA122BCB32D27B9B628AB353AA4DC
:20B4800051CFC05EDD434CD2D84649D754CAC55BD74946D85BC5CA545EC0CF51D24C43DDBC
:20B4A000D44A45DB58C6C9575DC3CC52D14F40DE52CCC35DDE404FD1DB454AD457C9C6589C
:20B4C000D24C43DD5EC0CF515BC5CA54D74946D854CAC55BD84649D7DD434CD251CFC05E7C
:20B4E00057C9C658DB454AD4DE404FD152CCC35DD14F40DE5DC3CC5258C6C957D44A45DB5C
:20B5000052CCC35DDE404FD1DB454AD457C9C658D44A45DB58C6C9575DC3CC52D14F40DE3B
:20B52000D74946D85BC5CA545EC0CF51D24C43DD51CFC05EDD434CD2D84649D754CAC55B1B
:20B54000D14F40DE5DC3CC5258C6C957D44A45DB57C9C658DB454AD4DE404FD152CCC35DFB
:20B5600054CAC55BD84649D7DD434CD251CFC05ED24C43DD5EC0CF515BC5CA54D74946D8DB
:20B580002DB3BC22A13F30AEA43A35AB28B6B927AB353AA427B9B62822BCB32DAE303FA1BB
:20B5A000A83639A724BAB52B21BFB02EAD333CA22EB0BF21A23C33ADA73936A82BB5BA249B
:20B5C000AE303FA122BCB32D27B9B628AB353AA428B6B927A43A35ABA13F30AE2DB3BC227B
:20B5E0002BB5BA24A73936A8A23C33AD2EB0BF21AD333CA221BFB02E24BAB52BA83639A75B
:20B6000054CAC55BD84649D7DD434CD251CFC05ED24C43DD5EC0CF515BC5CA54D74946D83A
:20B62000D14F40DE5DC3CC5258C6C957D44A45DB57C9C658DB454AD4DE404FD152CCC35D1A
:20B64000D74946D85BC5CA545EC0CF51D24C43DD51CFC05EDD434CD2D84649D754CAC55BFA
:20B6600052CCC35DDE404FD1DB454AD457C9C658D44A45DB58C6C9575DC3CC52D14F40DEDA
:20B680002BB5BA24A73936A8A23C33AD2EB0BF21AD333CA221BFB02E24BAB52BA83639A7BA
:20B6A000AE303FA122BCB32D27B9B628AB353AA428B6B927A43A35ABA13F30AE2DB3BC229A
:20B6C000A83639A724BAB52B21BFB02EAD333CA22EB0BF21A23C33ADA73936A82BB5BA247A
:20B6E0002DB3BC22A13F30AEA43A35AB28B6B927AB353AA427B9B62822BCB32DAE303FA15A
:20B7000028B6B927A43A35ABA13F30AE2DB3BC22AE303FA122BCB32D27B9B628AB353AA439
:20B72000AD333CA221BFB02E24BAB52BA83639A72BB5BA24A73936A8A23C33AD2EB0BF2119
:20B74000AB353AA427B9B62822BCB32DAE303FA12DB3BC22A13F30AEA43A35AB28B6B927F9
:20B760002EB0BF21A23C33ADA73936A82BB5BA24A83639A724BAB52B21BFB02EAD333CA2D9
:20B7800057C9C658DB454AD4DE404FD152CCC35DD14F40DE5DC3CC5258C6C957D44A45DBB9
:20B7A000D24C43DD5EC0CF515BC5CA54D74946D854CAC55BD84649D7DD434CD251CFC05E99
:20B7C000D44A45DB58C6C9575DC3CC52D14F40DE52CCC35DDE404FD1DB454AD457C9C65879
:20B7E00051CFC05EDD434CD2D84649D754CAC55BD74946D85BC5CA545EC0CF51D24C43DD59
:20B8000021BFB02EAD333CA2A83639A724BAB52BA73936A82BB5BA242EB0BF21A23C33AD38
:20B82000A43A35AB28B6B9272DB3BC22A13F30AE22BCB32DAE303FA1AB353AA427B9B62818
:20B84000A23C33AD2EB0BF212BB5BA24A73936A824BAB52BA83639A7AD333CA221BFB02EF8
:20B8600027B9B628AB353AA4AE303FA122BCB32DA13F30AE2DB3BC2228B6B927A43A35ABD8
:20B880005EC0CF51D24C43DDD74946D85BC5CA54D84649D754CAC55B51CFC05EDD434CD2B8
:20B8A000DB454AD457C9C65852CCC35DDE404FD15DC3CC52D14F40DED44A45DB58C6C95798
:20B8C000DD434CD251CFC05E54CAC55BD84649D75BC5CA54D74946D8D24C43DD5EC0CF5178
:20B8E00058C6C957D44A45DBD14F40DE5DC3CC52DE404FD152CCC35D57C9C658DB454AD458
:20B900005DC3CC52D14F40DED44A45DB58C6C957DB454AD457C9C65852CCC35DDE404FD137
:20B92000D84649D754CAC55B51CFC05EDD434CD25EC0CF51D24C43DDD74946D85BC5CA5417
:20B94000DE404FD152CCC35D57C9C658DB454AD458C6C957D44A45DBD14F40DE5DC3CC52F7
:20B960005BC5CA54D74946D8D24C43DD5EC0CF51DD434CD251CFC05E54CAC55BD84649D7D7
:20B9800022BCB32DAE303FA1AB353AA427B9B628A43A35AB28B6B9272DB3BC22A13F30AEB7
:20B9A000A73936A82BB5BA242EB0BF21A23C33AD21BFB02EAD333CA2A83639A724BAB52B97
:20B9C000A13F30AE2DB3BC2228B6B927A43A35AB27B9B628AB353AA4AE303FA122BCB32D77
:20B9E00024BAB52BA83639A7AD333CA221BFB02EA23C33AD2EB0BF212BB5BA24A73936A857
:20BA00005BC5CA54D74946D8D24C43DD5EC0CF51DD434CD251CFC05E54CAC55BD84649D736
:20BA2000DE404FD152CCC35D57C9C658DB454AD458C6C957D44A45DBD14F40DE5DC3CC5216
:20BA4000D84649D754CAC55B51CFC05EDD434CD25EC0CF51D24C43DDD74946D85BC5CA54F6
:20BA60005DC3CC52D14F40DED44A45DB58C6C957DB454AD457C9C65852CCC35DDE404FD1D6
:20BA800024BAB52BA83639A7AD333CA221BFB02EA23C33AD2EB0BF212BB5BA24A73936A8B6
:20BAA000A13F30AE2DB3BC2228B6B927A43A35AB27B9B628AB353AA4AE303FA122BCB32D96
:20BAC000A73936A82BB5BA242EB0BF21A23C33AD21BFB02EAD333CA2A83639A724BAB52B76
:20BAE00022BCB32DAE303FA1AB353AA427B9B628A43A35AB28B6B9272DB3BC22A13F30AE56
:20BB000027B9B628AB353AA4AE303FA122BCB32DA13F30AE2DB3BC2228B6B927A43A35AB35
:20BB2000A23C33AD2EB0BF212BB5BA24A73936A824BAB52BA83639A7AD333CA221BFB02E15
:20BB4000A43A35AB28B6B9272DB3BC22A13F30AE22BCB32DAE303FA1AB353AA427B9B628F5
:20BB600021BFB02EAD333CA2A83639A724BAB52BA73936A82BB5BA242EB0BF21A23C33ADD5
:20BB800058C6C957D44A45DBD14F40DE5DC3CC52DE404FD152CCC35D57C9C658DB454AD4B5
:20BBA000DD434CD251CFC05E54CAC55BD84649D75BC5CA54D74946D8D24C43DD5EC0CF5195
:20BBC000DB454AD457C9C65852CCC35DDE404FD15DC3CC52D14F40DED44A45DB58C6C95775
:20BBE0005EC0CF51D24C43DDD74946D85BC5CA54D84649D754CAC55B51CFC05EDD434CD255
:20BC000058C6C957D44A45DBD14F40DE5DC3CC52DE404FD152CCC35D57C9C658DB454AD434
:20BC2000DD434CD251CFC05E54CAC55BD84649D75BC5CA54D74946D8D24C43DD5EC0CF5114
:20BC4000DB454AD457C9C65852CCC35DDE404FD15DC3CC52D14F40DED44A45DB58C6C957F4
:20BC60005EC0CF51D24C43DDD74946D85BC5CA54D84649D754CAC55B51CFC05EDD434CD2D4
:20BC800027B9B628AB353AA4AE303FA122BCB32DA13F30AE2DB3BC2228B6B927A43A35ABB4
:20BCA000A23C33AD2EB0BF212BB5BA24A73936A824BAB52BA83639A7AD333CA221BFB02E94
:20BCC000A43A35AB28B6B9272DB3BC22A13F30AE22BCB32DAE303FA1AB353AA427B9B62874
:20BCE00021BFB02EAD333CA2A83639A724BAB52BA73936A82BB5BA242EB0BF21A23C33AD54
:20BD000024BAB52BA83639A7AD333CA221BFB02EA23C33AD2EB0BF212BB5BA24A73936A833
:20BD2000A13F30AE2DB3BC2228B6B927A43A35AB27B9B628AB353AA4AE303FA122BCB32D13
:20BD4000A73936A82BB5BA242EB0BF21A23C33AD21BFB02EAD333CA2A83639A724BAB52BF3
:20BD600022BCB32DAE303FA1AB353AA427B9B628A43A35AB28B6B9272DB3BC22A13F30AED3
:20BD80005BC5CA54D74946D8D24C43DD5EC0CF51DD434CD251CFC05E54CAC55BD84649D7B3
:20BDA000DE404FD152CCC35D57C9C658DB454AD458C6C957D44A45DBD14F40DE5DC3CC5293
:20BDC000D84649D754CAC55B51CFC05EDD434CD25EC0CF51D24C43DDD74946D85BC5CA5473
:20BDE0005DC3CC52D14F40DED44A45DB58C6C957DB454AD457C9C65852CCC35DDE404FD153
:20BE000022BCB32DAE303FA1AB353AA427B9B628A43A35AB28B6B9272DB3BC22A13F30AE32
:20BE2000A73936A82BB5BA242EB0BF21A23C33AD21BFB02EAD333CA2A83639A724BAB52B12
:20BE4000A13F30AE2DB3BC2228B6B927A43A35AB27B9B628AB353AA4AE303FA122BCB32DF2
:20BE600024BAB52BA83639A7AD333CA221BFB02EA23C33AD2EB0BF212BB5BA24A73936A8D2
:20BE80005DC3CC52D14F40DED44A45DB58C6C957DB454AD457C9C65852CCC35DDE404FD1B2
:20BEA000D84649D754CAC55B51CFC05EDD434CD25EC0CF51D24C43DDD74946D85BC5CA5492
:20BEC000DE404FD152CCC35D57C9C658DB454AD458C6C957D44A45DBD14F40DE5DC3CC5272
:20BEE0005BC5CA54D74946D8D24C43DD5EC0CF51DD434CD251CFC05E54CAC55BD84649D752
:20BF00005EC0CF51D24C43DDD74946D85BC5CA54D84649D754CAC55B51CFC05EDD434CD231
:20BF2000DB454AD457C9C65852CCC35DDE404FD15DC3CC52D14F40DED44A45DB58C6C95711
:20BF4000DD434CD251CFC05E54CAC55BD84649D75BC5CA54D74946D8D24C43DD5EC0CF51F1
:20BF600058C6C957D44A45DBD14F40DE5DC3CC52DE404FD152CCC35D57C9C658DB454AD4D1
:20BF800021BFB02EAD333CA2A83639A724BAB52BA73936A82BB5BA242EB0BF21A23C33ADB1
:20BFA000A43A35AB28B6B9272DB3BC22A13F30AE22BCB32DAE303FA1AB353AA427B9B62891
:20BFC000A23C33AD2EB0BF212BB5BA24A73936A824BAB52BA83639A7AD333CA221BFB02E71
:20BFE00027B9B628AB353AA4AE303FA122BCB32DA13F30AE2DB3BC2228B6B927A43A35AB51
:20C000002BB5BA24A73936A8A23C33AD2EB0BF21AD333CA221BFB02E24BAB52BA83639A730
:20C02000AE303FA122BCB32D27B9B628AB353AA428B6B927A43A35ABA13F30AE2DB3BC2210
:20C04000A83639A724BAB52B21BFB02EAD333CA22EB0BF21A23C33ADA73936A82BB5BA24F0
:20C060002DB3BC22A13F30AEA43A35AB28B6B927AB353AA427B9B62822BCB32DAE303FA1D0
:20C0800054CAC55BD84649D7DD434CD251CFC05ED24C43DD5EC0CF515BC5CA54D74946D8B0
:20C0A000D14F40DE5DC3CC5258C6C957D44A45DB57C9C658DB454AD4DE404FD152CCC35D90
:20C0C000D74946D85BC5CA545EC0CF51D24C43DD51CFC05EDD434CD2D84649D754CAC55B70
:20C0E00052CCC35DDE404FD1DB454AD457C9C658D44A45DB58C6C9575DC3CC52D14F40DE50
:20C1000057C9C658DB454AD4DE404FD152CCC35DD14F40DE5DC3CC5258C6C957D44A45DB2F
:20C12000D24C43DD5EC0CF515BC5CA54D74946D854CAC55BD84649D7DD434CD251CFC05E0F
:20C14000D44A45DB58C6C9575DC3CC52D14F40DE52CCC35DDE404FD1DB454AD457C9C658EF
:20C1600051CFC05EDD434CD2D84649D754CAC55BD74946D85BC5CA545EC0CF51D24C43DDCF
:20C1800028B6B927A43A35ABA13F30AE2DB3BC22AE303FA122BCB32D27B9B628AB353AA4AF
:20C1A000AD333CA221BFB02E24BAB52BA83639A72BB5BA24A73936A8A23C33AD2EB0BF218F
:20C1C000AB353AA427B9B62822BCB32DAE303FA12DB3BC22A13F30AEA43A35AB28B6B9276F
:20C1E0002EB0BF21A23C33ADA73936A82BB5BA24A83639A724BAB52B21BFB02EAD333CA24F
:20C2000051CFC05EDD434CD2D84649D754CAC55BD74946D85BC5CA545EC0CF51D24C43DD2E
:20C22000D44A45DB58C6C9575DC3CC52D14F40DE52CCC35DDE404FD1DB454AD457C9C6580E
:20C24000D24C43DD5EC0CF515BC5CA54D74946D854CAC55BD84649D7DD434CD251CFC05EEE
:20C2600057C9C658DB454AD4DE404FD152CCC35DD14F40DE5DC3CC5258C6C957D44A45DBCE
:20C280002EB0BF21A23C33ADA73936A82BB5BA24A83639A724BAB52B21BFB02EAD333CA2AE
:20C2A000AB353AA427B9B62822BCB32DAE303FA12DB3BC22A13F30AEA43A35AB28B6B9278E
:20C2C000AD333CA221BFB02E24BAB52BA83639A72BB5BA24A73936A8A23C33AD2EB0BF216E
:20C2E00028B6B927A43A35ABA13F30AE2DB3BC22AE303FA122BCB32D27B9B628AB353AA44E
:20C300002DB3BC22A13F30AEA43A35AB28B6B927AB353AA427B9B62822BCB32DAE303FA12D
:20C32000A83639A724BAB52B21BFB02EAD333CA22EB0BF21A23C33ADA73936A82BB5BA240D
:20C34000AE303FA122BCB32D27B9B628AB353AA428B6B927A43A35ABA13F30AE2DB3BC22ED
:20C360002BB5BA24A73936A8A23C33AD2EB0BF21AD333CA221BFB02E24BAB52BA83639A7CD
:20C3800052CCC35DDE404FD1DB454AD457C9C658D44A45DB58C6C9575DC3CC52D14F40DEAD
:20C3A000D74946D85BC5CA545EC0CF51D24C43DD51CFC05EDD434CD2D84649D754CAC55B8D
:20C3C000D14F40DE5DC3CC5258C6C957D44A45DB57C9C658DB454AD4DE404FD152CCC35D6D
:20C3E00054CAC55BD84649D7DD434CD251CFC05ED24C43DD5EC0CF515BC5CA54D74946D84D
:20C4000052CCC35DDE404FD1DB454AD457C9C658D44A45DB58C6C9575DC3CC52D14F40DE2C
:20C42000D74946D85BC5CA545EC0CF51D24C43DD51CFC05EDD434CD2D84649D754CAC55B0C
:20C44000D14F40DE5DC3CC5258C6C957D44A45DB57C9C658DB454AD4DE404FD152CCC35DEC
:20C4600054CAC55BD84649D7DD434CD251CFC05ED24C43DD5EC0CF515BC5CA54D74946D8CC
:20C480002DB3BC22A13F30AEA43A35AB28B6B927AB353AA427B9B62822BCB32DAE303FA1AC
:20C4A000A83639A724BAB52B21BFB02EAD333CA22EB0BF21A23C33ADA73936A82BB5BA248C
:20C4C000AE303FA122BCB32D27B9B628AB353AA428B6B927A43A35ABA13F30AE2DB3BC226C
:20C4E0002BB5BA24A73936A8A23C33AD2EB0BF21AD333CA221BFB02E24BAB52BA83639A74C
:20C500002EB0BF21A23C33ADA73936A82BB5BA24A83639A724BAB52B21BFB02EAD333CA22B
:20C52000AB353AA427B9B62822BCB32DAE303FA12DB3BC22A13F30AEA43A35AB28B6B9270B
:20C54000AD333CA221BFB02E24BAB52BA83639A72BB5BA24A73936A8A23C33AD2EB0BF21EB
:20C5600028B6B927A43A35ABA13F30AE2DB3BC22AE303FA122BCB32D27B9B628AB353AA4CB
:20C5800051CFC05EDD434CD2D84649D754CAC55BD74946D85BC5CA545EC0CF51D24C43DDAB
:20C5A000D44A45DB58C6C9575DC3CC52D14F40DE52CCC35DDE404FD1DB454AD457C9C6588B
:20C5C000D24C43DD5EC0CF515BC5CA54D74946D854CAC55BD84649D7DD434CD251CFC05E6B
:20C5E00057C9C658DB454AD4DE404FD152CCC35DD14F40DE5DC3CC5258C6C957D44A45DB4B
:20C6000028B6B927A43A35ABA13F30AE2DB3BC22AE303FA122BCB32D27B9B628AB353AA42A
:20C62000AD333CA221BFB02E24BAB52BA83639A72BB5BA24A73936A8A23C33AD2EB0BF210A
:20C64000AB353AA427B9B62822BCB32DAE303FA12DB3BC22A13F30AEA43A35AB28B6B927EA
:20C660002EB0BF21A23C33ADA73936A82BB5BA24A83639A724BAB52B21BFB02EAD333CA2CA
:20C6800057C9C658DB454AD4DE404FD152CCC35DD14F40DE5DC3CC5258C6C957D44A45DBAA
:20C6A000D24C43DD5EC0CF515BC5CA54D74946D854CAC55BD84649D7DD434CD251CFC05E8A
:20C6C000D44A45DB58C6C9575DC3CC52D14F40DE52CCC35DDE404FD1DB454AD457C9C6586A
:20C6E00051CFC05EDD434CD2D84649D754CAC55BD74946D85BC5CA545EC0CF51D24C43DD4A
:20C7000054CAC55BD84649D7DD434CD251CFC05ED24C43DD5EC0CF515BC5CA54D74946D829
:20C72000D14F40DE5DC3CC5258C6C957D44A45DB57C9C658DB454AD4DE404FD152CCC35D09
:20C74000D74946D85BC5CA545EC0CF51D24C43DD51CFC05EDD434CD2D84649D754CAC55BE9
:20C7600052CCC35DDE404FD1DB454AD457C9C658D44A45DB58C6C9575DC3CC52D14F40DEC9
:20C780002BB5BA24A73936A8A23C33AD2EB0BF21AD333CA221BFB02E24BAB52BA83639A7A9
:20C7A000AE303FA122BCB32D27B9B628AB353AA428B6B927A43A35ABA13F30AE2DB3BC2289
:20C7C000A83639A724BAB52B21BFB02EAD333CA22EB0BF21A23C33ADA73936A82BB5BA2469
:20C7E0002DB3BC22A13F30AEA43A35AB28B6B927AB353AA427B9B62822BCB32DAE303FA149
:20C800005DC3CC52D14F40DED44A45DB58C6C957DB454AD457C9C65852CCC35DDE404FD128
:20C82000D84649D754CAC55B51CFC05EDD434CD25EC0CF51D24C43DDD74946D85BC5CA5408
:20C84000DE404FD152CCC35D57C9C658DB454AD458C6C957D44A45DBD14F40DE5DC3CC52E8
:20C860005BC5CA54D74946D8D24C43DD5EC0CF51DD434CD251CFC05E54CAC55BD84649D7C8
:20C8800022BCB32DAE303FA1AB353AA427B9B628A43A35AB28B6B9272DB3BC22A13F30AEA8
:20C8A000A73936A82BB5BA242EB0BF21A23C33AD21BFB02EAD333CA2A83639A724BAB52B88
:20C8C000A13F30AE2DB3BC2228B6B927A43A35AB27B9B628AB353AA4AE303FA122BCB32D68
:20C8E00024BAB52BA83639A7AD333CA221BFB02EA23C33AD2EB0BF212BB5BA24A73936A848
:20C9000021BFB02EAD333CA2A83639A724BAB52BA73936A82BB5BA242EB0BF21A23C33AD27
:20C92000A43A35AB28B6B9272DB3BC22A13F30AE22BCB32DAE303FA1AB353AA427B9B62807
:20C94000A23C33AD2EB0BF212BB5BA24A73936A824BAB52BA83639A7AD333CA221BFB02EE7
:20C9600027B9B628AB353AA4AE303FA122BCB32DA13F30AE2DB3BC2228B6B927A43A35ABC7
:20C980005EC0CF51D24C43DDD74946D85BC5CA54D84649D754CAC55B51CFC05EDD434CD2A7
:20C9A000DB454AD457C9C65852CCC35DDE404FD15DC3CC52D14F40DED44A45DB58C6C95787
:20C9C000DD434CD251CFC05E54CAC55BD84649D75BC5CA54D74946D8D24C43DD5EC0CF5167
:20C9E00058C6C957D44A45DBD14F40DE5DC3CC52DE404FD152CCC35D57C9C658DB454AD447
:20CA000027B9B628AB353AA4AE303FA122BCB32DA13F30AE2DB3BC2228B6B927A43A35AB26
:20CA2000A23C33AD2EB0BF212BB5BA24A73936A824BAB52BA83639A7AD333CA221BFB02E06
:20CA4000A43A35AB28B6B9272DB3BC22A13F30AE22BCB32DAE303FA1AB353AA427B9B628E6
:20CA600021BFB02EAD333CA2A83639A724BAB52BA73936A82BB5BA242EB0BF21A23C33ADC6
:20CA800058C6C957D44A45DBD14F40DE5DC3CC52DE404FD152CCC35D57C9C658DB454AD4A6
:20CAA000DD434CD251CFC05E54CAC55BD84649D75BC5CA54D74946D8D24C43DD5EC0CF5186
:20CAC000DB454AD457C9C65852CCC35DDE404FD15DC3CC52D14F40DED44A45DB58C6C95766
:20CAE0005EC0CF51D24C43DDD74946D85BC5CA54D84649D754CAC55B51CFC05EDD434CD246
:20CB00005BC5CA54D74946D8D24C43DD5EC0CF51DD434CD251CFC05E54CAC55BD84649D725
:20CB2000DE404FD152CCC35D57C9C658DB454AD458C6C957D44A45DBD14F40DE5DC3CC5205
:20CB4000D84649D754CAC55B51CFC05EDD434CD25EC0CF51D24C43DDD74946D85BC5CA54E5
:20CB60005DC3CC52D14F40DED44A45DB58C6C957DB454AD457C9C65852CCC35DDE404FD1C5
:20CB800024BAB52BA83639A7AD333CA221BFB02EA23C33AD2EB0BF212BB5BA24A73936A8A5
:20CBA000A13F30AE2DB3BC2228B6B927A43A35AB27B9B628AB353AA4AE303FA122BCB32D85
:20CBC000A73936A82BB5BA242EB0BF21A23C33AD21BFB02EAD333CA2A83639A724BAB52B65
:20CBE00022BCB32DAE303FA1AB353AA427B9B628A43A35AB28B6B9272DB3BC22A13F30AE45
:20CC000024BAB52BA83639A7AD333CA221BFB02EA23C33AD2EB0BF212BB5BA24A73936A824
:20CC2000A13F30AE2DB3BC2228B6B927A43A35AB27B9B628AB353AA4AE303FA122BCB32D04
:20CC4000A73936A82BB5BA242EB0BF21A23C33AD21BFB02EAD333CA2A83639A724BAB52BE4
:20CC600022BCB32DAE303FA1AB353AA427B9B628A43A35AB28B6B9272DB3BC22A13F30AEC4
:20CC80005BC5CA54D74946D8D24C43DD5EC0CF51DD434CD251CFC05E54CAC55BD84649D7A4
:20CCA000DE404FD152CCC35D57C9C658DB454AD458C6C957D44A45DBD14F40DE5DC3CC5284
:20CCC000D84649D754CAC55B51CFC05EDD434CD25EC0CF51D24C43DDD74946D85BC5CA5464
:20CCE0005DC3CC52D14F40DED44A45DB58C6C957DB454AD457C9C65852CCC35DDE404FD144
:20CD000058C6C957D44A45DBD14F40DE5DC3CC52DE404FD152CCC35D57C9C658DB454AD423
:20CD2000DD434CD251CFC05E54CAC55BD84649D75BC5CA54D74946D8D24C43DD5EC0CF5103
:20CD4000DB454AD457C9C65852CCC35DDE404FD15DC3CC52D14F40DED44A45DB58C6C957E3
:20CD60005EC0CF51D24C43DDD74946D85BC5CA54D84649D754CAC55B51CFC05EDD434CD2C3
:20CD800027B9B628AB353AA4AE303FA122BCB32DA13F30AE2DB3BC2228B6B927A43A35ABA3
:20CDA000A23C33AD2EB0BF212BB5BA24A73936A824BAB52BA83639A7AD333CA221BFB02E83
:20CDC000A43A35AB28B6B9272DB3BC22A13F30AE22BCB32DAE303FA1AB353AA427B9B62863
:20CDE00021BFB02EAD333CA2A83639A724BAB52BA73936A82BB5BA242EB0BF21A23C33AD43
:20CE00005EC0CF51D24C43DDD74946D85BC5CA54D84649D754CAC55B51CFC05EDD434CD222
:20CE2000DB454AD457C9C65852CCC35DDE404FD15DC3CC52D14F40DED44A45DB58C6C95702
:20CE4000DD434CD251CFC05E54CAC55BD84649D75BC5CA54D74946D8D24C43DD5EC0CF51E2
:20CE600058C6C957D44A45DBD14F40DE5DC3CC52DE404FD152CCC35D57C9C658DB454AD4C2
:20CE800021BFB02EAD333CA2A83639A724BAB52BA73936A82BB5BA242EB0BF21A23C33ADA2
:20CEA000A43A35AB28B6B9272DB3BC22A13F30AE22BCB32DAE303FA1AB353AA427B9B62882
:20CEC000A23C33AD2EB0BF212BB5BA24A73936A824BAB52BA83639A7AD333CA221BFB02E62
:20CEE00027B9B628AB353AA4AE303FA122BCB32DA13F30AE2DB3BC2228B6B927A43A35AB42
:20CF000022BCB32DAE303FA1AB353AA427B9B628A43A35AB28B6B9272DB3BC22A13F30AE21
:20CF2000A73936A82BB5BA242EB0BF21A23C33AD21BFB02EAD333CA2A83639A724BAB52B01
:20CF4000A13F30AE2DB3BC2228B6B927A43A35AB27B9B628AB353AA4AE303FA122BCB32DE1
:20CF600024BAB52BA83639A7AD333CA221BFB02EA23C33AD2EB0BF212BB5BA24A73936A8C1
:20CF80005DC3CC52D14F40DED44A45DB58C6C957DB454AD457C9C65852CCC35DDE404FD1A1
:20CFA000D84649D754CAC55B51CFC05EDD434CD25EC0CF51D24C43DDD74946D85BC5CA5481
:20CFC000DE404FD152CCC35D57C9C658DB454AD458C6C957D44A45DBD14F40DE5DC3CC5261
:20CFE0005BC5CA54D74946D8D24C43DD5EC0CF51DD434CD251CFC05E54CAC55BD84649D741
:20D0000058C6C957D44A45DBD14F40DE5DC3CC52DE404FD152CCC35D57C9C658DB454AD420
:20D02000DD434CD251CFC05E54CAC55BD84649D75BC5CA54D74946D8D24C43DD5EC0CF5100
:20D04000DB454AD457C9C65852CCC35DDE404FD15DC3CC52D14F40DED44A45DB58C6C957E0
:20D060005EC0CF51D24C43DDD74946D85BC5CA54D84649D754CAC55B51CFC05EDD434CD2C0
:20D0800027B9B628AB353AA4AE303FA122BCB32DA13F30AE2DB3BC2228B6B927A43A35ABA0
:20D0A000A23C33AD2EB0BF212BB5BA24A73936A824BAB52BA83639A7AD333CA221BFB02E80
:20D0C000A43A35AB28B6B9272DB3BC22A13F30AE22BCB32DAE303FA1AB353AA427B9B62860
:20D0E00021BFB02EAD333CA2A83639A724BAB52BA73936A82BB5BA242EB0BF21A23C33AD40
:20D1000024BAB52BA83639A7AD333CA221BFB02EA23C33AD2EB0BF212BB5BA24A73936A81F
:20D12000A13F30AE2DB3BC2228B6B927A43A35AB27B9B628AB353AA4AE303FA122BCB32DFF
:20D14000A73936A82BB5BA242EB0BF21A23C33AD21BFB02EAD333CA2A83639A724BAB52BDF
:20D1600022BCB32DAE303FA1AB353AA427B9B628A43A35AB28B6B9272DB3BC22A13F30AEBF
:20D180005BC5CA54D74946D8D24C43DD5EC0CF51DD434CD251CFC05E54CAC55BD84649D79F
:20D1A000DE404FD152CCC35D57C9C658DB454AD458C6C957D44A45DBD14F40DE5DC3CC527F
:20D1C000D84649D754CAC55B51CFC05EDD434CD25EC0CF51D24C43DDD74946D85BC5CA545F
:20D1E0005DC3CC52D14F40DED44A45DB58C6C957DB454AD457C9C65852CCC35DDE404FD13F
:20D2000022BCB32DAE303FA1AB353AA427B9B628A43A35AB28B6B9272DB3BC22A13F30AE1E
:20D22000A73936A82BB5BA242EB0BF21A23C33AD21BFB02EAD333CA2A83639A724BAB52BFE
:20D24000A13F30AE2DB3BC2228B6B927A43A35AB27B9B628AB353AA4AE303FA122BCB32DDE
:20D2600024BAB52BA83639A7AD333CA221BFB02EA23C33AD2EB0BF212BB5BA24A73936A8BE
:20D280005DC3CC52D14F40DED44A45DB58C6C957DB454AD457C9C65852CCC35DDE404FD19E
:20D2A000D84649D754CAC55B51CFC05EDD434CD25EC0CF51D24C43DDD74946D85BC5CA547E
:20D2C000DE404FD152CCC35D57C9C658DB454AD458C6C957D44A45DBD14F40DE5DC3CC525E
:20D2E0005BC5CA54D74946D8D24C43DD5EC0CF51DD434CD251CFC05E54CAC55BD84649D73E
:20D300005EC0CF51D24C43DDD74946D85BC5CA54D84649D754CAC55B51CFC05EDD434CD21D
:20D32000DB454AD457C9C65852CCC35DDE404FD15DC3CC52D14F40DED44A45DB58C6C957FD
:20D34000DD434CD251CFC05E54CAC55BD84649D75BC5CA54D74946D8D24C43DD5EC0CF51DD
:20D3600058C6C957D44A45DBD14F40DE5DC3CC52DE404FD152CCC35D57C9C658DB454AD4BD
:20D3800021BFB02EAD333CA2A83639A724BAB52BA73936A82BB5BA242EB0BF21A23C33AD9D
:20D3A000A43A35AB28B6B9272DB3BC22A13F30AE22BCB32DAE303FA1AB353AA427B9B6287D
:20D3C000A23C33AD2EB0BF212BB5BA24A73936A824BAB52BA83639A7AD333CA221BFB02E5D
:20D3E00027B9B628AB353AA4AE303FA122BCB32DA13F30AE2DB3BC2228B6B927A43A35AB3D
:20D4000021BFB02EAD333CA2A83639A724BAB52BA73936A82BB5BA242EB0BF21A23C33AD1C
:20D42000A43A35AB28B6B9272DB3BC22A13F30AE22BCB32DAE303FA1AB353AA427B9B628FC
:20D44000A23C33AD2EB0BF212BB5BA24A73936A824BAB52BA83639A7AD333CA221BFB02EDC
:20D4600027B9B628AB353AA4AE303FA122BCB32DA13F30AE2DB3BC2228B6B927A43A35ABBC
:20D480005EC0CF51D24C43DDD74946D85BC5CA54D84649D754CAC55B51CFC05EDD434CD29C
:20D4A000DB454AD457C9C65852CCC35DDE404FD15DC3CC52D14F40DED44A45DB58C6C9577C
:20D4C000DD434CD251CFC05E54CAC55BD84649D75BC5CA54D74946D8D24C43DD5EC0CF515C
:20D4E00058C6C957D44A45DBD14F40DE5DC3CC52DE404FD152CCC35D57C9C658DB454AD43C
:20D500005DC3CC52D14F40DED44A45DB58C6C957DB454AD457C9C65852CCC35DDE404FD11B
:20D52000D84649D754CAC55B51CFC05EDD434CD25EC0CF51D24C43DDD74946D85BC5CA54FB
:20D54000DE404FD152CCC35D57C9C658DB454AD458C6C957D44A45DBD14F40DE5DC3CC52DB
:20D560005BC5CA54D74946D8D24C43DD5EC0CF51DD434CD251CFC05E54CAC55BD84649D7BB
:20D5800022BCB32DAE303FA1AB353AA427B9B628A43A35AB28B6B9272DB3BC22A13F30AE9B
:20D5A000A73936A82BB5BA242EB0BF21A23C33AD21BFB02EAD333CA2A83639A724BAB52B7B
:20D5C000A13F30AE2DB3BC2228B6B927A43A35AB27B9B628AB353AA4AE303FA122BCB32D5B
:20D5E00024BAB52BA83639A7AD333CA221BFB02EA23C33AD2EB0BF212BB5BA24A73936A83B
:20D600005BC5CA54D74946D8D24C43DD5EC0CF51DD434CD251CFC05E54CAC55BD84649D71A
:20D62000DE404FD152CCC35D57C9C658DB454AD458C6C957D44A45DBD14F40DE5DC3CC52FA
:20D64000D84649D754CAC55B51CFC05EDD434CD25EC0CF51D24C43DDD74946D85BC5CA54DA
:20D660005DC3CC52D14F40DED44A45DB58C6C957DB454AD457C9C65852CCC35DDE404FD1BA
:20D6800024BAB52BA83639A7AD333CA221BFB02EA23C33AD2EB0BF212BB5BA24A73936A89A
:20D6A000A13F30AE2DB3BC2228B6B927A43A35AB27B9B628AB353AA4AE303FA122BCB32D7A
:20D6C000A73936A82BB5BA242EB0BF21A23C33AD21BFB02EAD333CA2A83639A724BAB52B5A
:20D6E00022BCB32DAE303FA1AB353AA427B9B628A43A35AB28B6B9272DB3BC22A13F30AE3A
:20D7000027B9B628AB353AA4AE303FA122BCB32DA13F30AE2DB3BC2228B6B927A43A35AB19
:20D72000A23C33AD2EB0BF212BB5BA24A73936A824BAB52BA83639A7AD333CA221BFB02EF9
:20D74000A43A35AB28B6B9272DB3BC22A13F30AE22BCB32DAE303FA1AB353AA427B9B628D9
:20D7600021BFB02EAD333CA2A83639A724BAB52BA73936A82BB5BA242EB0BF21A23C33ADB9
:20D7800058C6C957D44A45DBD14F40DE5DC3CC52DE404FD152CCC35D57C9C658DB454AD499
:20D7A000DD434CD251CFC05E54CAC55BD84649D75BC5CA54D74946D8D24C43DD5EC0CF5179
:20D7C000DB454AD457C9C65852CCC35DDE404FD15DC3CC52D14F40DED44A45DB58C6C95759
:20D7E0005EC0CF51D24C43DDD74946D85BC5CA54D84649D754CAC55B51CFC05EDD434CD239
:20D800002EB0BF21A23C33ADA73936A82BB5BA24A83639A724BAB52B21BFB02EAD333CA218
:20D82000AB353AA427B9B62822BCB32DAE303FA12DB3BC22A13F30AEA43A35AB28B6B927F8
:20D84000AD333CA221BFB02E24BAB52BA83639A72BB5BA24A73936A8A23C33AD2EB0BF21D8
:20D8600028B6B927A43A35ABA13F30AE2DB3BC22AE303FA122BCB32D27B9B628AB353AA4B8
:20D8800051CFC05EDD434CD2D84649D754CAC55BD74946D85BC5CA545EC0CF51D24C43DD98
:20D8A000D44A45DB58C6C9575DC3CC52D14F40DE52CCC35DDE404FD1DB454AD457C9C65878
:20D8C000D24C43DD5EC0CF515BC5CA54D74946D854CAC55BD84649D7DD434CD251CFC05E58
:20D8E00057C9C658DB454AD4DE404FD152CCC35DD14F40DE5DC3CC5258C6C957D44A45DB38
:20D9000052CCC35DDE404FD1DB454AD457C9C658D44A45DB58C6C9575DC3CC52D14F40DE17
:20D92000D74946D85BC5CA545EC0CF51D24C43DD51CFC05EDD434CD2D84649D754CAC55BF7
:20D94000D14F40DE5DC3CC5258C6C957D44A45DB57C9C658DB454AD4DE404FD152CCC35DD7
:20D9600054CAC55BD84649D7DD434CD251CFC05ED24C43DD5EC0CF515BC5CA54D74946D8B7
:20D980002DB3BC22A13F30AEA43A35AB28B6B927AB353AA427B9B62822BCB32DAE303FA197
:20D9A000A83639A724BAB52B21BFB02EAD333CA22EB0BF21A23C33ADA73936A82BB5BA2477
:20D9C000AE303FA122BCB32D27B9B628AB353AA428B6B927A43A35ABA13F30AE2DB3BC2257
:20D9E0002BB5BA24A73936A8A23C33AD2EB0BF21AD333CA221BFB02E24BAB52BA83639A737
:20DA000054CAC55BD84649D7DD434CD251CFC05ED24C43DD5EC0CF515BC5CA54D74946D816
:20DA2000D14F40DE5DC3CC5258C6C957D44A45DB57C9C658DB454AD4DE404FD152CCC35DF6
:20DA4000D74946D85BC5CA545EC0CF51D24C43DD51CFC05EDD434CD2D84649D754CAC55BD6
:20DA600052CCC35DDE404FD1DB454AD457C9C658D44A45DB58C6C9575DC3CC52D14F40DEB6
:20DA80002BB5BA24A73936A8A23C33AD2EB0BF21AD333CA221BFB02E24BAB52BA83639A796
:20DAA000AE303FA122BCB32D27B9B628AB353AA428B6B927A43A35ABA13F30AE2DB3BC2276
:20DAC000A83639A724BAB52B21BFB02EAD333CA22EB0BF21A23C33ADA73936A82BB5BA2456
:20DAE0002DB3BC22A13F30AEA43A35AB28B6B927AB353AA427B9B62822BCB32DAE303FA136
:20DB000028B6B927A43A35ABA13F30AE2DB3BC22AE303FA122BCB32D27B9B628AB353AA415
:20DB2000AD333CA221BFB02E24BAB52BA83639A72BB5BA24A73936A8A23C33AD2EB0BF21F5
:20DB4000AB353AA427B9B62822BCB32DAE303FA12DB3BC22A13F30AEA43A35AB28B6B927D5
:20DB60002EB0BF21A23C33ADA73936A82BB5BA24A83639A724BAB52B21BFB02EAD333CA2B5
:20DB800057C9C658DB454AD4DE404FD152CCC35DD14F40DE5DC3CC5258C6C957D44A45DB95
:20DBA000D24C43DD5EC0CF515BC5CA54D74946D854CAC55BD84649D7DD434CD251CFC05E75
:20DBC000D44A45DB58C6C9575DC3CC52D14F40DE52CCC35DDE404FD1DB454AD457C9C65855
:20DBE00051CFC05EDD434CD2D84649D754CAC55BD74946D85BC5CA545EC0CF51D24C43DD35
:20DC000057C9C658DB454AD4DE404FD152CCC35DD14F40DE5DC3CC5258C6C957D44A45DB14
:20DC2000D24C43DD5EC0CF515BC5CA54D74946D854CAC55BD84649D7DD434CD251CFC05EF4
:20DC4000D44A45DB58C6C9575DC3CC52D14F40DE52CCC35DDE404FD1DB454AD457C9C658D4
:20DC600051CFC05EDD434CD2D84649D754CAC55BD74946D85BC5CA545EC0CF51D24C43DDB4
:20DC800028B6B927A43A35ABA13F30AE2DB3BC22AE303FA122BCB32D27B9B628AB353AA494
:20DCA000AD333CA221BFB02E24BAB52BA83639A72BB5BA24A73936A8A23C33AD2EB0BF2174
:20DCC000AB353AA427B9B62822BCB32DAE303FA12DB3BC22A13F30AEA43A35AB28B6B92754
:20DCE0002EB0BF21A23C33ADA73936A82BB5BA24A83639A724BAB52B21BFB02EAD333CA234
:20DD00002BB5BA24A73936A8A23C33AD2EB0BF21AD333CA221BFB02E24BAB52BA83639A713
:20DD2000AE303FA122BCB32D27B9B628AB353AA428B6B927A43A35ABA13F30AE2DB3BC22F3
:20DD4000A83639A724BAB52B21BFB02EAD333CA22EB0BF21A23C33ADA73936A82BB5BA24D3
:20DD60002DB3BC22A13F30AEA43A35AB28B6B927AB353AA427B9B62822BCB32DAE303FA1B3
:20DD800054CAC55BD84649D7DD434CD251CFC05ED24C43DD5EC0CF515BC5CA54D74946D893
:20DDA000D14F40DE5DC3CC5258C6C957D44A45DB57C9C658DB454AD4DE404FD152CCC35D73
:20DDC000D74946D85BC5CA545EC0CF51D24C43DD51CFC05EDD434CD2D84649D754CAC55B53
:20DDE00052CCC35DDE404FD1DB454AD457C9C658D44A45DB58C6C9575DC3CC52D14F40DE33
:20DE00002DB3BC22A13F30AEA43A35AB28B6B927AB353AA427B9B62822BCB32DAE303FA112
:20DE2000A83639A724BAB52B21BFB02EAD333CA22EB0BF21A23C33ADA73936A82BB5BA24F2
:20DE4000AE303FA122BCB32D27B9B628AB353AA428B6B927A43A35ABA13F30AE2DB3BC22D2
:20DE60002BB5BA24A73936A8A23C33AD2EB0BF21AD333CA221BFB02E24BAB52BA83639A7B2
:20DE800052CCC35DDE404FD1DB454AD457C9C658D44A45DB58C6C9575DC3CC52D14F40DE92
:20DEA000D74946D85BC5CA545EC0CF51D24C43DD51CFC05EDD434CD2D84649D754CAC55B72
:20DEC000D14F40DE5DC3CC5258C6C957D44A45DB57C9C658DB454AD4DE404FD152CCC35D52
:20DEE00054CAC55BD84649D7DD434CD251CFC05ED24C43DD5EC0CF515BC5CA54D74946D832
:20DF000051CFC05EDD434CD2D84649D754CAC55BD74946D85BC5CA545EC0CF51D24C43DD11
:20DF2000D44A45DB58C6C9575DC3CC52D14F40DE52CCC35DDE404FD1DB454AD457C9C658F1
:20DF4000D24C43DD5EC0CF515BC5CA54D74946D854CAC55BD84649D7DD434CD251CFC05ED1
:20DF600057C9C658DB454AD4DE404FD152CCC35DD14F40DE5DC3CC5258C6C957D44A45DBB1
:20DF80002EB0BF21A23C33ADA73936A82BB5BA24A83639A724BAB52B21BFB02EAD333CA291
:20DFA000AB353AA427B9B62822BCB32DAE303FA12DB3BC22A13F30AEA43A35AB28B6B92771
:20DFC000AD333CA221BFB02E24BAB52BA83639A72BB5BA24A73936A8A23C33AD2EB0BF2151
:20DFE00028B6B927A43A35ABA13F30AE2DB3BC22AE303FA122BCB32D27B9B628AB353AA431
:20E0000045DBD44AC95758C6CC525DC340DED14FC35D52CC4FD1DE404AD4DB45C65857C910
:20E02000C05E51CF4CD2DD4349D7D846C55B54CA46D8D749CA545BC5CF515EC043DDD24CF0
:20E04000C65857C94AD4DB454FD1DE40C35D52CC40DED14FCC525DC3C95758C645DBD44AD0
:20E0600043DDD24CCF515EC0CA545BC546D8D749C55B54CA49D7D8464CD2DD43C05E51CFB0
:20E080003AA4AB35B62827B9B32D22BC3FA1AE30BC222DB330AEA13F35ABA43AB92728B690
:20E0A000BF212EB033ADA23C36A8A739BA242BB539A7A836B52B24BAB02E21BF3CA2AD3370
:20E0C000B92728B635ABA43A30AEA13FBC222DB33FA1AE30B32D22BCB62827B93AA4AB3550
:20E0E0003CA2AD33B02E21BFB52B24BA39A7A836BA242BB536A8A73933ADA23CBF212EB030
:20E1000039A7A836B52B24BAB02E21BF3CA2AD33BF212EB033ADA23C36A8A739BA242BB50F
:20E12000BC222DB330AEA13F35ABA43AB92728B63AA4AB35B62827B9B32D22BC3FA1AE30EF
:20E14000BA242BB536A8A73933ADA23CBF212EB03CA2AD33B02E21BFB52B24BA39A7A836CF
:20E160003FA1AE30B32D22BCB62827B93AA4AB35B92728B635ABA43A30AEA13FBC222DB3AF
:20E1800046D8D749CA545BC5CF515EC043DDD24CC05E51CF4CD2DD4349D7D846C55B54CA8F
:20E1A000C35D52CC4FD1DE404AD4DB45C65857C945DBD44AC95758C6CC525DC340DED14F6F
:20E1C000C55B54CA49D7D8464CD2DD43C05E51CF43DDD24CCF515EC0CA545BC546D8D7494F
:20E1E00040DED14FCC525DC3C95758C645DBD44AC65857C94AD4DB454FD1DE40C35D52CC2F
:20E200003FA1AE30B32D22BCB62827B93AA4AB35B92728B635ABA43A30AEA13FBC222DB30E
:20E22000BA242BB536A8A73933ADA23CBF212EB03CA2AD33B02E21BFB52B24BA39A7A836EE
:20E24000BC222DB330AEA13F35ABA43AB92728B63AA4AB35B62827B9B32D22BC3FA1AE30CE
:20E2600039A7A836B52B24BAB02E21BF3CA2AD33BF212EB033ADA23C36A8A739BA242BB5AE
:20E2800040DED14FCC525DC3C95758C645DBD44AC65857C94AD4DB454FD1DE40C35D52CC8E
:20E2A000C55B54CA49D7D8464CD2DD43C05E51CF43DDD24CCF515EC0CA545BC546D8D7496E
:20E2C000C35D52CC4FD1DE404AD4DB45C65857C945DBD44AC95758C6CC525DC340DED14F4E
:20E2E00046D8D749CA545BC5CF515EC043DDD24CC05E51CF4CD2DD4349D7D846C55B54CA2E
:20E3000043DDD24CCF515EC0CA545BC546D8D749C55B54CA49D7D8464CD2DD43C05E51CF0D
:20E32000C65857C94AD4DB454FD1DE40C35D52CC40DED14FCC525DC3C95758C645DBD44AED
:20E34000C05E51CF4CD2DD4349D7D846C55B54CA46D8D749CA545BC5CF515EC043DDD24CCD
:20E3600045DBD44AC95758C6CC525DC340DED14FC35D52CC4FD1DE404AD4DB45C65857C9AD
:20E380003CA2AD33B02E21BFB52B24BA39A7A836BA242BB536A8A73933ADA23CBF212EB08D
:20E3A000B92728B635ABA43A30AEA13FBC222DB33FA1AE30B32D22BCB62827B93AA4AB356D
:20E3C000BF212EB033ADA23C36A8A739BA242BB539A7A836B52B24BAB02E21BF3CA2AD334D
:20E3E0003AA4AB35B62827B9B32D22BC3FA1AE30BC222DB330AEA13F35ABA43AB92728B62D
:20E400003CA2AD33B02E21BFB52B24BA39A7A836BA242BB536A8A73933ADA23CBF212EB00C
:20E42000B92728B635ABA43A30AEA13FBC222DB33FA1AE30B32D22BCB62827B93AA4AB35EC
:20E44000BF212EB033ADA23C36A8A739BA242BB539A7A836B52B24BAB02E21BF3CA2AD33CC
:20E460003AA4AB35B62827B9B32D22BC3FA1AE30BC222DB330AEA13F35ABA43AB92728B6AC
:20E4800043DDD24CCF515EC0CA545BC546D8D749C55B54CA49D7D8464CD2DD43C05E51CF8C
:20E4A000C65857C94AD4DB454FD1DE40C35D52CC40DED14FCC525DC3C95758C645DBD44A6C
:20E4C000C05E51CF4CD2DD4349D7D846C55B54CA46D8D749CA545BC5CF515EC043DDD24C4C
:20E4E00045DBD44AC95758C6CC525DC340DED14FC35D52CC4FD1DE404AD4DB45C65857C92C
:20E5000040DED14FCC525DC3C95758C645DBD44AC65857C94AD4DB454FD1DE40C35D52CC0B
:20E52000C55B54CA49D7D8464CD2DD43C05E51CF43DDD24CCF515EC0CA545BC546D8D749EB
:20E54000C35D52CC4FD1DE404AD4DB45C65857C945DBD44AC95758C6CC525DC340DED14FCB
:20E5600046D8D749CA545BC5CF515EC043DDD24CC05E51CF4CD2DD4349D7D846C55B54CAAB
:20E580003FA1AE30B32D22BCB62827B93AA4AB35B92728B635ABA43A30AEA13FBC222DB38B
:20E5A000BA242BB536A8A73933ADA23CBF212EB03CA2AD33B02E21BFB52B24BA39A7A8366B
:20E5C000BC222DB330AEA13F35ABA43AB92728B63AA4AB35B62827B9B32D22BC3FA1AE304B
:20E5E00039A7A836B52B24BAB02E21BF3CA2AD33BF212EB033ADA23C36A8A739BA242BB52B
:20E6000046D8D749CA545BC5CF515EC043DDD24CC05E51CF4CD2DD4349D7D846C55B54CA0A
:20E62000C35D52CC4FD1DE404AD4DB45C65857C945DBD44AC95758C6CC525DC340DED14FEA
:20E64000C55B54CA49D7D8464CD2DD43C05E51CF43DDD24CCF515EC0CA545BC546D8D749CA
:20E6600040DED14FCC525DC3C95758C645DBD44AC65857C94AD4DB454FD1DE40C35D52CCAA
:20E6800039A7A836B52B24BAB02E21BF3CA2AD33BF212EB033ADA23C36A8A739BA242BB58A
:20E6A000BC222DB330AEA13F35ABA43AB92728B63AA4AB35B62827B9B32D22BC3FA1AE306A
:20E6C000BA242BB536A8A73933ADA23CBF212EB03CA2AD33B02E21BFB52B24BA39A7A8364A
:20E6E0003FA1AE30B32D22BCB62827B93AA4AB35B92728B635ABA43A30AEA13FBC222DB32A
:20E700003AA4AB35B62827B9B32D22BC3FA1AE30BC222DB330AEA13F35ABA43AB92728B609
:20E72000BF212EB033ADA23C36A8A739BA242BB539A7A836B52B24BAB02E21BF3CA2AD33E9
:20E74000B92728B635ABA43A30AEA13FBC222DB33FA1AE30B32D22BCB62827B93AA4AB35C9
:20E760003CA2AD33B02E21BFB52B24BA39A7A836BA242BB536A8A73933ADA23CBF212EB0A9
:20E7800045DBD44AC95758C6CC525DC340DED14FC35D52CC4FD1DE404AD4DB45C65857C989
:20E7A000C05E51CF4CD2DD4349D7D846C55B54CA46D8D749CA545BC5CF515EC043DDD24C69
:20E7C000C65857C94AD4DB454FD1DE40C35D52CC40DED14FCC525DC3C95758C645DBD44A49
:20E7E00043DDD24CCF515EC0CA545BC546D8D749C55B54CA49D7D8464CD2DD43C05E51CF29
:20E8000033ADA23CBF212EB0BA242BB536A8A739B52B24BA39A7A8363CA2AD33B02E21BF08
:20E82000B62827B93AA4AB353FA1AE30B32D22BC30AEA13FBC222DB3B92728B635ABA43AE8
:20E84000B02E21BF3CA2AD3339A7A836B52B24BA36A8A739BA242BB5BF212EB033ADA23CC8
:20E8600035ABA43AB92728B6BC222DB330AEA13FB32D22BC3FA1AE303AA4AB35B62827B9A8
:20E880004CD2DD43C05E51CFC55B54CA49D7D846CA545BC546D8D74943DDD24CCF515EC088
:20E8A000C95758C645DBD44A40DED14FCC525DC34FD1DE40C35D52CCC65857C94AD4DB4568
:20E8C000CF515EC043DDD24C46D8D749CA545BC549D7D846C55B54CAC05E51CF4CD2DD4348
:20E8E0004AD4DB45C65857C9C35D52CC4FD1DE40CC525DC340DED14F45DBD44AC95758C628
:20E900004FD1DE40C35D52CCC65857C94AD4DB45C95758C645DBD44A40DED14FCC525DC307
:20E92000CA545BC546D8D74943DDD24CCF515EC04CD2DD43C05E51CFC55B54CA49D7D846E7
:20E94000CC525DC340DED14F45DBD44AC95758C64AD4DB45C65857C9C35D52CC4FD1DE40C7
:20E9600049D7D846C55B54CAC05E51CF4CD2DD43CF515EC043DDD24C46D8D749CA545BC5A7
:20E9800030AEA13FBC222DB3B92728B635ABA43AB62827B93AA4AB353FA1AE30B32D22BC87
:20E9A000B52B24BA39A7A8363CA2AD33B02E21BF33ADA23CBF212EB0BA242BB536A8A73967
:20E9C000B32D22BC3FA1AE303AA4AB35B62827B935ABA43AB92728B6BC222DB330AEA13F47
:20E9E00036A8A739BA242BB5BF212EB033ADA23CB02E21BF3CA2AD3339A7A836B52B24BA27
:20EA000049D7D846C55B54CAC05E51CF4CD2DD43CF515EC043DDD24C46D8D749CA545BC506
:20EA2000CC525DC340DED14F45DBD44AC95758C64AD4DB45C65857C9C35D52CC4FD1DE40E6
:20EA4000CA545BC546D8D74943DDD24CCF515EC04CD2DD43C05E51CFC55B54CA49D7D846C6
:20EA60004FD1DE40C35D52CCC65857C94AD4DB45C95758C645DBD44A40DED14FCC525DC3A6
:20EA800036A8A739BA242BB5BF212EB033ADA23CB02E21BF3CA2AD3339A7A836B52B24BA86
:20EAA000B32D22BC3FA1AE303AA4AB35B62827B935ABA43AB92728B6BC222DB330AEA13F66
:20EAC000B52B24BA39A7A8363CA2AD33B02E21BF33ADA23CBF212EB0BA242BB536A8A73946
:20EAE00030AEA13FBC222DB3B92728B635ABA43AB62827B93AA4AB353FA1AE30B32D22BC26
:20EB000035ABA43AB92728B6BC222DB330AEA13FB32D22BC3FA1AE303AA4AB35B62827B905
:20EB2000B02E21BF3CA2AD3339A7A836B52B24BA36A8A739BA242BB5BF212EB033ADA23CE5
:20EB4000B62827B93AA4AB353FA1AE30B32D22BC30AEA13FBC222DB3B92728B635ABA43AC5
:20EB600033ADA23CBF212EB0BA242BB536A8A739B52B24BA39A7A8363CA2AD33B02E21BFA5
:20EB80004AD4DB45C65857C9C35D52CC4FD1DE40CC525DC340DED14F45DBD44AC95758C685
:20EBA000CF515EC043DDD24C46D8D749CA545BC549D7D846C55B54CAC05E51CF4CD2DD4365
:20EBC000C95758C645DBD44A40DED14FCC525DC34FD1DE40C35D52CCC65857C94AD4DB4545
:20EBE0004CD2DD43C05E51CFC55B54CA49D7D846CA545BC546D8D74943DDD24CCF515EC025
:20EC00004AD4DB45C65857C9C35D52CC4FD1DE40CC525DC340DED14F45DBD44AC95758C604
:20EC2000CF515EC043DDD24C46D8D749CA545BC549D7D846C55B54CAC05E51CF4CD2DD43E4
:20EC4000C95758C645DBD44A40DED14FCC525DC34FD1DE40C35D52CCC65857C94AD4DB45C4
:20EC60004CD2DD43C05E51CFC55B54CA49D7D846CA545BC546D8D74943DDD24CCF515EC0A4
:20EC800035ABA43AB92728B6BC222DB330AEA13FB32D22BC3FA1AE303AA4AB35B62827B984
:20ECA000B02E21BF3CA2AD3339A7A836B52B24BA36A8A739BA242BB5BF212EB033ADA23C64
:20ECC000B62827B93AA4AB353FA1AE30B32D22BC30AEA13FBC222DB3B92728B635ABA43A44
:20ECE00033ADA23CBF212EB0BA242BB536A8A739B52B24BA39A7A8363CA2AD33B02E21BF24
:20ED000036A8A739BA242BB5BF212EB033ADA23CB02E21BF3CA2AD3339A7A836B52B24BA03
:20ED2000B32D22BC3FA1AE303AA4AB35B62827B935ABA43AB92728B6BC222DB330AEA13FE3
:20ED4000B52B24BA39A7A8363CA2AD33B02E21BF33ADA23CBF212EB0BA242BB536A8A739C3
:20ED600030AEA13FBC222DB3B92728B635ABA43AB62827B93AA4AB353FA1AE30B32D22BCA3
:20ED800049D7D846C55B54CAC05E51CF4CD2DD43CF515EC043DDD24C46D8D749CA545BC583
:20EDA000CC525DC340DED14F45DBD44AC95758C64AD4DB45C65857C9C35D52CC4FD1DE4063
:20EDC000CA545BC546D8D74943DDD24CCF515EC04CD2DD43C05E51CFC55B54CA49D7D84643
:20EDE0004FD1DE40C35D52CCC65857C94AD4DB45C95758C645DBD44A40DED14FCC525DC323
:20EE000030AEA13FBC222DB3B92728B635ABA43AB62827B93AA4AB353FA1AE30B32D22BC02
:20EE2000B52B24BA39A7A8363CA2AD33B02E21BF33ADA23CBF212EB0BA242BB536A8A739E2
:20EE4000B32D22BC3FA1AE303AA4AB35B62827B935ABA43AB92728B6BC222DB330AEA13FC2
:20EE600036A8A739BA242BB5BF212EB033ADA23CB02E21BF3CA2AD3339A7A836B52B24BAA2
:20EE80004FD1DE40C35D52CCC65857C94AD4DB45C95758C645DBD44A40DED14FCC525DC382
:20EEA000CA545BC546D8D74943DDD24CCF515EC04CD2DD43C05E51CFC55B54CA49D7D84662
:20EEC000CC525DC340DED14F45DBD44AC95758C64AD4DB45C65857C9C35D52CC4FD1DE4042
:20EEE00049D7D846C55B54CAC05E51CF4CD2DD43CF515EC043DDD24C46D8D749CA545BC522
:20EF00004CD2DD43C05E51CFC55B54CA49D7D846CA545BC546D8D74943DDD24CCF515EC001
:20EF2000C95758C645DBD44A40DED14FCC525DC34FD1DE40C35D52CCC65857C94AD4DB45E1
:20EF4000CF515EC043DDD24C46D8D749CA545BC549D7D846C55B54CAC05E51CF4CD2DD43C1
:20EF60004AD4DB45C65857C9C35D52CC4FD1DE40CC525DC340DED14F45DBD44AC95758C6A1
:20EF800033ADA23CBF212EB0BA242BB536A8A739B52B24BA39A7A8363CA2AD33B02E21BF81
:20EFA000B62827B93AA4AB353FA1AE30B32D22BC30AEA13FBC222DB3B92728B635ABA43A61
:20EFC000B02E21BF3CA2AD3339A7A836B52B24BA36A8A739BA242BB5BF212EB033ADA23C41
:20EFE00035ABA43AB92728B6BC222DB330AEA13FB32D22BC3FA1AE303AA4AB35B62827B921
:20F0000036A8A739BA242BB5BF212EB033ADA23CB02E21BF3CA2AD3339A7A836B52B24BA00
:20F02000B32D22BC3FA1AE303AA4AB35B62827B935ABA43AB92728B6BC222DB330AEA13FE0
:20F04000B52B24BA39A7A8363CA2AD33B02E21BF33ADA23CBF212EB0BA242BB536A8A739C0
:20F0600030AEA13FBC222DB3B92728B635ABA43AB62827B93AA4AB353FA1AE30B32D22BCA0
:20F0800049D7D846C55B54CAC05E51CF4CD2DD43CF515EC043DDD24C46D8D749CA545BC580
:20F0A000CC525DC340DED14F45DBD44AC95758C64AD4DB45C65857C9C35D52CC4FD1DE4060
:20F0C000CA545BC546D8D74943DDD24CCF515EC04CD2DD43C05E51CFC55B54CA49D7D84640
:20F0E0004FD1DE40C35D52CCC65857C94AD4DB45C95758C645DBD44A40DED14FCC525DC320
:20F100004AD4DB45C65857C9C35D52CC4FD1DE40CC525DC340DED14F45DBD44AC95758C6FF
:20F12000CF515EC043DDD24C46D8D749CA545BC549D7D846C55B54CAC05E51CF4CD2DD43DF
:20F14000C95758C645DBD44A40DED14FCC525DC34FD1DE40C35D52CCC65857C94AD4DB45BF
:20F160004CD2DD43C05E51CFC55B54CA49D7D846CA545BC546D8D74943DDD24CCF515EC09F
:20F1800035ABA43AB92728B6BC222DB330AEA13FB32D22BC3FA1AE303AA4AB35B62827B97F
:20F1A000B02E21BF3CA2AD3339A7A836B52B24BA36A8A739BA242BB5BF212EB033ADA23C5F
:20F1C000B62827B93AA4AB353FA1AE30B32D22BC30AEA13FBC222DB3B92728B635ABA43A3F
:20F1E00033ADA23CBF212EB0BA242BB536A8A739B52B24BA39A7A8363CA2AD33B02E21BF1F
:20F200004CD2DD43C05E51CFC55B54CA49D7D846CA545BC546D8D74943DDD24CCF515EC0FE
:20F22000C95758C645DBD44A40DED14FCC525DC34FD1DE40C35D52CCC65857C94AD4DB45DE
:20F24000CF515EC043DDD24C46D8D749CA545BC549D7D846C55B54CAC05E51CF4CD2DD43BE
:20F260004AD4DB45C65857C9C35D52CC4FD1DE40CC525DC340DED14F45DBD44AC95758C69E
:20F2800033ADA23CBF212EB0BA242BB536A8A739B52B24BA39A7A8363CA2AD33B02E21BF7E
:20F2A000B62827B93AA4AB353FA1AE30B32D22BC30AEA13FBC222DB3B92728B635ABA43A5E
:20F2C000B02E21BF3CA2AD3339A7A836B52B24BA36A8A739BA242BB5BF212EB033ADA23C3E
:20F2E00035ABA43AB92728B6BC222DB330AEA13FB32D22BC3FA1AE303AA4AB35B62827B91E
:20F3000030AEA13FBC222DB3B92728B635ABA43AB62827B93AA4AB353FA1AE30B32D22BCFD
:20F32000B52B24BA39A7A8363CA2AD33B02E21BF33ADA23CBF212EB0BA242BB536A8A739DD
:20F34000B32D22BC3FA1AE303AA4AB35B62827B935ABA43AB92728B6BC222DB330AEA13FBD
:20F3600036A8A739BA242BB5BF212EB033ADA23CB02E21BF3CA2AD3339A7A836B52B24BA9D
:20F380004FD1DE40C35D52CCC65857C94AD4DB45C95758C645DBD44A40DED14FCC525DC37D
:20F3A000CA545BC546D8D74943DDD24CCF515EC04CD2DD43C05E51CFC55B54CA49D7D8465D
:20F3C000CC525DC340DED14F45DBD44AC95758C64AD4DB45C65857C9C35D52CC4FD1DE403D
:20F3E00049D7D846C55B54CAC05E51CF4CD2DD43CF515EC043DDD24C46D8D749CA545BC51D
:20F400004FD1DE40C35D52CCC65857C94AD4DB45C95758C645DBD44A40DED14FCC525DC3FC
:20F42000CA545BC546D8D74943DDD24CCF515EC04CD2DD43C05E51CFC55B54CA49D7D846DC
:20F44000CC525DC340DED14F45DBD44AC95758C64AD4DB45C65857C9C35D52CC4FD1DE40BC
:20F4600049D7D846C55B54CAC05E51CF4CD2DD43CF515EC043DDD24C46D8D749CA545BC59C
:20F4800030AEA13FBC222DB3B92728B635ABA43AB62827B93AA4AB353FA1AE30B32D22BC7C
:20F4A000B52B24BA39A7A8363CA2AD33B02E21BF33ADA23CBF212EB0BA242BB536A8A7395C
:20F4C000B32D22BC3FA1AE303AA4AB35B62827B935ABA43AB92728B6BC222DB330AEA13F3C
:20F4E00036A8A739BA242BB5BF212EB033ADA23CB02E21BF3CA2AD3339A7A836B52B24BA1C
:20F5000033ADA23CBF212EB0BA242BB536A8A739B52B24BA39A7A8363CA2AD33B02E21BFFB
:20F52000B62827B93AA4AB353FA1AE30B32D22BC30AEA13FBC222DB3B92728B635ABA43ADB
:20F54000B02E21BF3CA2AD3339A7A836B52B24BA36A8A739BA242BB5BF212EB033ADA23CBB
:20F5600035ABA43AB92728B6BC222DB330AEA13FB32D22BC3FA1AE303AA4AB35B62827B99B
:20F580004CD2DD43C05E51CFC55B54CA49D7D846CA545BC546D8D74943DDD24CCF515EC07B
:20F5A000C95758C645DBD44A40DED14FCC525DC34FD1DE40C35D52CCC65857C94AD4DB455B
:20F5C000CF515EC043DDD24C46D8D749CA545BC549D7D846C55B54CAC05E51CF4CD2DD433B
:20F5E0004AD4DB45C65857C9C35D52CC4FD1DE40CC525DC340DED14F45DBD44AC95758C61B
:20F6000035ABA43AB92728B6BC222DB330AEA13FB32D22BC3FA1AE303AA4AB35B62827B9FA
:20F62000B02E21BF3CA2AD3339A7A836B52B24BA36A8A739BA242BB5BF212EB033ADA23CDA
:20F64000B62827B93AA4AB353FA1AE30B32D22BC30AEA13FBC222DB3B92728B635ABA43ABA
:20F6600033ADA23CBF212EB0BA242BB536A8A739B52B24BA39A7A8363CA2AD33B02E21BF9A
:20F680004AD4DB45C65857C9C35D52CC4FD1DE40CC525DC340DED14F45DBD44AC95758C67A
:20F6A000CF515EC043DDD24C46D8D749CA545BC549D7D846C55B54CAC05E51CF4CD2DD435A
:20F6C000C95758C645DBD44A40DED14FCC525DC34FD1DE40C35D52CCC65857C94AD4DB453A
:20F6E0004CD2DD43C05E51CFC55B54CA49D7D846CA545BC546D8D74943DDD24CCF515EC01A
:20F7000049D7D846C55B54CAC05E51CF4CD2DD43CF515EC043DDD24C46D8D749CA545BC5F9
:20F72000CC525DC340DED14F45DBD44AC95758C64AD4DB45C65857C9C35D52CC4FD1DE40D9
:20F74000CA545BC546D8D74943DDD24CCF515EC04CD2DD43C05E51CFC55B54CA49D7D846B9
:20F760004FD1DE40C35D52CCC65857C94AD4DB45C95758C645DBD44A40DED14FCC525DC399
:20F7800036A8A739BA242BB5BF212EB033ADA23CB02E21BF3CA2AD3339A7A836B52B24BA79
:20F7A000B32D22BC3FA1AE303AA4AB35B62827B935ABA43AB92728B6BC222DB330AEA13F59
:20F7C000B52B24BA39A7A8363CA2AD33B02E21BF33ADA23CBF212EB0BA242BB536A8A73939
:20F7E00030AEA13FBC222DB3B92728B635ABA43AB62827B93AA4AB353FA1AE30B32D22BC19
:20F8000040DED14FCC525DC3C95758C645DBD44AC65857C94AD4DB454FD1DE40C35D52CCF8
:20F82000C55B54CA49D7D8464CD2DD43C05E51CF43DDD24CCF515EC0CA545BC546D8D749D8
:20F84000C35D52CC4FD1DE404AD4DB45C65857C945DBD44AC95758C6CC525DC340DED14FB8
:20F8600046D8D749CA545BC5CF515EC043DDD24CC05E51CF4CD2DD4349D7D846C55B54CA98
:20F880003FA1AE30B32D22BCB62827B93AA4AB35B92728B635ABA43A30AEA13FBC222DB378
:20F8A000BA242BB536A8A73933ADA23CBF212EB03CA2AD33B02E21BFB52B24BA39A7A83658
:20F8C000BC222DB330AEA13F35ABA43AB92728B63AA4AB35B62827B9B32D22BC3FA1AE3038
:20F8E00039A7A836B52B24BAB02E21BF3CA2AD33BF212EB033ADA23C36A8A739BA242BB518
:20F900003CA2AD33B02E21BFB52B24BA39A7A836BA242BB536A8A73933ADA23CBF212EB0F7
:20F92000B92728B635ABA43A30AEA13FBC222DB33FA1AE30B32D22BCB62827B93AA4AB35D7
:20F94000BF212EB033ADA23C36A8A739BA242BB539A7A836B52B24BAB02E21BF3CA2AD33B7
:20F960003AA4AB35B62827B9B32D22BC3FA1AE30BC222DB330AEA13F35ABA43AB92728B697
:20F9800043DDD24CCF515EC0CA545BC546D8D749C55B54CA49D7D8464CD2DD43C05E51CF77
:20F9A000C65857C94AD4DB454FD1DE40C35D52CC40DED14FCC525DC3C95758C645DBD44A57
:20F9C000C05E51CF4CD2DD4349D7D846C55B54CA46D8D749CA545BC5CF515EC043DDD24C37
:20F9E00045DBD44AC95758C6CC525DC340DED14FC35D52CC4FD1DE404AD4DB45C65857C917
:20FA00003AA4AB35B62827B9B32D22BC3FA1AE30BC222DB330AEA13F35ABA43AB92728B6F6
:20FA2000BF212EB033ADA23C36A8A739BA242BB539A7A836B52B24BAB02E21BF3CA2AD33D6
:20FA4000B92728B635ABA43A30AEA13FBC222DB33FA1AE30B32D22BCB62827B93AA4AB35B6
:20FA60003CA2AD33B02E21BFB52B24BA39A7A836BA242BB536A8A73933ADA23CBF212EB096
:20FA800045DBD44AC95758C6CC525DC340DED14FC35D52CC4FD1DE404AD4DB45C65857C976
:20FAA000C05E51CF4CD2DD4349D7D846C55B54CA46D8D749CA545BC5CF515EC043DDD24C56
:20FAC000C65857C94AD4DB454FD1DE40C35D52CC40DED14FCC525DC3C95758C645DBD44A36
:20FAE00043DDD24CCF515EC0CA545BC546D8D749C55B54CA49D7D8464CD2DD43C05E51CF16
:20FB000046D8D749CA545BC5CF515EC043DDD24CC05E51CF4CD2DD4349D7D846C55B54CAF5
:20FB2000C35D52CC4FD1DE404AD4DB45C65857C945DBD44AC95758C6CC525DC340DED14FD5
:20FB4000C55B54CA49D7D8464CD2DD43C05E51CF43DDD24CCF515EC0CA545BC546D8D749B5
:20FB600040DED14FCC525DC3C95758C645DBD44AC65857C94AD4DB454FD1DE40C35D52CC95
:20FB800039A7A836B52B24BAB02E21BF3CA2AD33BF212EB033ADA23C36A8A739BA242BB575
:20FBA000BC222DB330AEA13F35ABA43AB92728B63AA4AB35B62827B9B32D22BC3FA1AE3055
:20FBC000BA242BB536A8A73933ADA23CBF212EB03CA2AD33B02E21BFB52B24BA39A7A83635
:20FBE0003FA1AE30B32D22BCB62827B93AA4AB35B92728B635ABA43A30AEA13FBC222DB315
:20FC000039A7A836B52B24BAB02E21BF3CA2AD33BF212EB033ADA23C36A8A739BA242BB5F4
:20FC2000BC222DB330AEA13F35ABA43AB92728B63AA4AB35B62827B9B32D22BC3FA1AE30D4
:20FC4000BA242BB536A8A73933ADA23CBF212EB03CA2AD33B02E21BFB52B24BA39A7A836B4
:20FC60003FA1AE30B32D22BCB62827B93AA4AB35B92728B635ABA43A30AEA13FBC222DB394
:20FC800046D8D749CA545BC5CF515EC043DDD24CC05E51CF4CD2DD4349D7D846C55B54CA74
:20FCA000C35D52CC4FD1DE404AD4DB45C65857C945DBD44AC95758C6CC525DC340DED14F54
:20FCC000C55B54CA49D7D8464CD2DD43C05E51CF43DDD24CCF515EC0CA545BC546D8D74934
:20FCE00040DED14FCC525DC3C95758C645DBD44AC65857C94AD4DB454FD1DE40C35D52CC14
:20FD000045DBD44AC95758C6CC525DC340DED14FC35D52CC4FD1DE404AD4DB45C65857C9F3
:20FD2000C05E51CF4CD2DD4349D7D846C55B54CA46D8D749CA545BC5CF515EC043DDD24CD3
:20FD4000C65857C94AD4DB454FD1DE40C35D52CC40DED14FCC525DC3C95758C645DBD44AB3
:20FD600043DDD24CCF515EC0CA545BC546D8D749C55B54CA49D7D8464CD2DD43C05E51CF93
:20FD80003AA4AB35B62827B9B32D22BC3FA1AE30BC222DB330AEA13F35ABA43AB92728B673
:20FDA000BF212EB033ADA23C36A8A739BA242BB539A7A836B52B24BAB02E21BF3CA2AD3353
:20FDC000B92728B635ABA43A30AEA13FBC222DB33FA1AE30B32D22BCB62827B93AA4AB3533
:20FDE0003CA2AD33B02E21BFB52B24BA39A7A836BA242BB536A8A73933ADA23CBF212EB013
:20FE000043DDD24CCF515EC0CA545BC546D8D749C55B54CA49D7D8464CD2DD43C05E51CFF2
:20FE2000C65857C94AD4DB454FD1DE40C35D52CC40DED14FCC525DC3C95758C645DBD44AD2
:20FE4000C05E51CF4CD2DD4349D7D846C55B54CA46D8D749CA545BC5CF515EC043DDD24CB2
:20FE600045DBD44AC95758C6CC525DC340DED14FC35D52CC4FD1DE404AD4DB45C65857C992
:20FE80003CA2AD33B02E21BFB52B24BA39A7A836BA242BB536A8A73933ADA23CBF212EB072
:20FEA000B92728B635ABA43A30AEA13FBC222DB33FA1AE30B32D22BCB62827B93AA4AB3552
:20FEC000BF212EB033ADA23C36A8A739BA242BB539A7A836B52B24BAB02E21BF3CA2AD3332
:20FEE0003AA4AB35B62827B9B32D22BC3FA1AE30BC222DB330AEA13F35ABA43AB92728B612
:20FF00003FA1AE30B32D22BCB62827B93AA4AB35B92728B635ABA43A30AEA13FBC222DB3F1
:20FF2000BA242BB536A8A73933ADA23CBF212EB03CA2AD33B02E21BFB52B24BA39A7A836D1
:20FF4000BC222DB330AEA13F35ABA43AB92728B63AA4AB35B62827B9B32D22BC3FA1AE30B1
:20FF600039A7A836B52B24BAB02E21BF3CA2AD33BF212EB033ADA23C36A8A739BA242BB591
:20FF800040DED14FCC525DC3C95758C645DBD44AC65857C94AD4DB454FD1DE40C35D52CC71
:20FFA000C55B54CA49D7D8464CD2DD43C05E51CF43DDD24CCF515EC0CA545BC546D8D74951
:20FFC000C35D52CC4FD1DE404AD4DB45C65857C945DBD44AC95758C6CC525DC340DED14F31
:20FFE00046D8D749CA545BC5CF515EC043DDD24CC05E51CF4CD2DD4349D7D846C55B54CA11
:00000001FF
